Iteration	Obj_Current	Obj_Best	New_Best	Case	SA_Prob	Jump	Nonimp_In	Nonimp_Out	Tenure	Temperature	ADD	DROP	Obj_Lookups	Con_Lookups	Obj_Evals	Con_Evals	ADD_First	DROP_First	ADD_Second	DROP_Second	SWAPs	Total_Time	Solution
0	-566316.631614397861995	-566316.631614397861995	1	-1	-1	0	0	0	6.000000000000000	10000000000000000.000000000000000	-1	-1	0	0	0	0	0	0	0	0	0	0.000000000000000	5_5_4_2_3_3_4_2_2_2_1_3_5_5_4_5_3_3_10_4_3_7_8_2
1	-566367.354975108872168	-566367.354975108872168	1	1	-1.000000000000000	0	0	0	6.000000000000000	9990000000000000.000000000000000	-1	22	0	0	4	2	0	4	0	2	0	3.119000000000000	5_5_4_2_3_3_4_2_2_2_1_3_5_5_4_5_3_3_10_4_3_7_7_2
2	-578875.781380352214910	-578875.781380352214910	1	1	-1.000000000000000	0	0	0	6.000000000000000	9980010000000000.000000000000000	17	-1	1	0	29	6	23	4	2	2	2	14.032000000000000	5_5_4_2_3_3_4_2_2_2_1_3_5_5_4_5_3_4_10_4_3_7_7_2
3	-578875.781380352214910	-578875.781380352214910	0	2	1.000000000000000	0	0	1	6.899999999999999	9970029990000000.000000000000000	-1	22	2	1	3	1	0	4	0	2	0	1.495000000000000	5_5_4_2_3_3_4_2_2_2_1_3_5_5_4_5_3_4_10_4_3_7_6_2
4	-587963.377793481689878	-587963.377793481689878	1	1	-1.000000000000000	0	0	0	6.000000000000000	9960059960010000.000000000000000	13	-1	2	0	29	6	23	4	2	2	2	8.813000000000001	5_5_4_2_3_3_4_2_2_2_1_3_5_6_4_5_3_4_10_4_3_7_6_2
5	-587963.377793481689878	-587963.377793481689878	0	2	1.000000000000000	0	0	1	6.899999999999999	9950099900049990.000000000000000	-1	22	3	1	3	1	0	4	0	2	0	1.135000000000000	5_5_4_2_3_3_4_2_2_2_1_3_5_6_4_5_3_4_10_4_3_7_5_2
6	-596585.946405023103580	-596585.946405023103580	1	1	-1.000000000000000	0	0	0	6.000000000000000	9940149800149940.000000000000000	2	-1	2	0	30	6	23	4	2	2	2	7.496000000000000	5_5_5_2_3_3_4_2_2_2_1_3_5_6_4_5_3_4_10_4_3_7_5_2
7	-596774.255475995014422	-596774.255475995014422	1	1	-1.000000000000000	0	0	0	6.000000000000000	9930209650349790.000000000000000	-1	21	3	1	4	1	0	4	0	2	0	1.582000000000000	5_5_5_2_3_3_4_2_2_2_1_3_5_6_4_5_3_4_10_4_3_6_5_2
8	-606668.222584812552668	-606668.222584812552668	1	1	-1.000000000000000	0	0	0	6.000000000000000	9920279440699440.000000000000000	0	21	2	0	31	6	22	5	2	2	2	6.917000000000000	6_5_5_2_3_3_4_2_2_2_1_3_5_6_4_5_3_4_10_4_3_5_5_2
9	-615591.588497105170973	-615591.588497105170973	1	1	-1.000000000000000	0	0	0	6.000000000000000	9910359161258740.000000000000000	3	-1	2	0	32	6	22	5	2	2	2	7.479000000000000	6_5_5_3_3_3_4_2_2_2_1_3_5_6_4_5_3_4_10_4_3_5_5_2
10	-616046.152336463565007	-616046.152336463565007	1	1	-1.000000000000000	0	0	0	6.000000000000000	9900448802097482.000000000000000	-1	21	2	1	7	1	0	6	0	2	0	1.354000000000000	6_5_5_3_3_3_4_2_2_2_1_3_5_6_4_5_3_4_10_4_3_4_5_2
11	-624862.021005322458223	-624862.021005322458223	1	1	-1.000000000000000	0	0	0	6.000000000000000	9890548353295384.000000000000000	2	22	2	0	32	6	22	5	2	2	2	7.562000000000000	6_5_6_3_3_3_4_2_2_2_1_3_5_6_4_5_3_4_10_4_3_4_4_2
12	-632309.720024590613320	-632309.720024590613320	1	1	-1.000000000000000	0	0	0	6.000000000000000	9880657804942088.000000000000000	17	-1	2	0	31	6	22	4	2	2	2	7.586000000000000	6_5_6_3_3_3_4_2_2_2_1_3_5_6_4_5_3_5_10_4_3_4_4_2
13	-632094.666752137592994	-632309.720024590613320	0	2	0.999999999999978	0	0	1	6.899999999999999	9870777147137146.000000000000000	-1	18	2	1	5	1	0	3	0	2	0	1.300000000000000	6_5_6_3_3_3_4_2_2_2_1_3_5_6_4_5_3_5_9_4_3_4_4_2
14	-639976.395146675873548	-639976.395146675873548	1	1	-1.000000000000000	0	0	0	6.000000000000000	9860906369990008.000000000000000	0	-1	2	0	31	6	21	4	2	2	2	8.260999999999999	7_5_6_3_3_3_4_2_2_2_1_3_5_6_4_5_3_5_9_4_3_4_4_2
15	-639712.265554972575046	-639976.395146675873548	0	2	0.999999999999973	0	0	1	6.899999999999999	9851045463620018.000000000000000	-1	18	2	1	5	1	0	4	0	2	0	1.820000000000000	7_5_6_3_3_3_4_2_2_2_1_3_5_6_4_5_3_5_8_4_3_4_4_2
16	-647866.112226264318451	-647866.112226264318451	1	1	-1.000000000000000	0	0	0	6.000000000000000	9841194418156398.000000000000000	8	-1	2	0	31	6	22	4	2	2	2	9.379000000000000	7_5_6_3_3_3_4_2_3_2_1_3_5_6_4_5_3_5_8_4_3_4_4_2
17	-646550.855583748430945	-647866.112226264318451	0	2	0.999999999999866	0	0	1	6.899999999999999	9831353223738242.000000000000000	-1	18	2	1	6	1	0	5	0	2	0	1.527000000000000	7_5_6_3_3_3_4_2_3_2_1_3_5_6_4_5_3_5_7_4_3_4_4_2
18	-654149.772765308036469	-654149.772765308036469	1	1	-1.000000000000000	0	0	0	6.000000000000000	9821521870514504.000000000000000	13	-1	2	0	32	6	23	6	2	2	2	9.901000000000000	7_5_6_3_3_3_4_2_3_2_1_3_5_7_4_5_3_5_7_4_3_4_4_2
19	-651638.848641954711638	-654149.772765308036469	0	2	0.999999999999744	0	0	1	6.899999999999999	9811700348643990.000000000000000	-1	23	3	1	5	1	0	5	0	2	0	1.679000000000000	7_5_6_3_3_3_4_2_3_2_1_3_5_7_4_5_3_5_7_4_3_4_4_1
20	-657881.502775924745947	-657881.502775924745947	1	1	-1.000000000000000	0	0	0	6.000000000000000	9801888648295346.000000000000000	2	-1	2	0	31	6	22	5	2	2	2	10.740000000000000	7_5_7_3_3_3_4_2_3_2_1_3_5_7_4_5_3_5_7_4_3_4_4_1
21	-654786.161465324810706	-657881.502775924745947	0	2	0.999999999999684	0	0	1	6.899999999999999	9792086759647050.000000000000000	-1	18	3	1	4	1	0	4	0	2	0	2.074000000000000	7_5_7_3_3_3_4_2_3_2_1_3_5_7_4_5_3_5_6_4_3_4_4_1
22	-662192.140718878828920	-662192.140718878828920	1	1	-1.000000000000000	0	0	0	6.000000000000000	9782294672887402.000000000000000	8	-1	2	0	31	6	22	5	2	2	2	12.006000000000000	7_5_7_3_3_3_4_2_4_2_1_3_5_7_4_5_3_5_6_4_3_4_4_1
23	-662137.667491270694882	-662192.140718878828920	0	2	0.999999999999994	0	0	1	6.899999999999999	9772512378214514.000000000000000	-1	18	2	1	5	1	0	4	0	2	0	1.242000000000000	7_5_7_3_3_3_4_2_4_2_1_3_5_7_4_5_3_5_5_4_3_4_4_1
24	-668753.524317944073118	-668753.524317944073118	1	1	-1.000000000000000	0	0	0	6.000000000000000	9762739865836300.000000000000000	3	-1	2	0	30	6	23	4	2	2	2	10.414000000000000	7_5_7_4_3_3_4_2_4_2_1_3_5_7_4_5_3_5_5_4_3_4_4_1
25	-662364.825622651376761	-668753.524317944073118	0	2	0.999999999999346	0	0	1	6.899999999999999	9752977125970464.000000000000000	-1	0	3	1	3	1	0	3	0	2	0	1.703000000000000	6_5_7_4_3_3_4_2_4_2_1_3_5_7_4_5_3_5_5_4_3_4_4_1
26	-668687.663208025391214	-668753.524317944073118	0	1	-1.000000000000000	0	0	0	6.000000000000000	9743224148844494.000000000000000	1	-1	2	0	30	6	22	4	2	2	2	7.266000000000000	6_6_7_4_3_3_4_2_4_2_1_3_5_7_4_5_3_5_5_4_3_4_4_1
27	-661317.389793364331126	-668753.524317944073118	0	2	0.999999999999243	0	0	1	6.899999999999999	9733480924695650.000000000000000	-1	13	2	1	5	1	0	4	0	2	0	1.291000000000000	6_6_7_4_3_3_4_2_4_2_1_3_5_6_4_5_3_5_5_4_3_4_4_1
28	-665562.729858119040728	-668753.524317944073118	0	1	-1.000000000000000	0	0	0	6.000000000000000	9723747443770954.000000000000000	2	-1	2	0	31	6	21	5	2	2	2	7.123000000000000	6_6_8_4_3_3_4_2_4_2_1_3_5_6_4_5_3_5_5_4_3_4_4_1
29	-657997.919232050655410	-668753.524317944073118	0	2	0.999999999999222	0	0	1	6.899999999999999	9714023696327184.000000000000000	-1	8	3	1	4	1	0	4	0	2	0	1.079000000000000	6_6_8_4_3_3_4_2_3_2_1_3_5_6_4_5_3_5_5_4_3_4_4_1
30	-663199.295894281240180	-668753.524317944073118	0	1	-1.000000000000000	0	0	0	6.000000000000000	9704309672630856.000000000000000	7	-1	2	0	31	6	21	5	2	2	2	6.865000000000000	6_6_8_4_3_3_4_3_3_2_1_3_5_6_4_5_3_5_5_4_3_4_4_1
31	-654985.359967576339841	-668753.524317944073118	0	2	0.999999999999154	0	0	1	6.899999999999999	9694605362958226.000000000000000	-1	8	2	1	6	1	0	5	0	2	0	1.191000000000000	6_6_8_4_3_3_4_3_2_2_1_3_5_6_4_5_3_5_5_4_3_4_4_1
32	-661315.323310979525559	-668753.524317944073118	0	1	-1.000000000000000	0	0	0	6.000000000000000	9684910757595268.000000000000000	10	-1	2	0	31	6	22	5	2	2	2	8.230000000000000	6_6_8_4_3_3_4_3_2_2_2_3_5_6_4_5_3_5_5_4_3_4_4_1
33	-655058.551286006229930	-668753.524317944073118	0	2	0.999999999999354	0	0	1	6.899999999999999	9675225846837672.000000000000000	-1	1	2	1	6	1	0	5	0	2	0	1.201000000000000	6_5_8_4_3_3_4_3_2_2_2_3_5_6_4_5_3_5_5_4_3_4_4_1
34	-662691.659739009919576	-668753.524317944073118	0	1	-1.000000000000000	0	0	0	6.000000000000000	9665550620990834.000000000000000	13	-1	2	0	31	6	22	5	2	2	2	8.303000000000001	6_5_8_4_3_3_4_3_2_2_2_3_5_7_4_5_3_5_5_4_3_4_4_1
35	-657984.040949183050543	-668753.524317944073118	0	2	0.999999999999513	0	0	1	6.899999999999999	9655885070369844.000000000000000	-1	2	2	1	5	1	0	4	0	2	0	1.220000000000000	6_5_7_4_3_3_4_3_2_2_2_3_5_7_4_5_3_5_5_4_3_4_4_1
36	-664796.515228545060381	-668753.524317944073118	0	1	-1.000000000000000	0	0	0	6.000000000000000	9646229185299474.000000000000000	0	-1	2	0	31	6	21	5	2	2	2	8.182000000000000	7_5_7_4_3_3_4_3_2_2_2_3_5_7_4_5_3_5_5_4_3_4_4_1
37	-658633.887321597081609	-668753.524317944073118	0	2	0.999999999999361	0	0	1	6.899999999999999	9636582956114174.000000000000000	-1	7	3	1	4	1	0	4	0	2	0	1.610000000000000	7_5_7_4_3_3_4_2_2_2_2_3_5_7_4_5_3_5_5_4_3_4_4_1
38	-669524.366938250605017	-669524.366938250605017	1	1	-1.000000000000000	0	0	0	6.000000000000000	9626946373158060.000000000000000	10	-1	2	0	30	6	21	4	2	2	2	10.366000000000000	7_5_7_4_3_3_4_2_2_2_3_3_5_7_4_5_3_5_5_4_3_4_4_1
39	-662865.218590921256691	-669524.366938250605017	0	2	0.999999999999308	0	0	1	6.899999999999999	9617319426784902.000000000000000	-1	3	2	0	4	2	0	3	0	2	0	3.213000000000000	7_5_7_3_3_3_4_2_2_2_3_3_5_7_4_5_3_5_5_4_3_4_4_1
40	-668022.056875655311160	-669524.366938250605017	0	1	-1.000000000000000	0	0	0	6.000000000000000	9607702107358118.000000000000000	13	-1	2	0	30	6	21	4	2	2	2	10.288000000000000	7_5_7_3_3_3_4_2_2_2_3_3_5_8_4_5_3_5_5_4_3_4_4_1
41	-660944.459212719462812	-669524.366938250605017	0	2	0.999999999999263	0	0	1	6.899999999999999	9598094405250760.000000000000000	-1	2	3	1	3	1	0	3	0	2	0	1.571000000000000	7_5_6_3_3_3_4_2_2_2_3_3_5_8_4_5_3_5_5_4_3_4_4_1
42	-665425.233690105495043	-669524.366938250605017	0	1	-1.000000000000000	0	0	0	6.000000000000000	9588496310845510.000000000000000	0	-1	2	0	30	6	21	4	2	2	2	7.125000000000000	8_5_6_3_3_3_4_2_2_2_3_3_5_8_4_5_3_5_5_4_3_4_4_1
43	-656734.621062479098327	-669524.366938250605017	0	2	0.999999999999094	0	0	1	6.899999999999999	9578907814534664.000000000000000	-1	3	2	1	4	1	0	3	0	2	0	0.415000000000000	8_5_6_2_3_3_4_2_2_2_3_3_5_8_4_5_3_5_5_4_3_4_4_1
44	-662244.688868013676256	-669524.366938250605017	0	1	-1.000000000000000	0	0	0	6.000000000000000	9569328906720130.000000000000000	12	-1	2	0	29	6	22	3	2	2	2	3.107000000000000	8_5_6_2_3_3_4_2_2_2_3_3_6_8_4_5_3_5_5_4_3_4_4_1
45	-653548.205040909931995	-669524.366938250605017	0	2	0.999999999999091	0	0	1	6.899999999999999	9559759577813410.000000000000000	-1	17	2	1	4	1	0	3	0	2	0	0.438000000000000	8_5_6_2_3_3_4_2_2_2_3_3_6_8_4_5_3_4_5_4_3_4_4_1
46	-658924.995038377470337	-669524.366938250605017	0	1	-1.000000000000000	0	0	0	6.000000000000000	9550199818235596.000000000000000	10	-1	2	0	30	6	21	4	2	2	2	3.327000000000000	8_5_6_2_3_3_4_2_2_2_4_3_6_8_4_5_3_4_5_4_3_4_4_1
47	-652817.442836327827536	-669524.366938250605017	0	2	0.999999999999361	0	0	1	6.899999999999999	9540649618417360.000000000000000	-1	13	2	1	4	1	0	3	0	2	0	0.709000000000000	8_5_6_2_3_3_4_2_2_2_4_3_6_7_4_5_3_4_5_4_3_4_4_1
48	-660049.843716656439938	-669524.366938250605017	0	1	-1.000000000000000	0	0	0	6.000000000000000	9531108968798942.000000000000000	2	-1	2	0	30	6	21	4	2	2	2	5.448000000000000	8_5_7_2_3_3_4_2_2_2_4_3_6_7_4_5_3_4_5_4_3_4_4_1
49	-652640.591238996479660	-669524.366938250605017	0	2	0.999999999999223	0	0	1	6.899999999999999	9521577859830144.000000000000000	-1	13	2	1	4	1	0	3	0	2	0	1.604000000000000	8_5_7_2_3_3_4_2_2_2_4_3_6_6_4_5_3_4_5_4_3_4_4_1
50	-663219.467509860172868	-669524.366938250605017	0	1	-1.000000000000000	0	0	0	6.000000000000000	9512056281970314.000000000000000	3	-1	2	0	30	6	22	4	2	2	2	6.285000000000000	8_5_7_3_3_3_4_2_2_2_4_3_6_6_4_5_3_4_5_4_3_4_4_1
51	-655831.325475489371456	-669524.366938250605017	0	2	0.999999999999223	0	0	1	6.899999999999999	9502544225688344.000000000000000	-1	12	2	1	5	1	0	4	0	2	0	0.920000000000000	8_5_7_3_3_3_4_2_2_2_4_3_5_6_4_5_3_4_5_4_3_4_4_1
52	-664795.867925429367460	-669524.366938250605017	0	1	-1.000000000000000	0	0	0	6.000000000000000	9493041681462656.000000000000000	17	-1	2	0	30	6	22	4	2	2	2	5.294000000000000	8_5_7_3_3_3_4_2_2_2_4_3_5_6_4_5_3_5_5_4_3_4_4_1
53	-659826.840694095124491	-669524.366938250605017	0	2	0.999999999999477	0	0	1	6.899999999999999	9483548639781194.000000000000000	-1	10	2	1	4	1	0	3	0	2	0	1.640000000000000	8_5_7_3_3_3_4_2_2_2_3_3_5_6_4_5_3_5_5_4_3_4_4_1
54	-666712.550499850884080	-669524.366938250605017	0	1	-1.000000000000000	0	0	0	6.000000000000000	9474065091141412.000000000000000	3	-1	5	1	28	6	21	4	2	2	2	5.946000000000000	8_5_7_4_3_3_4_2_2_2_3_3_5_6_4_5_3_5_5_4_3_4_4_1
55	-661938.779838392511010	-669524.366938250605017	0	2	0.999999999999496	0	0	1	6.899999999999999	9464591026050270.000000000000000	-1	0	3	1	3	1	0	4	0	2	0	0.354000000000000	7_5_7_4_3_3_4_2_2_2_3_3_5_6_4_5_3_5_5_4_3_4_4_1
56	-669524.366938250605017	-669524.366938250605017	0	1	-1.000000000000000	0	0	0	6.000000000000000	9455126435024220.000000000000000	13	-1	5	2	27	4	21	4	2	2	2	5.865000000000000	7_5_7_4_3_3_4_2_2_2_3_3_5_7_4_5_3_5_5_4_3_4_4_1
57	-662670.685530040762387	-669524.366938250605017	0	2	0.999999999999275	0	0	1	6.899999999999999	9445671308589196.000000000000000	-1	0	6	2	0	0	0	3	0	2	0	0.003000000000000	6_5_7_4_3_3_4_2_2_2_3_3_5_7_4_5_3_5_5_4_3_4_4_1
58	-669251.983631912036799	-669524.366938250605017	0	1	-1.000000000000000	0	0	0	6.000000000000000	9436225637280606.000000000000000	1	-1	5	0	27	6	22	4	2	2	2	7.424000000000000	6_6_7_4_3_3_4_2_2_2_3_3_5_7_4_5_3_5_5_4_3_4_4_1
59	-661204.968832054175436	-669524.366938250605017	0	2	0.999999999999147	0	0	1	6.899999999999999	9426789411643326.000000000000000	-1	2	3	1	4	1	0	4	0	2	0	1.036000000000000	6_6_6_4_3_3_4_2_2_2_3_3_5_7_4_5_3_5_5_4_3_4_4_1
60	-665911.885057102073915	-669524.366938250605017	0	1	-1.000000000000000	0	0	0	6.000000000000000	9417362622231682.000000000000000	13	-1	2	0	31	6	22	5	2	2	2	7.650000000000000	6_6_6_4_3_3_4_2_2_2_3_3_5_8_4_5_3_5_5_4_3_4_4_1
61	-657333.129177239141427	-669524.366938250605017	0	2	0.999999999999089	0	0	1	6.899999999999999	9407945259609450.000000000000000	-1	3	2	1	5	1	0	5	0	2	0	1.199000000000000	6_6_6_3_3_3_4_2_2_2_3_3_5_8_4_5_3_5_5_4_3_4_4_1
62	-661342.306628447724506	-669524.366938250605017	0	1	-1.000000000000000	0	0	0	6.000000000000000	9398537314349840.000000000000000	17	-1	4	0	29	6	21	5	2	2	2	7.706000000000000	6_6_6_3_3_3_4_2_2_2_3_3_5_8_4_5_3_6_5_4_3_4_4_1
63	-651548.031204262631945	-669524.366938250605017	0	2	0.999999999998958	0	0	1	6.899999999999999	9389138777035490.000000000000000	-1	3	3	0	4	2	0	4	0	2	0	2.303000000000000	6_6_6_2_3_3_4_2_2_2_3_3_5_8_4_5_3_6_5_4_3_4_4_1
64	-660047.651484105852433	-669524.366938250605017	0	1	-1.000000000000000	0	0	0	6.000000000000000	9379749638258454.000000000000000	0	-1	2	0	30	6	22	4	2	2	2	8.407000000000000	7_6_6_2_3_3_4_2_2_2_3_3_5_8_4_5_3_6_5_4_3_4_4_1
65	-655232.069414074067026	-669524.366938250605017	0	2	0.999999999999487	0	0	1	6.899999999999999	9370369888620196.000000000000000	-1	1	2	1	4	1	0	3	0	2	0	1.391000000000000	7_5_6_2_3_3_4_2_2_2_3_3_5_8_4_5_3_6_5_4_3_4_4_1
66	-661512.085561250569299	-669524.366938250605017	0	1	-1.000000000000000	0	0	0	6.000000000000000	9360999518731576.000000000000000	0	-1	5	1	26	5	22	3	2	2	2	7.203000000000000	8_5_6_2_3_3_4_2_2_2_3_3_5_8_4_5_3_6_5_4_3_4_4_1
67	-656158.589977670228109	-669524.366938250605017	0	2	0.999999999999428	0	0	1	6.899999999999999	9351638519212844.000000000000000	-1	13	4	1	1	1	0	3	0	2	0	0.575000000000000	8_5_6_2_3_3_4_2_2_2_3_3_5_7_4_5_3_6_5_4_3_4_4_1
68	-662031.080516422982328	-669524.366938250605017	0	1	-1.000000000000000	0	0	0	6.000000000000000	9342286880693632.000000000000000	12	-1	4	1	28	6	21	4	2	2	2	3.894000000000000	8_5_6_2_3_3_4_2_2_2_3_3_6_7_4_5_3_6_5_4_3_4_4_1
69	-656836.369627860258333	-669524.366938250605017	0	2	0.999999999999444	0	0	1	6.899999999999999	9332944593812938.000000000000000	-1	17	2	1	4	1	0	4	0	2	0	0.488000000000000	8_5_6_2_3_3_4_2_2_2_3_3_6_7_4_5_3_5_5_4_3_4_4_1
70	-664863.877708913874812	-669524.366938250605017	0	1	-1.000000000000000	0	0	0	6.000000000000000	9323611649219126.000000000000000	3	-1	5	1	27	5	21	4	2	2	2	3.287000000000000	8_5_6_3_3_3_4_2_2_2_3_3_6_7_4_5_3_5_5_4_3_4_4_1
71	-657569.011183471884578	-669524.366938250605017	0	2	0.999999999999218	0	0	1	6.899999999999999	9314288037569906.000000000000000	-1	13	4	1	3	1	0	4	0	2	0	0.454000000000000	8_5_6_3_3_3_4_2_2_2_3_3_6_6_4_5_3_5_5_4_3_4_4_1
72	-665951.483117462252267	-669524.366938250605017	0	1	-1.000000000000000	0	0	0	6.000000000000000	9304973749532336.000000000000000	2	-1	4	1	29	5	22	5	2	2	2	6.486000000000000	8_5_7_3_3_3_4_2_2_2_3_3_6_6_4_5_3_5_5_4_3_4_4_1
73	-659464.834019526490010	-669524.366938250605017	0	2	0.999999999999303	0	0	1	6.899999999999999	9295668775782804.000000000000000	-1	0	5	2	2	0	0	4	0	2	0	0.110000000000000	7_5_7_3_3_3_4_2_2_2_3_3_6_6_4_5_3_5_5_4_3_4_4_1
74	-665620.418242702842690	-669524.366938250605017	0	1	-1.000000000000000	0	0	0	6.000000000000000	9286373107007022.000000000000000	3	-1	6	3	27	3	21	5	2	2	2	4.791000000000000	7_5_7_4_3_3_4_2_2_2_3_3_6_6_4_5_3_5_5_4_3_4_4_1
75	-661938.779838392511010	-669524.366938250605017	0	2	0.999999999999604	0	0	1	6.899999999999999	9277086733900014.000000000000000	-1	12	3	1	4	1	0	5	0	2	0	1.205000000000000	7_5_7_4_3_3_4_2_2_2_3_3_5_6_4_5_3_5_5_4_3_4_4_1
76	-666922.610358241945505	-669524.366938250605017	0	1	-1.000000000000000	0	0	0	6.000000000000000	9267809647166114.000000000000000	1	-1	31	5	1	1	21	4	2	2	2	1.054000000000000	7_6_7_4_3_3_4_2_2_2_3_3_5_6_4_5_3_5_5_4_3_4_4_1
77	-661842.317544013145380	-669524.366938250605017	0	2	0.999999999999452	0	0	1	6.899999999999999	9258541837518948.000000000000000	-1	0	3	1	4	1	0	4	0	2	0	1.408000000000000	6_6_7_4_3_3_4_2_2_2_3_3_5_6_4_5_3_5_5_4_3_4_4_1
78	-669251.983631912036799	-669524.366938250605017	0	1	-1.000000000000000	0	0	0	6.000000000000000	9249283295681430.000000000000000	13	-1	5	3	28	3	22	5	2	2	2	4.019000000000000	6_6_7_4_3_3_4_2_2_2_3_3_5_7_4_5_3_5_5_4_3_4_4_1
79	-661204.968832054175436	-669524.366938250605017	0	2	0.999999999999130	0	0	1	6.899999999999999	9240034012385748.000000000000000	-1	2	7	2	0	0	0	4	0	2	0	0.004000000000000	6_6_6_4_3_3_4_2_2_2_3_3_5_7_4_5_3_5_5_4_3_4_4_1
80	-665911.885057102073915	-669524.366938250605017	0	1	-1.000000000000000	0	0	0	6.000000000000000	9230793978373362.000000000000000	13	-1	33	6	0	0	21	5	2	2	2	0.007000000000000	6_6_6_4_3_3_4_2_2_2_3_3_5_8_4_5_3_5_5_4_3_4_4_1
81	-657333.129177239141427	-669524.366938250605017	0	2	0.999999999999071	0	0	1	6.899999999999999	9221563184394988.000000000000000	-1	3	7	2	0	0	0	5	0	2	0	0.003000000000000	6_6_6_3_3_3_4_2_2_2_3_3_5_8_4_5_3_5_5_4_3_4_4_1
82	-661342.306628447724506	-669524.366938250605017	0	1	-1.000000000000000	0	0	0	6.000000000000000	9212341621210594.000000000000000	17	-1	32	5	1	1	21	6	2	2	2	1.032000000000000	6_6_6_3_3_3_4_2_2_2_3_3_5_8_4_5_3_6_5_4_3_4_4_1
83	-655781.071277881623246	-669524.366938250605017	0	2	0.999999999999396	0	0	1	6.899999999999999	9203129279589384.000000000000000	-1	1	7	2	0	0	0	5	0	2	0	0.003000000000000	6_5_6_3_3_3_4_2_2_2_3_3_5_8_4_5_3_6_5_4_3_4_4_1
84	-665188.862888843636028	-669524.366938250605017	0	1	-1.000000000000000	0	0	0	6.000000000000000	9193926150309794.000000000000000	0	-1	4	1	28	5	21	4	2	2	2	6.986000000000000	7_5_6_3_3_3_4_2_2_2_3_3_5_8_4_5_3_6_5_4_3_4_4_1
85	-655232.069414074067026	-669524.366938250605017	0	2	0.999999999998917	0	0	1	6.899999999999999	9184732224159484.000000000000000	-1	3	4	2	2	0	0	3	0	2	0	0.131000000000000	7_5_6_2_3_3_4_2_2_2_3_3_5_8_4_5_3_6_5_4_3_4_4_1
86	-661512.085561250569299	-669524.366938250605017	0	1	-1.000000000000000	0	0	0	6.000000000000000	9175547491935324.000000000000000	0	-1	31	6	1	1	22	3	2	2	3	1.523000000000000	8_5_6_2_3_3_4_2_2_2_3_3_5_8_4_5_3_6_5_4_3_4_4_1
87	-656158.589977670228109	-669524.366938250605017	0	2	0.999999999999417	0	0	1	6.899999999999999	9166371944443388.000000000000000	-1	13	5	2	0	0	0	3	0	2	0	0.003000000000000	8_5_6_2_3_3_4_2_2_2_3_3_5_7_4_5_3_6_5_4_3_4_4_1
88	-662031.080516422982328	-669524.366938250605017	0	1	-1.000000000000000	0	0	0	6.000000000000000	9157205572498944.000000000000000	12	-1	32	7	0	0	21	4	2	2	3	0.008000000000000	8_5_6_2_3_3_4_2_2_2_3_3_6_7_4_5_3_6_5_4_3_4_4_1
89	-656836.369627860258333	-669524.366938250605017	0	2	0.999999999999433	0	0	1	6.899999999999999	9148048366926446.000000000000000	-1	17	6	2	0	0	0	4	0	2	0	0.002000000000000	8_5_6_2_3_3_4_2_2_2_3_3_6_7_4_5_3_5_5_4_3_4_4_1
90	-663289.789061904069968	-669524.366938250605017	0	1	-1.000000000000000	0	0	0	6.000000000000000	9138900318559520.000000000000000	2	-1	31	5	1	1	21	4	2	2	2	1.090000000000000	8_5_7_2_3_3_4_2_2_2_3_3_6_7_4_5_3_5_5_4_3_4_4_1
91	-655787.698608099832200	-669524.366938250605017	0	2	0.999999999999179	0	0	1	6.899999999999999	9129761418240960.000000000000000	-1	13	4	2	2	0	0	3	0	2	0	0.111000000000000	8_5_7_2_3_3_4_2_2_2_3_3_6_6_4_5_3_5_5_4_3_4_4_1
92	-665951.483117462252267	-669524.366938250605017	0	1	-1.000000000000000	0	0	0	6.000000000000000	9120631656822720.000000000000000	3	-1	8	4	24	2	22	4	2	2	2	2.518000000000000	8_5_7_3_3_3_4_2_2_2_3_3_6_6_4_5_3_5_5_4_3_4_4_1
93	-659464.834019526490010	-669524.366938250605017	0	2	0.999999999999289	0	0	1	6.899999999999999	9111511025165898.000000000000000	-1	0	7	2	0	0	0	4	0	2	0	0.003000000000000	7_5_7_3_3_3_4_2_2_2_3_3_6_6_4_5_3_5_5_4_3_4_4_1
94	-665620.418242702842690	-669524.366938250605017	0	1	-1.000000000000000	0	0	0	6.000000000000000	9102399514140732.000000000000000	3	-1	33	6	1	1	21	5	2	2	3	1.181000000000000	7_5_7_4_3_3_4_2_2_2_3_3_6_6_4_5_3_5_5_4_3_4_4_1
95	-661938.779838392511010	-669524.366938250605017	0	2	0.999999999999596	0	0	1	6.899999999999999	9093297114626592.000000000000000	-1	12	7	2	0	0	0	5	0	2	0	0.003000000000000	7_5_7_4_3_3_4_2_2_2_3_3_5_6_4_5_3_5_5_4_3_4_4_1
96	-666922.610358241945505	-669524.366938250605017	0	1	-1.000000000000000	0	0	0	6.000000000000000	9084203817511966.000000000000000	1	-1	32	6	1	1	21	5	2	2	3	1.749000000000000	7_6_7_4_3_3_4_2_2_2_3_3_5_6_4_5_3_5_5_4_3_4_4_1
97	-661842.317544013145380	-669524.366938250605017	0	2	0.999999999999441	0	0	1	6.899999999999999	9075119613694454.000000000000000	-1	0	7	2	0	0	0	5	0	2	0	0.003000000000000	6_6_7_4_3_3_4_2_2_2_3_3_5_6_4_5_3_5_5_4_3_4_4_1
98	-669251.983631912036799	-669524.366938250605017	0	1	-1.000000000000000	0	0	0	6.000000000000000	9066044494080760.000000000000000	13	-1	33	6	1	1	22	5	2	2	3	1.169000000000000	6_6_7_4_3_3_4_2_2_2_3_3_5_7_4_5_3_5_5_4_3_4_4_1
99	-661204.968832054175436	-669524.366938250605017	0	2	0.999999999999112	0	0	1	6.899999999999999	9056978449586680.000000000000000	-1	2	7	2	0	0	0	4	0	2	0	0.006000000000000	6_6_6_4_3_3_4_2_2_2_3_3_5_7_4_5_3_5_5_4_3_4_4_1
100	-665911.885057102073915	-669524.366938250605017	0	1	-1.000000000000000	0	0	0	6.000000000000000	9047921471137094.000000000000000	13	-1	33	6	0	0	21	5	2	2	2	0.006000000000000	6_6_6_4_3_3_4_2_2_2_3_3_5_8_4_5_3_5_5_4_3_4_4_1
101	-657333.129177239141427	-669524.366938250605017	0	2	0.999999999999052	0	0	1	6.899999999999999	9038873549665956.000000000000000	-1	3	7	2	0	0	0	5	0	2	0	0.002000000000000	6_6_6_3_3_3_4_2_2_2_3_3_5_8_4_5_3_5_5_4_3_4_4_1
102	-661342.306628447724506	-669524.366938250605017	0	1	-1.000000000000000	0	0	0	6.000000000000000	9029834676116290.000000000000000	17	-1	34	7	0	0	21	6	2	2	3	0.007000000000000	6_6_6_3_3_3_4_2_2_2_3_3_5_8_4_5_3_6_5_4_3_4_4_1
103	-655781.071277881623246	-669524.366938250605017	0	2	0.999999999999384	0	0	1	6.899999999999999	9020804841440174.000000000000000	-1	1	7	2	0	0	0	5	0	2	0	0.004000000000000	6_5_6_3_3_3_4_2_2_2_3_3_5_8_4_5_3_6_5_4_3_4_4_1
104	-665188.862888843636028	-669524.366938250605017	0	1	-1.000000000000000	0	0	0	6.000000000000000	9011784036598734.000000000000000	0	-1	32	6	1	1	21	4	2	2	3	1.579000000000000	7_5_6_3_3_3_4_2_2_2_3_3_5_8_4_5_3_6_5_4_3_4_4_1
105	-655232.069414074067026	-669524.366938250605017	0	2	0.999999999998895	0	0	1	6.899999999999999	9002772252562135.000000000000000	-1	3	6	2	0	0	0	3	0	2	0	0.002000000000000	7_5_6_2_3_3_4_2_2_2_3_3_5_8_4_5_3_6_5_4_3_4_4_1
106	-661512.085561250569299	-669524.366938250605017	0	1	-1.000000000000000	0	0	0	6.000000000000000	8993769480309573.000000000000000	0	-1	32	7	0	0	22	3	2	2	3	0.005000000000000	8_5_6_2_3_3_4_2_2_2_3_3_5_8_4_5_3_6_5_4_3_4_4_1
107	-656158.589977670228109	-669524.366938250605017	0	2	0.999999999999405	0	0	1	6.899999999999999	8984775710829263.000000000000000	-1	13	5	2	0	0	0	3	0	2	0	0.003000000000000	8_5_6_2_3_3_4_2_2_2_3_3_5_7_4_5_3_6_5_4_3_4_4_1
108	-662031.080516422982328	-669524.366938250605017	0	1	-1.000000000000000	0	0	0	6.000000000000000	8975790935118434.000000000000000	12	-1	32	7	0	0	21	4	2	2	3	0.008000000000000	8_5_6_2_3_3_4_2_2_2_3_3_6_7_4_5_3_6_5_4_3_4_4_1
109	-656836.369627860258333	-669524.366938250605017	0	2	0.999999999999421	0	0	1	6.899999999999999	8966815144183316.000000000000000	-1	17	6	2	0	0	0	4	0	2	0	0.002000000000000	8_5_6_2_3_3_4_2_2_2_3_3_6_7_4_5_3_5_5_4_3_4_4_1
110	-663289.789061904069968	-669524.366938250605017	0	1	-1.000000000000000	0	0	0	6.000000000000000	8957848329039133.000000000000000	2	-1	32	6	1	1	21	4	2	2	3	1.759000000000000	8_5_7_2_3_3_4_2_2_2_3_3_6_7_4_5_3_5_5_4_3_4_4_1
111	-655787.698608099832200	-669524.366938250605017	0	2	0.999999999999163	0	0	1	6.899999999999999	8948890480710094.000000000000000	-1	13	6	2	0	0	0	3	0	2	0	0.003000000000000	8_5_7_2_3_3_4_2_2_2_3_3_6_6_4_5_3_5_5_4_3_4_4_1
112	-665951.483117462252267	-669524.366938250605017	0	1	-1.000000000000000	0	0	0	6.000000000000000	8939941590229384.000000000000000	3	-1	32	6	0	0	22	4	2	2	2	0.007000000000000	8_5_7_3_3_3_4_2_2_2_3_3_6_6_4_5_3_5_5_4_3_4_4_1
113	-659464.834019526490010	-669524.366938250605017	0	2	0.999999999999274	0	0	1	6.899999999999999	8931001648639155.000000000000000	-1	0	7	2	0	0	0	4	0	2	0	0.003000000000000	7_5_7_3_3_3_4_2_2_2_3_3_6_6_4_5_3_5_5_4_3_4_4_1
114	-665620.418242702842690	-669524.366938250605017	0	1	-1.000000000000000	0	0	0	6.000000000000000	8922070646990516.000000000000000	3	-1	34	7	0	0	21	5	2	2	3	0.008000000000000	7_5_7_4_3_3_4_2_2_2_3_3_6_6_4_5_3_5_5_4_3_4_4_1
115	-661938.779838392511010	-669524.366938250605017	0	2	0.999999999999587	0	0	1	6.899999999999999	8913148576343525.000000000000000	-1	12	7	2	0	0	0	5	0	2	0	0.002000000000000	7_5_7_4_3_3_4_2_2_2_3_3_5_6_4_5_3_5_5_4_3_4_4_1
116	-666922.610358241945505	-669524.366938250605017	0	1	-1.000000000000000	0	0	0	6.000000000000000	8904235427767181.000000000000000	1	-1	33	7	0	0	21	5	2	2	3	0.007000000000000	7_6_7_4_3_3_4_2_2_2_3_3_5_6_4_5_3_5_5_4_3_4_4_1
117	-661842.317544013145380	-669524.366938250605017	0	2	0.999999999999429	0	0	1	6.899999999999999	8895331192339414.000000000000000	-1	0	7	2	0	0	0	5	0	2	0	0.002000000000000	6_6_7_4_3_3_4_2_2_2_3_3_5_6_4_5_3_5_5_4_3_4_4_1
118	-669251.983631912036799	-669524.366938250605017	0	1	-1.000000000000000	0	0	0	6.000000000000000	8886435861147075.000000000000000	13	-1	34	7	0	0	22	5	2	2	3	0.007000000000000	6_6_7_4_3_3_4_2_2_2_3_3_5_7_4_5_3_5_5_4_3_4_4_1
119	-661204.968832054175436	-669524.366938250605017	0	2	0.999999999999095	0	0	1	6.899999999999999	8877549425285928.000000000000000	-1	2	7	2	0	0	0	4	0	2	0	0.003000000000000	6_6_6_4_3_3_4_2_2_2_3_3_5_7_4_5_3_5_5_4_3_4_4_1
120	-665911.885057102073915	-669524.366938250605017	0	1	-1.000000000000000	0	0	0	6.000000000000000	8868671875860642.000000000000000	13	-1	33	6	0	0	21	5	2	2	2	0.007000000000000	6_6_6_4_3_3_4_2_2_2_3_3_5_8_4_5_3_5_5_4_3_4_4_1
121	-657333.129177239141427	-669524.366938250605017	0	2	0.999999999999033	0	0	1	6.899999999999999	8859803203984781.000000000000000	-1	3	7	2	0	0	0	5	0	2	0	0.003000000000000	6_6_6_3_3_3_4_2_2_2_3_3_5_8_4_5_3_5_5_4_3_4_4_1
122	-661342.306628447724506	-669524.366938250605017	0	1	-1.000000000000000	0	0	0	6.000000000000000	8850943400780796.000000000000000	17	-1	34	7	0	0	21	6	2	2	3	0.006000000000000	6_6_6_3_3_3_4_2_2_2_3_3_5_8_4_5_3_6_5_4_3_4_4_1
123	-655781.071277881623246	-669524.366938250605017	0	2	0.999999999999372	0	0	1	6.899999999999999	8842092457380015.000000000000000	-1	1	7	2	0	0	0	5	0	2	0	0.002000000000000	6_5_6_3_3_3_4_2_2_2_3_3_5_8_4_5_3_6_5_4_3_4_4_1
124	-665188.862888843636028	-669524.366938250605017	0	1	-1.000000000000000	0	0	0	6.000000000000000	8833250364922635.000000000000000	0	-1	33	7	0	0	21	4	2	2	3	0.006000000000000	7_5_6_3_3_3_4_2_2_2_3_3_5_8_4_5_3_6_5_4_3_4_4_1
125	-655232.069414074067026	-669524.366938250605017	0	2	0.999999999998873	0	0	1	6.899999999999999	8824417114557712.000000000000000	-1	3	6	2	0	0	0	3	0	2	0	0.003000000000000	7_5_6_2_3_3_4_2_2_2_3_3_5_8_4_5_3_6_5_4_3_4_4_1
126	-661512.085561250569299	-669524.366938250605017	0	1	-1.000000000000000	0	0	0	6.000000000000000	8815592697443154.000000000000000	0	-1	32	7	0	0	22	3	2	2	3	0.007000000000000	8_5_6_2_3_3_4_2_2_2_3_3_5_8_4_5_3_6_5_4_3_4_4_1
127	-656158.589977670228109	-669524.366938250605017	0	2	0.999999999999393	0	0	1	6.899999999999999	8806777104745711.000000000000000	-1	13	5	2	0	0	0	3	0	2	0	0.003000000000000	8_5_6_2_3_3_4_2_2_2_3_3_5_7_4_5_3_6_5_4_3_4_4_1
128	-662031.080516422982328	-669524.366938250605017	0	1	-1.000000000000000	0	0	0	6.000000000000000	8797970327640965.000000000000000	12	-1	32	7	0	0	21	4	2	2	3	0.008000000000000	8_5_6_2_3_3_4_2_2_2_3_3_6_7_4_5_3_6_5_4_3_4_4_1
129	-656836.369627860258333	-669524.366938250605017	0	2	0.999999999999410	0	0	1	6.899999999999999	8789172357313324.000000000000000	-1	17	6	2	0	0	0	4	0	2	0	0.003000000000000	8_5_6_2_3_3_4_2_2_2_3_3_6_7_4_5_3_5_5_4_3_4_4_1
130	-663289.789061904069968	-669524.366938250605017	0	1	-1.000000000000000	0	0	0	6.000000000000000	8780383184956011.000000000000000	2	-1	33	7	0	0	21	4	2	2	3	0.008000000000000	8_5_7_2_3_3_4_2_2_2_3_3_6_7_4_5_3_5_5_4_3_4_4_1
131	-655787.698608099832200	-669524.366938250605017	0	2	0.999999999999146	0	0	1	6.899999999999999	8771602801771055.000000000000000	-1	13	6	2	0	0	0	3	0	2	0	0.003000000000000	8_5_7_2_3_3_4_2_2_2_3_3_6_6_4_5_3_5_5_4_3_4_4_1
132	-665951.483117462252267	-669524.366938250605017	0	1	-1.000000000000000	0	0	0	6.000000000000000	8762831198969284.000000000000000	3	-1	32	6	0	0	22	4	2	2	2	0.006000000000000	8_5_7_3_3_3_4_2_2_2_3_3_6_6_4_5_3_5_5_4_3_4_4_1
133	-659464.834019526490010	-669524.366938250605017	0	2	0.999999999999260	0	0	1	6.899999999999999	8754068367770315.000000000000000	-1	0	7	2	0	0	0	4	0	2	0	0.003000000000000	7_5_7_3_3_3_4_2_2_2_3_3_6_6_4_5_3_5_5_4_3_4_4_1
134	-665620.418242702842690	-669524.366938250605017	0	1	-1.000000000000000	0	0	0	6.000000000000000	8745314299402545.000000000000000	3	-1	34	7	0	0	21	5	2	2	3	0.007000000000000	7_5_7_4_3_3_4_2_2_2_3_3_6_6_4_5_3_5_5_4_3_4_4_1
135	-661938.779838392511010	-669524.366938250605017	0	2	0.999999999999579	0	0	1	6.899999999999999	8736568985103142.000000000000000	-1	12	7	2	0	0	0	5	0	2	0	0.003000000000000	7_5_7_4_3_3_4_2_2_2_3_3_5_6_4_5_3_5_5_4_3_4_4_1
136	-666922.610358241945505	-669524.366938250605017	0	1	-1.000000000000000	0	0	0	6.000000000000000	8727832416118039.000000000000000	1	-1	33	7	0	0	21	5	2	2	3	0.007000000000000	7_6_7_4_3_3_4_2_2_2_3_3_5_6_4_5_3_5_5_4_3_4_4_1
137	-661842.317544013145380	-669524.366938250605017	0	2	0.999999999999418	0	0	1	6.899999999999999	8719104583701921.000000000000000	-1	0	7	2	0	0	0	5	0	2	0	0.003000000000000	6_6_7_4_3_3_4_2_2_2_3_3_5_6_4_5_3_5_5_4_3_4_4_1
138	-669251.983631912036799	-669524.366938250605017	0	1	-1.000000000000000	0	0	0	6.000000000000000	8710385479118219.000000000000000	13	-1	34	7	0	0	22	5	2	2	3	0.006000000000000	6_6_7_4_3_3_4_2_2_2_3_3_5_7_4_5_3_5_5_4_3_4_4_1
139	-661204.968832054175436	-669524.366938250605017	0	2	0.999999999999076	0	0	1	6.899999999999999	8701675093639101.000000000000000	-1	2	7	2	0	0	0	4	0	2	0	0.003000000000000	6_6_6_4_3_3_4_2_2_2_3_3_5_7_4_5_3_5_5_4_3_4_4_1
140	-665911.885057102073915	-669524.366938250605017	0	1	-1.000000000000000	0	0	0	6.000000000000000	8692973418545462.000000000000000	13	-1	33	6	0	0	21	5	2	2	2	0.006000000000000	6_6_6_4_3_3_4_2_2_2_3_3_5_8_4_5_3_5_5_4_3_4_4_1
141	-657333.129177239141427	-669524.366938250605017	0	2	0.999999999999013	0	0	1	6.899999999999999	8684280445126917.000000000000000	-1	3	7	2	0	0	0	5	0	2	0	0.002000000000000	6_6_6_3_3_3_4_2_2_2_3_3_5_8_4_5_3_5_5_4_3_4_4_1
142	-661342.306628447724506	-669524.366938250605017	0	1	-1.000000000000000	0	0	0	6.000000000000000	8675596164681790.000000000000000	17	-1	34	7	0	0	21	6	2	2	3	0.007000000000000	6_6_6_3_3_3_4_2_2_2_3_3_5_8_4_5_3_6_5_4_3_4_4_1
143	-655781.071277881623246	-669524.366938250605017	0	2	0.999999999999359	0	0	1	6.899999999999999	8666920568517108.000000000000000	-1	1	7	2	0	0	0	5	0	2	0	0.003000000000000	6_5_6_3_3_3_4_2_2_2_3_3_5_8_4_5_3_6_5_4_3_4_4_1
144	-665188.862888843636028	-669524.366938250605017	0	1	-1.000000000000000	0	0	0	6.000000000000000	8658253647948591.000000000000000	0	-1	33	7	0	0	21	4	2	2	3	0.006000000000000	7_5_6_3_3_3_4_2_2_2_3_3_5_8_4_5_3_6_5_4_3_4_4_1
145	-655232.069414074067026	-669524.366938250605017	0	2	0.999999999998850	0	0	1	6.899999999999999	8649595394300642.000000000000000	-1	3	6	2	0	0	0	3	0	2	0	0.002000000000000	7_5_6_2_3_3_4_2_2_2_3_3_5_8_4_5_3_6_5_4_3_4_4_1
146	-661512.085561250569299	-669524.366938250605017	0	1	-1.000000000000000	0	0	0	6.000000000000000	8640945798906341.000000000000000	0	-1	32	7	0	0	22	3	2	2	3	0.007000000000000	8_5_6_2_3_3_4_2_2_2_3_3_5_8_4_5_3_6_5_4_3_4_4_1
147	-656158.589977670228109	-669524.366938250605017	0	2	0.999999999999380	0	0	1	6.899999999999999	8632304853107435.000000000000000	-1	13	5	2	0	0	0	3	0	2	0	0.002000000000000	8_5_6_2_3_3_4_2_2_2_3_3_5_7_4_5_3_6_5_4_3_4_4_1
148	-662031.080516422982328	-669524.366938250605017	0	1	-1.000000000000000	0	0	0	6.000000000000000	8623672548254328.000000000000000	12	-1	32	7	0	0	21	4	2	2	3	0.006000000000000	8_5_6_2_3_3_4_2_2_2_3_3_6_7_4_5_3_6_5_4_3_4_4_1
149	-656836.369627860258333	-669524.366938250605017	0	2	0.999999999999398	0	0	1	6.899999999999999	8615048875706074.000000000000000	-1	17	6	2	0	0	0	4	0	2	0	0.003000000000000	8_5_6_2_3_3_4_2_2_2_3_3_6_7_4_5_3_5_5_4_3_4_4_1
150	-663289.789061904069968	-669524.366938250605017	0	1	-1.000000000000000	0	0	0	6.000000000000000	8606433826830368.000000000000000	2	-1	33	7	0	0	21	4	2	2	3	0.006000000000000	8_5_7_2_3_3_4_2_2_2_3_3_6_7_4_5_3_5_5_4_3_4_4_1
151	-655787.698608099832200	-669524.366938250605017	0	2	0.999999999999128	0	0	1	6.899999999999999	8597827393003538.000000000000000	-1	13	6	2	0	0	0	3	0	2	0	0.003000000000000	8_5_7_2_3_3_4_2_2_2_3_3_6_6_4_5_3_5_5_4_3_4_4_1
152	-665951.483117462252267	-669524.366938250605017	0	1	-1.000000000000000	0	0	0	6.000000000000000	8589229565610534.000000000000000	3	-1	32	6	0	0	22	4	2	2	2	0.007000000000000	8_5_7_3_3_3_4_2_2_2_3_3_6_6_4_5_3_5_5_4_3_4_4_1
153	-659464.834019526490010	-669524.366938250605017	0	2	0.999999999999245	0	0	1	6.899999999999999	8580640336044923.000000000000000	-1	0	7	2	0	0	0	4	0	2	0	0.003000000000000	7_5_7_3_3_3_4_2_2_2_3_3_6_6_4_5_3_5_5_4_3_4_4_1
154	-665620.418242702842690	-669524.366938250605017	0	1	-1.000000000000000	0	0	0	6.000000000000000	8572059695708878.000000000000000	3	-1	34	7	0	0	21	5	2	2	3	0.007000000000000	7_5_7_4_3_3_4_2_2_2_3_3_6_6_4_5_3_5_5_4_3_4_4_1
155	-661938.779838392511010	-669524.366938250605017	0	2	0.999999999999570	0	0	1	6.899999999999999	8563487636013169.000000000000000	-1	12	7	2	0	0	0	5	0	2	0	0.002000000000000	7_5_7_4_3_3_4_2_2_2_3_3_5_6_4_5_3_5_5_4_3_4_4_1
156	-666922.610358241945505	-669524.366938250605017	0	1	-1.000000000000000	0	0	0	6.000000000000000	8554924148377156.000000000000000	1	-1	33	7	0	0	21	5	2	2	3	0.006000000000000	7_6_7_4_3_3_4_2_2_2_3_3_5_6_4_5_3_5_5_4_3_4_4_1
157	-661842.317544013145380	-669524.366938250605017	0	2	0.999999999999406	0	0	1	6.899999999999999	8546369224228779.000000000000000	-1	0	7	2	0	0	0	5	0	2	0	0.003000000000000	6_6_7_4_3_3_4_2_2_2_3_3_5_6_4_5_3_5_5_4_3_4_4_1
158	-669251.983631912036799	-669524.366938250605017	0	1	-1.000000000000000	0	0	0	6.000000000000000	8537822855004550.000000000000000	13	-1	34	7	0	0	22	5	2	2	3	0.006000000000000	6_6_7_4_3_3_4_2_2_2_3_3_5_7_4_5_3_5_5_4_3_4_4_1
159	-661204.968832054175436	-669524.366938250605017	0	2	0.999999999999058	0	0	1	6.899999999999999	8529285032149545.000000000000000	-1	2	7	2	0	0	0	4	0	2	0	0.003000000000000	6_6_6_4_3_3_4_2_2_2_3_3_5_7_4_5_3_5_5_4_3_4_4_1
160	-665911.885057102073915	-669524.366938250605017	0	1	-1.000000000000000	0	0	0	6.000000000000000	8520755747117395.000000000000000	13	-1	33	6	0	0	21	5	2	2	2	0.006000000000000	6_6_6_4_3_3_4_2_2_2_3_3_5_8_4_5_3_5_5_4_3_4_4_1
161	-657333.129177239141427	-669524.366938250605017	0	2	0.999999999998993	0	0	1	6.899999999999999	8512234991370278.000000000000000	-1	3	7	2	0	0	0	5	0	2	0	0.003000000000000	6_6_6_3_3_3_4_2_2_2_3_3_5_8_4_5_3_5_5_4_3_4_4_1
162	-661342.306628447724506	-669524.366938250605017	0	1	-1.000000000000000	0	0	0	6.000000000000000	8503722756378908.000000000000000	17	-1	34	7	0	0	21	6	2	2	3	0.006000000000000	6_6_6_3_3_3_4_2_2_2_3_3_5_8_4_5_3_6_5_4_3_4_4_1
163	-655781.071277881623246	-669524.366938250605017	0	2	0.999999999999346	0	0	1	6.899999999999999	8495219033622529.000000000000000	-1	1	7	2	0	0	0	5	0	2	0	0.003000000000000	6_5_6_3_3_3_4_2_2_2_3_3_5_8_4_5_3_6_5_4_3_4_4_1
164	-665188.862888843636028	-669524.366938250605017	0	1	-1.000000000000000	0	0	0	6.000000000000000	8486723814588906.000000000000000	0	-1	33	7	0	0	21	4	2	2	3	0.006000000000000	7_5_6_3_3_3_4_2_2_2_3_3_5_8_4_5_3_6_5_4_3_4_4_1
165	-655232.069414074067026	-669524.366938250605017	0	2	0.999999999998827	0	0	1	6.899999999999999	8478237090774317.000000000000000	-1	3	6	2	0	0	0	3	0	2	0	0.003000000000000	7_5_6_2_3_3_4_2_2_2_3_3_5_8_4_5_3_6_5_4_3_4_4_1
166	-661512.085561250569299	-669524.366938250605017	0	1	-1.000000000000000	0	0	0	6.000000000000000	8469758853683543.000000000000000	0	-1	32	7	0	0	22	3	2	2	3	0.007000000000000	8_5_6_2_3_3_4_2_2_2_3_3_5_8_4_5_3_6_5_4_3_4_4_1
167	-656158.589977670228109	-669524.366938250605017	0	2	0.999999999999368	0	0	1	6.899999999999999	8461289094829859.000000000000000	-1	13	5	2	0	0	0	3	0	2	0	0.003000000000000	8_5_6_2_3_3_4_2_2_2_3_3_5_7_4_5_3_6_5_4_3_4_4_1
168	-662031.080516422982328	-669524.366938250605017	0	1	-1.000000000000000	0	0	0	6.000000000000000	8452827805735029.000000000000000	12	-1	32	7	0	0	21	4	2	2	3	0.006000000000000	8_5_6_2_3_3_4_2_2_2_3_3_6_7_4_5_3_6_5_4_3_4_4_1
169	-656836.369627860258333	-669524.366938250605017	0	2	0.999999999999385	0	0	1	6.899999999999999	8444374977929294.000000000000000	-1	17	6	2	0	0	0	4	0	2	0	0.002000000000000	8_5_6_2_3_3_4_2_2_2_3_3_6_7_4_5_3_5_5_4_3_4_4_1
170	-663289.789061904069968	-669524.366938250605017	0	1	-1.000000000000000	0	0	0	6.000000000000000	8435930602951365.000000000000000	2	-1	33	7	0	0	21	4	2	2	3	0.006000000000000	8_5_7_2_3_3_4_2_2_2_3_3_6_7_4_5_3_5_5_4_3_4_4_1
171	-655787.698608099832200	-669524.366938250605017	0	2	0.999999999999111	0	0	1	6.899999999999999	8427494672348414.000000000000000	-1	13	6	2	0	0	0	3	0	2	0	0.002000000000000	8_5_7_2_3_3_4_2_2_2_3_3_6_6_4_5_3_5_5_4_3_4_4_1
172	-665951.483117462252267	-669524.366938250605017	0	1	-1.000000000000000	0	0	0	6.000000000000000	8419067177676066.000000000000000	3	-1	32	6	0	0	22	4	2	2	2	0.007000000000000	8_5_7_3_3_3_4_2_2_2_3_3_6_6_4_5_3_5_5_4_3_4_4_1
173	-659464.834019526490010	-669524.366938250605017	0	2	0.999999999999230	0	0	1	6.899999999999999	8410648110498390.000000000000000	-1	0	7	2	0	0	0	4	0	2	0	0.002000000000000	7_5_7_3_3_3_4_2_2_2_3_3_6_6_4_5_3_5_5_4_3_4_4_1
174	-665620.418242702842690	-669524.366938250605017	0	1	-1.000000000000000	0	0	0	6.000000000000000	8402237462387892.000000000000000	3	-1	34	7	0	0	21	5	2	2	3	0.006000000000000	7_5_7_4_3_3_4_2_2_2_3_3_6_6_4_5_3_5_5_4_3_4_4_1
175	-661938.779838392511010	-669524.366938250605017	0	2	0.999999999999562	0	0	1	6.899999999999999	8393835224925504.000000000000000	-1	12	7	2	0	0	0	5	0	2	0	0.003000000000000	7_5_7_4_3_3_4_2_2_2_3_3_5_6_4_5_3_5_5_4_3_4_4_1
176	-666922.610358241945505	-669524.366938250605017	0	1	-1.000000000000000	0	0	0	6.000000000000000	8385441389700578.000000000000000	1	-1	33	7	0	0	21	5	2	2	3	0.006000000000000	7_6_7_4_3_3_4_2_2_2_3_3_5_6_4_5_3_5_5_4_3_4_4_1
177	-661842.317544013145380	-669524.366938250605017	0	2	0.999999999999394	0	0	1	6.899999999999999	8377055948310877.000000000000000	-1	0	7	2	0	0	0	5	0	2	0	0.003000000000000	6_6_7_4_3_3_4_2_2_2_3_3_5_6_4_5_3_5_5_4_3_4_4_1
178	-669251.983631912036799	-669524.366938250605017	0	1	-1.000000000000000	0	0	0	6.000000000000000	8368678892362566.000000000000000	13	-1	34	7	0	0	22	5	2	2	3	0.007000000000000	6_6_7_4_3_3_4_2_2_2_3_3_5_7_4_5_3_5_5_4_3_4_4_1
179	-661204.968832054175436	-669524.366938250605017	0	2	0.999999999999038	0	0	1	6.899999999999999	8360310213470203.000000000000000	-1	2	7	2	0	0	0	4	0	2	0	0.003000000000000	6_6_6_4_3_3_4_2_2_2_3_3_5_7_4_5_3_5_5_4_3_4_4_1
180	-665911.885057102073915	-669524.366938250605017	0	1	-1.000000000000000	0	0	0	6.000000000000000	8351949903256733.000000000000000	13	-1	33	6	0	0	21	5	2	2	2	0.006000000000000	6_6_6_4_3_3_4_2_2_2_3_3_5_8_4_5_3_5_5_4_3_4_4_1
181	-657333.129177239141427	-669524.366938250605017	0	2	0.999999999998973	0	0	1	6.899999999999999	8343597953353476.000000000000000	-1	3	7	2	0	0	0	5	0	2	0	0.003000000000000	6_6_6_3_3_3_4_2_2_2_3_3_5_8_4_5_3_5_5_4_3_4_4_1
182	-661342.306628447724506	-669524.366938250605017	0	1	-1.000000000000000	0	0	0	6.000000000000000	8335254355400123.000000000000000	17	-1	34	7	0	0	21	6	2	2	3	0.007000000000000	6_6_6_3_3_3_4_2_2_2_3_3_5_8_4_5_3_6_5_4_3_4_4_1
183	-655781.071277881623246	-669524.366938250605017	0	2	0.999999999999333	0	0	1	6.899999999999999	8326919101044723.000000000000000	-1	1	7	2	0	0	0	5	0	2	0	0.003000000000000	6_5_6_3_3_3_4_2_2_2_3_3_5_8_4_5_3_6_5_4_3_4_4_1
184	-665188.862888843636028	-669524.366938250605017	0	1	-1.000000000000000	0	0	0	6.000000000000000	8318592181943678.000000000000000	0	-1	33	7	0	0	21	4	2	2	3	0.006000000000000	7_5_6_3_3_3_4_2_2_2_3_3_5_8_4_5_3_6_5_4_3_4_4_1
185	-655232.069414074067026	-669524.366938250605017	0	2	0.999999999998803	0	0	1	6.899999999999999	8310273589761734.000000000000000	-1	3	6	2	0	0	0	3	0	2	0	0.002000000000000	7_5_6_2_3_3_4_2_2_2_3_3_5_8_4_5_3_6_5_4_3_4_4_1
186	-661512.085561250569299	-669524.366938250605017	0	1	-1.000000000000000	0	0	0	6.000000000000000	8301963316171972.000000000000000	0	-1	32	7	0	0	22	3	2	2	3	0.006000000000000	8_5_6_2_3_3_4_2_2_2_3_3_5_8_4_5_3_6_5_4_3_4_4_1
187	-656158.589977670228109	-669524.366938250605017	0	2	0.999999999999355	0	0	1	6.899999999999999	8293661352855800.000000000000000	-1	13	5	2	0	0	0	3	0	2	0	0.002000000000000	8_5_6_2_3_3_4_2_2_2_3_3_5_7_4_5_3_6_5_4_3_4_4_1
188	-662031.080516422982328	-669524.366938250605017	0	1	-1.000000000000000	0	0	0	6.000000000000000	8285367691502944.000000000000000	12	-1	32	7	0	0	21	4	2	2	3	0.006000000000000	8_5_6_2_3_3_4_2_2_2_3_3_6_7_4_5_3_6_5_4_3_4_4_1
189	-656836.369627860258333	-669524.366938250605017	0	2	0.999999999999373	0	0	1	6.899999999999999	8277082323811441.000000000000000	-1	17	6	2	0	0	0	4	0	2	0	0.003000000000000	8_5_6_2_3_3_4_2_2_2_3_3_6_7_4_5_3_5_5_4_3_4_4_1
190	-663289.789061904069968	-669524.366938250605017	0	1	-1.000000000000000	0	0	0	6.000000000000000	8268805241487630.000000000000000	2	-1	33	7	0	0	21	4	2	2	3	0.006000000000000	8_5_7_2_3_3_4_2_2_2_3_3_6_7_4_5_3_5_5_4_3_4_4_1
191	-655787.698608099832200	-669524.366938250605017	0	2	0.999999999999093	0	0	1	6.899999999999999	8260536436246142.000000000000000	-1	13	6	2	0	0	0	3	0	2	0	0.002000000000000	8_5_7_2_3_3_4_2_2_2_3_3_6_6_4_5_3_5_5_4_3_4_4_1
192	-665951.483117462252267	-669524.366938250605017	0	1	-1.000000000000000	0	0	0	6.000000000000000	8252275899809896.000000000000000	3	-1	32	6	0	0	22	4	2	2	2	0.007000000000000	8_5_7_3_3_3_4_2_2_2_3_3_6_6_4_5_3_5_5_4_3_4_4_1
193	-659464.834019526490010	-669524.366938250605017	0	2	0.999999999999214	0	0	1	6.899999999999999	8244023623910086.000000000000000	-1	0	7	2	0	0	0	4	0	2	0	0.003000000000000	7_5_7_3_3_3_4_2_2_2_3_3_6_6_4_5_3_5_5_4_3_4_4_1
194	-665620.418242702842690	-669524.366938250605017	0	1	-1.000000000000000	0	0	0	6.000000000000000	8235779600286176.000000000000000	3	-1	34	7	0	0	21	5	2	2	3	0.006000000000000	7_5_7_4_3_3_4_2_2_2_3_3_6_6_4_5_3_5_5_4_3_4_4_1
195	-661938.779838392511010	-669524.366938250605017	0	2	0.999999999999553	0	0	1	6.899999999999999	8227543820685890.000000000000000	-1	12	7	2	0	0	0	5	0	2	0	0.003000000000000	7_5_7_4_3_3_4_2_2_2_3_3_5_6_4_5_3_5_5_4_3_4_4_1
196	-666922.610358241945505	-669524.366938250605017	0	1	-1.000000000000000	0	0	0	6.000000000000000	8219316276865204.000000000000000	1	-1	33	7	0	0	21	5	2	2	3	0.007000000000000	7_6_7_4_3_3_4_2_2_2_3_3_5_6_4_5_3_5_5_4_3_4_4_1
197	-661842.317544013145380	-669524.366938250605017	0	2	0.999999999999382	0	0	1	6.899999999999999	8211096960588339.000000000000000	-1	0	7	2	0	0	0	5	0	2	0	0.003000000000000	6_6_7_4_3_3_4_2_2_2_3_3_5_6_4_5_3_5_5_4_3_4_4_1
198	-669251.983631912036799	-669524.366938250605017	0	1	-1.000000000000000	0	0	0	6.000000000000000	8202885863627751.000000000000000	13	-1	34	7	0	0	22	5	2	2	3	0.006000000000000	6_6_7_4_3_3_4_2_2_2_3_3_5_7_4_5_3_5_5_4_3_4_4_1
199	-661204.968832054175436	-669524.366938250605017	0	2	0.999999999999019	0	0	1	6.899999999999999	8194682977764123.000000000000000	-1	2	7	2	0	0	0	4	0	2	0	0.003000000000000	6_6_6_4_3_3_4_2_2_2_3_3_5_7_4_5_3_5_5_4_3_4_4_1
200	-665911.885057102073915	-669524.366938250605017	0	1	-1.000000000000000	0	0	0	6.000000000000000	8186488294786359.000000000000000	13	-1	33	6	0	0	21	5	2	2	2	0.007000000000000	6_6_6_4_3_3_4_2_2_2_3_3_5_8_4_5_3_5_5_4_3_4_4_1
201	-657333.129177239141427	-669524.366938250605017	0	2	0.999999999998952	0	0	1	6.899999999999999	8178301806491573.000000000000000	-1	3	7	2	0	0	0	5	0	2	0	0.002000000000000	6_6_6_3_3_3_4_2_2_2_3_3_5_8_4_5_3_5_5_4_3_4_4_1
202	-661342.306628447724506	-669524.366938250605017	0	1	-1.000000000000000	0	0	0	6.000000000000000	8170123504685081.000000000000000	17	-1	34	7	0	0	21	6	2	2	3	0.007000000000000	6_6_6_3_3_3_4_2_2_2_3_3_5_8_4_5_3_6_5_4_3_4_4_1
203	-655781.071277881623246	-669524.366938250605017	0	2	0.999999999999319	0	0	1	6.899999999999999	8161953381180396.000000000000000	-1	1	7	2	0	0	0	5	0	2	0	0.003000000000000	6_5_6_3_3_3_4_2_2_2_3_3_5_8_4_5_3_6_5_4_3_4_4_1
204	-665188.862888843636028	-669524.366938250605017	0	1	-1.000000000000000	0	0	0	6.000000000000000	8153791427799216.000000000000000	0	-1	33	7	0	0	21	4	2	2	3	0.007000000000000	7_5_6_3_3_3_4_2_2_2_3_3_5_8_4_5_3_6_5_4_3_4_4_1
205	-655232.069414074067026	-669524.366938250605017	0	2	0.999999999998779	0	0	1	6.899999999999999	8145637636371417.000000000000000	-1	3	6	2	0	0	0	3	0	2	0	0.002000000000000	7_5_6_2_3_3_4_2_2_2_3_3_5_8_4_5_3_6_5_4_3_4_4_1
206	-661512.085561250569299	-669524.366938250605017	0	1	-1.000000000000000	0	0	0	6.000000000000000	8137491998735046.000000000000000	0	-1	32	7	0	0	22	3	2	2	3	0.006000000000000	8_5_6_2_3_3_4_2_2_2_3_3_5_8_4_5_3_6_5_4_3_4_4_1
207	-656158.589977670228109	-669524.366938250605017	0	2	0.999999999999342	0	0	1	6.899999999999999	8129354506736311.000000000000000	-1	13	5	2	0	0	0	3	0	2	0	0.002000000000000	8_5_6_2_3_3_4_2_2_2_3_3_5_7_4_5_3_6_5_4_3_4_4_1
208	-662031.080516422982328	-669524.366938250605017	0	1	-1.000000000000000	0	0	0	6.000000000000000	8121225152229575.000000000000000	12	-1	32	7	0	0	21	4	2	2	3	0.006000000000000	8_5_6_2_3_3_4_2_2_2_3_3_6_7_4_5_3_6_5_4_3_4_4_1
209	-656836.369627860258333	-669524.366938250605017	0	2	0.999999999999360	0	0	1	6.899999999999999	8113103927077345.000000000000000	-1	17	6	2	0	0	0	4	0	2	0	0.002000000000000	8_5_6_2_3_3_4_2_2_2_3_3_6_7_4_5_3_5_5_4_3_4_4_1
210	-663289.789061904069968	-669524.366938250605017	0	1	-1.000000000000000	0	0	0	6.000000000000000	8104990823150268.000000000000000	2	-1	33	7	0	0	21	4	2	2	3	0.006000000000000	8_5_7_2_3_3_4_2_2_2_3_3_6_7_4_5_3_5_5_4_3_4_4_1
211	-655787.698608099832200	-669524.366938250605017	0	2	0.999999999999074	0	0	1	6.899999999999999	8096885832327118.000000000000000	-1	13	6	2	0	0	0	3	0	2	0	0.002000000000000	8_5_7_2_3_3_4_2_2_2_3_3_6_6_4_5_3_5_5_4_3_4_4_1
212	-665951.483117462252267	-669524.366938250605017	0	1	-1.000000000000000	0	0	0	6.000000000000000	8088788946494791.000000000000000	3	-1	32	6	0	0	22	4	2	2	2	0.006000000000000	8_5_7_3_3_3_4_2_2_2_3_3_6_6_4_5_3_5_5_4_3_4_4_1
213	-659464.834019526490010	-669524.366938250605017	0	2	0.999999999999198	0	0	1	6.899999999999999	8080700157548296.000000000000000	-1	0	7	2	0	0	0	4	0	2	0	0.002000000000000	7_5_7_3_3_3_4_2_2_2_3_3_6_6_4_5_3_5_5_4_3_4_4_1
214	-665620.418242702842690	-669524.366938250605017	0	1	-1.000000000000000	0	0	0	6.000000000000000	8072619457390748.000000000000000	3	-1	34	7	0	0	21	5	2	2	3	0.007000000000000	7_5_7_4_3_3_4_2_2_2_3_3_6_6_4_5_3_5_5_4_3_4_4_1
215	-661938.779838392511010	-669524.366938250605017	0	2	0.999999999999544	0	0	1	6.899999999999999	8064546837933357.000000000000000	-1	12	7	2	0	0	0	5	0	2	0	0.002000000000000	7_5_7_4_3_3_4_2_2_2_3_3_5_6_4_5_3_5_5_4_3_4_4_1
216	-666922.610358241945505	-669524.366938250605017	0	1	-1.000000000000000	0	0	0	6.000000000000000	8056482291095424.000000000000000	1	-1	33	7	0	0	21	5	2	2	3	0.006000000000000	7_6_7_4_3_3_4_2_2_2_3_3_5_6_4_5_3_5_5_4_3_4_4_1
217	-661842.317544013145380	-669524.366938250605017	0	2	0.999999999999369	0	0	1	6.899999999999999	8048425808804329.000000000000000	-1	0	7	2	0	0	0	5	0	2	0	0.002000000000000	6_6_7_4_3_3_4_2_2_2_3_3_5_6_4_5_3_5_5_4_3_4_4_1
218	-669251.983631912036799	-669524.366938250605017	0	1	-1.000000000000000	0	0	0	6.000000000000000	8040377382995525.000000000000000	13	-1	34	7	0	0	22	5	2	2	3	0.006000000000000	6_6_7_4_3_3_4_2_2_2_3_3_5_7_4_5_3_5_5_4_3_4_4_1
219	-661204.968832054175436	-669524.366938250605017	0	2	0.999999999998999	0	0	1	6.899999999999999	8032337005612529.000000000000000	-1	2	7	2	0	0	0	4	0	2	0	0.002000000000000	6_6_6_4_3_3_4_2_2_2_3_3_5_7_4_5_3_5_5_4_3_4_4_1
220	-665911.885057102073915	-669524.366938250605017	0	1	-1.000000000000000	0	0	0	6.000000000000000	8024304668606916.000000000000000	13	-1	33	6	0	0	21	5	2	2	2	0.006000000000000	6_6_6_4_3_3_4_2_2_2_3_3_5_8_4_5_3_5_5_4_3_4_4_1
221	-657333.129177239141427	-669524.366938250605017	0	2	0.999999999998931	0	0	1	6.899999999999999	8016280363938309.000000000000000	-1	3	7	2	0	0	0	5	0	2	0	0.002000000000000	6_6_6_3_3_3_4_2_2_2_3_3_5_8_4_5_3_5_5_4_3_4_4_1
222	-661342.306628447724506	-669524.366938250605017	0	1	-1.000000000000000	0	0	0	6.000000000000000	8008264083574371.000000000000000	17	-1	34	7	0	0	21	6	2	2	3	0.007000000000000	6_6_6_3_3_3_4_2_2_2_3_3_5_8_4_5_3_6_5_4_3_4_4_1
223	-655781.071277881623246	-669524.366938250605017	0	2	0.999999999999306	0	0	1	6.899999999999999	8000255819490797.000000000000000	-1	1	7	2	0	0	0	5	0	2	0	0.003000000000000	6_5_6_3_3_3_4_2_2_2_3_3_5_8_4_5_3_6_5_4_3_4_4_1
224	-665188.862888843636028	-669524.366938250605017	0	1	-1.000000000000000	0	0	0	6.000000000000000	7992255563671306.000000000000000	0	-1	33	7	0	0	21	4	2	2	3	0.005000000000000	7_5_6_3_3_3_4_2_2_2_3_3_5_8_4_5_3_6_5_4_3_4_4_1
225	-655232.069414074067026	-669524.366938250605017	0	2	0.999999999998754	0	0	1	6.899999999999999	7984263308107635.000000000000000	-1	3	6	2	0	0	0	3	0	2	0	0.003000000000000	7_5_6_2_3_3_4_2_2_2_3_3_5_8_4_5_3_6_5_4_3_4_4_1
226	-661512.085561250569299	-669524.366938250605017	0	1	-1.000000000000000	0	0	0	6.000000000000000	7976279044799527.000000000000000	0	-1	32	7	0	0	22	3	2	2	3	0.007000000000000	8_5_6_2_3_3_4_2_2_2_3_3_5_8_4_5_3_6_5_4_3_4_4_1
227	-656158.589977670228109	-669524.366938250605017	0	2	0.999999999999329	0	0	1	6.899999999999999	7968302765754727.000000000000000	-1	13	5	2	0	0	0	3	0	2	0	0.002000000000000	8_5_6_2_3_3_4_2_2_2_3_3_5_7_4_5_3_6_5_4_3_4_4_1
228	-662031.080516422982328	-669524.366938250605017	0	1	-1.000000000000000	0	0	0	6.000000000000000	7960334462988972.000000000000000	12	-1	32	7	0	0	21	4	2	2	3	0.006000000000000	8_5_6_2_3_3_4_2_2_2_3_3_6_7_4_5_3_6_5_4_3_4_4_1
229	-656836.369627860258333	-669524.366938250605017	0	2	0.999999999999347	0	0	1	6.899999999999999	7952374128525983.000000000000000	-1	17	6	2	0	0	0	4	0	2	0	0.002000000000000	8_5_6_2_3_3_4_2_2_2_3_3_6_7_4_5_3_5_5_4_3_4_4_1
230	-663289.789061904069968	-669524.366938250605017	0	1	-1.000000000000000	0	0	0	6.000000000000000	7944421754397457.000000000000000	2	-1	33	7	0	0	21	4	2	2	3	0.006000000000000	8_5_7_2_3_3_4_2_2_2_3_3_6_7_4_5_3_5_5_4_3_4_4_1
231	-655787.698608099832200	-669524.366938250605017	0	2	0.999999999999056	0	0	1	6.899999999999999	7936477332643060.000000000000000	-1	13	6	2	0	0	0	3	0	2	0	0.003000000000000	8_5_7_2_3_3_4_2_2_2_3_3_6_6_4_5_3_5_5_4_3_4_4_1
232	-665951.483117462252267	-669524.366938250605017	0	1	-1.000000000000000	0	0	0	6.000000000000000	7928540855310417.000000000000000	3	-1	32	6	0	0	22	4	2	2	2	0.007000000000000	8_5_7_3_3_3_4_2_2_2_3_3_6_6_4_5_3_5_5_4_3_4_4_1
233	-659464.834019526490010	-669524.366938250605017	0	2	0.999999999999182	0	0	1	6.899999999999999	7920612314455107.000000000000000	-1	0	7	2	0	0	0	4	0	2	0	0.002000000000000	7_5_7_3_3_3_4_2_2_2_3_3_6_6_4_5_3_5_5_4_3_4_4_1
234	-665620.418242702842690	-669524.366938250605017	0	1	-1.000000000000000	0	0	0	6.000000000000000	7912691702140652.000000000000000	3	-1	34	7	0	0	21	5	2	2	3	0.006000000000000	7_5_7_4_3_3_4_2_2_2_3_3_6_6_4_5_3_5_5_4_3_4_4_1
235	-661938.779838392511010	-669524.366938250605017	0	2	0.999999999999535	0	0	1	6.899999999999999	7904779010438511.000000000000000	-1	12	7	2	0	0	0	5	0	2	0	0.003000000000000	7_5_7_4_3_3_4_2_2_2_3_3_5_6_4_5_3_5_5_4_3_4_4_1
236	-666922.610358241945505	-669524.366938250605017	0	1	-1.000000000000000	0	0	0	6.000000000000000	7896874231428072.000000000000000	1	-1	33	7	0	0	21	5	2	2	3	0.006000000000000	7_6_7_4_3_3_4_2_2_2_3_3_5_6_4_5_3_5_5_4_3_4_4_1
237	-661842.317544013145380	-669524.366938250605017	0	2	0.999999999999357	0	0	1	6.899999999999999	7888977357196644.000000000000000	-1	0	7	2	0	0	0	5	0	2	0	0.003000000000000	6_6_7_4_3_3_4_2_2_2_3_3_5_6_4_5_3_5_5_4_3_4_4_1
238	-669251.983631912036799	-669524.366938250605017	0	1	-1.000000000000000	0	0	0	6.000000000000000	7881088379839447.000000000000000	13	-1	34	7	0	0	22	5	2	2	3	0.006000000000000	6_6_7_4_3_3_4_2_2_2_3_3_5_7_4_5_3_5_5_4_3_4_4_1
239	-661204.968832054175436	-669524.366938250605017	0	2	0.999999999998979	0	0	1	6.899999999999999	7873207291459608.000000000000000	-1	2	7	2	0	0	0	4	0	2	0	0.003000000000000	6_6_6_4_3_3_4_2_2_2_3_3_5_7_4_5_3_5_5_4_3_4_4_1
240	-665911.885057102073915	-669524.366938250605017	0	1	-1.000000000000000	0	0	0	6.000000000000000	7865334084168148.000000000000000	13	-1	33	6	0	0	21	5	2	2	2	0.007000000000000	6_6_6_4_3_3_4_2_2_2_3_3_5_8_4_5_3_5_5_4_3_4_4_1
241	-657333.129177239141427	-669524.366938250605017	0	2	0.999999999998909	0	0	1	6.899999999999999	7857468750083980.000000000000000	-1	3	7	2	0	0	0	5	0	2	0	0.002000000000000	6_6_6_3_3_3_4_2_2_2_3_3_5_8_4_5_3_5_5_4_3_4_4_1
242	-661342.306628447724506	-669524.366938250605017	0	1	-1.000000000000000	0	0	0	6.000000000000000	7849611281333896.000000000000000	17	-1	34	7	0	0	21	6	2	2	3	0.007000000000000	6_6_6_3_3_3_4_2_2_2_3_3_5_8_4_5_3_6_5_4_3_4_4_1
243	-655781.071277881623246	-669524.366938250605017	0	2	0.999999999999292	0	0	1	6.899999999999999	7841761670052562.000000000000000	-1	1	7	2	0	0	0	5	0	2	0	0.003000000000000	6_5_6_3_3_3_4_2_2_2_3_3_5_8_4_5_3_6_5_4_3_4_4_1
244	-665188.862888843636028	-669524.366938250605017	0	1	-1.000000000000000	0	0	0	6.000000000000000	7833919908382509.000000000000000	0	-1	33	7	0	0	21	4	2	2	3	0.006000000000000	7_5_6_3_3_3_4_2_2_2_3_3_5_8_4_5_3_6_5_4_3_4_4_1
245	-655232.069414074067026	-669524.366938250605017	0	2	0.999999999998729	0	0	1	6.899999999999999	7826085988474126.000000000000000	-1	3	6	2	0	0	0	3	0	2	0	0.003000000000000	7_5_6_2_3_3_4_2_2_2_3_3_5_8_4_5_3_6_5_4_3_4_4_1
246	-661512.085561250569299	-669524.366938250605017	0	1	-1.000000000000000	0	0	0	6.000000000000000	7818259902485652.000000000000000	0	-1	32	7	0	0	22	3	2	2	3	0.007000000000000	8_5_6_2_3_3_4_2_2_2_3_3_5_8_4_5_3_6_5_4_3_4_4_1
247	-656158.589977670228109	-669524.366938250605017	0	2	0.999999999999315	0	0	1	6.899999999999999	7810441642583166.000000000000000	-1	13	5	2	0	0	0	3	0	2	0	0.002000000000000	8_5_6_2_3_3_4_2_2_2_3_3_5_7_4_5_3_6_5_4_3_4_4_1
248	-662031.080516422982328	-669524.366938250605017	0	1	-1.000000000000000	0	0	0	6.000000000000000	7802631200940583.000000000000000	12	-1	32	7	0	0	21	4	2	2	3	0.006000000000000	8_5_6_2_3_3_4_2_2_2_3_3_6_7_4_5_3_6_5_4_3_4_4_1
249	-656836.369627860258333	-669524.366938250605017	0	2	0.999999999999334	0	0	1	6.899999999999999	7794828569739642.000000000000000	-1	17	6	2	0	0	0	4	0	2	0	0.003000000000000	8_5_6_2_3_3_4_2_2_2_3_3_6_7_4_5_3_5_5_4_3_4_4_1
250	-663289.789061904069968	-669524.366938250605017	0	1	-1.000000000000000	0	0	0	6.000000000000000	7787033741169902.000000000000000	2	-1	33	7	0	0	21	4	2	2	3	0.007000000000000	8_5_7_2_3_3_4_2_2_2_3_3_6_7_4_5_3_5_5_4_3_4_4_1
251	-655787.698608099832200	-669524.366938250605017	0	2	0.999999999999037	0	0	1	6.899999999999999	7779246707428732.000000000000000	-1	13	6	2	0	0	0	3	0	2	0	0.003000000000000	8_5_7_2_3_3_4_2_2_2_3_3_6_6_4_5_3_5_5_4_3_4_4_1
252	-665951.483117462252267	-669524.366938250605017	0	1	-1.000000000000000	0	0	0	6.000000000000000	7771467460721303.000000000000000	3	-1	32	6	0	0	22	4	2	2	2	0.006000000000000	8_5_7_3_3_3_4_2_2_2_3_3_6_6_4_5_3_5_5_4_3_4_4_1
253	-659464.834019526490010	-669524.366938250605017	0	2	0.999999999999165	0	0	1	6.899999999999999	7763695993260582.000000000000000	-1	0	7	2	0	0	0	4	0	2	0	0.003000000000000	7_5_7_3_3_3_4_2_2_2_3_3_6_6_4_5_3_5_5_4_3_4_4_1
254	-665620.418242702842690	-669524.366938250605017	0	1	-1.000000000000000	0	0	0	6.000000000000000	7755932297267321.000000000000000	3	-1	34	7	0	0	21	5	2	2	3	0.005000000000000	7_5_7_4_3_3_4_2_2_2_3_3_6_6_4_5_3_5_5_4_3_4_4_1
255	-661938.779838392511010	-669524.366938250605017	0	2	0.999999999999525	0	0	1	6.899999999999999	7748176364970054.000000000000000	-1	12	7	2	0	0	0	5	0	2	0	0.003000000000000	7_5_7_4_3_3_4_2_2_2_3_3_5_6_4_5_3_5_5_4_3_4_4_1
256	-666922.610358241945505	-669524.366938250605017	0	1	-1.000000000000000	0	0	0	6.000000000000000	7740428188605084.000000000000000	1	-1	33	7	0	0	21	5	2	2	3	0.006000000000000	7_6_7_4_3_3_4_2_2_2_3_3_5_6_4_5_3_5_5_4_3_4_4_1
257	-661842.317544013145380	-669524.366938250605017	0	2	0.999999999999344	0	0	1	6.899999999999999	7732687760416479.000000000000000	-1	0	7	2	0	0	0	5	0	2	0	0.002000000000000	6_6_7_4_3_3_4_2_2_2_3_3_5_6_4_5_3_5_5_4_3_4_4_1
258	-669251.983631912036799	-669524.366938250605017	0	1	-1.000000000000000	0	0	0	6.000000000000000	7724955072656063.000000000000000	13	-1	34	7	0	0	22	5	2	2	3	0.007000000000000	6_6_7_4_3_3_4_2_2_2_3_3_5_7_4_5_3_5_5_4_3_4_4_1
259	-661204.968832054175436	-669524.366938250605017	0	2	0.999999999998958	0	0	1	6.899999999999999	7717230117583407.000000000000000	-1	2	7	2	0	0	0	4	0	2	0	0.003000000000000	6_6_6_4_3_3_4_2_2_2_3_3_5_7_4_5_3_5_5_4_3_4_4_1
260	-665911.885057102073915	-669524.366938250605017	0	1	-1.000000000000000	0	0	0	6.000000000000000	7709512887465824.000000000000000	13	-1	33	6	0	0	21	5	2	2	2	0.006000000000000	6_6_6_4_3_3_4_2_2_2_3_3_5_8_4_5_3_5_5_4_3_4_4_1
261	-657333.129177239141427	-669524.366938250605017	0	2	0.999999999998887	0	0	1	6.899999999999999	7701803374578358.000000000000000	-1	3	7	2	0	0	0	5	0	2	0	0.002000000000000	6_6_6_3_3_3_4_2_2_2_3_3_5_8_4_5_3_5_5_4_3_4_4_1
262	-661342.306628447724506	-669524.366938250605017	0	1	-1.000000000000000	0	0	0	6.000000000000000	7694101571203780.000000000000000	17	-1	34	7	0	0	21	6	2	2	3	0.005000000000000	6_6_6_3_3_3_4_2_2_2_3_3_5_8_4_5_3_6_5_4_3_4_4_1
263	-655781.071277881623246	-669524.366938250605017	0	2	0.999999999999277	0	0	1	6.899999999999999	7686407469632576.000000000000000	-1	1	7	2	0	0	0	5	0	2	0	0.002000000000000	6_5_6_3_3_3_4_2_2_2_3_3_5_8_4_5_3_6_5_4_3_4_4_1
264	-665188.862888843636028	-669524.366938250605017	0	1	-1.000000000000000	0	0	0	6.000000000000000	7678721062162943.000000000000000	0	-1	33	7	0	0	21	4	2	2	3	0.006000000000000	7_5_6_3_3_3_4_2_2_2_3_3_5_8_4_5_3_6_5_4_3_4_4_1
265	-655232.069414074067026	-669524.366938250605017	0	2	0.999999999998703	0	0	1	6.899999999999999	7671042341100780.000000000000000	-1	3	6	2	0	0	0	3	0	2	0	0.003000000000000	7_5_6_2_3_3_4_2_2_2_3_3_5_8_4_5_3_6_5_4_3_4_4_1
266	-661512.085561250569299	-669524.366938250605017	0	1	-1.000000000000000	0	0	0	6.000000000000000	7663371298759679.000000000000000	0	-1	32	7	0	0	22	3	2	2	3	0.005000000000000	8_5_6_2_3_3_4_2_2_2_3_3_5_8_4_5_3_6_5_4_3_4_4_1
267	-656158.589977670228109	-669524.366938250605017	0	2	0.999999999999301	0	0	1	6.899999999999999	7655707927460919.000000000000000	-1	13	5	2	0	0	0	3	0	2	0	0.002000000000000	8_5_6_2_3_3_4_2_2_2_3_3_5_7_4_5_3_6_5_4_3_4_4_1
268	-662031.080516422982328	-669524.366938250605017	0	1	-1.000000000000000	0	0	0	6.000000000000000	7648052219533458.000000000000000	12	-1	32	7	0	0	21	4	2	2	3	0.006000000000000	8_5_6_2_3_3_4_2_2_2_3_3_6_7_4_5_3_6_5_4_3_4_4_1
269	-656836.369627860258333	-669524.366938250605017	0	2	0.999999999999321	0	0	1	6.899999999999999	7640404167313925.000000000000000	-1	17	6	2	0	0	0	4	0	2	0	0.002000000000000	8_5_6_2_3_3_4_2_2_2_3_3_6_7_4_5_3_5_5_4_3_4_4_1
270	-663289.789061904069968	-669524.366938250605017	0	1	-1.000000000000000	0	0	0	6.000000000000000	7632763763146611.000000000000000	2	-1	33	7	0	0	21	4	2	2	3	0.006000000000000	8_5_7_2_3_3_4_2_2_2_3_3_6_7_4_5_3_5_5_4_3_4_4_1
271	-655787.698608099832200	-669524.366938250605017	0	2	0.999999999999017	0	0	1	6.899999999999999	7625130999383464.000000000000000	-1	13	6	2	0	0	0	3	0	2	0	0.003000000000000	8_5_7_2_3_3_4_2_2_2_3_3_6_6_4_5_3_5_5_4_3_4_4_1
272	-665951.483117462252267	-669524.366938250605017	0	1	-1.000000000000000	0	0	0	6.000000000000000	7617505868384081.000000000000000	3	-1	32	6	0	0	22	4	2	2	2	0.006000000000000	8_5_7_3_3_3_4_2_2_2_3_3_6_6_4_5_3_5_5_4_3_4_4_1
273	-659464.834019526490010	-669524.366938250605017	0	2	0.999999999999148	0	0	1	6.899999999999999	7609888362515697.000000000000000	-1	0	7	2	0	0	0	4	0	2	0	0.002000000000000	7_5_7_3_3_3_4_2_2_2_3_3_6_6_4_5_3_5_5_4_3_4_4_1
274	-665620.418242702842690	-669524.366938250605017	0	1	-1.000000000000000	0	0	0	6.000000000000000	7602278474153181.000000000000000	3	-1	34	7	0	0	21	5	2	2	3	0.006000000000000	7_5_7_4_3_3_4_2_2_2_3_3_6_6_4_5_3_5_5_4_3_4_4_1
275	-661938.779838392511010	-669524.366938250605017	0	2	0.999999999999516	0	0	1	6.899999999999999	7594676195679028.000000000000000	-1	12	7	2	0	0	0	5	0	2	0	0.003000000000000	7_5_7_4_3_3_4_2_2_2_3_3_5_6_4_5_3_5_5_4_3_4_4_1
276	-666922.610358241945505	-669524.366938250605017	0	1	-1.000000000000000	0	0	0	6.000000000000000	7587081519483349.000000000000000	1	-1	33	7	0	0	21	5	2	2	3	0.007000000000000	7_6_7_4_3_3_4_2_2_2_3_3_5_6_4_5_3_5_5_4_3_4_4_1
277	-661842.317544013145380	-669524.366938250605017	0	2	0.999999999999330	0	0	1	6.899999999999999	7579494437963866.000000000000000	-1	0	7	2	0	0	0	5	0	2	0	0.002000000000000	6_6_7_4_3_3_4_2_2_2_3_3_5_6_4_5_3_5_5_4_3_4_4_1
278	-669251.983631912036799	-669524.366938250605017	0	1	-1.000000000000000	0	0	0	6.000000000000000	7571914943525902.000000000000000	13	-1	34	7	0	0	22	5	2	2	3	0.007000000000000	6_6_7_4_3_3_4_2_2_2_3_3_5_7_4_5_3_5_5_4_3_4_4_1
279	-661204.968832054175436	-669524.366938250605017	0	2	0.999999999998937	0	0	1	6.899999999999999	7564343028582376.000000000000000	-1	2	7	2	0	0	0	4	0	2	0	0.003000000000000	6_6_6_4_3_3_4_2_2_2_3_3_5_7_4_5_3_5_5_4_3_4_4_1
280	-665911.885057102073915	-669524.366938250605017	0	1	-1.000000000000000	0	0	0	6.000000000000000	7556778685553794.000000000000000	13	-1	33	6	0	0	21	5	2	2	2	0.006000000000000	6_6_6_4_3_3_4_2_2_2_3_3_5_8_4_5_3_5_5_4_3_4_4_1
281	-657333.129177239141427	-669524.366938250605017	0	2	0.999999999998865	0	0	1	6.899999999999999	7549221906868240.000000000000000	-1	3	7	2	0	0	0	5	0	2	0	0.002000000000000	6_6_6_3_3_3_4_2_2_2_3_3_5_8_4_5_3_5_5_4_3_4_4_1
282	-661342.306628447724506	-669524.366938250605017	0	1	-1.000000000000000	0	0	0	6.000000000000000	7541672684961372.000000000000000	17	-1	34	7	0	0	21	6	2	2	3	0.007000000000000	6_6_6_3_3_3_4_2_2_2_3_3_5_8_4_5_3_6_5_4_3_4_4_1
283	-655781.071277881623246	-669524.366938250605017	0	2	0.999999999999263	0	0	1	6.899999999999999	7534131012276411.000000000000000	-1	1	7	2	0	0	0	5	0	2	0	0.003000000000000	6_5_6_3_3_3_4_2_2_2_3_3_5_8_4_5_3_6_5_4_3_4_4_1
284	-665188.862888843636028	-669524.366938250605017	0	1	-1.000000000000000	0	0	0	6.000000000000000	7526596881264135.000000000000000	0	-1	33	7	0	0	21	4	2	2	3	0.006000000000000	7_5_6_3_3_3_4_2_2_2_3_3_5_8_4_5_3_6_5_4_3_4_4_1
285	-655232.069414074067026	-669524.366938250605017	0	2	0.999999999998677	0	0	1	6.899999999999999	7519070284382871.000000000000000	-1	3	6	2	0	0	0	3	0	2	0	0.003000000000000	7_5_6_2_3_3_4_2_2_2_3_3_5_8_4_5_3_6_5_4_3_4_4_1
286	-661512.085561250569299	-669524.366938250605017	0	1	-1.000000000000000	0	0	0	6.000000000000000	7511551214098488.000000000000000	0	-1	32	7	0	0	22	3	2	2	3	0.006000000000000	8_5_6_2_3_3_4_2_2_2_3_3_5_8_4_5_3_6_5_4_3_4_4_1
287	-656158.589977670228109	-669524.366938250605017	0	2	0.999999999999287	0	0	1	6.899999999999999	7504039662884390.000000000000000	-1	13	5	2	0	0	0	3	0	2	0	0.002000000000000	8_5_6_2_3_3_4_2_2_2_3_3_5_7_4_5_3_6_5_4_3_4_4_1
288	-662031.080516422982328	-669524.366938250605017	0	1	-1.000000000000000	0	0	0	6.000000000000000	7496535623221506.000000000000000	12	-1	32	7	0	0	21	4	2	2	3	0.006000000000000	8_5_6_2_3_3_4_2_2_2_3_3_6_7_4_5_3_6_5_4_3_4_4_1
289	-656836.369627860258333	-669524.366938250605017	0	2	0.999999999999307	0	0	1	6.899999999999999	7489039087598284.000000000000000	-1	17	6	2	0	0	0	4	0	2	0	0.003000000000000	8_5_6_2_3_3_4_2_2_2_3_3_6_7_4_5_3_5_5_4_3_4_4_1
290	-663289.789061904069968	-669524.366938250605017	0	1	-1.000000000000000	0	0	0	6.000000000000000	7481550048510686.000000000000000	2	-1	33	7	0	0	21	4	2	2	3	0.006000000000000	8_5_7_2_3_3_4_2_2_2_3_3_6_7_4_5_3_5_5_4_3_4_4_1
291	-655787.698608099832200	-669524.366938250605017	0	2	0.999999999998997	0	0	1	6.899999999999999	7474068498462175.000000000000000	-1	13	6	2	0	0	0	3	0	2	0	0.002000000000000	8_5_7_2_3_3_4_2_2_2_3_3_6_6_4_5_3_5_5_4_3_4_4_1
292	-665951.483117462252267	-669524.366938250605017	0	1	-1.000000000000000	0	0	0	6.000000000000000	7466594429963713.000000000000000	3	-1	32	6	0	0	22	4	2	2	2	0.006000000000000	8_5_7_3_3_3_4_2_2_2_3_3_6_6_4_5_3_5_5_4_3_4_4_1
293	-659464.834019526490010	-669524.366938250605017	0	2	0.999999999999131	0	0	1	6.899999999999999	7459127835533749.000000000000000	-1	0	7	2	0	0	0	4	0	2	0	0.003000000000000	7_5_7_3_3_3_4_2_2_2_3_3_6_6_4_5_3_5_5_4_3_4_4_1
294	-665620.418242702842690	-669524.366938250605017	0	1	-1.000000000000000	0	0	0	6.000000000000000	7451668707698215.000000000000000	3	-1	34	7	0	0	21	5	2	2	3	0.006000000000000	7_5_7_4_3_3_4_2_2_2_3_3_6_6_4_5_3_5_5_4_3_4_4_1
295	-661938.779838392511010	-669524.366938250605017	0	2	0.999999999999506	0	0	1	6.899999999999999	7444217038990517.000000000000000	-1	12	7	2	0	0	0	5	0	2	0	0.002000000000000	7_5_7_4_3_3_4_2_2_2_3_3_5_6_4_5_3_5_5_4_3_4_4_1
296	-666922.610358241945505	-669524.366938250605017	0	1	-1.000000000000000	0	0	0	6.000000000000000	7436772821951526.000000000000000	1	-1	33	7	0	0	21	5	2	2	3	0.006000000000000	7_6_7_4_3_3_4_2_2_2_3_3_5_6_4_5_3_5_5_4_3_4_4_1
297	-661842.317544013145380	-669524.366938250605017	0	2	0.999999999999317	0	0	1	6.899999999999999	7429336049129574.000000000000000	-1	0	7	2	0	0	0	5	0	2	0	0.003000000000000	6_6_7_4_3_3_4_2_2_2_3_3_5_6_4_5_3_5_5_4_3_4_4_1
298	-669251.983631912036799	-669524.366938250605017	0	1	-1.000000000000000	0	0	0	6.000000000000000	7421906713080444.000000000000000	13	-1	34	7	0	0	22	5	2	2	3	0.006000000000000	6_6_7_4_3_3_4_2_2_2_3_3_5_7_4_5_3_5_5_4_3_4_4_1
299	-661204.968832054175436	-669524.366938250605017	0	2	0.999999999998916	0	0	1	6.899999999999999	7414484806367364.000000000000000	-1	2	7	2	0	0	0	4	0	2	0	0.003000000000000	6_6_6_4_3_3_4_2_2_2_3_3_5_7_4_5_3_5_5_4_3_4_4_1
300	-665911.885057102073915	-669524.366938250605017	0	1	-1.000000000000000	0	0	0	6.000000000000000	7407070321560997.000000000000000	13	-1	33	6	0	0	21	5	2	2	2	0.006000000000000	6_6_6_4_3_3_4_2_2_2_3_3_5_8_4_5_3_5_5_4_3_4_4_1
301	-657333.129177239141427	-669524.366938250605017	0	2	0.999999999998842	0	0	1	6.899999999999999	7399663251239436.000000000000000	-1	3	7	2	0	0	0	5	0	2	0	0.003000000000000	6_6_6_3_3_3_4_2_2_2_3_3_5_8_4_5_3_5_5_4_3_4_4_1
302	-661342.306628447724506	-669524.366938250605017	0	1	-1.000000000000000	0	0	0	6.000000000000000	7392263587988197.000000000000000	17	-1	34	7	0	0	21	6	2	2	3	0.006000000000000	6_6_6_3_3_3_4_2_2_2_3_3_5_8_4_5_3_6_5_4_3_4_4_1
303	-655781.071277881623246	-669524.366938250605017	0	2	0.999999999999248	0	0	1	6.899999999999999	7384871324400209.000000000000000	-1	1	7	2	0	0	0	5	0	2	0	0.002000000000000	6_5_6_3_3_3_4_2_2_2_3_3_5_8_4_5_3_6_5_4_3_4_4_1
304	-665188.862888843636028	-669524.366938250605017	0	1	-1.000000000000000	0	0	0	6.000000000000000	7377486453075809.000000000000000	0	-1	33	7	0	0	21	4	2	2	3	0.007000000000000	7_5_6_3_3_3_4_2_2_2_3_3_5_8_4_5_3_6_5_4_3_4_4_1
305	-655232.069414074067026	-669524.366938250605017	0	2	0.999999999998650	0	0	1	6.899999999999999	7370108966622733.000000000000000	-1	3	6	2	0	0	0	3	0	2	0	0.002000000000000	7_5_6_2_3_3_4_2_2_2_3_3_5_8_4_5_3_6_5_4_3_4_4_1
306	-661512.085561250569299	-669524.366938250605017	0	1	-1.000000000000000	0	0	0	6.000000000000000	7362738857656110.000000000000000	0	-1	32	7	0	0	22	3	2	2	3	0.006000000000000	8_5_6_2_3_3_4_2_2_2_3_3_5_8_4_5_3_6_5_4_3_4_4_1
307	-656158.589977670228109	-669524.366938250605017	0	2	0.999999999999273	0	0	1	6.899999999999999	7355376118798454.000000000000000	-1	13	5	2	0	0	0	3	0	2	0	0.003000000000000	8_5_6_2_3_3_4_2_2_2_3_3_5_7_4_5_3_6_5_4_3_4_4_1
308	-662031.080516422982328	-669524.366938250605017	0	1	-1.000000000000000	0	0	0	6.000000000000000	7348020742679656.000000000000000	12	-1	32	7	0	0	21	4	2	2	3	0.006000000000000	8_5_6_2_3_3_4_2_2_2_3_3_6_7_4_5_3_6_5_4_3_4_4_1
309	-656836.369627860258333	-669524.366938250605017	0	2	0.999999999999293	0	0	1	6.899999999999999	7340672721936976.000000000000000	-1	17	6	2	0	0	0	4	0	2	0	0.003000000000000	8_5_6_2_3_3_4_2_2_2_3_3_6_7_4_5_3_5_5_4_3_4_4_1
310	-663289.789061904069968	-669524.366938250605017	0	1	-1.000000000000000	0	0	0	6.000000000000000	7333332049215039.000000000000000	2	-1	33	7	0	0	21	4	2	2	3	0.006000000000000	8_5_7_2_3_3_4_2_2_2_3_3_6_7_4_5_3_5_5_4_3_4_4_1
311	-655787.698608099832200	-669524.366938250605017	0	2	0.999999999998977	0	0	1	6.899999999999999	7325998717165824.000000000000000	-1	13	6	2	0	0	0	3	0	2	0	0.003000000000000	8_5_7_2_3_3_4_2_2_2_3_3_6_6_4_5_3_5_5_4_3_4_4_1
312	-665951.483117462252267	-669524.366938250605017	0	1	-1.000000000000000	0	0	0	6.000000000000000	7318672718448658.000000000000000	3	-1	32	6	0	0	22	4	2	2	2	0.006000000000000	8_5_7_3_3_3_4_2_2_2_3_3_6_6_4_5_3_5_5_4_3_4_4_1
313	-659464.834019526490010	-669524.366938250605017	0	2	0.999999999999114	0	0	1	6.899999999999999	7311354045730209.000000000000000	-1	0	7	2	0	0	0	4	0	2	0	0.003000000000000	7_5_7_3_3_3_4_2_2_2_3_3_6_6_4_5_3_5_5_4_3_4_4_1
314	-665620.418242702842690	-669524.366938250605017	0	1	-1.000000000000000	0	0	0	6.000000000000000	7304042691684479.000000000000000	3	-1	34	7	0	0	21	5	2	2	3	0.006000000000000	7_5_7_4_3_3_4_2_2_2_3_3_6_6_4_5_3_5_5_4_3_4_4_1
315	-661938.779838392511010	-669524.366938250605017	0	2	0.999999999999496	0	0	1	6.899999999999999	7296738648992795.000000000000000	-1	12	7	2	0	0	0	5	0	2	0	0.003000000000000	7_5_7_4_3_3_4_2_2_2_3_3_5_6_4_5_3_5_5_4_3_4_4_1
316	-666922.610358241945505	-669524.366938250605017	0	1	-1.000000000000000	0	0	0	6.000000000000000	7289441910343802.000000000000000	1	-1	33	7	0	0	21	5	2	2	3	0.007000000000000	7_6_7_4_3_3_4_2_2_2_3_3_5_6_4_5_3_5_5_4_3_4_4_1
317	-661842.317544013145380	-669524.366938250605017	0	2	0.999999999999303	0	0	1	6.899999999999999	7282152468433458.000000000000000	-1	0	7	2	0	0	0	5	0	2	0	0.003000000000000	6_6_7_4_3_3_4_2_2_2_3_3_5_6_4_5_3_5_5_4_3_4_4_1
318	-669251.983631912036799	-669524.366938250605017	0	1	-1.000000000000000	0	0	0	6.000000000000000	7274870315965025.000000000000000	13	-1	34	7	0	0	22	5	2	2	3	0.006000000000000	6_6_7_4_3_3_4_2_2_2_3_3_5_7_4_5_3_5_5_4_3_4_4_1
319	-661204.968832054175436	-669524.366938250605017	0	2	0.999999999998894	0	0	1	6.899999999999999	7267595445649060.000000000000000	-1	2	7	2	0	0	0	4	0	2	0	0.003000000000000	6_6_6_4_3_3_4_2_2_2_3_3_5_7_4_5_3_5_5_4_3_4_4_1
320	-665911.885057102073915	-669524.366938250605017	0	1	-1.000000000000000	0	0	0	6.000000000000000	7260327850203411.000000000000000	13	-1	33	6	0	0	21	5	2	2	2	0.006000000000000	6_6_6_4_3_3_4_2_2_2_3_3_5_8_4_5_3_5_5_4_3_4_4_1
321	-657333.129177239141427	-669524.366938250605017	0	2	0.999999999998818	0	0	1	6.899999999999999	7253067522353208.000000000000000	-1	3	7	2	0	0	0	5	0	2	0	0.003000000000000	6_6_6_3_3_3_4_2_2_2_3_3_5_8_4_5_3_5_5_4_3_4_4_1
322	-661342.306628447724506	-669524.366938250605017	0	1	-1.000000000000000	0	0	0	6.000000000000000	7245814454830855.000000000000000	17	-1	34	7	0	0	21	6	2	2	3	0.007000000000000	6_6_6_3_3_3_4_2_2_2_3_3_5_8_4_5_3_6_5_4_3_4_4_1
323	-655781.071277881623246	-669524.366938250605017	0	2	0.999999999999233	0	0	1	6.899999999999999	7238568640376024.000000000000000	-1	1	7	2	0	0	0	5	0	2	0	0.002000000000000	6_5_6_3_3_3_4_2_2_2_3_3_5_8_4_5_3_6_5_4_3_4_4_1
324	-665188.862888843636028	-669524.366938250605017	0	1	-1.000000000000000	0	0	0	6.000000000000000	7231330071735648.000000000000000	0	-1	33	7	0	0	21	4	2	2	3	0.006000000000000	7_5_6_3_3_3_4_2_2_2_3_3_5_8_4_5_3_6_5_4_3_4_4_1
325	-655232.069414074067026	-669524.366938250605017	0	2	0.999999999998623	0	0	1	6.899999999999999	7224098741663912.000000000000000	-1	3	6	2	0	0	0	3	0	2	0	0.003000000000000	7_5_6_2_3_3_4_2_2_2_3_3_5_8_4_5_3_6_5_4_3_4_4_1
326	-661512.085561250569299	-669524.366938250605017	0	1	-1.000000000000000	0	0	0	6.000000000000000	7216874642922248.000000000000000	0	-1	32	7	0	0	22	3	2	2	3	0.006000000000000	8_5_6_2_3_3_4_2_2_2_3_3_5_8_4_5_3_6_5_4_3_4_4_1
327	-656158.589977670228109	-669524.366938250605017	0	2	0.999999999999258	0	0	1	6.899999999999999	7209657768279326.000000000000000	-1	13	5	2	0	0	0	3	0	2	0	0.003000000000000	8_5_6_2_3_3_4_2_2_2_3_3_5_7_4_5_3_6_5_4_3_4_4_1
328	-662031.080516422982328	-669524.366938250605017	0	1	-1.000000000000000	0	0	0	6.000000000000000	7202448110511047.000000000000000	12	-1	32	7	0	0	21	4	2	2	3	0.006000000000000	8_5_6_2_3_3_4_2_2_2_3_3_6_7_4_5_3_6_5_4_3_4_4_1
329	-656836.369627860258333	-669524.366938250605017	0	2	0.999999999999279	0	0	1	6.899999999999999	7195245662400536.000000000000000	-1	17	6	2	0	0	0	4	0	2	0	0.003000000000000	8_5_6_2_3_3_4_2_2_2_3_3_6_7_4_5_3_5_5_4_3_4_4_1
330	-663289.789061904069968	-669524.366938250605017	0	1	-1.000000000000000	0	0	0	6.000000000000000	7188050416738135.000000000000000	2	-1	33	7	0	0	21	4	2	2	3	0.007000000000000	8_5_7_2_3_3_4_2_2_2_3_3_6_7_4_5_3_5_5_4_3_4_4_1
331	-655787.698608099832200	-669524.366938250605017	0	2	0.999999999998956	0	0	1	6.899999999999999	7180862366321397.000000000000000	-1	13	6	2	0	0	0	3	0	2	0	0.002000000000000	8_5_7_2_3_3_4_2_2_2_3_3_6_6_4_5_3_5_5_4_3_4_4_1
332	-665951.483117462252267	-669524.366938250605017	0	1	-1.000000000000000	0	0	0	6.000000000000000	7173681503955076.000000000000000	3	-1	32	6	0	0	22	4	2	2	2	0.007000000000000	8_5_7_3_3_3_4_2_2_2_3_3_6_6_4_5_3_5_5_4_3_4_4_1
333	-659464.834019526490010	-669524.366938250605017	0	2	0.999999999999096	0	0	1	6.899999999999999	7166507822451121.000000000000000	-1	0	7	2	0	0	0	4	0	2	0	0.003000000000000	7_5_7_3_3_3_4_2_2_2_3_3_6_6_4_5_3_5_5_4_3_4_4_1
334	-665620.418242702842690	-669524.366938250605017	0	1	-1.000000000000000	0	0	0	6.000000000000000	7159341314628670.000000000000000	3	-1	34	7	0	0	21	5	2	2	3	0.007000000000000	7_5_7_4_3_3_4_2_2_2_3_3_6_6_4_5_3_5_5_4_3_4_4_1
335	-661938.779838392511010	-669524.366938250605017	0	2	0.999999999999486	0	0	1	6.899999999999999	7152181973314041.000000000000000	-1	12	7	2	0	0	0	5	0	2	0	0.002000000000000	7_5_7_4_3_3_4_2_2_2_3_3_5_6_4_5_3_5_5_4_3_4_4_1
336	-666922.610358241945505	-669524.366938250605017	0	1	-1.000000000000000	0	0	0	6.000000000000000	7145029791340727.000000000000000	1	-1	33	7	0	0	21	5	2	2	3	0.006000000000000	7_6_7_4_3_3_4_2_2_2_3_3_5_6_4_5_3_5_5_4_3_4_4_1
337	-661842.317544013145380	-669524.366938250605017	0	2	0.999999999999289	0	0	1	6.899999999999999	7137884761549386.000000000000000	-1	0	7	2	0	0	0	5	0	2	0	0.002000000000000	6_6_7_4_3_3_4_2_2_2_3_3_5_6_4_5_3_5_5_4_3_4_4_1
338	-669251.983631912036799	-669524.366938250605017	0	1	-1.000000000000000	0	0	0	6.000000000000000	7130746876787837.000000000000000	13	-1	34	7	0	0	22	5	2	2	3	0.006000000000000	6_6_7_4_3_3_4_2_2_2_3_3_5_7_4_5_3_5_5_4_3_4_4_1
339	-661204.968832054175436	-669524.366938250605017	0	2	0.999999999998871	0	0	1	6.899999999999999	7123616129911049.000000000000000	-1	2	7	2	0	0	0	4	0	2	0	0.002000000000000	6_6_6_4_3_3_4_2_2_2_3_3_5_7_4_5_3_5_5_4_3_4_4_1
340	-665911.885057102073915	-669524.366938250605017	0	1	-1.000000000000000	0	0	0	6.000000000000000	7116492513781138.000000000000000	13	-1	33	6	0	0	21	5	2	2	2	0.007000000000000	6_6_6_4_3_3_4_2_2_2_3_3_5_8_4_5_3_5_5_4_3_4_4_1
341	-657333.129177239141427	-669524.366938250605017	0	2	0.999999999998795	0	0	1	6.899999999999999	7109376021267357.000000000000000	-1	3	7	2	0	0	0	5	0	2	0	0.003000000000000	6_6_6_3_3_3_4_2_2_2_3_3_5_8_4_5_3_5_5_4_3_4_4_1
342	-661342.306628447724506	-669524.366938250605017	0	1	-1.000000000000000	0	0	0	6.000000000000000	7102266645246090.000000000000000	17	-1	34	7	0	0	21	6	2	2	3	0.006000000000000	6_6_6_3_3_3_4_2_2_2_3_3_5_8_4_5_3_6_5_4_3_4_4_1
343	-655781.071277881623246	-669524.366938250605017	0	2	0.999999999999217	0	0	1	6.899999999999999	7095164378600844.000000000000000	-1	1	7	2	0	0	0	5	0	2	0	0.003000000000000	6_5_6_3_3_3_4_2_2_2_3_3_5_8_4_5_3_6_5_4_3_4_4_1
344	-665188.862888843636028	-669524.366938250605017	0	1	-1.000000000000000	0	0	0	6.000000000000000	7088069214222243.000000000000000	0	-1	33	7	0	0	21	4	2	2	3	0.006000000000000	7_5_6_3_3_3_4_2_2_2_3_3_5_8_4_5_3_6_5_4_3_4_4_1
345	-655232.069414074067026	-669524.366938250605017	0	2	0.999999999998595	0	0	1	6.899999999999999	7080981145008021.000000000000000	-1	3	6	2	0	0	0	3	0	2	0	0.003000000000000	7_5_6_2_3_3_4_2_2_2_3_3_5_8_4_5_3_6_5_4_3_4_4_1
346	-661512.085561250569299	-669524.366938250605017	0	1	-1.000000000000000	0	0	0	6.000000000000000	7073900163863013.000000000000000	0	-1	32	7	0	0	22	3	2	2	3	0.007000000000000	8_5_6_2_3_3_4_2_2_2_3_3_5_8_4_5_3_6_5_4_3_4_4_1
347	-656158.589977670228109	-669524.366938250605017	0	2	0.999999999999243	0	0	1	6.899999999999999	7066826263699150.000000000000000	-1	13	5	2	0	0	0	3	0	2	0	0.003000000000000	8_5_6_2_3_3_4_2_2_2_3_3_5_7_4_5_3_6_5_4_3_4_4_1
348	-662031.080516422982328	-669524.366938250605017	0	1	-1.000000000000000	0	0	0	6.000000000000000	7059759437435451.000000000000000	12	-1	32	7	0	0	21	4	2	2	3	0.007000000000000	8_5_6_2_3_3_4_2_2_2_3_3_6_7_4_5_3_6_5_4_3_4_4_1
349	-656836.369627860258333	-669524.366938250605017	0	2	0.999999999999264	0	0	1	6.899999999999999	7052699677998016.000000000000000	-1	17	6	2	0	0	0	4	0	2	0	0.002000000000000	8_5_6_2_3_3_4_2_2_2_3_3_6_7_4_5_3_5_5_4_3_4_4_1
350	-663289.789061904069968	-669524.366938250605017	0	1	-1.000000000000000	0	0	0	6.000000000000000	7045646978320018.000000000000000	2	-1	33	7	0	0	21	4	2	2	3	0.006000000000000	8_5_7_2_3_3_4_2_2_2_3_3_6_7_4_5_3_5_5_4_3_4_4_1
351	-655787.698608099832200	-669524.366938250605017	0	2	0.999999999998935	0	0	1	6.899999999999999	7038601331341698.000000000000000	-1	13	6	2	0	0	0	3	0	2	0	0.003000000000000	8_5_7_2_3_3_4_2_2_2_3_3_6_6_4_5_3_5_5_4_3_4_4_1
352	-665951.483117462252267	-669524.366938250605017	0	1	-1.000000000000000	0	0	0	6.000000000000000	7031562730010356.000000000000000	3	-1	32	6	0	0	22	4	2	2	2	0.006000000000000	8_5_7_3_3_3_4_2_2_2_3_3_6_6_4_5_3_5_5_4_3_4_4_1
353	-659464.834019526490010	-669524.366938250605017	0	2	0.999999999999078	0	0	1	6.899999999999999	7024531167280346.000000000000000	-1	0	7	2	0	0	0	4	0	2	0	0.003000000000000	7_5_7_3_3_3_4_2_2_2_3_3_6_6_4_5_3_5_5_4_3_4_4_1
354	-665620.418242702842690	-669524.366938250605017	0	1	-1.000000000000000	0	0	0	6.000000000000000	7017506636113066.000000000000000	3	-1	34	7	0	0	21	5	2	2	3	0.006000000000000	7_5_7_4_3_3_4_2_2_2_3_3_6_6_4_5_3_5_5_4_3_4_4_1
355	-661938.779838392511010	-669524.366938250605017	0	2	0.999999999999475	0	0	1	6.899999999999999	7010489129476953.000000000000000	-1	12	7	2	0	0	0	5	0	2	0	0.003000000000000	7_5_7_4_3_3_4_2_2_2_3_3_5_6_4_5_3_5_5_4_3_4_4_1
356	-666922.610358241945505	-669524.366938250605017	0	1	-1.000000000000000	0	0	0	6.000000000000000	7003478640347476.000000000000000	1	-1	33	7	0	0	21	5	2	2	3	0.006000000000000	7_6_7_4_3_3_4_2_2_2_3_3_5_6_4_5_3_5_5_4_3_4_4_1
357	-661842.317544013145380	-669524.366938250605017	0	2	0.999999999999275	0	0	1	6.899999999999999	6996475161707129.000000000000000	-1	0	7	2	0	0	0	5	0	2	0	0.003000000000000	6_6_7_4_3_3_4_2_2_2_3_3_5_6_4_5_3_5_5_4_3_4_4_1
358	-669251.983631912036799	-669524.366938250605017	0	1	-1.000000000000000	0	0	0	6.000000000000000	6989478686545422.000000000000000	13	-1	34	7	0	0	22	5	2	2	3	0.006000000000000	6_6_7_4_3_3_4_2_2_2_3_3_5_7_4_5_3_5_5_4_3_4_4_1
359	-661204.968832054175436	-669524.366938250605017	0	2	0.999999999998849	0	0	1	6.899999999999999	6982489207858877.000000000000000	-1	2	7	2	0	0	0	4	0	2	0	0.002000000000000	6_6_6_4_3_3_4_2_2_2_3_3_5_7_4_5_3_5_5_4_3_4_4_1
360	-665911.885057102073915	-669524.366938250605017	0	1	-1.000000000000000	0	0	0	6.000000000000000	6975506718651018.000000000000000	13	-1	33	6	0	0	21	5	2	2	2	0.006000000000000	6_6_6_4_3_3_4_2_2_2_3_3_5_8_4_5_3_5_5_4_3_4_4_1
361	-657333.129177239141427	-669524.366938250605017	0	2	0.999999999998770	0	0	1	6.899999999999999	6968531211932367.000000000000000	-1	3	7	2	0	0	0	5	0	2	0	0.002000000000000	6_6_6_3_3_3_4_2_2_2_3_3_5_8_4_5_3_5_5_4_3_4_4_1
362	-661342.306628447724506	-669524.366938250605017	0	1	-1.000000000000000	0	0	0	6.000000000000000	6961562680720435.000000000000000	17	-1	34	7	0	0	21	6	2	2	3	0.006000000000000	6_6_6_3_3_3_4_2_2_2_3_3_5_8_4_5_3_6_5_4_3_4_4_1
363	-655781.071277881623246	-669524.366938250605017	0	2	0.999999999999201	0	0	1	6.899999999999999	6954601118039715.000000000000000	-1	1	7	2	0	0	0	5	0	2	0	0.003000000000000	6_5_6_3_3_3_4_2_2_2_3_3_5_8_4_5_3_6_5_4_3_4_4_1
364	-665188.862888843636028	-669524.366938250605017	0	1	-1.000000000000000	0	0	0	6.000000000000000	6947646516921675.000000000000000	0	-1	33	7	0	0	21	4	2	2	3	0.006000000000000	7_5_6_3_3_3_4_2_2_2_3_3_5_8_4_5_3_6_5_4_3_4_4_1
365	-655232.069414074067026	-669524.366938250605017	0	2	0.999999999998567	0	0	1	6.899999999999999	6940698870404753.000000000000000	-1	3	6	2	0	0	0	3	0	2	0	0.003000000000000	7_5_6_2_3_3_4_2_2_2_3_3_5_8_4_5_3_6_5_4_3_4_4_1
366	-661512.085561250569299	-669524.366938250605017	0	1	-1.000000000000000	0	0	0	6.000000000000000	6933758171534348.000000000000000	0	-1	32	7	0	0	22	3	2	2	3	0.007000000000000	8_5_6_2_3_3_4_2_2_2_3_3_5_8_4_5_3_6_5_4_3_4_4_1
367	-656158.589977670228109	-669524.366938250605017	0	2	0.999999999999228	0	0	1	6.899999999999999	6926824413362814.000000000000000	-1	13	5	2	0	0	0	3	0	2	0	0.002000000000000	8_5_6_2_3_3_4_2_2_2_3_3_5_7_4_5_3_6_5_4_3_4_4_1
368	-662031.080516422982328	-669524.366938250605017	0	1	-1.000000000000000	0	0	0	6.000000000000000	6919897588949451.000000000000000	12	-1	32	7	0	0	21	4	2	2	3	0.006000000000000	8_5_6_2_3_3_4_2_2_2_3_3_6_7_4_5_3_6_5_4_3_4_4_1
369	-656836.369627860258333	-669524.366938250605017	0	2	0.999999999999249	0	0	1	6.899999999999999	6912977691360502.000000000000000	-1	17	6	2	0	0	0	4	0	2	0	0.003000000000000	8_5_6_2_3_3_4_2_2_2_3_3_6_7_4_5_3_5_5_4_3_4_4_1
370	-663289.789061904069968	-669524.366938250605017	0	1	-1.000000000000000	0	0	0	6.000000000000000	6906064713669141.000000000000000	2	-1	33	7	0	0	21	4	2	2	3	0.006000000000000	8_5_7_2_3_3_4_2_2_2_3_3_6_7_4_5_3_5_5_4_3_4_4_1
371	-655787.698608099832200	-669524.366938250605017	0	2	0.999999999998914	0	0	1	6.899999999999999	6899158648955472.000000000000000	-1	13	6	2	0	0	0	3	0	2	0	0.002000000000000	8_5_7_2_3_3_4_2_2_2_3_3_6_6_4_5_3_5_5_4_3_4_4_1
372	-665951.483117462252267	-669524.366938250605017	0	1	-1.000000000000000	0	0	0	6.000000000000000	6892259490306517.000000000000000	3	-1	32	6	0	0	22	4	2	2	2	0.006000000000000	8_5_7_3_3_3_4_2_2_2_3_3_6_6_4_5_3_5_5_4_3_4_4_1
373	-659464.834019526490010	-669524.366938250605017	0	2	0.999999999999059	0	0	1	6.899999999999999	6885367230816210.000000000000000	-1	0	7	2	0	0	0	4	0	2	0	0.002000000000000	7_5_7_3_3_3_4_2_2_2_3_3_6_6_4_5_3_5_5_4_3_4_4_1
374	-665620.418242702842690	-669524.366938250605017	0	1	-1.000000000000000	0	0	0	6.000000000000000	6878481863585394.000000000000000	3	-1	34	7	0	0	21	5	2	2	3	0.007000000000000	7_5_7_4_3_3_4_2_2_2_3_3_6_6_4_5_3_5_5_4_3_4_4_1
375	-661938.779838392511010	-669524.366938250605017	0	2	0.999999999999465	0	0	1	6.899999999999999	6871603381721809.000000000000000	-1	12	7	2	0	0	0	5	0	2	0	0.002000000000000	7_5_7_4_3_3_4_2_2_2_3_3_5_6_4_5_3_5_5_4_3_4_4_1
376	-666922.610358241945505	-669524.366938250605017	0	1	-1.000000000000000	0	0	0	6.000000000000000	6864731778340087.000000000000000	1	-1	33	7	0	0	21	5	2	2	3	0.006000000000000	7_6_7_4_3_3_4_2_2_2_3_3_5_6_4_5_3_5_5_4_3_4_4_1
377	-661842.317544013145380	-669524.366938250605017	0	2	0.999999999999260	0	0	1	6.899999999999999	6857867046561747.000000000000000	-1	0	7	2	0	0	0	5	0	2	0	0.003000000000000	6_6_7_4_3_3_4_2_2_2_3_3_5_6_4_5_3_5_5_4_3_4_4_1
378	-669251.983631912036799	-669524.366938250605017	0	1	-1.000000000000000	0	0	0	6.000000000000000	6851009179515185.000000000000000	13	-1	34	7	0	0	22	5	2	2	3	0.007000000000000	6_6_7_4_3_3_4_2_2_2_3_3_5_7_4_5_3_5_5_4_3_4_4_1
379	-661204.968832054175436	-669524.366938250605017	0	2	0.999999999998825	0	0	1	6.899999999999999	6844158170335670.000000000000000	-1	2	7	2	0	0	0	4	0	2	0	0.003000000000000	6_6_6_4_3_3_4_2_2_2_3_3_5_7_4_5_3_5_5_4_3_4_4_1
380	-665911.885057102073915	-669524.366938250605017	0	1	-1.000000000000000	0	0	0	6.000000000000000	6837314012165334.000000000000000	13	-1	33	6	0	0	21	5	2	2	2	0.006000000000000	6_6_6_4_3_3_4_2_2_2_3_3_5_8_4_5_3_5_5_4_3_4_4_1
381	-657333.129177239141427	-669524.366938250605017	0	2	0.999999999998745	0	0	1	6.899999999999999	6830476698153169.000000000000000	-1	3	7	2	0	0	0	5	0	2	0	0.002000000000000	6_6_6_3_3_3_4_2_2_2_3_3_5_8_4_5_3_5_5_4_3_4_4_1
382	-661342.306628447724506	-669524.366938250605017	0	1	-1.000000000000000	0	0	0	6.000000000000000	6823646221455016.000000000000000	17	-1	34	7	0	0	21	6	2	2	3	0.006000000000000	6_6_6_3_3_3_4_2_2_2_3_3_5_8_4_5_3_6_5_4_3_4_4_1
383	-655781.071277881623246	-669524.366938250605017	0	2	0.999999999999185	0	0	1	6.899999999999999	6816822575233561.000000000000000	-1	1	7	2	0	0	0	5	0	2	0	0.003000000000000	6_5_6_3_3_3_4_2_2_2_3_3_5_8_4_5_3_6_5_4_3_4_4_1
384	-665188.862888843636028	-669524.366938250605017	0	1	-1.000000000000000	0	0	0	6.000000000000000	6810005752658327.000000000000000	0	-1	33	7	0	0	21	4	2	2	3	0.007000000000000	7_5_6_3_3_3_4_2_2_2_3_3_5_8_4_5_3_6_5_4_3_4_4_1
385	-655232.069414074067026	-669524.366938250605017	0	2	0.999999999998538	0	0	1	6.899999999999999	6803195746905669.000000000000000	-1	3	6	2	0	0	0	3	0	2	0	0.002000000000000	7_5_6_2_3_3_4_2_2_2_3_3_5_8_4_5_3_6_5_4_3_4_4_1
386	-661512.085561250569299	-669524.366938250605017	0	1	-1.000000000000000	0	0	0	6.000000000000000	6796392551158763.000000000000000	0	-1	32	7	0	0	22	3	2	2	3	0.006000000000000	8_5_6_2_3_3_4_2_2_2_3_3_5_8_4_5_3_6_5_4_3_4_4_1
387	-656158.589977670228109	-669524.366938250605017	0	2	0.999999999999212	0	0	1	6.899999999999999	6789596158607604.000000000000000	-1	13	5	2	0	0	0	3	0	2	0	0.002000000000000	8_5_6_2_3_3_4_2_2_2_3_3_5_7_4_5_3_6_5_4_3_4_4_1
388	-662031.080516422982328	-669524.366938250605017	0	1	-1.000000000000000	0	0	0	6.000000000000000	6782806562448996.000000000000000	12	-1	32	7	0	0	21	4	2	2	3	0.006000000000000	8_5_6_2_3_3_4_2_2_2_3_3_6_7_4_5_3_6_5_4_3_4_4_1
389	-656836.369627860258333	-669524.366938250605017	0	2	0.999999999999234	0	0	1	6.899999999999999	6776023755886547.000000000000000	-1	17	6	2	0	0	0	4	0	2	0	0.003000000000000	8_5_6_2_3_3_4_2_2_2_3_3_6_7_4_5_3_5_5_4_3_4_4_1
390	-663289.789061904069968	-669524.366938250605017	0	1	-1.000000000000000	0	0	0	6.000000000000000	6769247732130660.000000000000000	2	-1	33	7	0	0	21	4	2	2	3	0.006000000000000	8_5_7_2_3_3_4_2_2_2_3_3_6_7_4_5_3_5_5_4_3_4_4_1
391	-655787.698608099832200	-669524.366938250605017	0	2	0.999999999998892	0	0	1	6.899999999999999	6762478484398529.000000000000000	-1	13	6	2	0	0	0	3	0	2	0	0.002000000000000	8_5_7_2_3_3_4_2_2_2_3_3_6_6_4_5_3_5_5_4_3_4_4_1
392	-665951.483117462252267	-669524.366938250605017	0	1	-1.000000000000000	0	0	0	6.000000000000000	6755716005914130.000000000000000	3	-1	32	6	0	0	22	4	2	2	2	0.007000000000000	8_5_7_3_3_3_4_2_2_2_3_3_6_6_4_5_3_5_5_4_3_4_4_1
393	-659464.834019526490010	-669524.366938250605017	0	2	0.999999999999040	0	0	1	6.899999999999999	6748960289908216.000000000000000	-1	0	7	2	0	0	0	4	0	2	0	0.003000000000000	7_5_7_3_3_3_4_2_2_2_3_3_6_6_4_5_3_5_5_4_3_4_4_1
394	-665620.418242702842690	-669524.366938250605017	0	1	-1.000000000000000	0	0	0	6.000000000000000	6742211329618308.000000000000000	3	-1	34	7	0	0	21	5	2	2	3	0.006000000000000	7_5_7_4_3_3_4_2_2_2_3_3_6_6_4_5_3_5_5_4_3_4_4_1
395	-661938.779838392511010	-669524.366938250605017	0	2	0.999999999999454	0	0	1	6.899999999999999	6735469118288690.000000000000000	-1	12	7	2	0	0	0	5	0	2	0	0.002000000000000	7_5_7_4_3_3_4_2_2_2_3_3_5_6_4_5_3_5_5_4_3_4_4_1
396	-666922.610358241945505	-669524.366938250605017	0	1	-1.000000000000000	0	0	0	6.000000000000000	6728733649170401.000000000000000	1	-1	33	7	0	0	21	5	2	2	3	0.006000000000000	7_6_7_4_3_3_4_2_2_2_3_3_5_6_4_5_3_5_5_4_3_4_4_1
397	-661842.317544013145380	-669524.366938250605017	0	2	0.999999999999245	0	0	1	6.899999999999999	6722004915521231.000000000000000	-1	0	7	2	0	0	0	5	0	2	0	0.003000000000000	6_6_7_4_3_3_4_2_2_2_3_3_5_6_4_5_3_5_5_4_3_4_4_1
398	-669251.983631912036799	-669524.366938250605017	0	1	-1.000000000000000	0	0	0	6.000000000000000	6715282910605710.000000000000000	13	-1	34	7	0	0	22	5	2	2	3	0.007000000000000	6_6_7_4_3_3_4_2_2_2_3_3_5_7_4_5_3_5_5_4_3_4_4_1
399	-661204.968832054175436	-669524.366938250605017	0	2	0.999999999998802	0	0	1	6.899999999999999	6708567627695104.000000000000000	-1	2	7	2	0	0	0	4	0	2	0	0.002000000000000	6_6_6_4_3_3_4_2_2_2_3_3_5_7_4_5_3_5_5_4_3_4_4_1
400	-665911.885057102073915	-669524.366938250605017	0	1	-1.000000000000000	0	0	0	6.000000000000000	6701859060067409.000000000000000	13	-1	33	6	0	0	21	5	2	2	2	0.007000000000000	6_6_6_4_3_3_4_2_2_2_3_3_5_8_4_5_3_5_5_4_3_4_4_1
401	-657333.129177239141427	-669524.366938250605017	0	2	0.999999999998720	0	0	1	6.899999999999999	6695157201007342.000000000000000	-1	3	7	2	0	0	0	5	0	2	0	0.002000000000000	6_6_6_3_3_3_4_2_2_2_3_3_5_8_4_5_3_5_5_4_3_4_4_1
402	-661342.306628447724506	-669524.366938250605017	0	1	-1.000000000000000	0	0	0	6.000000000000000	6688462043806335.000000000000000	17	-1	34	7	0	0	21	6	2	2	3	0.006000000000000	6_6_6_3_3_3_4_2_2_2_3_3_5_8_4_5_3_6_5_4_3_4_4_1
403	-655781.071277881623246	-669524.366938250605017	0	2	0.999999999999169	0	0	1	6.899999999999999	6681773581762529.000000000000000	-1	1	7	2	0	0	0	5	0	2	0	0.003000000000000	6_5_6_3_3_3_4_2_2_2_3_3_5_8_4_5_3_6_5_4_3_4_4_1
404	-665188.862888843636028	-669524.366938250605017	0	1	-1.000000000000000	0	0	0	6.000000000000000	6675091808180766.000000000000000	0	-1	33	7	0	0	21	4	2	2	3	0.007000000000000	7_5_6_3_3_3_4_2_2_2_3_3_5_8_4_5_3_6_5_4_3_4_4_1
405	-655232.069414074067026	-669524.366938250605017	0	2	0.999999999998508	0	0	1	6.899999999999999	6668416716372585.000000000000000	-1	3	6	2	0	0	0	3	0	2	0	0.003000000000000	7_5_6_2_3_3_4_2_2_2_3_3_5_8_4_5_3_6_5_4_3_4_4_1
406	-661512.085561250569299	-669524.366938250605017	0	1	-1.000000000000000	0	0	0	6.000000000000000	6661748299656212.000000000000000	0	-1	32	7	0	0	22	3	2	2	3	0.006000000000000	8_5_6_2_3_3_4_2_2_2_3_3_5_8_4_5_3_6_5_4_3_4_4_1
407	-656158.589977670228109	-669524.366938250605017	0	2	0.999999999999196	0	0	1	6.899999999999999	6655086551356556.000000000000000	-1	13	5	2	0	0	0	3	0	2	0	0.003000000000000	8_5_6_2_3_3_4_2_2_2_3_3_5_7_4_5_3_6_5_4_3_4_4_1
408	-662031.080516422982328	-669524.366938250605017	0	1	-1.000000000000000	0	0	0	6.000000000000000	6648431464805199.000000000000000	12	-1	32	7	0	0	21	4	2	2	3	0.006000000000000	8_5_6_2_3_3_4_2_2_2_3_3_6_7_4_5_3_6_5_4_3_4_4_1
409	-656836.369627860258333	-669524.366938250605017	0	2	0.999999999999219	0	0	1	6.899999999999999	6641783033340394.000000000000000	-1	17	6	2	0	0	0	4	0	2	0	0.002000000000000	8_5_6_2_3_3_4_2_2_2_3_3_6_7_4_5_3_5_5_4_3_4_4_1
410	-663289.789061904069968	-669524.366938250605017	0	1	-1.000000000000000	0	0	0	6.000000000000000	6635141250307054.000000000000000	2	-1	33	7	0	0	21	4	2	2	3	0.005000000000000	8_5_7_2_3_3_4_2_2_2_3_3_6_7_4_5_3_5_5_4_3_4_4_1
411	-655787.698608099832200	-669524.366938250605017	0	2	0.999999999998869	0	0	1	6.899999999999999	6628506109056747.000000000000000	-1	13	6	2	0	0	0	3	0	2	0	0.002000000000000	8_5_7_2_3_3_4_2_2_2_3_3_6_6_4_5_3_5_5_4_3_4_4_1
412	-665951.483117462252267	-669524.366938250605017	0	1	-1.000000000000000	0	0	0	6.000000000000000	6621877602947690.000000000000000	3	-1	32	6	0	0	22	4	2	2	2	0.006000000000000	8_5_7_3_3_3_4_2_2_2_3_3_6_6_4_5_3_5_5_4_3_4_4_1
413	-659464.834019526490010	-669524.366938250605017	0	2	0.999999999999020	0	0	1	6.899999999999999	6615255725344742.000000000000000	-1	0	7	2	0	0	0	4	0	2	0	0.003000000000000	7_5_7_3_3_3_4_2_2_2_3_3_6_6_4_5_3_5_5_4_3_4_4_1
414	-665620.418242702842690	-669524.366938250605017	0	1	-1.000000000000000	0	0	0	6.000000000000000	6608640469619397.000000000000000	3	-1	34	7	0	0	21	5	2	2	3	0.007000000000000	7_5_7_4_3_3_4_2_2_2_3_3_6_6_4_5_3_5_5_4_3_4_4_1
415	-661938.779838392511010	-669524.366938250605017	0	2	0.999999999999443	0	0	1	6.899999999999999	6602031829149778.000000000000000	-1	12	7	2	0	0	0	5	0	2	0	0.002000000000000	7_5_7_4_3_3_4_2_2_2_3_3_5_6_4_5_3_5_5_4_3_4_4_1
416	-666922.610358241945505	-669524.366938250605017	0	1	-1.000000000000000	0	0	0	6.000000000000000	6595429797320628.000000000000000	1	-1	33	7	0	0	21	5	2	2	3	0.006000000000000	7_6_7_4_3_3_4_2_2_2_3_3_5_6_4_5_3_5_5_4_3_4_4_1
417	-661842.317544013145380	-669524.366938250605017	0	2	0.999999999999230	0	0	1	6.899999999999999	6588834367523307.000000000000000	-1	0	7	2	0	0	0	5	0	2	0	0.002000000000000	6_6_7_4_3_3_4_2_2_2_3_3_5_6_4_5_3_5_5_4_3_4_4_1
418	-669251.983631912036799	-669524.366938250605017	0	1	-1.000000000000000	0	0	0	6.000000000000000	6582245533155784.000000000000000	13	-1	34	7	0	0	22	5	2	2	3	0.007000000000000	6_6_7_4_3_3_4_2_2_2_3_3_5_7_4_5_3_5_5_4_3_4_4_1
419	-661204.968832054175436	-669524.366938250605017	0	2	0.999999999998777	0	0	1	6.899999999999999	6575663287622628.000000000000000	-1	2	7	2	0	0	0	4	0	2	0	0.003000000000000	6_6_6_4_3_3_4_2_2_2_3_3_5_7_4_5_3_5_5_4_3_4_4_1
420	-665911.885057102073915	-669524.366938250605017	0	1	-1.000000000000000	0	0	0	6.000000000000000	6569087624335005.000000000000000	13	-1	33	6	0	0	21	5	2	2	2	0.007000000000000	6_6_6_4_3_3_4_2_2_2_3_3_5_8_4_5_3_5_5_4_3_4_4_1
421	-657333.129177239141427	-669524.366938250605017	0	2	0.999999999998694	0	0	1	6.899999999999999	6562518536710670.000000000000000	-1	3	7	2	0	0	0	5	0	2	0	0.002000000000000	6_6_6_3_3_3_4_2_2_2_3_3_5_8_4_5_3_5_5_4_3_4_4_1
422	-661342.306628447724506	-669524.366938250605017	0	1	-1.000000000000000	0	0	0	6.000000000000000	6555956018173959.000000000000000	17	-1	34	7	0	0	21	6	2	2	3	0.006000000000000	6_6_6_3_3_3_4_2_2_2_3_3_5_8_4_5_3_6_5_4_3_4_4_1
423	-655781.071277881623246	-669524.366938250605017	0	2	0.999999999999152	0	0	1	6.899999999999999	6549400062155785.000000000000000	-1	1	7	2	0	0	0	5	0	2	0	0.003000000000000	6_5_6_3_3_3_4_2_2_2_3_3_5_8_4_5_3_6_5_4_3_4_4_1
424	-665188.862888843636028	-669524.366938250605017	0	1	-1.000000000000000	0	0	0	6.000000000000000	6542850662093629.000000000000000	0	-1	33	7	0	0	21	4	2	2	3	0.006000000000000	7_5_6_3_3_3_4_2_2_2_3_3_5_8_4_5_3_6_5_4_3_4_4_1
425	-655232.069414074067026	-669524.366938250605017	0	2	0.999999999998478	0	0	1	6.899999999999999	6536307811431535.000000000000000	-1	3	6	2	0	0	0	3	0	2	0	0.003000000000000	7_5_6_2_3_3_4_2_2_2_3_3_5_8_4_5_3_6_5_4_3_4_4_1
426	-661512.085561250569299	-669524.366938250605017	0	1	-1.000000000000000	0	0	0	6.000000000000000	6529771503620103.000000000000000	0	-1	32	7	0	0	22	3	2	2	3	0.006000000000000	8_5_6_2_3_3_4_2_2_2_3_3_5_8_4_5_3_6_5_4_3_4_4_1
427	-656158.589977670228109	-669524.366938250605017	0	2	0.999999999999180	0	0	1	6.899999999999999	6523241732116483.000000000000000	-1	13	5	2	0	0	0	3	0	2	0	0.002000000000000	8_5_6_2_3_3_4_2_2_2_3_3_5_7_4_5_3_6_5_4_3_4_4_1
428	-662031.080516422982328	-669524.366938250605017	0	1	-1.000000000000000	0	0	0	6.000000000000000	6516718490384367.000000000000000	12	-1	32	7	0	0	21	4	2	2	3	0.006000000000000	8_5_6_2_3_3_4_2_2_2_3_3_6_7_4_5_3_6_5_4_3_4_4_1
429	-656836.369627860258333	-669524.366938250605017	0	2	0.999999999999203	0	0	1	6.899999999999999	6510201771893983.000000000000000	-1	17	6	2	0	0	0	4	0	2	0	0.002000000000000	8_5_6_2_3_3_4_2_2_2_3_3_6_7_4_5_3_5_5_4_3_4_4_1
430	-663289.789061904069968	-669524.366938250605017	0	1	-1.000000000000000	0	0	0	6.000000000000000	6503691570122089.000000000000000	2	-1	33	7	0	0	21	4	2	2	3	0.007000000000000	8_5_7_2_3_3_4_2_2_2_3_3_6_7_4_5_3_5_5_4_3_4_4_1
431	-655787.698608099832200	-669524.366938250605017	0	2	0.999999999998846	0	0	1	6.899999999999999	6497187878551967.000000000000000	-1	13	6	2	0	0	0	3	0	2	0	0.002000000000000	8_5_7_2_3_3_4_2_2_2_3_3_6_6_4_5_3_5_5_4_3_4_4_1
432	-665951.483117462252267	-669524.366938250605017	0	1	-1.000000000000000	0	0	0	6.000000000000000	6490690690673415.000000000000000	3	-1	32	6	0	0	22	4	2	2	2	0.006000000000000	8_5_7_3_3_3_4_2_2_2_3_3_6_6_4_5_3_5_5_4_3_4_4_1
433	-659464.834019526490010	-669524.366938250605017	0	2	0.999999999999001	0	0	1	6.899999999999999	6484199999982742.000000000000000	-1	0	7	2	0	0	0	4	0	2	0	0.003000000000000	7_5_7_3_3_3_4_2_2_2_3_3_6_6_4_5_3_5_5_4_3_4_4_1
434	-665620.418242702842690	-669524.366938250605017	0	1	-1.000000000000000	0	0	0	6.000000000000000	6477715799982759.000000000000000	3	-1	34	7	0	0	21	5	2	2	3	0.007000000000000	7_5_7_4_3_3_4_2_2_2_3_3_6_6_4_5_3_5_5_4_3_4_4_1
435	-661938.779838392511010	-669524.366938250605017	0	2	0.999999999999432	0	0	1	6.899999999999999	6471238084182776.000000000000000	-1	12	7	2	0	0	0	5	0	2	0	0.003000000000000	7_5_7_4_3_3_4_2_2_2_3_3_5_6_4_5_3_5_5_4_3_4_4_1
436	-666922.610358241945505	-669524.366938250605017	0	1	-1.000000000000000	0	0	0	6.000000000000000	6464766846098593.000000000000000	1	-1	33	7	0	0	21	5	2	2	3	0.006000000000000	7_6_7_4_3_3_4_2_2_2_3_3_5_6_4_5_3_5_5_4_3_4_4_1
437	-661842.317544013145380	-669524.366938250605017	0	2	0.999999999999214	0	0	1	6.899999999999999	6458302079252494.000000000000000	-1	0	7	2	0	0	0	5	0	2	0	0.003000000000000	6_6_7_4_3_3_4_2_2_2_3_3_5_6_4_5_3_5_5_4_3_4_4_1
438	-669251.983631912036799	-669524.366938250605017	0	1	-1.000000000000000	0	0	0	6.000000000000000	6451843777173242.000000000000000	13	-1	34	7	0	0	22	5	2	2	3	0.006000000000000	6_6_7_4_3_3_4_2_2_2_3_3_5_7_4_5_3_5_5_4_3_4_4_1
439	-661204.968832054175436	-669524.366938250605017	0	2	0.999999999998753	0	0	1	6.899999999999999	6445391933396069.000000000000000	-1	2	7	2	0	0	0	4	0	2	0	0.002000000000000	6_6_6_4_3_3_4_2_2_2_3_3_5_7_4_5_3_5_5_4_3_4_4_1
440	-665911.885057102073915	-669524.366938250605017	0	1	-1.000000000000000	0	0	0	6.000000000000000	6438946541462673.000000000000000	13	-1	33	6	0	0	21	5	2	2	2	0.006000000000000	6_6_6_4_3_3_4_2_2_2_3_3_5_8_4_5_3_5_5_4_3_4_4_1
441	-657333.129177239141427	-669524.366938250605017	0	2	0.999999999998668	0	0	1	6.899999999999999	6432507594921210.000000000000000	-1	3	7	2	0	0	0	5	0	2	0	0.003000000000000	6_6_6_3_3_3_4_2_2_2_3_3_5_8_4_5_3_5_5_4_3_4_4_1
442	-661342.306628447724506	-669524.366938250605017	0	1	-1.000000000000000	0	0	0	6.000000000000000	6426075087326289.000000000000000	17	-1	34	7	0	0	21	6	2	2	3	0.006000000000000	6_6_6_3_3_3_4_2_2_2_3_3_5_8_4_5_3_6_5_4_3_4_4_1
443	-655781.071277881623246	-669524.366938250605017	0	2	0.999999999999135	0	0	1	6.899999999999999	6419649012238963.000000000000000	-1	1	7	2	0	0	0	5	0	2	0	0.002000000000000	6_5_6_3_3_3_4_2_2_2_3_3_5_8_4_5_3_6_5_4_3_4_4_1
444	-665188.862888843636028	-669524.366938250605017	0	1	-1.000000000000000	0	0	0	6.000000000000000	6413229363226724.000000000000000	0	-1	33	7	0	0	21	4	2	2	3	0.006000000000000	7_5_6_3_3_3_4_2_2_2_3_3_5_8_4_5_3_6_5_4_3_4_4_1
445	-655232.069414074067026	-669524.366938250605017	0	2	0.999999999998447	0	0	1	6.899999999999999	6406816133863497.000000000000000	-1	3	6	2	0	0	0	3	0	2	0	0.002000000000000	7_5_6_2_3_3_4_2_2_2_3_3_5_8_4_5_3_6_5_4_3_4_4_1
446	-661512.085561250569299	-669524.366938250605017	0	1	-1.000000000000000	0	0	0	6.000000000000000	6400409317729633.000000000000000	0	-1	32	7	0	0	22	3	2	2	3	0.006000000000000	8_5_6_2_3_3_4_2_2_2_3_3_5_8_4_5_3_6_5_4_3_4_4_1
447	-656158.589977670228109	-669524.366938250605017	0	2	0.999999999999164	0	0	1	6.899999999999999	6394008908411903.000000000000000	-1	13	5	2	0	0	0	3	0	2	0	0.002000000000000	8_5_6_2_3_3_4_2_2_2_3_3_5_7_4_5_3_6_5_4_3_4_4_1
448	-662031.080516422982328	-669524.366938250605017	0	1	-1.000000000000000	0	0	0	6.000000000000000	6387614899503491.000000000000000	12	-1	32	7	0	0	21	4	2	2	3	0.006000000000000	8_5_6_2_3_3_4_2_2_2_3_3_6_7_4_5_3_6_5_4_3_4_4_1
449	-656836.369627860258333	-669524.366938250605017	0	2	0.999999999999187	0	0	1	6.899999999999999	6381227284603988.000000000000000	-1	17	6	2	0	0	0	4	0	2	0	0.002000000000000	8_5_6_2_3_3_4_2_2_2_3_3_6_7_4_5_3_5_5_4_3_4_4_1
450	-663289.789061904069968	-669524.366938250605017	0	1	-1.000000000000000	0	0	0	6.000000000000000	6374846057319384.000000000000000	2	-1	33	7	0	0	21	4	2	2	3	0.007000000000000	8_5_7_2_3_3_4_2_2_2_3_3_6_7_4_5_3_5_5_4_3_4_4_1
451	-655787.698608099832200	-669524.366938250605017	0	2	0.999999999998823	0	0	1	6.899999999999999	6368471211262065.000000000000000	-1	13	6	2	0	0	0	3	0	2	0	0.002000000000000	8_5_7_2_3_3_4_2_2_2_3_3_6_6_4_5_3_5_5_4_3_4_4_1
452	-665951.483117462252267	-669524.366938250605017	0	1	-1.000000000000000	0	0	0	6.000000000000000	6362102740050803.000000000000000	3	-1	32	6	0	0	22	4	2	2	2	0.007000000000000	8_5_7_3_3_3_4_2_2_2_3_3_6_6_4_5_3_5_5_4_3_4_4_1
453	-659464.834019526490010	-669524.366938250605017	0	2	0.999999999998980	0	0	1	6.899999999999999	6355740637310752.000000000000000	-1	0	7	2	0	0	0	4	0	2	0	0.003000000000000	7_5_7_3_3_3_4_2_2_2_3_3_6_6_4_5_3_5_5_4_3_4_4_1
454	-665620.418242702842690	-669524.366938250605017	0	1	-1.000000000000000	0	0	0	6.000000000000000	6349384896673441.000000000000000	3	-1	34	7	0	0	21	5	2	2	3	0.008000000000000	7_5_7_4_3_3_4_2_2_2_3_3_6_6_4_5_3_5_5_4_3_4_4_1
455	-661938.779838392511010	-669524.366938250605017	0	2	0.999999999999420	0	0	1	6.899999999999999	6343035511776768.000000000000000	-1	12	7	2	0	0	0	5	0	2	0	0.003000000000000	7_5_7_4_3_3_4_2_2_2_3_3_5_6_4_5_3_5_5_4_3_4_4_1
456	-666922.610358241945505	-669524.366938250605017	0	1	-1.000000000000000	0	0	0	6.000000000000000	6336692476264991.000000000000000	1	-1	33	7	0	0	21	5	2	2	3	0.008000000000000	7_6_7_4_3_3_4_2_2_2_3_3_5_6_4_5_3_5_5_4_3_4_4_1
457	-661842.317544013145380	-669524.366938250605017	0	2	0.999999999999198	0	0	1	6.899999999999999	6330355783788726.000000000000000	-1	0	7	2	0	0	0	5	0	2	0	0.003000000000000	6_6_7_4_3_3_4_2_2_2_3_3_5_6_4_5_3_5_5_4_3_4_4_1
458	-669251.983631912036799	-669524.366938250605017	0	1	-1.000000000000000	0	0	0	6.000000000000000	6324025428004937.000000000000000	13	-1	34	7	0	0	22	5	2	2	3	0.008000000000000	6_6_7_4_3_3_4_2_2_2_3_3_5_7_4_5_3_5_5_4_3_4_4_1
459	-661204.968832054175436	-669524.366938250605017	0	2	0.999999999998728	0	0	1	6.899999999999999	6317701402576932.000000000000000	-1	2	7	2	0	0	0	4	0	2	0	0.003000000000000	6_6_6_4_3_3_4_2_2_2_3_3_5_7_4_5_3_5_5_4_3_4_4_1
460	-665911.885057102073915	-669524.366938250605017	0	1	-1.000000000000000	0	0	0	6.000000000000000	6311383701174355.000000000000000	13	-1	33	6	0	0	21	5	2	2	2	0.006000000000000	6_6_6_4_3_3_4_2_2_2_3_3_5_8_4_5_3_5_5_4_3_4_4_1
461	-657333.129177239141427	-669524.366938250605017	0	2	0.999999999998641	0	0	1	6.899999999999999	6305072317473181.000000000000000	-1	3	7	2	0	0	0	5	0	2	0	0.002000000000000	6_6_6_3_3_3_4_2_2_2_3_3_5_8_4_5_3_5_5_4_3_4_4_1
462	-661342.306628447724506	-669524.366938250605017	0	1	-1.000000000000000	0	0	0	6.000000000000000	6298767245155708.000000000000000	17	-1	34	7	0	0	21	6	2	2	3	0.007000000000000	6_6_6_3_3_3_4_2_2_2_3_3_5_8_4_5_3_6_5_4_3_4_4_1
463	-655781.071277881623246	-669524.366938250605017	0	2	0.999999999999117	0	0	1	6.899999999999999	6292468477910552.000000000000000	-1	1	7	2	0	0	0	5	0	2	0	0.002000000000000	6_5_6_3_3_3_4_2_2_2_3_3_5_8_4_5_3_6_5_4_3_4_4_1
464	-665188.862888843636028	-669524.366938250605017	0	1	-1.000000000000000	0	0	0	6.000000000000000	6286176009432641.000000000000000	0	-1	33	7	0	0	21	4	2	2	3	0.007000000000000	7_5_6_3_3_3_4_2_2_2_3_3_5_8_4_5_3_6_5_4_3_4_4_1
465	-655232.069414074067026	-669524.366938250605017	0	2	0.999999999998416	0	0	1	6.899999999999999	6279889833423208.000000000000000	-1	3	6	2	0	0	0	3	0	2	0	0.002000000000000	7_5_6_2_3_3_4_2_2_2_3_3_5_8_4_5_3_6_5_4_3_4_4_1
466	-661512.085561250569299	-669524.366938250605017	0	1	-1.000000000000000	0	0	0	6.000000000000000	6273609943589785.000000000000000	0	-1	32	7	0	0	22	3	2	2	3	0.006000000000000	8_5_6_2_3_3_4_2_2_2_3_3_5_8_4_5_3_6_5_4_3_4_4_1
467	-656158.589977670228109	-669524.366938250605017	0	2	0.999999999999147	0	0	1	6.899999999999999	6267336333646195.000000000000000	-1	13	5	2	0	0	0	3	0	2	0	0.002000000000000	8_5_6_2_3_3_4_2_2_2_3_3_5_7_4_5_3_6_5_4_3_4_4_1
468	-662031.080516422982328	-669524.366938250605017	0	1	-1.000000000000000	0	0	0	6.000000000000000	6261068997312549.000000000000000	12	-1	32	7	0	0	21	4	2	2	3	0.005000000000000	8_5_6_2_3_3_4_2_2_2_3_3_6_7_4_5_3_6_5_4_3_4_4_1
469	-656836.369627860258333	-669524.366938250605017	0	2	0.999999999999170	0	0	1	6.899999999999999	6254807928315236.000000000000000	-1	17	6	2	0	0	0	4	0	2	0	0.002000000000000	8_5_6_2_3_3_4_2_2_2_3_3_6_7_4_5_3_5_5_4_3_4_4_1
470	-663289.789061904069968	-669524.366938250605017	0	1	-1.000000000000000	0	0	0	6.000000000000000	6248553120386921.000000000000000	2	-1	33	7	0	0	21	4	2	2	3	0.006000000000000	8_5_7_2_3_3_4_2_2_2_3_3_6_7_4_5_3_5_5_4_3_4_4_1
471	-655787.698608099832200	-669524.366938250605017	0	2	0.999999999998799	0	0	1	6.899999999999999	6242304567266534.000000000000000	-1	13	6	2	0	0	0	3	0	2	0	0.002000000000000	8_5_7_2_3_3_4_2_2_2_3_3_6_6_4_5_3_5_5_4_3_4_4_1
472	-665951.483117462252267	-669524.366938250605017	0	1	-1.000000000000000	0	0	0	6.000000000000000	6236062262699267.000000000000000	3	-1	32	6	0	0	22	4	2	2	2	0.006000000000000	8_5_7_3_3_3_4_2_2_2_3_3_6_6_4_5_3_5_5_4_3_4_4_1
473	-659464.834019526490010	-669524.366938250605017	0	2	0.999999999998960	0	0	1	6.899999999999999	6229826200436568.000000000000000	-1	0	7	2	0	0	0	4	0	2	0	0.002000000000000	7_5_7_3_3_3_4_2_2_2_3_3_6_6_4_5_3_5_5_4_3_4_4_1
474	-665620.418242702842690	-669524.366938250605017	0	1	-1.000000000000000	0	0	0	6.000000000000000	6223596374236131.000000000000000	3	-1	34	7	0	0	21	5	2	2	3	0.006000000000000	7_5_7_4_3_3_4_2_2_2_3_3_6_6_4_5_3_5_5_4_3_4_4_1
475	-661938.779838392511010	-669524.366938250605017	0	2	0.999999999999408	0	0	1	6.899999999999999	6217372777861895.000000000000000	-1	12	7	2	0	0	0	5	0	2	0	0.002000000000000	7_5_7_4_3_3_4_2_2_2_3_3_5_6_4_5_3_5_5_4_3_4_4_1
476	-666922.610358241945505	-669524.366938250605017	0	1	-1.000000000000000	0	0	0	6.000000000000000	6211155405084033.000000000000000	1	-1	33	7	0	0	21	5	2	2	3	0.005000000000000	7_6_7_4_3_3_4_2_2_2_3_3_5_6_4_5_3_5_5_4_3_4_4_1
477	-661842.317544013145380	-669524.366938250605017	0	2	0.999999999999182	0	0	1	6.899999999999999	6204944249678949.000000000000000	-1	0	7	2	0	0	0	5	0	2	0	0.002000000000000	6_6_7_4_3_3_4_2_2_2_3_3_5_6_4_5_3_5_5_4_3_4_4_1
478	-669251.983631912036799	-669524.366938250605017	0	1	-1.000000000000000	0	0	0	6.000000000000000	6198739305429270.000000000000000	13	-1	34	7	0	0	22	5	2	2	3	0.005000000000000	6_6_7_4_3_3_4_2_2_2_3_3_5_7_4_5_3_5_5_4_3_4_4_1
479	-661204.968832054175436	-669524.366938250605017	0	2	0.999999999998702	0	0	1	6.899999999999999	6192540566123841.000000000000000	-1	2	7	2	0	0	0	4	0	2	0	0.002000000000000	6_6_6_4_3_3_4_2_2_2_3_3_5_7_4_5_3_5_5_4_3_4_4_1
480	-665911.885057102073915	-669524.366938250605017	0	1	-1.000000000000000	0	0	0	6.000000000000000	6186348025557717.000000000000000	13	-1	33	6	0	0	21	5	2	2	2	0.006000000000000	6_6_6_4_3_3_4_2_2_2_3_3_5_8_4_5_3_5_5_4_3_4_4_1
481	-657333.129177239141427	-669524.366938250605017	0	2	0.999999999998613	0	0	1	6.899999999999999	6180161677532159.000000000000000	-1	3	7	2	0	0	0	5	0	2	0	0.003000000000000	6_6_6_3_3_3_4_2_2_2_3_3_5_8_4_5_3_5_5_4_3_4_4_1
482	-661342.306628447724506	-669524.366938250605017	0	1	-1.000000000000000	0	0	0	6.000000000000000	6173981515854627.000000000000000	17	-1	34	7	0	0	21	6	2	2	3	0.005000000000000	6_6_6_3_3_3_4_2_2_2_3_3_5_8_4_5_3_6_5_4_3_4_4_1
483	-655781.071277881623246	-669524.366938250605017	0	2	0.999999999999099	0	0	1	6.899999999999999	6167807534338772.000000000000000	-1	1	7	2	0	0	0	5	0	2	0	0.002000000000000	6_5_6_3_3_3_4_2_2_2_3_3_5_8_4_5_3_6_5_4_3_4_4_1
484	-665188.862888843636028	-669524.366938250605017	0	1	-1.000000000000000	0	0	0	6.000000000000000	6161639726804433.000000000000000	0	-1	33	7	0	0	21	4	2	2	3	0.006000000000000	7_5_6_3_3_3_4_2_2_2_3_3_5_8_4_5_3_6_5_4_3_4_4_1
485	-655232.069414074067026	-669524.366938250605017	0	2	0.999999999998384	0	0	1	6.899999999999999	6155478087077629.000000000000000	-1	3	6	2	0	0	0	3	0	2	0	0.002000000000000	7_5_6_2_3_3_4_2_2_2_3_3_5_8_4_5_3_6_5_4_3_4_4_1
486	-661512.085561250569299	-669524.366938250605017	0	1	-1.000000000000000	0	0	0	6.000000000000000	6149322608990551.000000000000000	0	-1	32	7	0	0	22	3	2	2	3	0.007000000000000	8_5_6_2_3_3_4_2_2_2_3_3_5_8_4_5_3_6_5_4_3_4_4_1
487	-656158.589977670228109	-669524.366938250605017	0	2	0.999999999999129	0	0	1	6.899999999999999	6143173286381560.000000000000000	-1	13	5	2	0	0	0	3	0	2	0	0.002000000000000	8_5_6_2_3_3_4_2_2_2_3_3_5_7_4_5_3_6_5_4_3_4_4_1
488	-662031.080516422982328	-669524.366938250605017	0	1	-1.000000000000000	0	0	0	6.000000000000000	6137030113095178.000000000000000	12	-1	32	7	0	0	21	4	2	2	3	0.005000000000000	8_5_6_2_3_3_4_2_2_2_3_3_6_7_4_5_3_6_5_4_3_4_4_1
489	-656836.369627860258333	-669524.366938250605017	0	2	0.999999999999154	0	0	1	6.899999999999999	6130893082982083.000000000000000	-1	17	6	2	0	0	0	4	0	2	0	0.003000000000000	8_5_6_2_3_3_4_2_2_2_3_3_6_7_4_5_3_5_5_4_3_4_4_1
490	-663289.789061904069968	-669524.366938250605017	0	1	-1.000000000000000	0	0	0	6.000000000000000	6124762189899101.000000000000000	2	-1	33	7	0	0	21	4	2	2	3	0.006000000000000	8_5_7_2_3_3_4_2_2_2_3_3_6_7_4_5_3_5_5_4_3_4_4_1
491	-655787.698608099832200	-669524.366938250605017	0	2	0.999999999998775	0	0	1	6.899999999999999	6118637427709202.000000000000000	-1	13	6	2	0	0	0	3	0	2	0	0.002000000000000	8_5_7_2_3_3_4_2_2_2_3_3_6_6_4_5_3_5_5_4_3_4_4_1
492	-665951.483117462252267	-669524.366938250605017	0	1	-1.000000000000000	0	0	0	6.000000000000000	6112518790281493.000000000000000	3	-1	32	6	0	0	22	4	2	2	2	0.006000000000000	8_5_7_3_3_3_4_2_2_2_3_3_6_6_4_5_3_5_5_4_3_4_4_1
493	-659464.834019526490010	-669524.366938250605017	0	2	0.999999999998939	0	0	1	6.899999999999999	6106406271491212.000000000000000	-1	0	7	2	0	0	0	4	0	2	0	0.002000000000000	7_5_7_3_3_3_4_2_2_2_3_3_6_6_4_5_3_5_5_4_3_4_4_1
494	-665620.418242702842690	-669524.366938250605017	0	1	-1.000000000000000	0	0	0	6.000000000000000	6100299865219721.000000000000000	3	-1	34	7	0	0	21	5	2	2	3	0.006000000000000	7_5_7_4_3_3_4_2_2_2_3_3_6_6_4_5_3_5_5_4_3_4_4_1
495	-661938.779838392511010	-669524.366938250605017	0	2	0.999999999999396	0	0	1	6.899999999999999	6094199565354501.000000000000000	-1	12	7	2	0	0	0	5	0	2	0	0.002000000000000	7_5_7_4_3_3_4_2_2_2_3_3_5_6_4_5_3_5_5_4_3_4_4_1
496	-666922.610358241945505	-669524.366938250605017	0	1	-1.000000000000000	0	0	0	6.000000000000000	6088105365789146.000000000000000	1	-1	33	7	0	0	21	5	2	2	3	0.006000000000000	7_6_7_4_3_3_4_2_2_2_3_3_5_6_4_5_3_5_5_4_3_4_4_1
497	-661842.317544013145380	-669524.366938250605017	0	2	0.999999999999166	0	0	1	6.899999999999999	6082017260423357.000000000000000	-1	0	7	2	0	0	0	5	0	2	0	0.002000000000000	6_6_7_4_3_3_4_2_2_2_3_3_5_6_4_5_3_5_5_4_3_4_4_1
498	-669251.983631912036799	-669524.366938250605017	0	1	-1.000000000000000	0	0	0	6.000000000000000	6075935243162934.000000000000000	13	-1	34	7	0	0	22	5	2	2	3	0.006000000000000	6_6_7_4_3_3_4_2_2_2_3_3_5_7_4_5_3_5_5_4_3_4_4_1
499	-661204.968832054175436	-669524.366938250605017	0	2	0.999999999998676	0	0	1	6.899999999999999	6069859307919771.000000000000000	-1	2	7	2	0	0	0	4	0	2	0	0.003000000000000	6_6_6_4_3_3_4_2_2_2_3_3_5_7_4_5_3_5_5_4_3_4_4_1
500	-665911.885057102073915	-669524.366938250605017	0	1	-1.000000000000000	0	0	0	6.000000000000000	6063789448611851.000000000000000	13	-1	33	6	0	0	21	5	2	2	2	0.006000000000000	6_6_6_4_3_3_4_2_2_2_3_3_5_8_4_5_3_5_5_4_3_4_4_1
