Iteration	Obj_Current	Obj_Best	New_Best	Case	SA_Prob	Jump	Nonimp_In	Nonimp_Out	Tenure	Temperature	ADD	DROP	Obj_Lookups	Con_Lookups	Obj_Evals	Con_Evals	ADD_First	DROP_First	ADD_Second	DROP_Second	SWAPs	Total_Time	Solution
0	-192963.911886511865305	-192963.911886511865305	1	-1	-1	0	0	0	6.000000000000000	10000000000000000.000000000000000	-1	-1	0	0	0	0	0	0	0	0	0	0.000000000000000	5_5_4_2_3_3_4_2_2_2_1_3_5_5_4_5_3_3_10_4_3_7_8_2
1	-192963.911886511865305	-192963.911886511865305	0	2	1.000000000000000	0	0	1	6.899999999999999	9990000000000000.000000000000000	-1	18	0	0	4	3	0	4	0	2	0	5.182000000000000	5_5_4_2_3_3_4_2_2_2_1_3_5_5_4_5_3_3_9_4_3_7_8_2
2	-200594.345698736578925	-200594.345698736578925	1	1	-1.000000000000000	0	0	0	6.000000000000000	9980010000000000.000000000000000	17	-1	1	0	29	7	23	4	2	2	2	13.037000000000001	5_5_4_2_3_3_4_2_2_2_1_3_5_5_4_5_3_4_9_4_3_7_8_2
3	-201383.975564361986471	-201383.975564361986471	1	1	-1.000000000000000	0	0	0	6.000000000000000	9970029990000000.000000000000000	-1	23	2	1	3	1	0	4	0	2	0	1.701000000000000	5_5_4_2_3_3_4_2_2_2_1_3_5_5_4_5_3_4_9_4_3_7_8_1
4	-208631.162396454368718	-208631.162396454368718	1	1	-1.000000000000000	0	0	0	6.000000000000000	9960059960010000.000000000000000	2	-1	2	1	28	6	22	3	2	2	2	14.613000000000000	5_5_5_2_3_3_4_2_2_2_1_3_5_5_4_5_3_4_9_4_3_7_8_1
5	-208631.162396454368718	-208631.162396454368718	0	2	1.000000000000000	0	0	1	6.899999999999999	9950099900049990.000000000000000	-1	18	2	1	3	1	0	3	0	2	0	2.227000000000000	5_5_5_2_3_3_4_2_2_2_1_3_5_5_4_5_3_4_8_4_3_7_8_1
6	-213082.778662915574387	-213082.778662915574387	1	1	-1.000000000000000	0	0	0	6.000000000000000	9940149800149940.000000000000000	2	-1	2	0	29	6	22	3	2	2	2	10.845000000000001	5_5_6_2_3_3_4_2_2_2_1_3_5_5_4_5_3_4_8_4_3_7_8_1
7	-213082.778662915574387	-213082.778662915574387	0	2	1.000000000000000	0	0	1	6.899999999999999	9930209650349790.000000000000000	-1	18	2	1	3	1	0	3	0	2	0	1.744000000000000	5_5_6_2_3_3_4_2_2_2_1_3_5_5_4_5_3_4_7_4_3_7_8_1
8	-218157.525863651389955	-218157.525863651389955	1	1	-1.000000000000000	0	0	0	6.000000000000000	9920279440699440.000000000000000	13	-1	2	0	29	6	22	4	2	2	2	9.436000000000000	5_5_6_2_3_3_4_2_2_2_1_3_5_6_4_5_3_4_7_4_3_7_8_1
9	-218157.525863651389955	-218157.525863651389955	0	2	1.000000000000000	0	0	1	6.899999999999999	9910359161258740.000000000000000	-1	18	3	1	3	1	0	4	0	2	0	1.156000000000000	5_5_6_2_3_3_4_2_2_2_1_3_5_6_4_5_3_4_6_4_3_7_8_1
10	-222172.464131276297849	-222172.464131276297849	1	1	-1.000000000000000	0	0	0	6.000000000000000	9900448802097482.000000000000000	17	-1	2	0	30	6	23	4	2	2	2	9.031000000000001	5_5_6_2_3_3_4_2_2_2_1_3_5_6_4_5_3_5_6_4_3_7_8_1
11	-222172.464131276297849	-222172.464131276297849	0	2	1.000000000000000	0	0	1	6.899999999999999	9890548353295384.000000000000000	-1	18	3	1	3	1	0	3	0	2	0	1.122000000000000	5_5_6_2_3_3_4_2_2_2_1_3_5_6_4_5_3_5_5_4_3_7_8_1
12	-227092.416197610204108	-227092.416197610204108	1	1	-1.000000000000000	0	0	0	6.000000000000000	9880657804942088.000000000000000	2	-1	2	0	29	6	23	3	2	2	2	9.804000000000000	5_5_7_2_3_3_4_2_2_2_1_3_5_6_4_5_3_5_5_4_3_7_8_1
13	-227092.416197610204108	-227092.416197610204108	0	2	1.000000000000000	0	0	1	6.899999999999999	9870777147137146.000000000000000	-1	21	3	1	2	1	0	2	0	2	0	2.108000000000000	5_5_7_2_3_3_4_2_2_2_1_3_5_6_4_5_3_5_5_4_3_6_8_1
14	-229919.374935876170639	-229919.374935876170639	1	1	-1.000000000000000	0	0	0	6.000000000000000	9860906369990008.000000000000000	8	-1	2	0	29	6	22	3	2	2	2	11.797000000000001	5_5_7_2_3_3_4_2_3_2_1_3_5_6_4_5_3_5_5_4_3_6_8_1
15	-229919.374935876170639	-229919.374935876170639	0	2	1.000000000000000	0	0	1	6.899999999999999	9851045463620018.000000000000000	-1	21	2	1	4	1	0	3	0	2	0	1.937000000000000	5_5_7_2_3_3_4_2_3_2_1_3_5_6_4_5_3_5_5_4_3_5_8_1
16	-232135.433909661136568	-232135.433909661136568	1	1	-1.000000000000000	0	0	0	6.000000000000000	9841194418156398.000000000000000	13	-1	2	0	30	6	22	4	2	2	2	12.680000000000000	5_5_7_2_3_3_4_2_3_2_1_3_5_7_4_5_3_5_5_4_3_5_8_1
17	-232135.433909661136568	-232135.433909661136568	0	2	1.000000000000000	0	0	1	6.899999999999999	9831353223738242.000000000000000	-1	21	3	1	3	1	0	3	0	2	0	1.946000000000000	5_5_7_2_3_3_4_2_3_2_1_3_5_7_4_5_3_5_5_4_3_4_8_1
18	-235333.629520189744653	-235333.629520189744653	1	1	-1.000000000000000	0	0	0	6.000000000000000	9821521870514504.000000000000000	3	22	2	0	29	6	23	3	2	2	2	13.477000000000000	5_5_7_3_3_3_4_2_3_2_1_3_5_7_4_5_3_5_5_4_3_4_7_1
19	-238785.936972716328455	-238785.936972716328455	1	1	-1.000000000000000	0	0	0	6.000000000000000	9811700348643990.000000000000000	0	22	2	0	30	6	22	3	2	2	2	10.734999999999999	6_5_7_3_3_3_4_2_3_2_1_3_5_7_4_5_3_5_5_4_3_4_6_1
20	-241915.143205921514891	-241915.143205921514891	1	1	-1.000000000000000	0	0	0	6.000000000000000	9801888648295346.000000000000000	3	22	2	0	31	6	22	4	2	2	2	9.839000000000000	6_5_7_4_3_3_4_2_3_2_1_3_5_7_4_5_3_5_5_4_3_4_5_1
21	-244922.820248166128295	-244922.820248166128295	1	1	-1.000000000000000	0	0	0	6.000000000000000	9792086759647050.000000000000000	17	22	2	0	31	6	22	4	2	2	2	9.292000000000000	6_5_7_4_3_3_4_2_3_2_1_3_5_7_4_5_3_6_5_4_3_4_4_1
22	-246957.384675949957455	-246957.384675949957455	1	1	-1.000000000000000	0	0	0	6.000000000000000	9782294672887402.000000000000000	8	-1	2	0	30	6	22	3	2	2	2	9.879000000000000	6_5_7_4_3_3_4_2_4_2_1_3_5_7_4_5_3_6_5_4_3_4_4_1
23	-243111.315073487843620	-246957.384675949957455	0	2	0.999999999999607	0	0	1	6.899999999999999	9772512378214514.000000000000000	-1	2	3	1	3	1	0	2	0	2	0	1.266000000000000	6_5_6_4_3_3_4_2_4_2_1_3_5_7_4_5_3_6_5_4_3_4_4_1
24	-244738.736373858642764	-246957.384675949957455	0	1	-1.000000000000000	0	0	0	6.000000000000000	9762739865836300.000000000000000	3	-1	2	0	30	6	22	2	2	2	2	8.949000000000000	6_5_6_5_3_3_4_2_4_2_1_3_5_7_4_5_3_6_5_4_3_4_4_1
25	-241300.603044128220063	-246957.384675949957455	0	2	0.999999999999648	0	0	1	6.899999999999999	9752977125970464.000000000000000	-1	0	2	0	4	2	0	3	0	2	0	2.489000000000000	5_5_6_5_3_3_4_2_4_2_1_3_5_7_4_5_3_6_5_4_3_4_4_1
26	-243153.849469690467231	-246957.384675949957455	0	1	-1.000000000000000	0	0	0	6.000000000000000	9743224148844494.000000000000000	13	-1	2	0	29	6	21	2	2	2	2	8.565000000000000	5_5_6_5_3_3_4_2_4_2_1_3_5_8_4_5_3_6_5_4_3_4_4_1
27	-240359.547846750414465	-246957.384675949957455	0	2	0.999999999999713	0	0	1	6.899999999999999	9733480924695650.000000000000000	-1	17	1	0	4	2	0	2	0	2	0	2.361000000000000	5_5_6_5_3_3_4_2_4_2_1_3_5_8_4_5_3_5_5_4_3_4_4_1
28	-241282.837294106197078	-246957.384675949957455	0	1	-1.000000000000000	0	0	0	6.000000000000000	9723747443770954.000000000000000	3	-1	2	0	29	6	21	3	2	2	2	9.515000000000001	5_5_6_6_3_3_4_2_4_2_1_3_5_8_4_5_3_5_5_4_3_4_4_1
29	-239523.975003584666410	-246957.384675949957455	0	2	0.999999999999819	0	0	1	6.899999999999999	9714023696327184.000000000000000	-1	8	2	1	3	1	0	3	0	2	0	1.657000000000000	5_5_6_6_3_3_4_2_3_2_1_3_5_8_4_5_3_5_5_4_3_4_4_1
30	-242219.905544007313438	-246957.384675949957455	0	1	-1.000000000000000	0	0	0	6.000000000000000	9704309672630856.000000000000000	2	-1	2	0	29	6	21	3	2	2	2	9.760999999999999	5_5_7_6_3_3_4_2_3_2_1_3_5_8_4_5_3_5_5_4_3_4_4_1
31	-237460.778641099343076	-246957.384675949957455	0	2	0.999999999999510	0	0	1	6.899999999999999	9694605362958226.000000000000000	-1	8	2	1	3	1	0	2	0	2	0	1.707000000000000	5_5_7_6_3_3_4_2_2_2_1_3_5_8_4_5_3_5_5_4_3_4_4_1
32	-241294.489614174526650	-246957.384675949957455	0	1	-1.000000000000000	0	0	0	6.000000000000000	9684910757595268.000000000000000	10	-1	2	0	28	6	22	2	2	2	2	10.564000000000000	5_5_7_6_3_3_4_2_2_2_2_3_5_8_4_5_3_5_5_4_3_4_4_1
33	-239596.701938985439483	-246957.384675949957455	0	2	0.999999999999825	0	0	1	6.899999999999999	9675225846837672.000000000000000	-1	13	2	1	3	1	0	2	0	2	0	1.741000000000000	5_5_7_6_3_3_4_2_2_2_2_3_5_7_4_5_3_5_5_4_3_4_4_1
34	-242889.160918837995268	-246957.384675949957455	0	1	-1.000000000000000	0	0	0	6.000000000000000	9665550620990834.000000000000000	0	-1	2	0	29	6	22	3	2	2	2	11.315000000000000	6_5_7_6_3_3_4_2_2_2_2_3_5_7_4_5_3_5_5_4_3_4_4_1
-1	-1	-1	-1	-1	-1	-1	-1	-1	-1	-1	-1	-1	-1	-1	-1	-1	-1	-1	-1	-1	-1	-1	-1
35	-242476.618063211237313	-246957.384675949957455	0	2	0.999999999999957	0	0	1	6.899999999999999	9655885070369844.000000000000000	-1	3	2	1	4	1	0	3	0	2	0	1.780000000000000	6_5_7_5_3_3_4_2_2_2_2_3_5_7_4_5_3_5_5_4_3_4_4_1
36	-245388.716396518546389	-246957.384675949957455	0	1	-1.000000000000000	0	0	0	6.000000000000000	9646229185299474.000000000000000	17	-1	2	0	30	6	21	4	2	2	2	9.521000000000001	6_5_7_5_3_3_4_2_2_2_2_3_5_7_4_5_3_6_5_4_3_4_4_1
37	-244027.448912841995480	-246957.384675949957455	0	2	0.999999999999859	0	0	1	6.899999999999999	9636582956114174.000000000000000	-1	3	3	1	3	1	0	3	0	2	0	1.498000000000000	6_5_7_4_3_3_4_2_2_2_2_3_5_7_4_5_3_6_5_4_3_4_4_1
38	-246934.479019991267705	-246957.384675949957455	0	1	-1.000000000000000	0	0	0	6.000000000000000	9626946373158060.000000000000000	10	-1	4	0	28	6	22	4	2	2	2	12.629000000000000	6_5_7_4_3_3_4_2_2_2_3_3_5_7_4_5_3_6_5_4_3_4_4_1
39	-243898.350777630810626	-246957.384675949957455	0	2	0.999999999999685	0	0	1	6.899999999999999	9617319426784902.000000000000000	-1	3	3	1	3	1	0	3	0	2	0	1.913000000000000	6_5_7_3_3_3_4_2_2_2_3_3_5_7_4_5_3_6_5_4_3_4_4_1
40	-247136.220218608330470	-247136.220218608330470	1	1	-1.000000000000000	0	0	0	6.000000000000000	9607702107358118.000000000000000	2	-1	2	0	30	6	23	4	2	2	2	12.991000000000000	6_5_8_3_3_3_4_2_2_2_3_3_5_7_4_5_3_6_5_4_3_4_4_1
41	-243962.150959249993321	-247136.220218608330470	0	2	0.999999999999670	0	0	1	6.899999999999999	9598094405250760.000000000000000	-1	0	3	1	3	1	0	3	0	2	0	1.905000000000000	5_5_8_3_3_3_4_2_2_2_3_3_5_7_4_5_3_6_5_4_3_4_4_1
42	-246325.267874304117868	-247136.220218608330470	0	1	-1.000000000000000	0	0	0	6.000000000000000	9588496310845510.000000000000000	1	-1	2	0	29	6	22	3	2	2	2	13.156000000000001	5_6_8_3_3_3_4_2_2_2_3_3_5_7_4_5_3_6_5_4_3_4_4_1
43	-243127.785874637338566	-247136.220218608330470	0	2	0.999999999999666	0	0	1	6.899999999999999	9578907814534664.000000000000000	-1	17	2	1	4	1	0	3	0	2	0	1.838000000000000	5_6_8_3_3_3_4_2_2_2_3_3_5_7_4_5_3_5_5_4_3_4_4_1
44	-245162.076524907723069	-247136.220218608330470	0	1	-1.000000000000000	0	0	0	6.000000000000000	9569328906720130.000000000000000	13	-1	2	0	30	6	21	4	2	2	2	10.464000000000000	5_6_8_3_3_3_4_2_2_2_3_3_5_8_4_5_3_5_5_4_3_4_4_1
45	-241624.837186990189366	-247136.220218608330470	0	2	0.999999999999630	0	0	1	6.899999999999999	9559759577813410.000000000000000	-1	10	3	1	3	1	0	3	0	2	0	1.718000000000000	5_6_8_3_3_3_4_2_2_2_2_3_5_8_4_5_3_5_5_4_3_4_4_1
46	-242845.022632153355516	-247136.220218608330470	0	1	-1.000000000000000	0	0	0	6.000000000000000	9550199818235596.000000000000000	3	-1	2	0	30	6	21	4	2	2	2	10.081000000000000	5_6_8_4_3_3_4_2_2_2_2_3_5_8_4_5_3_5_5_4_3_4_4_1
47	-240884.746478037763154	-247136.220218608330470	0	2	0.999999999999795	0	0	1	6.899999999999999	9540649618417360.000000000000000	-1	2	2	1	4	1	0	3	0	2	0	1.609000000000000	5_6_7_4_3_3_4_2_2_2_2_3_5_8_4_5_3_5_5_4_3_4_4_1
48	-243010.017604049877264	-247136.220218608330470	0	1	-1.000000000000000	0	0	0	6.000000000000000	9531108968798942.000000000000000	0	-1	2	0	30	6	21	4	2	2	2	11.356000000000000	6_6_7_4_3_3_4_2_2_2_2_3_5_8_4_5_3_5_5_4_3_4_4_1
49	-242713.262413888005540	-247136.220218608330470	0	2	0.999999999999969	0	0	1	6.899999999999999	9521577859830144.000000000000000	-1	1	2	1	5	1	0	4	0	2	0	1.940000000000000	6_5_7_4_3_3_4_2_2_2_2_3_5_8_4_5_3_5_5_4_3_4_4_1
50	-245312.118733130831970	-247136.220218608330470	0	1	-1.000000000000000	0	0	0	6.000000000000000	9512056281970314.000000000000000	17	-1	6	3	26	3	21	4	2	2	2	12.721000000000000	6_5_7_4_3_3_4_2_2_2_2_3_5_8_4_5_3_6_5_4_3_4_4_1
51	-244027.448912841995480	-247136.220218608330470	0	2	0.999999999999865	0	0	1	6.899999999999999	9502544225688344.000000000000000	-1	13	2	1	4	1	0	3	0	2	0	1.945000000000000	6_5_7_4_3_3_4_2_2_2_2_3_5_7_4_5_3_6_5_4_3_4_4_1
52	-246934.479019991267705	-247136.220218608330470	0	1	-1.000000000000000	0	0	0	6.000000000000000	9493041681462656.000000000000000	10	-1	32	6	0	0	21	4	2	2	2	0.009000000000000	6_5_7_4_3_3_4_2_2_2_3_3_5_7_4_5_3_6_5_4_3_4_4_1
53	-243898.350777630810626	-247136.220218608330470	0	2	0.999999999999680	0	0	1	6.899999999999999	9483548639781194.000000000000000	-1	3	6	2	0	0	0	3	0	2	0	0.004000000000000	6_5_7_3_3_3_4_2_2_2_3_3_5_7_4_5_3_6_5_4_3_4_4_1
54	-247136.220218608330470	-247136.220218608330470	0	1	-1.000000000000000	0	0	0	6.000000000000000	9474065091141412.000000000000000	2	-1	32	6	0	0	21	4	2	2	2	0.009000000000000	6_5_8_3_3_3_4_2_2_2_3_3_5_7_4_5_3_6_5_4_3_4_4_1
55	-243962.150959249993321	-247136.220218608330470	0	2	0.999999999999665	0	0	1	6.899999999999999	9464591026050270.000000000000000	-1	0	6	2	0	0	0	3	0	2	0	0.007000000000000	5_5_8_3_3_3_4_2_2_2_3_3_5_7_4_5_3_6_5_4_3_4_4_1
56	-246325.267874304117868	-247136.220218608330470	0	1	-1.000000000000000	0	0	0	6.000000000000000	9455126435024220.000000000000000	1	-1	30	5	1	1	21	3	2	2	2	1.711000000000000	5_6_8_3_3_3_4_2_2_2_3_3_5_7_4_5_3_6_5_4_3_4_4_1
57	-243127.785874637338566	-247136.220218608330470	0	2	0.999999999999662	0	0	1	6.899999999999999	9445671308589196.000000000000000	-1	17	6	2	0	0	0	3	0	2	0	0.004000000000000	5_6_8_3_3_3_4_2_2_2_3_3_5_7_4_5_3_5_5_4_3_4_4_1
58	-245162.076524907723069	-247136.220218608330470	0	1	-1.000000000000000	0	0	0	6.000000000000000	9436225637280606.000000000000000	13	-1	32	6	1	1	21	4	2	2	3	1.277000000000000	5_6_8_3_3_3_4_2_2_2_3_3_5_8_4_5_3_5_5_4_3_4_4_1
59	-241624.837186990189366	-247136.220218608330470	0	2	0.999999999999625	0	0	1	6.899999999999999	9426789411643326.000000000000000	-1	10	6	2	0	0	0	3	0	2	0	0.004000000000000	5_6_8_3_3_3_4_2_2_2_2_3_5_8_4_5_3_5_5_4_3_4_4_1
60	-242845.022632153355516	-247136.220218608330470	0	1	-1.000000000000000	0	0	0	6.000000000000000	9417362622231682.000000000000000	3	-1	32	6	1	1	21	4	2	2	3	1.264000000000000	5_6_8_4_3_3_4_2_2_2_2_3_5_8_4_5_3_5_5_4_3_4_4_1
61	-240884.746478037763154	-247136.220218608330470	0	2	0.999999999999792	0	0	1	6.899999999999999	9407945259609450.000000000000000	-1	2	6	2	0	0	0	3	0	2	0	0.004000000000000	5_6_7_4_3_3_4_2_2_2_2_3_5_8_4_5_3_5_5_4_3_4_4_1
62	-243010.017604049877264	-247136.220218608330470	0	1	-1.000000000000000	0	0	0	6.000000000000000	9398537314349840.000000000000000	0	-1	32	6	1	1	21	4	2	2	3	1.223000000000000	6_6_7_4_3_3_4_2_2_2_2_3_5_8_4_5_3_5_5_4_3_4_4_1
63	-242713.262413888005540	-247136.220218608330470	0	2	0.999999999999968	0	0	1	6.899999999999999	9389138777035490.000000000000000	-1	1	7	2	0	0	0	4	0	2	0	0.005000000000000	6_5_7_4_3_3_4_2_2_2_2_3_5_8_4_5_3_5_5_4_3_4_4_1
64	-245312.118733130831970	-247136.220218608330470	0	1	-1.000000000000000	0	0	0	6.000000000000000	9379749638258454.000000000000000	17	-1	32	6	1	1	21	4	2	2	3	2.157000000000000	6_5_7_4_3_3_4_2_2_2_2_3_5_8_4_5_3_6_5_4_3_4_4_1
65	-244027.448912841995480	-247136.220218608330470	0	2	0.999999999999863	0	0	1	6.899999999999999	9370369888620196.000000000000000	-1	13	6	2	0	0	0	3	0	2	0	0.004000000000000	6_5_7_4_3_3_4_2_2_2_2_3_5_7_4_5_3_6_5_4_3_4_4_1
66	-246934.479019991267705	-247136.220218608330470	0	1	-1.000000000000000	0	0	0	6.000000000000000	9360999518731576.000000000000000	10	-1	32	6	0	0	21	4	2	2	2	0.012000000000000	6_5_7_4_3_3_4_2_2_2_3_3_5_7_4_5_3_6_5_4_3_4_4_1
67	-243898.350777630810626	-247136.220218608330470	0	2	0.999999999999676	0	0	1	6.899999999999999	9351638519212844.000000000000000	-1	3	6	2	0	0	0	3	0	2	0	0.005000000000000	6_5_7_3_3_3_4_2_2_2_3_3_5_7_4_5_3_6_5_4_3_4_4_1
68	-247136.220218608330470	-247136.220218608330470	0	1	-1.000000000000000	0	0	0	6.000000000000000	9342286880693632.000000000000000	2	-1	32	6	0	0	21	4	2	2	2	0.012000000000000	6_5_8_3_3_3_4_2_2_2_3_3_5_7_4_5_3_6_5_4_3_4_4_1
69	-243962.150959249993321	-247136.220218608330470	0	2	0.999999999999660	0	0	1	6.899999999999999	9332944593812938.000000000000000	-1	0	6	2	0	0	0	3	0	2	0	0.005000000000000	5_5_8_3_3_3_4_2_2_2_3_3_5_7_4_5_3_6_5_4_3_4_4_1
70	-246325.267874304117868	-247136.220218608330470	0	1	-1.000000000000000	0	0	0	6.000000000000000	9323611649219126.000000000000000	1	-1	31	6	1	1	21	3	2	2	3	1.665000000000000	5_6_8_3_3_3_4_2_2_2_3_3_5_7_4_5_3_6_5_4_3_4_4_1
71	-243127.785874637338566	-247136.220218608330470	0	2	0.999999999999657	0	0	1	6.899999999999999	9314288037569906.000000000000000	-1	17	6	2	0	0	0	3	0	2	0	0.004000000000000	5_6_8_3_3_3_4_2_2_2_3_3_5_7_4_5_3_5_5_4_3_4_4_1
72	-245162.076524907723069	-247136.220218608330470	0	1	-1.000000000000000	0	0	0	6.000000000000000	9304973749532336.000000000000000	13	-1	33	7	0	0	21	4	2	2	3	0.009000000000000	5_6_8_3_3_3_4_2_2_2_3_3_5_8_4_5_3_5_5_4_3_4_4_1
73	-241624.837186990189366	-247136.220218608330470	0	2	0.999999999999620	0	0	1	6.899999999999999	9295668775782804.000000000000000	-1	10	6	2	0	0	0	3	0	2	0	0.004000000000000	5_6_8_3_3_3_4_2_2_2_2_3_5_8_4_5_3_5_5_4_3_4_4_1
74	-242845.022632153355516	-247136.220218608330470	0	1	-1.000000000000000	0	0	0	6.000000000000000	9286373107007022.000000000000000	3	-1	33	7	0	0	21	4	2	2	3	0.010000000000000	5_6_8_4_3_3_4_2_2_2_2_3_5_8_4_5_3_5_5_4_3_4_4_1
75	-240884.746478037763154	-247136.220218608330470	0	2	0.999999999999789	0	0	1	6.899999999999999	9277086733900014.000000000000000	-1	2	6	2	0	0	0	3	0	2	0	0.008000000000000	5_6_7_4_3_3_4_2_2_2_2_3_5_8_4_5_3_5_5_4_3_4_4_1
76	-243010.017604049877264	-247136.220218608330470	0	1	-1.000000000000000	0	0	0	6.000000000000000	9267809647166114.000000000000000	0	-1	33	7	0	0	21	4	2	2	3	0.020000000000000	6_6_7_4_3_3_4_2_2_2_2_3_5_8_4_5_3_5_5_4_3_4_4_1
77	-242713.262413888005540	-247136.220218608330470	0	2	0.999999999999968	0	0	1	6.899999999999999	9258541837518948.000000000000000	-1	1	7	2	0	0	0	4	0	2	0	0.003000000000000	6_5_7_4_3_3_4_2_2_2_2_3_5_8_4_5_3_5_5_4_3_4_4_1
78	-245312.118733130831970	-247136.220218608330470	0	1	-1.000000000000000	0	0	0	6.000000000000000	9249283295681430.000000000000000	17	-1	33	7	0	0	21	4	2	2	3	0.011000000000000	6_5_7_4_3_3_4_2_2_2_2_3_5_8_4_5_3_6_5_4_3_4_4_1
79	-244027.448912841995480	-247136.220218608330470	0	2	0.999999999999861	0	0	1	6.899999999999999	9240034012385748.000000000000000	-1	13	6	2	0	0	0	3	0	2	0	0.004000000000000	6_5_7_4_3_3_4_2_2_2_2_3_5_7_4_5_3_6_5_4_3_4_4_1
80	-246934.479019991267705	-247136.220218608330470	0	1	-1.000000000000000	0	0	0	6.000000000000000	9230793978373362.000000000000000	10	-1	32	6	0	0	21	4	2	2	2	0.008000000000000	6_5_7_4_3_3_4_2_2_2_3_3_5_7_4_5_3_6_5_4_3_4_4_1
81	-243898.350777630810626	-247136.220218608330470	0	2	0.999999999999671	0	0	1	6.899999999999999	9221563184394988.000000000000000	-1	3	6	2	0	0	0	3	0	2	0	0.004000000000000	6_5_7_3_3_3_4_2_2_2_3_3_5_7_4_5_3_6_5_4_3_4_4_1
82	-247136.220218608330470	-247136.220218608330470	0	1	-1.000000000000000	0	0	0	6.000000000000000	9212341621210594.000000000000000	2	-1	32	6	0	0	21	4	2	2	2	0.008000000000000	6_5_8_3_3_3_4_2_2_2_3_3_5_7_4_5_3_6_5_4_3_4_4_1
83	-243962.150959249993321	-247136.220218608330470	0	2	0.999999999999655	0	0	1	6.899999999999999	9203129279589384.000000000000000	-1	0	6	2	0	0	0	3	0	2	0	0.004000000000000	5_5_8_3_3_3_4_2_2_2_3_3_5_7_4_5_3_6_5_4_3_4_4_1
84	-246325.267874304117868	-247136.220218608330470	0	1	-1.000000000000000	0	0	0	6.000000000000000	9193926150309794.000000000000000	1	-1	32	7	0	0	21	3	2	2	3	0.008000000000000	5_6_8_3_3_3_4_2_2_2_3_3_5_7_4_5_3_6_5_4_3_4_4_1
85	-243127.785874637338566	-247136.220218608330470	0	2	0.999999999999652	0	0	1	6.899999999999999	9184732224159484.000000000000000	-1	17	6	2	0	0	0	3	0	2	0	0.002000000000000	5_6_8_3_3_3_4_2_2_2_3_3_5_7_4_5_3_5_5_4_3_4_4_1
86	-245162.076524907723069	-247136.220218608330470	0	1	-1.000000000000000	0	0	0	6.000000000000000	9175547491935324.000000000000000	13	-1	33	7	0	0	21	4	2	2	3	0.010000000000000	5_6_8_3_3_3_4_2_2_2_3_3_5_8_4_5_3_5_5_4_3_4_4_1
87	-241624.837186990189366	-247136.220218608330470	0	2	0.999999999999615	0	0	1	6.899999999999999	9166371944443388.000000000000000	-1	10	6	2	0	0	0	3	0	2	0	0.007000000000000	5_6_8_3_3_3_4_2_2_2_2_3_5_8_4_5_3_5_5_4_3_4_4_1
88	-242845.022632153355516	-247136.220218608330470	0	1	-1.000000000000000	0	0	0	6.000000000000000	9157205572498944.000000000000000	3	-1	33	7	0	0	21	4	2	2	3	0.012000000000000	5_6_8_4_3_3_4_2_2_2_2_3_5_8_4_5_3_5_5_4_3_4_4_1
89	-240884.746478037763154	-247136.220218608330470	0	2	0.999999999999786	0	0	1	6.899999999999999	9148048366926446.000000000000000	-1	2	6	2	0	0	0	3	0	2	0	0.005000000000000	5_6_7_4_3_3_4_2_2_2_2_3_5_8_4_5_3_5_5_4_3_4_4_1
90	-243010.017604049877264	-247136.220218608330470	0	1	-1.000000000000000	0	0	0	6.000000000000000	9138900318559520.000000000000000	0	-1	33	7	0	0	21	4	2	2	3	0.012000000000000	6_6_7_4_3_3_4_2_2_2_2_3_5_8_4_5_3_5_5_4_3_4_4_1
91	-242713.262413888005540	-247136.220218608330470	0	2	0.999999999999968	0	0	1	6.899999999999999	9129761418240960.000000000000000	-1	1	7	2	0	0	0	4	0	2	0	0.005000000000000	6_5_7_4_3_3_4_2_2_2_2_3_5_8_4_5_3_5_5_4_3_4_4_1
92	-245312.118733130831970	-247136.220218608330470	0	1	-1.000000000000000	0	0	0	6.000000000000000	9120631656822720.000000000000000	17	-1	33	7	0	0	21	4	2	2	3	0.013000000000000	6_5_7_4_3_3_4_2_2_2_2_3_5_8_4_5_3_6_5_4_3_4_4_1
93	-244027.448912841995480	-247136.220218608330470	0	2	0.999999999999859	0	0	1	6.899999999999999	9111511025165898.000000000000000	-1	13	6	2	0	0	0	3	0	2	0	0.004000000000000	6_5_7_4_3_3_4_2_2_2_2_3_5_7_4_5_3_6_5_4_3_4_4_1
94	-246934.479019991267705	-247136.220218608330470	0	1	-1.000000000000000	0	0	0	6.000000000000000	9102399514140732.000000000000000	10	-1	32	6	0	0	21	4	2	2	2	0.012000000000000	6_5_7_4_3_3_4_2_2_2_3_3_5_7_4_5_3_6_5_4_3_4_4_1
95	-243898.350777630810626	-247136.220218608330470	0	2	0.999999999999666	0	0	1	6.899999999999999	9093297114626592.000000000000000	-1	3	6	2	0	0	0	3	0	2	0	0.006000000000000	6_5_7_3_3_3_4_2_2_2_3_3_5_7_4_5_3_6_5_4_3_4_4_1
96	-247136.220218608330470	-247136.220218608330470	0	1	-1.000000000000000	0	0	0	6.000000000000000	9084203817511966.000000000000000	2	-1	32	6	0	0	21	4	2	2	2	0.013000000000000	6_5_8_3_3_3_4_2_2_2_3_3_5_7_4_5_3_6_5_4_3_4_4_1
97	-243962.150959249993321	-247136.220218608330470	0	2	0.999999999999651	0	0	1	6.899999999999999	9075119613694454.000000000000000	-1	0	6	2	0	0	0	3	0	2	0	0.005000000000000	5_5_8_3_3_3_4_2_2_2_3_3_5_7_4_5_3_6_5_4_3_4_4_1
98	-246325.267874304117868	-247136.220218608330470	0	1	-1.000000000000000	0	0	0	6.000000000000000	9066044494080760.000000000000000	1	-1	32	7	0	0	21	3	2	2	3	0.013000000000000	5_6_8_3_3_3_4_2_2_2_3_3_5_7_4_5_3_6_5_4_3_4_4_1
99	-243127.785874637338566	-247136.220218608330470	0	2	0.999999999999647	0	0	1	6.899999999999999	9056978449586680.000000000000000	-1	17	6	2	0	0	0	3	0	2	0	0.004000000000000	5_6_8_3_3_3_4_2_2_2_3_3_5_7_4_5_3_5_5_4_3_4_4_1
100	-245162.076524907723069	-247136.220218608330470	0	1	-1.000000000000000	0	0	0	6.000000000000000	9047921471137094.000000000000000	13	-1	33	7	0	0	21	4	2	2	3	0.010000000000000	5_6_8_3_3_3_4_2_2_2_3_3_5_8_4_5_3_5_5_4_3_4_4_1
101	-241624.837186990189366	-247136.220218608330470	0	2	0.999999999999609	0	0	1	6.899999999999999	9038873549665956.000000000000000	-1	10	6	2	0	0	0	3	0	2	0	0.003000000000000	5_6_8_3_3_3_4_2_2_2_2_3_5_8_4_5_3_5_5_4_3_4_4_1
102	-242845.022632153355516	-247136.220218608330470	0	1	-1.000000000000000	0	0	0	6.000000000000000	9029834676116290.000000000000000	3	-1	33	7	0	0	21	4	2	2	3	0.010000000000000	5_6_8_4_3_3_4_2_2_2_2_3_5_8_4_5_3_5_5_4_3_4_4_1
103	-240884.746478037763154	-247136.220218608330470	0	2	0.999999999999783	0	0	1	6.899999999999999	9020804841440174.000000000000000	-1	2	6	2	0	0	0	3	0	2	0	0.003000000000000	5_6_7_4_3_3_4_2_2_2_2_3_5_8_4_5_3_5_5_4_3_4_4_1
104	-243010.017604049877264	-247136.220218608330470	0	1	-1.000000000000000	0	0	0	6.000000000000000	9011784036598734.000000000000000	0	-1	33	7	0	0	21	4	2	2	3	0.013000000000000	6_6_7_4_3_3_4_2_2_2_2_3_5_8_4_5_3_5_5_4_3_4_4_1
105	-242713.262413888005540	-247136.220218608330470	0	2	0.999999999999967	0	0	1	6.899999999999999	9002772252562135.000000000000000	-1	1	7	2	0	0	0	4	0	2	0	0.005000000000000	6_5_7_4_3_3_4_2_2_2_2_3_5_8_4_5_3_5_5_4_3_4_4_1
106	-245312.118733130831970	-247136.220218608330470	0	1	-1.000000000000000	0	0	0	6.000000000000000	8993769480309573.000000000000000	17	-1	33	7	0	0	21	4	2	2	3	0.013000000000000	6_5_7_4_3_3_4_2_2_2_2_3_5_8_4_5_3_6_5_4_3_4_4_1
107	-244027.448912841995480	-247136.220218608330470	0	2	0.999999999999857	0	0	1	6.899999999999999	8984775710829263.000000000000000	-1	13	6	2	0	0	0	3	0	2	0	0.005000000000000	6_5_7_4_3_3_4_2_2_2_2_3_5_7_4_5_3_6_5_4_3_4_4_1
108	-246934.479019991267705	-247136.220218608330470	0	1	-1.000000000000000	0	0	0	6.000000000000000	8975790935118434.000000000000000	10	-1	32	6	0	0	21	4	2	2	2	0.013000000000000	6_5_7_4_3_3_4_2_2_2_3_3_5_7_4_5_3_6_5_4_3_4_4_1
109	-243898.350777630810626	-247136.220218608330470	0	2	0.999999999999662	0	0	1	6.899999999999999	8966815144183316.000000000000000	-1	3	6	2	0	0	0	3	0	2	0	0.008000000000000	6_5_7_3_3_3_4_2_2_2_3_3_5_7_4_5_3_6_5_4_3_4_4_1
110	-247136.220218608330470	-247136.220218608330470	0	1	-1.000000000000000	0	0	0	6.000000000000000	8957848329039133.000000000000000	2	-1	32	6	0	0	21	4	2	2	2	0.017000000000000	6_5_8_3_3_3_4_2_2_2_3_3_5_7_4_5_3_6_5_4_3_4_4_1
111	-243962.150959249993321	-247136.220218608330470	0	2	0.999999999999646	0	0	1	6.899999999999999	8948890480710094.000000000000000	-1	0	6	2	0	0	0	3	0	2	0	0.007000000000000	5_5_8_3_3_3_4_2_2_2_3_3_5_7_4_5_3_6_5_4_3_4_4_1
112	-246325.267874304117868	-247136.220218608330470	0	1	-1.000000000000000	0	0	0	6.000000000000000	8939941590229384.000000000000000	1	-1	32	7	0	0	21	3	2	2	3	0.019000000000000	5_6_8_3_3_3_4_2_2_2_3_3_5_7_4_5_3_6_5_4_3_4_4_1
113	-243127.785874637338566	-247136.220218608330470	0	2	0.999999999999642	0	0	1	6.899999999999999	8931001648639155.000000000000000	-1	17	6	2	0	0	0	3	0	2	0	0.008000000000000	5_6_8_3_3_3_4_2_2_2_3_3_5_7_4_5_3_5_5_4_3_4_4_1
114	-245162.076524907723069	-247136.220218608330470	0	1	-1.000000000000000	0	0	0	6.000000000000000	8922070646990516.000000000000000	13	-1	33	7	0	0	21	4	2	2	3	0.020000000000000	5_6_8_3_3_3_4_2_2_2_3_3_5_8_4_5_3_5_5_4_3_4_4_1
115	-241624.837186990189366	-247136.220218608330470	0	2	0.999999999999604	0	0	1	6.899999999999999	8913148576343525.000000000000000	-1	10	6	2	0	0	0	3	0	2	0	0.007000000000000	5_6_8_3_3_3_4_2_2_2_2_3_5_8_4_5_3_5_5_4_3_4_4_1
116	-242845.022632153355516	-247136.220218608330470	0	1	-1.000000000000000	0	0	0	6.000000000000000	8904235427767181.000000000000000	3	-1	33	7	0	0	21	4	2	2	3	0.019000000000000	5_6_8_4_3_3_4_2_2_2_2_3_5_8_4_5_3_5_5_4_3_4_4_1
117	-240884.746478037763154	-247136.220218608330470	0	2	0.999999999999780	0	0	1	6.899999999999999	8895331192339414.000000000000000	-1	2	6	2	0	0	0	3	0	2	0	0.008000000000000	5_6_7_4_3_3_4_2_2_2_2_3_5_8_4_5_3_5_5_4_3_4_4_1
118	-243010.017604049877264	-247136.220218608330470	0	1	-1.000000000000000	0	0	0	6.000000000000000	8886435861147075.000000000000000	0	-1	33	7	0	0	21	4	2	2	3	0.018000000000000	6_6_7_4_3_3_4_2_2_2_2_3_5_8_4_5_3_5_5_4_3_4_4_1
119	-242713.262413888005540	-247136.220218608330470	0	2	0.999999999999967	0	0	1	6.899999999999999	8877549425285928.000000000000000	-1	1	7	2	0	0	0	4	0	2	0	0.008000000000000	6_5_7_4_3_3_4_2_2_2_2_3_5_8_4_5_3_5_5_4_3_4_4_1
120	-245312.118733130831970	-247136.220218608330470	0	1	-1.000000000000000	0	0	0	6.000000000000000	8868671875860642.000000000000000	17	-1	33	7	0	0	21	4	2	2	3	0.013000000000000	6_5_7_4_3_3_4_2_2_2_2_3_5_8_4_5_3_6_5_4_3_4_4_1
121	-244027.448912841995480	-247136.220218608330470	0	2	0.999999999999855	0	0	1	6.899999999999999	8859803203984781.000000000000000	-1	13	6	2	0	0	0	3	0	2	0	0.005000000000000	6_5_7_4_3_3_4_2_2_2_2_3_5_7_4_5_3_6_5_4_3_4_4_1
122	-246934.479019991267705	-247136.220218608330470	0	1	-1.000000000000000	0	0	0	6.000000000000000	8850943400780796.000000000000000	10	-1	32	6	0	0	21	4	2	2	2	0.013000000000000	6_5_7_4_3_3_4_2_2_2_3_3_5_7_4_5_3_6_5_4_3_4_4_1
123	-243898.350777630810626	-247136.220218608330470	0	2	0.999999999999657	0	0	1	6.899999999999999	8842092457380015.000000000000000	-1	3	6	2	0	0	0	3	0	2	0	0.005000000000000	6_5_7_3_3_3_4_2_2_2_3_3_5_7_4_5_3_6_5_4_3_4_4_1
124	-247136.220218608330470	-247136.220218608330470	0	1	-1.000000000000000	0	0	0	6.000000000000000	8833250364922635.000000000000000	2	-1	32	6	0	0	21	4	2	2	2	0.013000000000000	6_5_8_3_3_3_4_2_2_2_3_3_5_7_4_5_3_6_5_4_3_4_4_1
125	-243962.150959249993321	-247136.220218608330470	0	2	0.999999999999641	0	0	1	6.899999999999999	8824417114557712.000000000000000	-1	0	6	2	0	0	0	3	0	2	0	0.005000000000000	5_5_8_3_3_3_4_2_2_2_3_3_5_7_4_5_3_6_5_4_3_4_4_1
126	-246325.267874304117868	-247136.220218608330470	0	1	-1.000000000000000	0	0	0	6.000000000000000	8815592697443154.000000000000000	1	-1	32	7	0	0	21	3	2	2	3	0.012000000000000	5_6_8_3_3_3_4_2_2_2_3_3_5_7_4_5_3_6_5_4_3_4_4_1
127	-243127.785874637338566	-247136.220218608330470	0	2	0.999999999999637	0	0	1	6.899999999999999	8806777104745711.000000000000000	-1	17	6	2	0	0	0	3	0	2	0	0.005000000000000	5_6_8_3_3_3_4_2_2_2_3_3_5_7_4_5_3_5_5_4_3_4_4_1
128	-245162.076524907723069	-247136.220218608330470	0	1	-1.000000000000000	0	0	0	6.000000000000000	8797970327640965.000000000000000	13	-1	33	7	0	0	21	4	2	2	3	0.013000000000000	5_6_8_3_3_3_4_2_2_2_3_3_5_8_4_5_3_5_5_4_3_4_4_1
129	-241624.837186990189366	-247136.220218608330470	0	2	0.999999999999598	0	0	1	6.899999999999999	8789172357313324.000000000000000	-1	10	6	2	0	0	0	3	0	2	0	0.006000000000000	5_6_8_3_3_3_4_2_2_2_2_3_5_8_4_5_3_5_5_4_3_4_4_1
130	-242845.022632153355516	-247136.220218608330470	0	1	-1.000000000000000	0	0	0	6.000000000000000	8780383184956011.000000000000000	3	-1	33	7	0	0	21	4	2	2	3	0.013000000000000	5_6_8_4_3_3_4_2_2_2_2_3_5_8_4_5_3_5_5_4_3_4_4_1
131	-240884.746478037763154	-247136.220218608330470	0	2	0.999999999999777	0	0	1	6.899999999999999	8771602801771055.000000000000000	-1	2	6	2	0	0	0	3	0	2	0	0.006000000000000	5_6_7_4_3_3_4_2_2_2_2_3_5_8_4_5_3_5_5_4_3_4_4_1
132	-243010.017604049877264	-247136.220218608330470	0	1	-1.000000000000000	0	0	0	6.000000000000000	8762831198969284.000000000000000	0	-1	33	7	0	0	21	4	2	2	3	0.013000000000000	6_6_7_4_3_3_4_2_2_2_2_3_5_8_4_5_3_5_5_4_3_4_4_1
133	-242713.262413888005540	-247136.220218608330470	0	2	0.999999999999966	0	0	1	6.899999999999999	8754068367770315.000000000000000	-1	1	7	2	0	0	0	4	0	2	0	0.006000000000000	6_5_7_4_3_3_4_2_2_2_2_3_5_8_4_5_3_5_5_4_3_4_4_1
134	-245312.118733130831970	-247136.220218608330470	0	1	-1.000000000000000	0	0	0	6.000000000000000	8745314299402545.000000000000000	17	-1	33	7	0	0	21	4	2	2	3	0.014000000000000	6_5_7_4_3_3_4_2_2_2_2_3_5_8_4_5_3_6_5_4_3_4_4_1
135	-244027.448912841995480	-247136.220218608330470	0	2	0.999999999999853	0	0	1	6.899999999999999	8736568985103142.000000000000000	-1	13	6	2	0	0	0	3	0	2	0	0.006000000000000	6_5_7_4_3_3_4_2_2_2_2_3_5_7_4_5_3_6_5_4_3_4_4_1
136	-246934.479019991267705	-247136.220218608330470	0	1	-1.000000000000000	0	0	0	6.000000000000000	8727832416118039.000000000000000	10	-1	32	6	0	0	21	4	2	2	2	0.016000000000000	6_5_7_4_3_3_4_2_2_2_3_3_5_7_4_5_3_6_5_4_3_4_4_1
137	-243898.350777630810626	-247136.220218608330470	0	2	0.999999999999652	0	0	1	6.899999999999999	8719104583701921.000000000000000	-1	3	6	2	0	0	0	3	0	2	0	0.007000000000000	6_5_7_3_3_3_4_2_2_2_3_3_5_7_4_5_3_6_5_4_3_4_4_1
138	-247136.220218608330470	-247136.220218608330470	0	1	-1.000000000000000	0	0	0	6.000000000000000	8710385479118219.000000000000000	2	-1	32	6	0	0	21	4	2	2	2	0.011000000000000	6_5_8_3_3_3_4_2_2_2_3_3_5_7_4_5_3_6_5_4_3_4_4_1
139	-243962.150959249993321	-247136.220218608330470	0	2	0.999999999999636	0	0	1	6.899999999999999	8701675093639101.000000000000000	-1	0	6	2	0	0	0	3	0	2	0	0.026000000000000	5_5_8_3_3_3_4_2_2_2_3_3_5_7_4_5_3_6_5_4_3_4_4_1
140	-246325.267874304117868	-247136.220218608330470	0	1	-1.000000000000000	0	0	0	6.000000000000000	8692973418545462.000000000000000	1	-1	32	7	0	0	21	3	2	2	3	0.008000000000000	5_6_8_3_3_3_4_2_2_2_3_3_5_7_4_5_3_6_5_4_3_4_4_1
141	-243127.785874637338566	-247136.220218608330470	0	2	0.999999999999632	0	0	1	6.899999999999999	8684280445126917.000000000000000	-1	17	6	2	0	0	0	3	0	2	0	0.003000000000000	5_6_8_3_3_3_4_2_2_2_3_3_5_7_4_5_3_5_5_4_3_4_4_1
142	-245162.076524907723069	-247136.220218608330470	0	1	-1.000000000000000	0	0	0	6.000000000000000	8675596164681790.000000000000000	13	-1	33	7	0	0	21	4	2	2	3	0.010000000000000	5_6_8_3_3_3_4_2_2_2_3_3_5_8_4_5_3_5_5_4_3_4_4_1
143	-241624.837186990189366	-247136.220218608330470	0	2	0.999999999999592	0	0	1	6.899999999999999	8666920568517108.000000000000000	-1	10	6	2	0	0	0	3	0	2	0	0.005000000000000	5_6_8_3_3_3_4_2_2_2_2_3_5_8_4_5_3_5_5_4_3_4_4_1
144	-242845.022632153355516	-247136.220218608330470	0	1	-1.000000000000000	0	0	0	6.000000000000000	8658253647948591.000000000000000	3	-1	33	7	0	0	21	4	2	2	3	0.014000000000000	5_6_8_4_3_3_4_2_2_2_2_3_5_8_4_5_3_5_5_4_3_4_4_1
145	-240884.746478037763154	-247136.220218608330470	0	2	0.999999999999774	0	0	1	6.899999999999999	8649595394300642.000000000000000	-1	2	6	2	0	0	0	3	0	2	0	0.005000000000000	5_6_7_4_3_3_4_2_2_2_2_3_5_8_4_5_3_5_5_4_3_4_4_1
146	-243010.017604049877264	-247136.220218608330470	0	1	-1.000000000000000	0	0	0	6.000000000000000	8640945798906341.000000000000000	0	-1	33	7	0	0	21	4	2	2	3	0.013000000000000	6_6_7_4_3_3_4_2_2_2_2_3_5_8_4_5_3_5_5_4_3_4_4_1
147	-242713.262413888005540	-247136.220218608330470	0	2	0.999999999999966	0	0	1	6.899999999999999	8632304853107435.000000000000000	-1	1	7	2	0	0	0	4	0	2	0	0.006000000000000	6_5_7_4_3_3_4_2_2_2_2_3_5_8_4_5_3_5_5_4_3_4_4_1
148	-245312.118733130831970	-247136.220218608330470	0	1	-1.000000000000000	0	0	0	6.000000000000000	8623672548254328.000000000000000	17	-1	33	7	0	0	21	4	2	2	3	0.012000000000000	6_5_7_4_3_3_4_2_2_2_2_3_5_8_4_5_3_6_5_4_3_4_4_1
149	-244027.448912841995480	-247136.220218608330470	0	2	0.999999999999851	0	0	1	6.899999999999999	8615048875706074.000000000000000	-1	13	6	2	0	0	0	3	0	2	0	0.006000000000000	6_5_7_4_3_3_4_2_2_2_2_3_5_7_4_5_3_6_5_4_3_4_4_1
150	-246934.479019991267705	-247136.220218608330470	0	1	-1.000000000000000	0	0	0	6.000000000000000	8606433826830368.000000000000000	10	-1	32	6	0	0	21	4	2	2	2	0.016000000000000	6_5_7_4_3_3_4_2_2_2_3_3_5_7_4_5_3_6_5_4_3_4_4_1
151	-243898.350777630810626	-247136.220218608330470	0	2	0.999999999999647	0	0	1	6.899999999999999	8597827393003538.000000000000000	-1	3	6	2	0	0	0	3	0	2	0	0.006000000000000	6_5_7_3_3_3_4_2_2_2_3_3_5_7_4_5_3_6_5_4_3_4_4_1
152	-247136.220218608330470	-247136.220218608330470	0	1	-1.000000000000000	0	0	0	6.000000000000000	8589229565610534.000000000000000	2	-1	32	6	0	0	21	4	2	2	2	0.014000000000000	6_5_8_3_3_3_4_2_2_2_3_3_5_7_4_5_3_6_5_4_3_4_4_1
153	-243962.150959249993321	-247136.220218608330470	0	2	0.999999999999630	0	0	1	6.899999999999999	8580640336044923.000000000000000	-1	0	6	2	0	0	0	3	0	2	0	0.006000000000000	5_5_8_3_3_3_4_2_2_2_3_3_5_7_4_5_3_6_5_4_3_4_4_1
154	-246325.267874304117868	-247136.220218608330470	0	1	-1.000000000000000	0	0	0	6.000000000000000	8572059695708878.000000000000000	1	-1	32	7	0	0	21	3	2	2	3	0.011000000000000	5_6_8_3_3_3_4_2_2_2_3_3_5_7_4_5_3_6_5_4_3_4_4_1
155	-243127.785874637338566	-247136.220218608330470	0	2	0.999999999999627	0	0	1	6.899999999999999	8563487636013169.000000000000000	-1	17	6	2	0	0	0	3	0	2	0	0.004000000000000	5_6_8_3_3_3_4_2_2_2_3_3_5_7_4_5_3_5_5_4_3_4_4_1
156	-245162.076524907723069	-247136.220218608330470	0	1	-1.000000000000000	0	0	0	6.000000000000000	8554924148377156.000000000000000	13	-1	33	7	0	0	21	4	2	2	3	0.012000000000000	5_6_8_3_3_3_4_2_2_2_3_3_5_8_4_5_3_5_5_4_3_4_4_1
157	-241624.837186990189366	-247136.220218608330470	0	2	0.999999999999587	0	0	1	6.899999999999999	8546369224228779.000000000000000	-1	10	6	2	0	0	0	3	0	2	0	0.003000000000000	5_6_8_3_3_3_4_2_2_2_2_3_5_8_4_5_3_5_5_4_3_4_4_1
158	-242845.022632153355516	-247136.220218608330470	0	1	-1.000000000000000	0	0	0	6.000000000000000	8537822855004550.000000000000000	3	-1	33	7	0	0	21	4	2	2	3	0.011000000000000	5_6_8_4_3_3_4_2_2_2_2_3_5_8_4_5_3_5_5_4_3_4_4_1
159	-240884.746478037763154	-247136.220218608330470	0	2	0.999999999999770	0	0	1	6.899999999999999	8529285032149545.000000000000000	-1	2	6	2	0	0	0	3	0	2	0	0.005000000000000	5_6_7_4_3_3_4_2_2_2_2_3_5_8_4_5_3_5_5_4_3_4_4_1
160	-243010.017604049877264	-247136.220218608330470	0	1	-1.000000000000000	0	0	0	6.000000000000000	8520755747117395.000000000000000	0	-1	33	7	0	0	21	4	2	2	3	0.013000000000000	6_6_7_4_3_3_4_2_2_2_2_3_5_8_4_5_3_5_5_4_3_4_4_1
161	-242713.262413888005540	-247136.220218608330470	0	2	0.999999999999965	0	0	1	6.899999999999999	8512234991370278.000000000000000	-1	1	7	2	0	0	0	4	0	2	0	0.006000000000000	6_5_7_4_3_3_4_2_2_2_2_3_5_8_4_5_3_5_5_4_3_4_4_1
162	-245312.118733130831970	-247136.220218608330470	0	1	-1.000000000000000	0	0	0	6.000000000000000	8503722756378908.000000000000000	17	-1	33	7	0	0	21	4	2	2	3	0.013000000000000	6_5_7_4_3_3_4_2_2_2_2_3_5_8_4_5_3_6_5_4_3_4_4_1
163	-244027.448912841995480	-247136.220218608330470	0	2	0.999999999999849	0	0	1	6.899999999999999	8495219033622529.000000000000000	-1	13	6	2	0	0	0	3	0	2	0	0.005000000000000	6_5_7_4_3_3_4_2_2_2_2_3_5_7_4_5_3_6_5_4_3_4_4_1
164	-246934.479019991267705	-247136.220218608330470	0	1	-1.000000000000000	0	0	0	6.000000000000000	8486723814588906.000000000000000	10	-1	32	6	0	0	21	4	2	2	2	0.011000000000000	6_5_7_4_3_3_4_2_2_2_3_3_5_7_4_5_3_6_5_4_3_4_4_1
165	-243898.350777630810626	-247136.220218608330470	0	2	0.999999999999642	0	0	1	6.899999999999999	8478237090774317.000000000000000	-1	3	6	2	0	0	0	3	0	2	0	0.003000000000000	6_5_7_3_3_3_4_2_2_2_3_3_5_7_4_5_3_6_5_4_3_4_4_1
166	-247136.220218608330470	-247136.220218608330470	0	1	-1.000000000000000	0	0	0	6.000000000000000	8469758853683543.000000000000000	2	-1	32	6	0	0	21	4	2	2	2	0.009000000000000	6_5_8_3_3_3_4_2_2_2_3_3_5_7_4_5_3_6_5_4_3_4_4_1
167	-243962.150959249993321	-247136.220218608330470	0	2	0.999999999999625	0	0	1	6.899999999999999	8461289094829859.000000000000000	-1	0	6	2	0	0	0	3	0	2	0	0.004000000000000	5_5_8_3_3_3_4_2_2_2_3_3_5_7_4_5_3_6_5_4_3_4_4_1
168	-246325.267874304117868	-247136.220218608330470	0	1	-1.000000000000000	0	0	0	6.000000000000000	8452827805735029.000000000000000	1	-1	32	7	0	0	21	3	2	2	3	0.010000000000000	5_6_8_3_3_3_4_2_2_2_3_3_5_7_4_5_3_6_5_4_3_4_4_1
169	-243127.785874637338566	-247136.220218608330470	0	2	0.999999999999622	0	0	1	6.899999999999999	8444374977929294.000000000000000	-1	17	6	2	0	0	0	3	0	2	0	0.004000000000000	5_6_8_3_3_3_4_2_2_2_3_3_5_7_4_5_3_5_5_4_3_4_4_1
170	-245162.076524907723069	-247136.220218608330470	0	1	-1.000000000000000	0	0	0	6.000000000000000	8435930602951365.000000000000000	13	-1	33	7	0	0	21	4	2	2	3	0.010000000000000	5_6_8_3_3_3_4_2_2_2_3_3_5_8_4_5_3_5_5_4_3_4_4_1
171	-241624.837186990189366	-247136.220218608330470	0	2	0.999999999999581	0	0	1	6.899999999999999	8427494672348414.000000000000000	-1	10	6	2	0	0	0	3	0	2	0	0.006000000000000	5_6_8_3_3_3_4_2_2_2_2_3_5_8_4_5_3_5_5_4_3_4_4_1
172	-242845.022632153355516	-247136.220218608330470	0	1	-1.000000000000000	0	0	0	6.000000000000000	8419067177676066.000000000000000	3	-1	33	7	0	0	21	4	2	2	3	0.010000000000000	5_6_8_4_3_3_4_2_2_2_2_3_5_8_4_5_3_5_5_4_3_4_4_1
173	-240884.746478037763154	-247136.220218608330470	0	2	0.999999999999767	0	0	1	6.899999999999999	8410648110498390.000000000000000	-1	2	6	2	0	0	0	3	0	2	0	0.004000000000000	5_6_7_4_3_3_4_2_2_2_2_3_5_8_4_5_3_5_5_4_3_4_4_1
174	-243010.017604049877264	-247136.220218608330470	0	1	-1.000000000000000	0	0	0	6.000000000000000	8402237462387892.000000000000000	0	-1	33	7	0	0	21	4	2	2	3	0.011000000000000	6_6_7_4_3_3_4_2_2_2_2_3_5_8_4_5_3_5_5_4_3_4_4_1
175	-242713.262413888005540	-247136.220218608330470	0	2	0.999999999999965	0	0	1	6.899999999999999	8393835224925504.000000000000000	-1	1	7	2	0	0	0	4	0	2	0	0.004000000000000	6_5_7_4_3_3_4_2_2_2_2_3_5_8_4_5_3_5_5_4_3_4_4_1
176	-245312.118733130831970	-247136.220218608330470	0	1	-1.000000000000000	0	0	0	6.000000000000000	8385441389700578.000000000000000	17	-1	33	7	0	0	21	4	2	2	3	0.009000000000000	6_5_7_4_3_3_4_2_2_2_2_3_5_8_4_5_3_6_5_4_3_4_4_1
177	-244027.448912841995480	-247136.220218608330470	0	2	0.999999999999847	0	0	1	6.899999999999999	8377055948310877.000000000000000	-1	13	6	2	0	0	0	3	0	2	0	0.004000000000000	6_5_7_4_3_3_4_2_2_2_2_3_5_7_4_5_3_6_5_4_3_4_4_1
178	-246934.479019991267705	-247136.220218608330470	0	1	-1.000000000000000	0	0	0	6.000000000000000	8368678892362566.000000000000000	10	-1	32	6	0	0	21	4	2	2	2	0.008000000000000	6_5_7_4_3_3_4_2_2_2_3_3_5_7_4_5_3_6_5_4_3_4_4_1
179	-243898.350777630810626	-247136.220218608330470	0	2	0.999999999999637	0	0	1	6.899999999999999	8360310213470203.000000000000000	-1	3	6	2	0	0	0	3	0	2	0	0.004000000000000	6_5_7_3_3_3_4_2_2_2_3_3_5_7_4_5_3_6_5_4_3_4_4_1
180	-247136.220218608330470	-247136.220218608330470	0	1	-1.000000000000000	0	0	0	6.000000000000000	8351949903256733.000000000000000	2	-1	32	6	0	0	21	4	2	2	2	0.011000000000000	6_5_8_3_3_3_4_2_2_2_3_3_5_7_4_5_3_6_5_4_3_4_4_1
181	-243962.150959249993321	-247136.220218608330470	0	2	0.999999999999620	0	0	1	6.899999999999999	8343597953353476.000000000000000	-1	0	6	2	0	0	0	3	0	2	0	0.003000000000000	5_5_8_3_3_3_4_2_2_2_3_3_5_7_4_5_3_6_5_4_3_4_4_1
182	-246325.267874304117868	-247136.220218608330470	0	1	-1.000000000000000	0	0	0	6.000000000000000	8335254355400123.000000000000000	1	-1	32	7	0	0	21	3	2	2	3	0.009000000000000	5_6_8_3_3_3_4_2_2_2_3_3_5_7_4_5_3_6_5_4_3_4_4_1
183	-243127.785874637338566	-247136.220218608330470	0	2	0.999999999999616	0	0	1	6.899999999999999	8326919101044723.000000000000000	-1	17	6	2	0	0	0	3	0	2	0	0.004000000000000	5_6_8_3_3_3_4_2_2_2_3_3_5_7_4_5_3_5_5_4_3_4_4_1
184	-245162.076524907723069	-247136.220218608330470	0	1	-1.000000000000000	0	0	0	6.000000000000000	8318592181943678.000000000000000	13	-1	33	7	0	0	21	4	2	2	3	0.009000000000000	5_6_8_3_3_3_4_2_2_2_3_3_5_8_4_5_3_5_5_4_3_4_4_1
185	-241624.837186990189366	-247136.220218608330470	0	2	0.999999999999575	0	0	1	6.899999999999999	8310273589761734.000000000000000	-1	10	6	2	0	0	0	3	0	2	0	0.003000000000000	5_6_8_3_3_3_4_2_2_2_2_3_5_8_4_5_3_5_5_4_3_4_4_1
186	-242845.022632153355516	-247136.220218608330470	0	1	-1.000000000000000	0	0	0	6.000000000000000	8301963316171972.000000000000000	3	-1	33	7	0	0	21	4	2	2	3	0.009000000000000	5_6_8_4_3_3_4_2_2_2_2_3_5_8_4_5_3_5_5_4_3_4_4_1
187	-240884.746478037763154	-247136.220218608330470	0	2	0.999999999999764	0	0	1	6.899999999999999	8293661352855800.000000000000000	-1	2	6	2	0	0	0	3	0	2	0	0.003000000000000	5_6_7_4_3_3_4_2_2_2_2_3_5_8_4_5_3_5_5_4_3_4_4_1
188	-243010.017604049877264	-247136.220218608330470	0	1	-1.000000000000000	0	0	0	6.000000000000000	8285367691502944.000000000000000	0	-1	33	7	0	0	21	4	2	2	3	0.009000000000000	6_6_7_4_3_3_4_2_2_2_2_3_5_8_4_5_3_5_5_4_3_4_4_1
189	-242713.262413888005540	-247136.220218608330470	0	2	0.999999999999964	0	0	1	6.899999999999999	8277082323811441.000000000000000	-1	1	7	2	0	0	0	4	0	2	0	0.003000000000000	6_5_7_4_3_3_4_2_2_2_2_3_5_8_4_5_3_5_5_4_3_4_4_1
190	-245312.118733130831970	-247136.220218608330470	0	1	-1.000000000000000	0	0	0	6.000000000000000	8268805241487630.000000000000000	17	-1	33	7	0	0	21	4	2	2	3	0.009000000000000	6_5_7_4_3_3_4_2_2_2_2_3_5_8_4_5_3_6_5_4_3_4_4_1
191	-244027.448912841995480	-247136.220218608330470	0	2	0.999999999999845	0	0	1	6.899999999999999	8260536436246142.000000000000000	-1	13	6	2	0	0	0	3	0	2	0	0.004000000000000	6_5_7_4_3_3_4_2_2_2_2_3_5_7_4_5_3_6_5_4_3_4_4_1
192	-246934.479019991267705	-247136.220218608330470	0	1	-1.000000000000000	0	0	0	6.000000000000000	8252275899809896.000000000000000	10	-1	32	6	0	0	21	4	2	2	2	0.010000000000000	6_5_7_4_3_3_4_2_2_2_3_3_5_7_4_5_3_6_5_4_3_4_4_1
193	-243898.350777630810626	-247136.220218608330470	0	2	0.999999999999632	0	0	1	6.899999999999999	8244023623910086.000000000000000	-1	3	6	2	0	0	0	3	0	2	0	0.005000000000000	6_5_7_3_3_3_4_2_2_2_3_3_5_7_4_5_3_6_5_4_3_4_4_1
194	-247136.220218608330470	-247136.220218608330470	0	1	-1.000000000000000	0	0	0	6.000000000000000	8235779600286176.000000000000000	2	-1	32	6	0	0	21	4	2	2	2	0.010000000000000	6_5_8_3_3_3_4_2_2_2_3_3_5_7_4_5_3_6_5_4_3_4_4_1
195	-243962.150959249993321	-247136.220218608330470	0	2	0.999999999999615	0	0	1	6.899999999999999	8227543820685890.000000000000000	-1	0	6	2	0	0	0	3	0	2	0	0.004000000000000	5_5_8_3_3_3_4_2_2_2_3_3_5_7_4_5_3_6_5_4_3_4_4_1
196	-246325.267874304117868	-247136.220218608330470	0	1	-1.000000000000000	0	0	0	6.000000000000000	8219316276865204.000000000000000	1	-1	32	7	0	0	21	3	2	2	3	0.009000000000000	5_6_8_3_3_3_4_2_2_2_3_3_5_7_4_5_3_6_5_4_3_4_4_1
197	-243127.785874637338566	-247136.220218608330470	0	2	0.999999999999611	0	0	1	6.899999999999999	8211096960588339.000000000000000	-1	17	6	2	0	0	0	3	0	2	0	0.004000000000000	5_6_8_3_3_3_4_2_2_2_3_3_5_7_4_5_3_5_5_4_3_4_4_1
198	-245162.076524907723069	-247136.220218608330470	0	1	-1.000000000000000	0	0	0	6.000000000000000	8202885863627751.000000000000000	13	-1	33	7	0	0	21	4	2	2	3	0.009000000000000	5_6_8_3_3_3_4_2_2_2_3_3_5_8_4_5_3_5_5_4_3_4_4_1
199	-241624.837186990189366	-247136.220218608330470	0	2	0.999999999999569	0	0	1	6.899999999999999	8194682977764123.000000000000000	-1	10	6	2	0	0	0	3	0	2	0	0.003000000000000	5_6_8_3_3_3_4_2_2_2_2_3_5_8_4_5_3_5_5_4_3_4_4_1
200	-242845.022632153355516	-247136.220218608330470	0	1	-1.000000000000000	0	0	0	6.000000000000000	8186488294786359.000000000000000	3	-1	33	7	0	0	21	4	2	2	3	0.011000000000000	5_6_8_4_3_3_4_2_2_2_2_3_5_8_4_5_3_5_5_4_3_4_4_1
201	-240884.746478037763154	-247136.220218608330470	0	2	0.999999999999761	0	0	1	6.899999999999999	8178301806491573.000000000000000	-1	2	6	2	0	0	0	3	0	2	0	0.004000000000000	5_6_7_4_3_3_4_2_2_2_2_3_5_8_4_5_3_5_5_4_3_4_4_1
202	-243010.017604049877264	-247136.220218608330470	0	1	-1.000000000000000	0	0	0	6.000000000000000	8170123504685081.000000000000000	0	-1	33	7	0	0	21	4	2	2	3	0.008000000000000	6_6_7_4_3_3_4_2_2_2_2_3_5_8_4_5_3_5_5_4_3_4_4_1
203	-242713.262413888005540	-247136.220218608330470	0	2	0.999999999999964	0	0	1	6.899999999999999	8161953381180396.000000000000000	-1	1	7	2	0	0	0	4	0	2	0	0.003000000000000	6_5_7_4_3_3_4_2_2_2_2_3_5_8_4_5_3_5_5_4_3_4_4_1
204	-245312.118733130831970	-247136.220218608330470	0	1	-1.000000000000000	0	0	0	6.000000000000000	8153791427799216.000000000000000	17	-1	33	7	0	0	21	4	2	2	3	0.007000000000000	6_5_7_4_3_3_4_2_2_2_2_3_5_8_4_5_3_6_5_4_3_4_4_1
205	-244027.448912841995480	-247136.220218608330470	0	2	0.999999999999842	0	0	1	6.899999999999999	8145637636371417.000000000000000	-1	13	6	2	0	0	0	3	0	2	0	0.003000000000000	6_5_7_4_3_3_4_2_2_2_2_3_5_7_4_5_3_6_5_4_3_4_4_1
206	-246934.479019991267705	-247136.220218608330470	0	1	-1.000000000000000	0	0	0	6.000000000000000	8137491998735046.000000000000000	10	-1	32	6	0	0	21	4	2	2	2	0.008000000000000	6_5_7_4_3_3_4_2_2_2_3_3_5_7_4_5_3_6_5_4_3_4_4_1
207	-243898.350777630810626	-247136.220218608330470	0	2	0.999999999999627	0	0	1	6.899999999999999	8129354506736311.000000000000000	-1	3	6	2	0	0	0	3	0	2	0	0.006000000000000	6_5_7_3_3_3_4_2_2_2_3_3_5_7_4_5_3_6_5_4_3_4_4_1
208	-247136.220218608330470	-247136.220218608330470	0	1	-1.000000000000000	0	0	0	6.000000000000000	8121225152229575.000000000000000	2	-1	32	6	0	0	21	4	2	2	2	0.011000000000000	6_5_8_3_3_3_4_2_2_2_3_3_5_7_4_5_3_6_5_4_3_4_4_1
209	-243962.150959249993321	-247136.220218608330470	0	2	0.999999999999609	0	0	1	6.899999999999999	8113103927077345.000000000000000	-1	0	6	2	0	0	0	3	0	2	0	0.003000000000000	5_5_8_3_3_3_4_2_2_2_3_3_5_7_4_5_3_6_5_4_3_4_4_1
210	-246325.267874304117868	-247136.220218608330470	0	1	-1.000000000000000	0	0	0	6.000000000000000	8104990823150268.000000000000000	1	-1	32	7	0	0	21	3	2	2	3	0.009000000000000	5_6_8_3_3_3_4_2_2_2_3_3_5_7_4_5_3_6_5_4_3_4_4_1
211	-243127.785874637338566	-247136.220218608330470	0	2	0.999999999999606	0	0	1	6.899999999999999	8096885832327118.000000000000000	-1	17	6	2	0	0	0	3	0	2	0	0.004000000000000	5_6_8_3_3_3_4_2_2_2_3_3_5_7_4_5_3_5_5_4_3_4_4_1
212	-245162.076524907723069	-247136.220218608330470	0	1	-1.000000000000000	0	0	0	6.000000000000000	8088788946494791.000000000000000	13	-1	33	7	0	0	21	4	2	2	3	0.011000000000000	5_6_8_3_3_3_4_2_2_2_3_3_5_8_4_5_3_5_5_4_3_4_4_1
213	-241624.837186990189366	-247136.220218608330470	0	2	0.999999999999563	0	0	1	6.899999999999999	8080700157548296.000000000000000	-1	10	6	2	0	0	0	3	0	2	0	0.004000000000000	5_6_8_3_3_3_4_2_2_2_2_3_5_8_4_5_3_5_5_4_3_4_4_1
214	-242845.022632153355516	-247136.220218608330470	0	1	-1.000000000000000	0	0	0	6.000000000000000	8072619457390748.000000000000000	3	-1	33	7	0	0	21	4	2	2	3	0.011000000000000	5_6_8_4_3_3_4_2_2_2_2_3_5_8_4_5_3_5_5_4_3_4_4_1
215	-240884.746478037763154	-247136.220218608330470	0	2	0.999999999999757	0	0	1	6.899999999999999	8064546837933357.000000000000000	-1	2	6	2	0	0	0	3	0	2	0	0.004000000000000	5_6_7_4_3_3_4_2_2_2_2_3_5_8_4_5_3_5_5_4_3_4_4_1
216	-243010.017604049877264	-247136.220218608330470	0	1	-1.000000000000000	0	0	0	6.000000000000000	8056482291095424.000000000000000	0	-1	33	7	0	0	21	4	2	2	3	0.009000000000000	6_6_7_4_3_3_4_2_2_2_2_3_5_8_4_5_3_5_5_4_3_4_4_1
217	-242713.262413888005540	-247136.220218608330470	0	2	0.999999999999963	0	0	1	6.899999999999999	8048425808804329.000000000000000	-1	1	7	2	0	0	0	4	0	2	0	0.004000000000000	6_5_7_4_3_3_4_2_2_2_2_3_5_8_4_5_3_5_5_4_3_4_4_1
218	-245312.118733130831970	-247136.220218608330470	0	1	-1.000000000000000	0	0	0	6.000000000000000	8040377382995525.000000000000000	17	-1	33	7	0	0	21	4	2	2	3	0.010000000000000	6_5_7_4_3_3_4_2_2_2_2_3_5_8_4_5_3_6_5_4_3_4_4_1
219	-244027.448912841995480	-247136.220218608330470	0	2	0.999999999999840	0	0	1	6.899999999999999	8032337005612529.000000000000000	-1	13	6	2	0	0	0	3	0	2	0	0.004000000000000	6_5_7_4_3_3_4_2_2_2_2_3_5_7_4_5_3_6_5_4_3_4_4_1
220	-246934.479019991267705	-247136.220218608330470	0	1	-1.000000000000000	0	0	0	6.000000000000000	8024304668606916.000000000000000	10	-1	32	6	0	0	21	4	2	2	2	0.010000000000000	6_5_7_4_3_3_4_2_2_2_3_3_5_7_4_5_3_6_5_4_3_4_4_1
221	-243898.350777630810626	-247136.220218608330470	0	2	0.999999999999622	0	0	1	6.899999999999999	8016280363938309.000000000000000	-1	3	6	2	0	0	0	3	0	2	0	0.004000000000000	6_5_7_3_3_3_4_2_2_2_3_3_5_7_4_5_3_6_5_4_3_4_4_1
222	-247136.220218608330470	-247136.220218608330470	0	1	-1.000000000000000	0	0	0	6.000000000000000	8008264083574371.000000000000000	2	-1	32	6	0	0	21	4	2	2	2	0.012000000000000	6_5_8_3_3_3_4_2_2_2_3_3_5_7_4_5_3_6_5_4_3_4_4_1
223	-243962.150959249993321	-247136.220218608330470	0	2	0.999999999999604	0	0	1	6.899999999999999	8000255819490797.000000000000000	-1	0	6	2	0	0	0	3	0	2	0	0.004000000000000	5_5_8_3_3_3_4_2_2_2_3_3_5_7_4_5_3_6_5_4_3_4_4_1
224	-246325.267874304117868	-247136.220218608330470	0	1	-1.000000000000000	0	0	0	6.000000000000000	7992255563671306.000000000000000	1	-1	32	7	0	0	21	3	2	2	3	0.010000000000000	5_6_8_3_3_3_4_2_2_2_3_3_5_7_4_5_3_6_5_4_3_4_4_1
225	-243127.785874637338566	-247136.220218608330470	0	2	0.999999999999600	0	0	1	6.899999999999999	7984263308107635.000000000000000	-1	17	6	2	0	0	0	3	0	2	0	0.004000000000000	5_6_8_3_3_3_4_2_2_2_3_3_5_7_4_5_3_5_5_4_3_4_4_1
226	-245162.076524907723069	-247136.220218608330470	0	1	-1.000000000000000	0	0	0	6.000000000000000	7976279044799527.000000000000000	13	-1	33	7	0	0	21	4	2	2	3	0.010000000000000	5_6_8_3_3_3_4_2_2_2_3_3_5_8_4_5_3_5_5_4_3_4_4_1
227	-241624.837186990189366	-247136.220218608330470	0	2	0.999999999999557	0	0	1	6.899999999999999	7968302765754727.000000000000000	-1	10	6	2	0	0	0	3	0	2	0	0.004000000000000	5_6_8_3_3_3_4_2_2_2_2_3_5_8_4_5_3_5_5_4_3_4_4_1
228	-242845.022632153355516	-247136.220218608330470	0	1	-1.000000000000000	0	0	0	6.000000000000000	7960334462988972.000000000000000	3	-1	33	7	0	0	21	4	2	2	3	0.010000000000000	5_6_8_4_3_3_4_2_2_2_2_3_5_8_4_5_3_5_5_4_3_4_4_1
229	-240884.746478037763154	-247136.220218608330470	0	2	0.999999999999754	0	0	1	6.899999999999999	7952374128525983.000000000000000	-1	2	6	2	0	0	0	3	0	2	0	0.004000000000000	5_6_7_4_3_3_4_2_2_2_2_3_5_8_4_5_3_5_5_4_3_4_4_1
230	-243010.017604049877264	-247136.220218608330470	0	1	-1.000000000000000	0	0	0	6.000000000000000	7944421754397457.000000000000000	0	-1	33	7	0	0	21	4	2	2	3	0.011000000000000	6_6_7_4_3_3_4_2_2_2_2_3_5_8_4_5_3_5_5_4_3_4_4_1
231	-242713.262413888005540	-247136.220218608330470	0	2	0.999999999999963	0	0	1	6.899999999999999	7936477332643060.000000000000000	-1	1	7	2	0	0	0	4	0	2	0	0.004000000000000	6_5_7_4_3_3_4_2_2_2_2_3_5_8_4_5_3_5_5_4_3_4_4_1
232	-245312.118733130831970	-247136.220218608330470	0	1	-1.000000000000000	0	0	0	6.000000000000000	7928540855310417.000000000000000	17	-1	33	7	0	0	21	4	2	2	3	0.009000000000000	6_5_7_4_3_3_4_2_2_2_2_3_5_8_4_5_3_6_5_4_3_4_4_1
233	-244027.448912841995480	-247136.220218608330470	0	2	0.999999999999838	0	0	1	6.899999999999999	7920612314455107.000000000000000	-1	13	6	2	0	0	0	3	0	2	0	0.004000000000000	6_5_7_4_3_3_4_2_2_2_2_3_5_7_4_5_3_6_5_4_3_4_4_1
234	-246934.479019991267705	-247136.220218608330470	0	1	-1.000000000000000	0	0	0	6.000000000000000	7912691702140652.000000000000000	10	-1	32	6	0	0	21	4	2	2	2	0.008000000000000	6_5_7_4_3_3_4_2_2_2_3_3_5_7_4_5_3_6_5_4_3_4_4_1
235	-243898.350777630810626	-247136.220218608330470	0	2	0.999999999999616	0	0	1	6.899999999999999	7904779010438511.000000000000000	-1	3	6	2	0	0	0	3	0	2	0	0.004000000000000	6_5_7_3_3_3_4_2_2_2_3_3_5_7_4_5_3_6_5_4_3_4_4_1
236	-247136.220218608330470	-247136.220218608330470	0	1	-1.000000000000000	0	0	0	6.000000000000000	7896874231428072.000000000000000	2	-1	32	6	0	0	21	4	2	2	2	0.011000000000000	6_5_8_3_3_3_4_2_2_2_3_3_5_7_4_5_3_6_5_4_3_4_4_1
237	-243962.150959249993321	-247136.220218608330470	0	2	0.999999999999598	0	0	1	6.899999999999999	7888977357196644.000000000000000	-1	0	6	2	0	0	0	3	0	2	0	0.003000000000000	5_5_8_3_3_3_4_2_2_2_3_3_5_7_4_5_3_6_5_4_3_4_4_1
238	-246325.267874304117868	-247136.220218608330470	0	1	-1.000000000000000	0	0	0	6.000000000000000	7881088379839447.000000000000000	1	-1	32	7	0	0	21	3	2	2	3	0.010000000000000	5_6_8_3_3_3_4_2_2_2_3_3_5_7_4_5_3_6_5_4_3_4_4_1
239	-243127.785874637338566	-247136.220218608330470	0	2	0.999999999999594	0	0	1	6.899999999999999	7873207291459608.000000000000000	-1	17	6	2	0	0	0	3	0	2	0	0.004000000000000	5_6_8_3_3_3_4_2_2_2_3_3_5_7_4_5_3_5_5_4_3_4_4_1
240	-245162.076524907723069	-247136.220218608330470	0	1	-1.000000000000000	0	0	0	6.000000000000000	7865334084168148.000000000000000	13	-1	33	7	0	0	21	4	2	2	3	0.010000000000000	5_6_8_3_3_3_4_2_2_2_3_3_5_8_4_5_3_5_5_4_3_4_4_1
241	-241624.837186990189366	-247136.220218608330470	0	2	0.999999999999550	0	0	1	6.899999999999999	7857468750083980.000000000000000	-1	10	6	2	0	0	0	3	0	2	0	0.005000000000000	5_6_8_3_3_3_4_2_2_2_2_3_5_8_4_5_3_5_5_4_3_4_4_1
242	-242845.022632153355516	-247136.220218608330470	0	1	-1.000000000000000	0	0	0	6.000000000000000	7849611281333896.000000000000000	3	-1	33	7	0	0	21	4	2	2	3	0.010000000000000	5_6_8_4_3_3_4_2_2_2_2_3_5_8_4_5_3_5_5_4_3_4_4_1
243	-240884.746478037763154	-247136.220218608330470	0	2	0.999999999999750	0	0	1	6.899999999999999	7841761670052562.000000000000000	-1	2	6	2	0	0	0	3	0	2	0	0.004000000000000	5_6_7_4_3_3_4_2_2_2_2_3_5_8_4_5_3_5_5_4_3_4_4_1
244	-243010.017604049877264	-247136.220218608330470	0	1	-1.000000000000000	0	0	0	6.000000000000000	7833919908382509.000000000000000	0	-1	33	7	0	0	21	4	2	2	3	0.013000000000000	6_6_7_4_3_3_4_2_2_2_2_3_5_8_4_5_3_5_5_4_3_4_4_1
245	-242713.262413888005540	-247136.220218608330470	0	2	0.999999999999962	0	0	1	6.899999999999999	7826085988474126.000000000000000	-1	1	7	2	0	0	0	4	0	2	0	0.005000000000000	6_5_7_4_3_3_4_2_2_2_2_3_5_8_4_5_3_5_5_4_3_4_4_1
246	-245312.118733130831970	-247136.220218608330470	0	1	-1.000000000000000	0	0	0	6.000000000000000	7818259902485652.000000000000000	17	-1	33	7	0	0	21	4	2	2	3	0.013000000000000	6_5_7_4_3_3_4_2_2_2_2_3_5_8_4_5_3_6_5_4_3_4_4_1
247	-244027.448912841995480	-247136.220218608330470	0	2	0.999999999999836	0	0	1	6.899999999999999	7810441642583166.000000000000000	-1	13	6	2	0	0	0	3	0	2	0	0.005000000000000	6_5_7_4_3_3_4_2_2_2_2_3_5_7_4_5_3_6_5_4_3_4_4_1
248	-246934.479019991267705	-247136.220218608330470	0	1	-1.000000000000000	0	0	0	6.000000000000000	7802631200940583.000000000000000	10	-1	32	6	0	0	21	4	2	2	2	0.012000000000000	6_5_7_4_3_3_4_2_2_2_3_3_5_7_4_5_3_6_5_4_3_4_4_1
249	-243898.350777630810626	-247136.220218608330470	0	2	0.999999999999611	0	0	1	6.899999999999999	7794828569739642.000000000000000	-1	3	6	2	0	0	0	3	0	2	0	0.005000000000000	6_5_7_3_3_3_4_2_2_2_3_3_5_7_4_5_3_6_5_4_3_4_4_1
250	-247136.220218608330470	-247136.220218608330470	0	1	-1.000000000000000	0	0	0	6.000000000000000	7787033741169902.000000000000000	2	-1	32	6	0	0	21	4	2	2	2	0.014000000000000	6_5_8_3_3_3_4_2_2_2_3_3_5_7_4_5_3_6_5_4_3_4_4_1
251	-243962.150959249993321	-247136.220218608330470	0	2	0.999999999999592	0	0	1	6.899999999999999	7779246707428732.000000000000000	-1	0	6	2	0	0	0	3	0	2	0	0.004000000000000	5_5_8_3_3_3_4_2_2_2_3_3_5_7_4_5_3_6_5_4_3_4_4_1
252	-246325.267874304117868	-247136.220218608330470	0	1	-1.000000000000000	0	0	0	6.000000000000000	7771467460721303.000000000000000	1	-1	32	7	0	0	21	3	2	2	3	0.011000000000000	5_6_8_3_3_3_4_2_2_2_3_3_5_7_4_5_3_6_5_4_3_4_4_1
253	-243127.785874637338566	-247136.220218608330470	0	2	0.999999999999589	0	0	1	6.899999999999999	7763695993260582.000000000000000	-1	17	6	2	0	0	0	3	0	2	0	0.005000000000000	5_6_8_3_3_3_4_2_2_2_3_3_5_7_4_5_3_5_5_4_3_4_4_1
254	-245162.076524907723069	-247136.220218608330470	0	1	-1.000000000000000	0	0	0	6.000000000000000	7755932297267321.000000000000000	13	-1	33	7	0	0	21	4	2	2	3	0.011000000000000	5_6_8_3_3_3_4_2_2_2_3_3_5_8_4_5_3_5_5_4_3_4_4_1
255	-241624.837186990189366	-247136.220218608330470	0	2	0.999999999999544	0	0	1	6.899999999999999	7748176364970054.000000000000000	-1	10	6	2	0	0	0	3	0	2	0	0.005000000000000	5_6_8_3_3_3_4_2_2_2_2_3_5_8_4_5_3_5_5_4_3_4_4_1
256	-242845.022632153355516	-247136.220218608330470	0	1	-1.000000000000000	0	0	0	6.000000000000000	7740428188605084.000000000000000	3	-1	33	7	0	0	21	4	2	2	3	0.012000000000000	5_6_8_4_3_3_4_2_2_2_2_3_5_8_4_5_3_5_5_4_3_4_4_1
257	-240884.746478037763154	-247136.220218608330470	0	2	0.999999999999747	0	0	1	6.899999999999999	7732687760416479.000000000000000	-1	2	6	2	0	0	0	3	0	2	0	0.004000000000000	5_6_7_4_3_3_4_2_2_2_2_3_5_8_4_5_3_5_5_4_3_4_4_1
258	-243010.017604049877264	-247136.220218608330470	0	1	-1.000000000000000	0	0	0	6.000000000000000	7724955072656063.000000000000000	0	-1	33	7	0	0	21	4	2	2	3	0.010000000000000	6_6_7_4_3_3_4_2_2_2_2_3_5_8_4_5_3_5_5_4_3_4_4_1
259	-242713.262413888005540	-247136.220218608330470	0	2	0.999999999999962	0	0	1	6.899999999999999	7717230117583407.000000000000000	-1	1	7	2	0	0	0	4	0	2	0	0.004000000000000	6_5_7_4_3_3_4_2_2_2_2_3_5_8_4_5_3_5_5_4_3_4_4_1
260	-245312.118733130831970	-247136.220218608330470	0	1	-1.000000000000000	0	0	0	6.000000000000000	7709512887465824.000000000000000	17	-1	33	7	0	0	21	4	2	2	3	0.009000000000000	6_5_7_4_3_3_4_2_2_2_2_3_5_8_4_5_3_6_5_4_3_4_4_1
261	-244027.448912841995480	-247136.220218608330470	0	2	0.999999999999833	0	0	1	6.899999999999999	7701803374578358.000000000000000	-1	13	6	2	0	0	0	3	0	2	0	0.002000000000000	6_5_7_4_3_3_4_2_2_2_2_3_5_7_4_5_3_6_5_4_3_4_4_1
262	-246934.479019991267705	-247136.220218608330470	0	1	-1.000000000000000	0	0	0	6.000000000000000	7694101571203780.000000000000000	10	-1	32	6	0	0	21	4	2	2	2	0.008000000000000	6_5_7_4_3_3_4_2_2_2_3_3_5_7_4_5_3_6_5_4_3_4_4_1
263	-243898.350777630810626	-247136.220218608330470	0	2	0.999999999999605	0	0	1	6.899999999999999	7686407469632576.000000000000000	-1	3	6	2	0	0	0	3	0	2	0	0.004000000000000	6_5_7_3_3_3_4_2_2_2_3_3_5_7_4_5_3_6_5_4_3_4_4_1
264	-247136.220218608330470	-247136.220218608330470	0	1	-1.000000000000000	0	0	0	6.000000000000000	7678721062162943.000000000000000	2	-1	32	6	0	0	21	4	2	2	2	0.010000000000000	6_5_8_3_3_3_4_2_2_2_3_3_5_7_4_5_3_6_5_4_3_4_4_1
265	-243962.150959249993321	-247136.220218608330470	0	2	0.999999999999587	0	0	1	6.899999999999999	7671042341100780.000000000000000	-1	0	6	2	0	0	0	3	0	2	0	0.005000000000000	5_5_8_3_3_3_4_2_2_2_3_3_5_7_4_5_3_6_5_4_3_4_4_1
266	-246325.267874304117868	-247136.220218608330470	0	1	-1.000000000000000	0	0	0	6.000000000000000	7663371298759679.000000000000000	1	-1	32	7	0	0	21	3	2	2	3	0.011000000000000	5_6_8_3_3_3_4_2_2_2_3_3_5_7_4_5_3_6_5_4_3_4_4_1
267	-243127.785874637338566	-247136.220218608330470	0	2	0.999999999999583	0	0	1	6.899999999999999	7655707927460919.000000000000000	-1	17	6	2	0	0	0	3	0	2	0	0.004000000000000	5_6_8_3_3_3_4_2_2_2_3_3_5_7_4_5_3_5_5_4_3_4_4_1
268	-245162.076524907723069	-247136.220218608330470	0	1	-1.000000000000000	0	0	0	6.000000000000000	7648052219533458.000000000000000	13	-1	33	7	0	0	21	4	2	2	3	0.009000000000000	5_6_8_3_3_3_4_2_2_2_3_3_5_8_4_5_3_5_5_4_3_4_4_1
269	-241624.837186990189366	-247136.220218608330470	0	2	0.999999999999537	0	0	1	6.899999999999999	7640404167313925.000000000000000	-1	10	6	2	0	0	0	3	0	2	0	0.004000000000000	5_6_8_3_3_3_4_2_2_2_2_3_5_8_4_5_3_5_5_4_3_4_4_1
270	-242845.022632153355516	-247136.220218608330470	0	1	-1.000000000000000	0	0	0	6.000000000000000	7632763763146611.000000000000000	3	-1	33	7	0	0	21	4	2	2	3	0.010000000000000	5_6_8_4_3_3_4_2_2_2_2_3_5_8_4_5_3_5_5_4_3_4_4_1
271	-240884.746478037763154	-247136.220218608330470	0	2	0.999999999999743	0	0	1	6.899999999999999	7625130999383464.000000000000000	-1	2	6	2	0	0	0	3	0	2	0	0.004000000000000	5_6_7_4_3_3_4_2_2_2_2_3_5_8_4_5_3_5_5_4_3_4_4_1
272	-243010.017604049877264	-247136.220218608330470	0	1	-1.000000000000000	0	0	0	6.000000000000000	7617505868384081.000000000000000	0	-1	33	7	0	0	21	4	2	2	3	0.011000000000000	6_6_7_4_3_3_4_2_2_2_2_3_5_8_4_5_3_5_5_4_3_4_4_1
273	-242713.262413888005540	-247136.220218608330470	0	2	0.999999999999961	0	0	1	6.899999999999999	7609888362515697.000000000000000	-1	1	7	2	0	0	0	4	0	2	0	0.005000000000000	6_5_7_4_3_3_4_2_2_2_2_3_5_8_4_5_3_5_5_4_3_4_4_1
274	-245312.118733130831970	-247136.220218608330470	0	1	-1.000000000000000	0	0	0	6.000000000000000	7602278474153181.000000000000000	17	-1	33	7	0	0	21	4	2	2	3	0.013000000000000	6_5_7_4_3_3_4_2_2_2_2_3_5_8_4_5_3_6_5_4_3_4_4_1
275	-244027.448912841995480	-247136.220218608330470	0	2	0.999999999999831	0	0	1	6.899999999999999	7594676195679028.000000000000000	-1	13	6	2	0	0	0	3	0	2	0	0.006000000000000	6_5_7_4_3_3_4_2_2_2_2_3_5_7_4_5_3_6_5_4_3_4_4_1
276	-246934.479019991267705	-247136.220218608330470	0	1	-1.000000000000000	0	0	0	6.000000000000000	7587081519483349.000000000000000	10	-1	32	6	0	0	21	4	2	2	2	0.012000000000000	6_5_7_4_3_3_4_2_2_2_3_3_5_7_4_5_3_6_5_4_3_4_4_1
277	-243898.350777630810626	-247136.220218608330470	0	2	0.999999999999600	0	0	1	6.899999999999999	7579494437963866.000000000000000	-1	3	6	2	0	0	0	3	0	2	0	0.005000000000000	6_5_7_3_3_3_4_2_2_2_3_3_5_7_4_5_3_6_5_4_3_4_4_1
278	-247136.220218608330470	-247136.220218608330470	0	1	-1.000000000000000	0	0	0	6.000000000000000	7571914943525902.000000000000000	2	-1	32	6	0	0	21	4	2	2	2	0.011000000000000	6_5_8_3_3_3_4_2_2_2_3_3_5_7_4_5_3_6_5_4_3_4_4_1
279	-243962.150959249993321	-247136.220218608330470	0	2	0.999999999999581	0	0	1	6.899999999999999	7564343028582376.000000000000000	-1	0	6	2	0	0	0	3	0	2	0	0.006000000000000	5_5_8_3_3_3_4_2_2_2_3_3_5_7_4_5_3_6_5_4_3_4_4_1
280	-246325.267874304117868	-247136.220218608330470	0	1	-1.000000000000000	0	0	0	6.000000000000000	7556778685553794.000000000000000	1	-1	32	7	0	0	21	3	2	2	3	0.013000000000000	5_6_8_3_3_3_4_2_2_2_3_3_5_7_4_5_3_6_5_4_3_4_4_1
281	-243127.785874637338566	-247136.220218608330470	0	2	0.999999999999577	0	0	1	6.899999999999999	7549221906868240.000000000000000	-1	17	6	2	0	0	0	3	0	2	0	0.005000000000000	5_6_8_3_3_3_4_2_2_2_3_3_5_7_4_5_3_5_5_4_3_4_4_1
282	-245162.076524907723069	-247136.220218608330470	0	1	-1.000000000000000	0	0	0	6.000000000000000	7541672684961372.000000000000000	13	-1	33	7	0	0	21	4	2	2	3	0.014000000000000	5_6_8_3_3_3_4_2_2_2_3_3_5_8_4_5_3_5_5_4_3_4_4_1
283	-241624.837186990189366	-247136.220218608330470	0	2	0.999999999999531	0	0	1	6.899999999999999	7534131012276411.000000000000000	-1	10	6	2	0	0	0	3	0	2	0	0.005000000000000	5_6_8_3_3_3_4_2_2_2_2_3_5_8_4_5_3_5_5_4_3_4_4_1
284	-242845.022632153355516	-247136.220218608330470	0	1	-1.000000000000000	0	0	0	6.000000000000000	7526596881264135.000000000000000	3	-1	33	7	0	0	21	4	2	2	3	0.013000000000000	5_6_8_4_3_3_4_2_2_2_2_3_5_8_4_5_3_5_5_4_3_4_4_1
285	-240884.746478037763154	-247136.220218608330470	0	2	0.999999999999740	0	0	1	6.899999999999999	7519070284382871.000000000000000	-1	2	6	2	0	0	0	3	0	2	0	0.005000000000000	5_6_7_4_3_3_4_2_2_2_2_3_5_8_4_5_3_5_5_4_3_4_4_1
286	-243010.017604049877264	-247136.220218608330470	0	1	-1.000000000000000	0	0	0	6.000000000000000	7511551214098488.000000000000000	0	-1	33	7	0	0	21	4	2	2	3	0.022000000000000	6_6_7_4_3_3_4_2_2_2_2_3_5_8_4_5_3_5_5_4_3_4_4_1
287	-242713.262413888005540	-247136.220218608330470	0	2	0.999999999999960	0	0	1	6.899999999999999	7504039662884390.000000000000000	-1	1	7	2	0	0	0	4	0	2	0	0.008000000000000	6_5_7_4_3_3_4_2_2_2_2_3_5_8_4_5_3_5_5_4_3_4_4_1
288	-245312.118733130831970	-247136.220218608330470	0	1	-1.000000000000000	0	0	0	6.000000000000000	7496535623221506.000000000000000	17	-1	33	7	0	0	21	4	2	2	3	0.009000000000000	6_5_7_4_3_3_4_2_2_2_2_3_5_8_4_5_3_6_5_4_3_4_4_1
289	-244027.448912841995480	-247136.220218608330470	0	2	0.999999999999829	0	0	1	6.899999999999999	7489039087598284.000000000000000	-1	13	6	2	0	0	0	3	0	2	0	0.004000000000000	6_5_7_4_3_3_4_2_2_2_2_3_5_7_4_5_3_6_5_4_3_4_4_1
290	-246934.479019991267705	-247136.220218608330470	0	1	-1.000000000000000	0	0	0	6.000000000000000	7481550048510686.000000000000000	10	-1	32	6	0	0	21	4	2	2	2	0.012000000000000	6_5_7_4_3_3_4_2_2_2_3_3_5_7_4_5_3_6_5_4_3_4_4_1
291	-243898.350777630810626	-247136.220218608330470	0	2	0.999999999999594	0	0	1	6.899999999999999	7474068498462175.000000000000000	-1	3	6	2	0	0	0	3	0	2	0	0.005000000000000	6_5_7_3_3_3_4_2_2_2_3_3_5_7_4_5_3_6_5_4_3_4_4_1
292	-247136.220218608330470	-247136.220218608330470	0	1	-1.000000000000000	0	0	0	6.000000000000000	7466594429963713.000000000000000	2	-1	32	6	0	0	21	4	2	2	2	0.020000000000000	6_5_8_3_3_3_4_2_2_2_3_3_5_7_4_5_3_6_5_4_3_4_4_1
293	-243962.150959249993321	-247136.220218608330470	0	2	0.999999999999575	0	0	1	6.899999999999999	7459127835533749.000000000000000	-1	0	6	2	0	0	0	3	0	2	0	0.009000000000000	5_5_8_3_3_3_4_2_2_2_3_3_5_7_4_5_3_6_5_4_3_4_4_1
294	-246325.267874304117868	-247136.220218608330470	0	1	-1.000000000000000	0	0	0	6.000000000000000	7451668707698215.000000000000000	1	-1	32	7	0	0	21	3	2	2	3	0.020000000000000	5_6_8_3_3_3_4_2_2_2_3_3_5_7_4_5_3_6_5_4_3_4_4_1
295	-243127.785874637338566	-247136.220218608330470	0	2	0.999999999999571	0	0	1	6.899999999999999	7444217038990517.000000000000000	-1	17	6	2	0	0	0	3	0	2	0	0.009000000000000	5_6_8_3_3_3_4_2_2_2_3_3_5_7_4_5_3_5_5_4_3_4_4_1
296	-245162.076524907723069	-247136.220218608330470	0	1	-1.000000000000000	0	0	0	6.000000000000000	7436772821951526.000000000000000	13	-1	33	7	0	0	21	4	2	2	3	0.022000000000000	5_6_8_3_3_3_4_2_2_2_3_3_5_8_4_5_3_5_5_4_3_4_4_1
297	-241624.837186990189366	-247136.220218608330470	0	2	0.999999999999524	0	0	1	6.899999999999999	7429336049129574.000000000000000	-1	10	6	2	0	0	0	3	0	2	0	0.009000000000000	5_6_8_3_3_3_4_2_2_2_2_3_5_8_4_5_3_5_5_4_3_4_4_1
298	-242845.022632153355516	-247136.220218608330470	0	1	-1.000000000000000	0	0	0	6.000000000000000	7421906713080444.000000000000000	3	-1	33	7	0	0	21	4	2	2	3	0.023000000000000	5_6_8_4_3_3_4_2_2_2_2_3_5_8_4_5_3_5_5_4_3_4_4_1
299	-240884.746478037763154	-247136.220218608330470	0	2	0.999999999999736	0	0	1	6.899999999999999	7414484806367364.000000000000000	-1	2	6	2	0	0	0	3	0	2	0	0.009000000000000	5_6_7_4_3_3_4_2_2_2_2_3_5_8_4_5_3_5_5_4_3_4_4_1
300	-243010.017604049877264	-247136.220218608330470	0	1	-1.000000000000000	0	0	0	6.000000000000000	7407070321560997.000000000000000	0	-1	33	7	0	0	21	4	2	2	3	0.023000000000000	6_6_7_4_3_3_4_2_2_2_2_3_5_8_4_5_3_5_5_4_3_4_4_1
301	-242713.262413888005540	-247136.220218608330470	0	2	0.999999999999960	0	0	1	6.899999999999999	7399663251239436.000000000000000	-1	1	7	2	0	0	0	4	0	2	0	0.010000000000000	6_5_7_4_3_3_4_2_2_2_2_3_5_8_4_5_3_5_5_4_3_4_4_1
302	-245312.118733130831970	-247136.220218608330470	0	1	-1.000000000000000	0	0	0	6.000000000000000	7392263587988197.000000000000000	17	-1	33	7	0	0	21	4	2	2	3	0.021000000000000	6_5_7_4_3_3_4_2_2_2_2_3_5_8_4_5_3_6_5_4_3_4_4_1
303	-244027.448912841995480	-247136.220218608330470	0	2	0.999999999999826	0	0	1	6.899999999999999	7384871324400209.000000000000000	-1	13	6	2	0	0	0	3	0	2	0	0.004000000000000	6_5_7_4_3_3_4_2_2_2_2_3_5_7_4_5_3_6_5_4_3_4_4_1
304	-246934.479019991267705	-247136.220218608330470	0	1	-1.000000000000000	0	0	0	6.000000000000000	7377486453075809.000000000000000	10	-1	32	6	0	0	21	4	2	2	2	0.010000000000000	6_5_7_4_3_3_4_2_2_2_3_3_5_7_4_5_3_6_5_4_3_4_4_1
305	-243898.350777630810626	-247136.220218608330470	0	2	0.999999999999588	0	0	1	6.899999999999999	7370108966622733.000000000000000	-1	3	6	2	0	0	0	3	0	2	0	0.004000000000000	6_5_7_3_3_3_4_2_2_2_3_3_5_7_4_5_3_6_5_4_3_4_4_1
306	-247136.220218608330470	-247136.220218608330470	0	1	-1.000000000000000	0	0	0	6.000000000000000	7362738857656110.000000000000000	2	-1	32	6	0	0	21	4	2	2	2	0.013000000000000	6_5_8_3_3_3_4_2_2_2_3_3_5_7_4_5_3_6_5_4_3_4_4_1
307	-243962.150959249993321	-247136.220218608330470	0	2	0.999999999999569	0	0	1	6.899999999999999	7355376118798454.000000000000000	-1	0	6	2	0	0	0	3	0	2	0	0.004000000000000	5_5_8_3_3_3_4_2_2_2_3_3_5_7_4_5_3_6_5_4_3_4_4_1
308	-246325.267874304117868	-247136.220218608330470	0	1	-1.000000000000000	0	0	0	6.000000000000000	7348020742679656.000000000000000	1	-1	32	7	0	0	21	3	2	2	3	0.012000000000000	5_6_8_3_3_3_4_2_2_2_3_3_5_7_4_5_3_6_5_4_3_4_4_1
309	-243127.785874637338566	-247136.220218608330470	0	2	0.999999999999565	0	0	1	6.899999999999999	7340672721936976.000000000000000	-1	17	6	2	0	0	0	3	0	2	0	0.005000000000000	5_6_8_3_3_3_4_2_2_2_3_3_5_7_4_5_3_5_5_4_3_4_4_1
310	-245162.076524907723069	-247136.220218608330470	0	1	-1.000000000000000	0	0	0	6.000000000000000	7333332049215039.000000000000000	13	-1	33	7	0	0	21	4	2	2	3	0.013000000000000	5_6_8_3_3_3_4_2_2_2_3_3_5_8_4_5_3_5_5_4_3_4_4_1
311	-241624.837186990189366	-247136.220218608330470	0	2	0.999999999999518	0	0	1	6.899999999999999	7325998717165824.000000000000000	-1	10	6	2	0	0	0	3	0	2	0	0.005000000000000	5_6_8_3_3_3_4_2_2_2_2_3_5_8_4_5_3_5_5_4_3_4_4_1
312	-242845.022632153355516	-247136.220218608330470	0	1	-1.000000000000000	0	0	0	6.000000000000000	7318672718448658.000000000000000	3	-1	33	7	0	0	21	4	2	2	3	0.023000000000000	5_6_8_4_3_3_4_2_2_2_2_3_5_8_4_5_3_5_5_4_3_4_4_1
313	-240884.746478037763154	-247136.220218608330470	0	2	0.999999999999732	0	0	1	6.899999999999999	7311354045730209.000000000000000	-1	2	6	2	0	0	0	3	0	2	0	0.004000000000000	5_6_7_4_3_3_4_2_2_2_2_3_5_8_4_5_3_5_5_4_3_4_4_1
314	-243010.017604049877264	-247136.220218608330470	0	1	-1.000000000000000	0	0	0	6.000000000000000	7304042691684479.000000000000000	0	-1	33	7	0	0	21	4	2	2	3	0.011000000000000	6_6_7_4_3_3_4_2_2_2_2_3_5_8_4_5_3_5_5_4_3_4_4_1
315	-242713.262413888005540	-247136.220218608330470	0	2	0.999999999999959	0	0	1	6.899999999999999	7296738648992795.000000000000000	-1	1	7	2	0	0	0	4	0	2	0	0.005000000000000	6_5_7_4_3_3_4_2_2_2_2_3_5_8_4_5_3_5_5_4_3_4_4_1
316	-245312.118733130831970	-247136.220218608330470	0	1	-1.000000000000000	0	0	0	6.000000000000000	7289441910343802.000000000000000	17	-1	33	7	0	0	21	4	2	2	3	0.011000000000000	6_5_7_4_3_3_4_2_2_2_2_3_5_8_4_5_3_6_5_4_3_4_4_1
317	-244027.448912841995480	-247136.220218608330470	0	2	0.999999999999824	0	0	1	6.899999999999999	7282152468433458.000000000000000	-1	13	6	2	0	0	0	3	0	2	0	0.037000000000000	6_5_7_4_3_3_4_2_2_2_2_3_5_7_4_5_3_6_5_4_3_4_4_1
318	-246934.479019991267705	-247136.220218608330470	0	1	-1.000000000000000	0	0	0	6.000000000000000	7274870315965025.000000000000000	10	-1	32	6	0	0	21	4	2	2	2	0.008000000000000	6_5_7_4_3_3_4_2_2_2_3_3_5_7_4_5_3_6_5_4_3_4_4_1
319	-243898.350777630810626	-247136.220218608330470	0	2	0.999999999999583	0	0	1	6.899999999999999	7267595445649060.000000000000000	-1	3	6	2	0	0	0	3	0	2	0	0.003000000000000	6_5_7_3_3_3_4_2_2_2_3_3_5_7_4_5_3_6_5_4_3_4_4_1
320	-247136.220218608330470	-247136.220218608330470	0	1	-1.000000000000000	0	0	0	6.000000000000000	7260327850203411.000000000000000	2	-1	32	6	0	0	21	4	2	2	2	0.011000000000000	6_5_8_3_3_3_4_2_2_2_3_3_5_7_4_5_3_6_5_4_3_4_4_1
321	-243962.150959249993321	-247136.220218608330470	0	2	0.999999999999563	0	0	1	6.899999999999999	7253067522353208.000000000000000	-1	0	6	2	0	0	0	3	0	2	0	0.004000000000000	5_5_8_3_3_3_4_2_2_2_3_3_5_7_4_5_3_6_5_4_3_4_4_1
322	-246325.267874304117868	-247136.220218608330470	0	1	-1.000000000000000	0	0	0	6.000000000000000	7245814454830855.000000000000000	1	-1	32	7	0	0	21	3	2	2	3	0.009000000000000	5_6_8_3_3_3_4_2_2_2_3_3_5_7_4_5_3_6_5_4_3_4_4_1
323	-243127.785874637338566	-247136.220218608330470	0	2	0.999999999999559	0	0	1	6.899999999999999	7238568640376024.000000000000000	-1	17	6	2	0	0	0	3	0	2	0	0.004000000000000	5_6_8_3_3_3_4_2_2_2_3_3_5_7_4_5_3_5_5_4_3_4_4_1
324	-245162.076524907723069	-247136.220218608330470	0	1	-1.000000000000000	0	0	0	6.000000000000000	7231330071735648.000000000000000	13	-1	33	7	0	0	21	4	2	2	3	0.007000000000000	5_6_8_3_3_3_4_2_2_2_3_3_5_8_4_5_3_5_5_4_3_4_4_1
325	-241624.837186990189366	-247136.220218608330470	0	2	0.999999999999511	0	0	1	6.899999999999999	7224098741663912.000000000000000	-1	10	6	2	0	0	0	3	0	2	0	0.004000000000000	5_6_8_3_3_3_4_2_2_2_2_3_5_8_4_5_3_5_5_4_3_4_4_1
326	-242845.022632153355516	-247136.220218608330470	0	1	-1.000000000000000	0	0	0	6.000000000000000	7216874642922248.000000000000000	3	-1	33	7	0	0	21	4	2	2	3	0.010000000000000	5_6_8_4_3_3_4_2_2_2_2_3_5_8_4_5_3_5_5_4_3_4_4_1
327	-240884.746478037763154	-247136.220218608330470	0	2	0.999999999999728	0	0	1	6.899999999999999	7209657768279326.000000000000000	-1	2	6	2	0	0	0	3	0	2	0	0.003000000000000	5_6_7_4_3_3_4_2_2_2_2_3_5_8_4_5_3_5_5_4_3_4_4_1
328	-243010.017604049877264	-247136.220218608330470	0	1	-1.000000000000000	0	0	0	6.000000000000000	7202448110511047.000000000000000	0	-1	33	7	0	0	21	4	2	2	3	0.010000000000000	6_6_7_4_3_3_4_2_2_2_2_3_5_8_4_5_3_5_5_4_3_4_4_1
329	-242713.262413888005540	-247136.220218608330470	0	2	0.999999999999959	0	0	1	6.899999999999999	7195245662400536.000000000000000	-1	1	7	2	0	0	0	4	0	2	0	0.003000000000000	6_5_7_4_3_3_4_2_2_2_2_3_5_8_4_5_3_5_5_4_3_4_4_1
330	-245312.118733130831970	-247136.220218608330470	0	1	-1.000000000000000	0	0	0	6.000000000000000	7188050416738135.000000000000000	17	-1	33	7	0	0	21	4	2	2	3	0.009000000000000	6_5_7_4_3_3_4_2_2_2_2_3_5_8_4_5_3_6_5_4_3_4_4_1
331	-244027.448912841995480	-247136.220218608330470	0	2	0.999999999999821	0	0	1	6.899999999999999	7180862366321397.000000000000000	-1	13	6	2	0	0	0	3	0	2	0	0.003000000000000	6_5_7_4_3_3_4_2_2_2_2_3_5_7_4_5_3_6_5_4_3_4_4_1
332	-246934.479019991267705	-247136.220218608330470	0	1	-1.000000000000000	0	0	0	6.000000000000000	7173681503955076.000000000000000	10	-1	32	6	0	0	21	4	2	2	2	0.008000000000000	6_5_7_4_3_3_4_2_2_2_3_3_5_7_4_5_3_6_5_4_3_4_4_1
333	-243898.350777630810626	-247136.220218608330470	0	2	0.999999999999577	0	0	1	6.899999999999999	7166507822451121.000000000000000	-1	3	6	2	0	0	0	3	0	2	0	0.002000000000000	6_5_7_3_3_3_4_2_2_2_3_3_5_7_4_5_3_6_5_4_3_4_4_1
334	-247136.220218608330470	-247136.220218608330470	0	1	-1.000000000000000	0	0	0	6.000000000000000	7159341314628670.000000000000000	2	-1	32	6	0	0	21	4	2	2	2	0.009000000000000	6_5_8_3_3_3_4_2_2_2_3_3_5_7_4_5_3_6_5_4_3_4_4_1
335	-243962.150959249993321	-247136.220218608330470	0	2	0.999999999999557	0	0	1	6.899999999999999	7152181973314041.000000000000000	-1	0	6	2	0	0	0	3	0	2	0	0.004000000000000	5_5_8_3_3_3_4_2_2_2_3_3_5_7_4_5_3_6_5_4_3_4_4_1
336	-246325.267874304117868	-247136.220218608330470	0	1	-1.000000000000000	0	0	0	6.000000000000000	7145029791340727.000000000000000	1	-1	32	7	0	0	21	3	2	2	3	0.008000000000000	5_6_8_3_3_3_4_2_2_2_3_3_5_7_4_5_3_6_5_4_3_4_4_1
337	-243127.785874637338566	-247136.220218608330470	0	2	0.999999999999552	0	0	1	6.899999999999999	7137884761549386.000000000000000	-1	17	6	2	0	0	0	3	0	2	0	0.002000000000000	5_6_8_3_3_3_4_2_2_2_3_3_5_7_4_5_3_5_5_4_3_4_4_1
338	-245162.076524907723069	-247136.220218608330470	0	1	-1.000000000000000	0	0	0	6.000000000000000	7130746876787837.000000000000000	13	-1	33	7	0	0	21	4	2	2	3	0.009000000000000	5_6_8_3_3_3_4_2_2_2_3_3_5_8_4_5_3_5_5_4_3_4_4_1
339	-241624.837186990189366	-247136.220218608330470	0	2	0.999999999999504	0	0	1	6.899999999999999	7123616129911049.000000000000000	-1	10	6	2	0	0	0	3	0	2	0	0.003000000000000	5_6_8_3_3_3_4_2_2_2_2_3_5_8_4_5_3_5_5_4_3_4_4_1
340	-242845.022632153355516	-247136.220218608330470	0	1	-1.000000000000000	0	0	0	6.000000000000000	7116492513781138.000000000000000	3	-1	33	7	0	0	21	4	2	2	3	0.009000000000000	5_6_8_4_3_3_4_2_2_2_2_3_5_8_4_5_3_5_5_4_3_4_4_1
341	-240884.746478037763154	-247136.220218608330470	0	2	0.999999999999725	0	0	1	6.899999999999999	7109376021267357.000000000000000	-1	2	6	2	0	0	0	3	0	2	0	0.015000000000000	5_6_7_4_3_3_4_2_2_2_2_3_5_8_4_5_3_5_5_4_3_4_4_1
342	-243010.017604049877264	-247136.220218608330470	0	1	-1.000000000000000	0	0	0	6.000000000000000	7102266645246090.000000000000000	0	-1	33	7	0	0	21	4	2	2	3	0.008000000000000	6_6_7_4_3_3_4_2_2_2_2_3_5_8_4_5_3_5_5_4_3_4_4_1
343	-242713.262413888005540	-247136.220218608330470	0	2	0.999999999999958	0	0	1	6.899999999999999	7095164378600844.000000000000000	-1	1	7	2	0	0	0	4	0	2	0	0.003000000000000	6_5_7_4_3_3_4_2_2_2_2_3_5_8_4_5_3_5_5_4_3_4_4_1
344	-245312.118733130831970	-247136.220218608330470	0	1	-1.000000000000000	0	0	0	6.000000000000000	7088069214222243.000000000000000	17	-1	33	7	0	0	21	4	2	2	3	0.011000000000000	6_5_7_4_3_3_4_2_2_2_2_3_5_8_4_5_3_6_5_4_3_4_4_1
345	-244027.448912841995480	-247136.220218608330470	0	2	0.999999999999819	0	0	1	6.899999999999999	7080981145008021.000000000000000	-1	13	6	2	0	0	0	3	0	2	0	0.005000000000000	6_5_7_4_3_3_4_2_2_2_2_3_5_7_4_5_3_6_5_4_3_4_4_1
346	-246934.479019991267705	-247136.220218608330470	0	1	-1.000000000000000	0	0	0	6.000000000000000	7073900163863013.000000000000000	10	-1	32	6	0	0	21	4	2	2	2	0.013000000000000	6_5_7_4_3_3_4_2_2_2_3_3_5_7_4_5_3_6_5_4_3_4_4_1
347	-243898.350777630810626	-247136.220218608330470	0	2	0.999999999999571	0	0	1	6.899999999999999	7066826263699150.000000000000000	-1	3	6	2	0	0	0	3	0	2	0	0.005000000000000	6_5_7_3_3_3_4_2_2_2_3_3_5_7_4_5_3_6_5_4_3_4_4_1
348	-247136.220218608330470	-247136.220218608330470	0	1	-1.000000000000000	0	0	0	6.000000000000000	7059759437435451.000000000000000	2	-1	32	6	0	0	21	4	2	2	2	0.013000000000000	6_5_8_3_3_3_4_2_2_2_3_3_5_7_4_5_3_6_5_4_3_4_4_1
349	-243962.150959249993321	-247136.220218608330470	0	2	0.999999999999550	0	0	1	6.899999999999999	7052699677998016.000000000000000	-1	0	6	2	0	0	0	3	0	2	0	0.006000000000000	5_5_8_3_3_3_4_2_2_2_3_3_5_7_4_5_3_6_5_4_3_4_4_1
350	-246325.267874304117868	-247136.220218608330470	0	1	-1.000000000000000	0	0	0	6.000000000000000	7045646978320018.000000000000000	1	-1	32	7	0	0	21	3	2	2	3	0.012000000000000	5_6_8_3_3_3_4_2_2_2_3_3_5_7_4_5_3_6_5_4_3_4_4_1
351	-243127.785874637338566	-247136.220218608330470	0	2	0.999999999999546	0	0	1	6.899999999999999	7038601331341698.000000000000000	-1	17	6	2	0	0	0	3	0	2	0	0.006000000000000	5_6_8_3_3_3_4_2_2_2_3_3_5_7_4_5_3_5_5_4_3_4_4_1
352	-245162.076524907723069	-247136.220218608330470	0	1	-1.000000000000000	0	0	0	6.000000000000000	7031562730010356.000000000000000	13	-1	33	7	0	0	21	4	2	2	3	0.013000000000000	5_6_8_3_3_3_4_2_2_2_3_3_5_8_4_5_3_5_5_4_3_4_4_1
353	-241624.837186990189366	-247136.220218608330470	0	2	0.999999999999497	0	0	1	6.899999999999999	7024531167280346.000000000000000	-1	10	6	2	0	0	0	3	0	2	0	0.005000000000000	5_6_8_3_3_3_4_2_2_2_2_3_5_8_4_5_3_5_5_4_3_4_4_1
354	-242845.022632153355516	-247136.220218608330470	0	1	-1.000000000000000	0	0	0	6.000000000000000	7017506636113066.000000000000000	3	-1	33	7	0	0	21	4	2	2	3	0.014000000000000	5_6_8_4_3_3_4_2_2_2_2_3_5_8_4_5_3_5_5_4_3_4_4_1
355	-240884.746478037763154	-247136.220218608330470	0	2	0.999999999999721	0	0	1	6.899999999999999	7010489129476953.000000000000000	-1	2	6	2	0	0	0	3	0	2	0	0.006000000000000	5_6_7_4_3_3_4_2_2_2_2_3_5_8_4_5_3_5_5_4_3_4_4_1
356	-243010.017604049877264	-247136.220218608330470	0	1	-1.000000000000000	0	0	0	6.000000000000000	7003478640347476.000000000000000	0	-1	33	7	0	0	21	4	2	2	3	0.017000000000000	6_6_7_4_3_3_4_2_2_2_2_3_5_8_4_5_3_5_5_4_3_4_4_1
-1	-1	-1	-1	-1	-1	-1	-1	-1	-1	-1	-1	-1	-1	-1	-1	-1	-1	-1	-1	-1	-1	-1	-1
357	-242713.262413888005540	-247136.220218608330470	0	2	0.999999999999958	0	0	1	6.899999999999999	6996475161707129.000000000000000	-1	1	7	2	0	0	0	4	0	2	0	0.012000000000000	6_5_7_4_3_3_4_2_2_2_2_3_5_8_4_5_3_5_5_4_3_4_4_1
358	-245312.118733130831970	-247136.220218608330470	0	1	-1.000000000000000	0	0	0	6.000000000000000	6989478686545422.000000000000000	17	-1	33	7	0	0	21	4	2	2	3	0.015000000000000	6_5_7_4_3_3_4_2_2_2_2_3_5_8_4_5_3_6_5_4_3_4_4_1
359	-244027.448912841995480	-247136.220218608330470	0	2	0.999999999999816	0	0	1	6.899999999999999	6982489207858877.000000000000000	-1	13	6	2	0	0	0	3	0	2	0	0.004000000000000	6_5_7_4_3_3_4_2_2_2_2_3_5_7_4_5_3_6_5_4_3_4_4_1
360	-246934.479019991267705	-247136.220218608330470	0	1	-1.000000000000000	0	0	0	6.000000000000000	6975506718651018.000000000000000	10	-1	32	6	0	0	21	4	2	2	2	0.013000000000000	6_5_7_4_3_3_4_2_2_2_3_3_5_7_4_5_3_6_5_4_3_4_4_1
361	-243898.350777630810626	-247136.220218608330470	0	2	0.999999999999565	0	0	1	6.899999999999999	6968531211932367.000000000000000	-1	3	6	2	0	0	0	3	0	2	0	0.006000000000000	6_5_7_3_3_3_4_2_2_2_3_3_5_7_4_5_3_6_5_4_3_4_4_1
362	-247136.220218608330470	-247136.220218608330470	0	1	-1.000000000000000	0	0	0	6.000000000000000	6961562680720435.000000000000000	2	-1	32	6	0	0	21	4	2	2	2	0.014000000000000	6_5_8_3_3_3_4_2_2_2_3_3_5_7_4_5_3_6_5_4_3_4_4_1
363	-243962.150959249993321	-247136.220218608330470	0	2	0.999999999999544	0	0	1	6.899999999999999	6954601118039715.000000000000000	-1	0	6	2	0	0	0	3	0	2	0	0.009000000000000	5_5_8_3_3_3_4_2_2_2_3_3_5_7_4_5_3_6_5_4_3_4_4_1
364	-246325.267874304117868	-247136.220218608330470	0	1	-1.000000000000000	0	0	0	6.000000000000000	6947646516921675.000000000000000	1	-1	32	7	0	0	21	3	2	2	3	0.021000000000000	5_6_8_3_3_3_4_2_2_2_3_3_5_7_4_5_3_6_5_4_3_4_4_1
365	-243127.785874637338566	-247136.220218608330470	0	2	0.999999999999540	0	0	1	6.899999999999999	6940698870404753.000000000000000	-1	17	6	2	0	0	0	3	0	2	0	0.008000000000000	5_6_8_3_3_3_4_2_2_2_3_3_5_7_4_5_3_5_5_4_3_4_4_1
366	-245162.076524907723069	-247136.220218608330470	0	1	-1.000000000000000	0	0	0	6.000000000000000	6933758171534348.000000000000000	13	-1	33	7	0	0	21	4	2	2	3	0.015000000000000	5_6_8_3_3_3_4_2_2_2_3_3_5_8_4_5_3_5_5_4_3_4_4_1
367	-241624.837186990189366	-247136.220218608330470	0	2	0.999999999999490	0	0	1	6.899999999999999	6926824413362814.000000000000000	-1	10	6	2	0	0	0	3	0	2	0	0.008000000000000	5_6_8_3_3_3_4_2_2_2_2_3_5_8_4_5_3_5_5_4_3_4_4_1
368	-242845.022632153355516	-247136.220218608330470	0	1	-1.000000000000000	0	0	0	6.000000000000000	6919897588949451.000000000000000	3	-1	33	7	0	0	21	4	2	2	3	0.021000000000000	5_6_8_4_3_3_4_2_2_2_2_3_5_8_4_5_3_5_5_4_3_4_4_1
369	-240884.746478037763154	-247136.220218608330470	0	2	0.999999999999717	0	0	1	6.899999999999999	6912977691360502.000000000000000	-1	2	6	2	0	0	0	3	0	2	0	0.007000000000000	5_6_7_4_3_3_4_2_2_2_2_3_5_8_4_5_3_5_5_4_3_4_4_1
370	-243010.017604049877264	-247136.220218608330470	0	1	-1.000000000000000	0	0	0	6.000000000000000	6906064713669141.000000000000000	0	-1	33	7	0	0	21	4	2	2	3	0.020000000000000	6_6_7_4_3_3_4_2_2_2_2_3_5_8_4_5_3_5_5_4_3_4_4_1
371	-242713.262413888005540	-247136.220218608330470	0	2	0.999999999999957	0	0	1	6.899999999999999	6899158648955472.000000000000000	-1	1	7	2	0	0	0	4	0	2	0	0.009000000000000	6_5_7_4_3_3_4_2_2_2_2_3_5_8_4_5_3_5_5_4_3_4_4_1
372	-245312.118733130831970	-247136.220218608330470	0	1	-1.000000000000000	0	0	0	6.000000000000000	6892259490306517.000000000000000	17	-1	33	7	0	0	21	4	2	2	3	0.020000000000000	6_5_7_4_3_3_4_2_2_2_2_3_5_8_4_5_3_6_5_4_3_4_4_1
373	-244027.448912841995480	-247136.220218608330470	0	2	0.999999999999814	0	0	1	6.899999999999999	6885367230816210.000000000000000	-1	13	6	2	0	0	0	3	0	2	0	0.008000000000000	6_5_7_4_3_3_4_2_2_2_2_3_5_7_4_5_3_6_5_4_3_4_4_1
374	-246934.479019991267705	-247136.220218608330470	0	1	-1.000000000000000	0	0	0	6.000000000000000	6878481863585394.000000000000000	10	-1	32	6	0	0	21	4	2	2	2	0.020000000000000	6_5_7_4_3_3_4_2_2_2_3_3_5_7_4_5_3_6_5_4_3_4_4_1
375	-243898.350777630810626	-247136.220218608330470	0	2	0.999999999999559	0	0	1	6.899999999999999	6871603381721809.000000000000000	-1	3	6	2	0	0	0	3	0	2	0	0.008000000000000	6_5_7_3_3_3_4_2_2_2_3_3_5_7_4_5_3_6_5_4_3_4_4_1
376	-247136.220218608330470	-247136.220218608330470	0	1	-1.000000000000000	0	0	0	6.000000000000000	6864731778340087.000000000000000	2	-1	32	6	0	0	21	4	2	2	2	0.022000000000000	6_5_8_3_3_3_4_2_2_2_3_3_5_7_4_5_3_6_5_4_3_4_4_1
377	-243962.150959249993321	-247136.220218608330470	0	2	0.999999999999538	0	0	1	6.899999999999999	6857867046561747.000000000000000	-1	0	6	2	0	0	0	3	0	2	0	0.009000000000000	5_5_8_3_3_3_4_2_2_2_3_3_5_7_4_5_3_6_5_4_3_4_4_1
378	-246325.267874304117868	-247136.220218608330470	0	1	-1.000000000000000	0	0	0	6.000000000000000	6851009179515185.000000000000000	1	-1	32	7	0	0	21	3	2	2	3	0.022000000000000	5_6_8_3_3_3_4_2_2_2_3_3_5_7_4_5_3_6_5_4_3_4_4_1
379	-243127.785874637338566	-247136.220218608330470	0	2	0.999999999999533	0	0	1	6.899999999999999	6844158170335670.000000000000000	-1	17	6	2	0	0	0	3	0	2	0	0.009000000000000	5_6_8_3_3_3_4_2_2_2_3_3_5_7_4_5_3_5_5_4_3_4_4_1
380	-245162.076524907723069	-247136.220218608330470	0	1	-1.000000000000000	0	0	0	6.000000000000000	6837314012165334.000000000000000	13	-1	33	7	0	0	21	4	2	2	3	0.021000000000000	5_6_8_3_3_3_4_2_2_2_3_3_5_8_4_5_3_5_5_4_3_4_4_1
381	-241624.837186990189366	-247136.220218608330470	0	2	0.999999999999483	0	0	1	6.899999999999999	6830476698153169.000000000000000	-1	10	6	2	0	0	0	3	0	2	0	0.010000000000000	5_6_8_3_3_3_4_2_2_2_2_3_5_8_4_5_3_5_5_4_3_4_4_1
382	-242845.022632153355516	-247136.220218608330470	0	1	-1.000000000000000	0	0	0	6.000000000000000	6823646221455016.000000000000000	3	-1	33	7	0	0	21	4	2	2	3	0.023000000000000	5_6_8_4_3_3_4_2_2_2_2_3_5_8_4_5_3_5_5_4_3_4_4_1
383	-240884.746478037763154	-247136.220218608330470	0	2	0.999999999999713	0	0	1	6.899999999999999	6816822575233561.000000000000000	-1	2	6	2	0	0	0	3	0	2	0	0.009000000000000	5_6_7_4_3_3_4_2_2_2_2_3_5_8_4_5_3_5_5_4_3_4_4_1
384	-243010.017604049877264	-247136.220218608330470	0	1	-1.000000000000000	0	0	0	6.000000000000000	6810005752658327.000000000000000	0	-1	33	7	0	0	21	4	2	2	3	0.022000000000000	6_6_7_4_3_3_4_2_2_2_2_3_5_8_4_5_3_5_5_4_3_4_4_1
385	-242713.262413888005540	-247136.220218608330470	0	2	0.999999999999956	0	0	1	6.899999999999999	6803195746905669.000000000000000	-1	1	7	2	0	0	0	4	0	2	0	0.010000000000000	6_5_7_4_3_3_4_2_2_2_2_3_5_8_4_5_3_5_5_4_3_4_4_1
386	-245312.118733130831970	-247136.220218608330470	0	1	-1.000000000000000	0	0	0	6.000000000000000	6796392551158763.000000000000000	17	-1	33	7	0	0	21	4	2	2	3	0.022000000000000	6_5_7_4_3_3_4_2_2_2_2_3_5_8_4_5_3_6_5_4_3_4_4_1
387	-244027.448912841995480	-247136.220218608330470	0	2	0.999999999999811	0	0	1	6.899999999999999	6789596158607604.000000000000000	-1	13	6	2	0	0	0	3	0	2	0	0.009000000000000	6_5_7_4_3_3_4_2_2_2_2_3_5_7_4_5_3_6_5_4_3_4_4_1
388	-246934.479019991267705	-247136.220218608330470	0	1	-1.000000000000000	0	0	0	6.000000000000000	6782806562448996.000000000000000	10	-1	32	6	0	0	21	4	2	2	2	0.022000000000000	6_5_7_4_3_3_4_2_2_2_3_3_5_7_4_5_3_6_5_4_3_4_4_1
389	-243898.350777630810626	-247136.220218608330470	0	2	0.999999999999552	0	0	1	6.899999999999999	6776023755886547.000000000000000	-1	3	6	2	0	0	0	3	0	2	0	0.009000000000000	6_5_7_3_3_3_4_2_2_2_3_3_5_7_4_5_3_6_5_4_3_4_4_1
390	-247136.220218608330470	-247136.220218608330470	0	1	-1.000000000000000	0	0	0	6.000000000000000	6769247732130660.000000000000000	2	-1	32	6	0	0	21	4	2	2	2	0.022000000000000	6_5_8_3_3_3_4_2_2_2_3_3_5_7_4_5_3_6_5_4_3_4_4_1
391	-243962.150959249993321	-247136.220218608330470	0	2	0.999999999999531	0	0	1	6.899999999999999	6762478484398529.000000000000000	-1	0	6	2	0	0	0	3	0	2	0	0.008000000000000	5_5_8_3_3_3_4_2_2_2_3_3_5_7_4_5_3_6_5_4_3_4_4_1
392	-246325.267874304117868	-247136.220218608330470	0	1	-1.000000000000000	0	0	0	6.000000000000000	6755716005914130.000000000000000	1	-1	32	7	0	0	21	3	2	2	3	0.020000000000000	5_6_8_3_3_3_4_2_2_2_3_3_5_7_4_5_3_6_5_4_3_4_4_1
393	-243127.785874637338566	-247136.220218608330470	0	2	0.999999999999527	0	0	1	6.899999999999999	6748960289908216.000000000000000	-1	17	6	2	0	0	0	3	0	2	0	0.008000000000000	5_6_8_3_3_3_4_2_2_2_3_3_5_7_4_5_3_5_5_4_3_4_4_1
394	-245162.076524907723069	-247136.220218608330470	0	1	-1.000000000000000	0	0	0	6.000000000000000	6742211329618308.000000000000000	13	-1	33	7	0	0	21	4	2	2	3	0.023000000000000	5_6_8_3_3_3_4_2_2_2_3_3_5_8_4_5_3_5_5_4_3_4_4_1
395	-241624.837186990189366	-247136.220218608330470	0	2	0.999999999999475	0	0	1	6.899999999999999	6735469118288690.000000000000000	-1	10	6	2	0	0	0	3	0	2	0	0.009000000000000	5_6_8_3_3_3_4_2_2_2_2_3_5_8_4_5_3_5_5_4_3_4_4_1
396	-242845.022632153355516	-247136.220218608330470	0	1	-1.000000000000000	0	0	0	6.000000000000000	6728733649170401.000000000000000	3	-1	33	7	0	0	21	4	2	2	3	0.022000000000000	5_6_8_4_3_3_4_2_2_2_2_3_5_8_4_5_3_5_5_4_3_4_4_1
397	-240884.746478037763154	-247136.220218608330470	0	2	0.999999999999709	0	0	1	6.899999999999999	6722004915521231.000000000000000	-1	2	6	2	0	0	0	3	0	2	0	0.012000000000000	5_6_7_4_3_3_4_2_2_2_2_3_5_8_4_5_3_5_5_4_3_4_4_1
398	-243010.017604049877264	-247136.220218608330470	0	1	-1.000000000000000	0	0	0	6.000000000000000	6715282910605710.000000000000000	0	-1	33	7	0	0	21	4	2	2	3	0.022000000000000	6_6_7_4_3_3_4_2_2_2_2_3_5_8_4_5_3_5_5_4_3_4_4_1
399	-242713.262413888005540	-247136.220218608330470	0	2	0.999999999999956	0	0	1	6.899999999999999	6708567627695104.000000000000000	-1	1	7	2	0	0	0	4	0	2	0	0.014000000000000	6_5_7_4_3_3_4_2_2_2_2_3_5_8_4_5_3_5_5_4_3_4_4_1
400	-245312.118733130831970	-247136.220218608330470	0	1	-1.000000000000000	0	0	0	6.000000000000000	6701859060067409.000000000000000	17	-1	33	7	0	0	21	4	2	2	3	0.023000000000000	6_5_7_4_3_3_4_2_2_2_2_3_5_8_4_5_3_6_5_4_3_4_4_1
401	-244027.448912841995480	-247136.220218608330470	0	2	0.999999999999808	0	0	1	6.899999999999999	6695157201007342.000000000000000	-1	13	6	2	0	0	0	3	0	2	0	0.009000000000000	6_5_7_4_3_3_4_2_2_2_2_3_5_7_4_5_3_6_5_4_3_4_4_1
402	-246934.479019991267705	-247136.220218608330470	0	1	-1.000000000000000	0	0	0	6.000000000000000	6688462043806335.000000000000000	10	-1	32	6	0	0	21	4	2	2	2	0.022000000000000	6_5_7_4_3_3_4_2_2_2_3_3_5_7_4_5_3_6_5_4_3_4_4_1
403	-243898.350777630810626	-247136.220218608330470	0	2	0.999999999999546	0	0	1	6.899999999999999	6681773581762529.000000000000000	-1	3	6	2	0	0	0	3	0	2	0	0.010000000000000	6_5_7_3_3_3_4_2_2_2_3_3_5_7_4_5_3_6_5_4_3_4_4_1
404	-247136.220218608330470	-247136.220218608330470	0	1	-1.000000000000000	0	0	0	6.000000000000000	6675091808180766.000000000000000	2	-1	32	6	0	0	21	4	2	2	2	0.021000000000000	6_5_8_3_3_3_4_2_2_2_3_3_5_7_4_5_3_6_5_4_3_4_4_1
405	-243962.150959249993321	-247136.220218608330470	0	2	0.999999999999524	0	0	1	6.899999999999999	6668416716372585.000000000000000	-1	0	6	2	0	0	0	3	0	2	0	0.009000000000000	5_5_8_3_3_3_4_2_2_2_3_3_5_7_4_5_3_6_5_4_3_4_4_1
406	-246325.267874304117868	-247136.220218608330470	0	1	-1.000000000000000	0	0	0	6.000000000000000	6661748299656212.000000000000000	1	-1	32	7	0	0	21	3	2	2	3	0.023000000000000	5_6_8_3_3_3_4_2_2_2_3_3_5_7_4_5_3_6_5_4_3_4_4_1
407	-243127.785874637338566	-247136.220218608330470	0	2	0.999999999999520	0	0	1	6.899999999999999	6655086551356556.000000000000000	-1	17	6	2	0	0	0	3	0	2	0	0.008000000000000	5_6_8_3_3_3_4_2_2_2_3_3_5_7_4_5_3_5_5_4_3_4_4_1
408	-245162.076524907723069	-247136.220218608330470	0	1	-1.000000000000000	0	0	0	6.000000000000000	6648431464805199.000000000000000	13	-1	33	7	0	0	21	4	2	2	3	0.022000000000000	5_6_8_3_3_3_4_2_2_2_3_3_5_8_4_5_3_5_5_4_3_4_4_1
409	-241624.837186990189366	-247136.220218608330470	0	2	0.999999999999468	0	0	1	6.899999999999999	6641783033340394.000000000000000	-1	10	6	2	0	0	0	3	0	2	0	0.009000000000000	5_6_8_3_3_3_4_2_2_2_2_3_5_8_4_5_3_5_5_4_3_4_4_1
410	-242845.022632153355516	-247136.220218608330470	0	1	-1.000000000000000	0	0	0	6.000000000000000	6635141250307054.000000000000000	3	-1	33	7	0	0	21	4	2	2	3	0.023000000000000	5_6_8_4_3_3_4_2_2_2_2_3_5_8_4_5_3_5_5_4_3_4_4_1
411	-240884.746478037763154	-247136.220218608330470	0	2	0.999999999999705	0	0	1	6.899999999999999	6628506109056747.000000000000000	-1	2	6	2	0	0	0	3	0	2	0	0.009000000000000	5_6_7_4_3_3_4_2_2_2_2_3_5_8_4_5_3_5_5_4_3_4_4_1
412	-243010.017604049877264	-247136.220218608330470	0	1	-1.000000000000000	0	0	0	6.000000000000000	6621877602947690.000000000000000	0	-1	33	7	0	0	21	4	2	2	3	0.023000000000000	6_6_7_4_3_3_4_2_2_2_2_3_5_8_4_5_3_5_5_4_3_4_4_1
413	-242713.262413888005540	-247136.220218608330470	0	2	0.999999999999955	0	0	1	6.899999999999999	6615255725344742.000000000000000	-1	1	7	2	0	0	0	4	0	2	0	0.011000000000000	6_5_7_4_3_3_4_2_2_2_2_3_5_8_4_5_3_5_5_4_3_4_4_1
414	-245312.118733130831970	-247136.220218608330470	0	1	-1.000000000000000	0	0	0	6.000000000000000	6608640469619397.000000000000000	17	-1	33	7	0	0	21	4	2	2	3	0.022000000000000	6_5_7_4_3_3_4_2_2_2_2_3_5_8_4_5_3_6_5_4_3_4_4_1
415	-244027.448912841995480	-247136.220218608330470	0	2	0.999999999999806	0	0	1	6.899999999999999	6602031829149778.000000000000000	-1	13	6	2	0	0	0	3	0	2	0	0.009000000000000	6_5_7_4_3_3_4_2_2_2_2_3_5_7_4_5_3_6_5_4_3_4_4_1
416	-246934.479019991267705	-247136.220218608330470	0	1	-1.000000000000000	0	0	0	6.000000000000000	6595429797320628.000000000000000	10	-1	32	6	0	0	21	4	2	2	2	0.022000000000000	6_5_7_4_3_3_4_2_2_2_3_3_5_7_4_5_3_6_5_4_3_4_4_1
417	-243898.350777630810626	-247136.220218608330470	0	2	0.999999999999540	0	0	1	6.899999999999999	6588834367523307.000000000000000	-1	3	6	2	0	0	0	3	0	2	0	0.009000000000000	6_5_7_3_3_3_4_2_2_2_3_3_5_7_4_5_3_6_5_4_3_4_4_1
418	-247136.220218608330470	-247136.220218608330470	0	1	-1.000000000000000	0	0	0	6.000000000000000	6582245533155784.000000000000000	2	-1	32	6	0	0	21	4	2	2	2	0.022000000000000	6_5_8_3_3_3_4_2_2_2_3_3_5_7_4_5_3_6_5_4_3_4_4_1
419	-243962.150959249993321	-247136.220218608330470	0	2	0.999999999999518	0	0	1	6.899999999999999	6575663287622628.000000000000000	-1	0	6	2	0	0	0	3	0	2	0	0.009000000000000	5_5_8_3_3_3_4_2_2_2_3_3_5_7_4_5_3_6_5_4_3_4_4_1
420	-246325.267874304117868	-247136.220218608330470	0	1	-1.000000000000000	0	0	0	6.000000000000000	6569087624335005.000000000000000	1	-1	32	7	0	0	21	3	2	2	3	0.022000000000000	5_6_8_3_3_3_4_2_2_2_3_3_5_7_4_5_3_6_5_4_3_4_4_1
421	-243127.785874637338566	-247136.220218608330470	0	2	0.999999999999513	0	0	1	6.899999999999999	6562518536710670.000000000000000	-1	17	6	2	0	0	0	3	0	2	0	0.009000000000000	5_6_8_3_3_3_4_2_2_2_3_3_5_7_4_5_3_5_5_4_3_4_4_1
422	-245162.076524907723069	-247136.220218608330470	0	1	-1.000000000000000	0	0	0	6.000000000000000	6555956018173959.000000000000000	13	-1	33	7	0	0	21	4	2	2	3	0.023000000000000	5_6_8_3_3_3_4_2_2_2_3_3_5_8_4_5_3_5_5_4_3_4_4_1
423	-241624.837186990189366	-247136.220218608330470	0	2	0.999999999999460	0	0	1	6.899999999999999	6549400062155785.000000000000000	-1	10	6	2	0	0	0	3	0	2	0	0.008000000000000	5_6_8_3_3_3_4_2_2_2_2_3_5_8_4_5_3_5_5_4_3_4_4_1
424	-242845.022632153355516	-247136.220218608330470	0	1	-1.000000000000000	0	0	0	6.000000000000000	6542850662093629.000000000000000	3	-1	33	7	0	0	21	4	2	2	3	0.023000000000000	5_6_8_4_3_3_4_2_2_2_2_3_5_8_4_5_3_5_5_4_3_4_4_1
425	-240884.746478037763154	-247136.220218608330470	0	2	0.999999999999700	0	0	1	6.899999999999999	6536307811431535.000000000000000	-1	2	6	2	0	0	0	3	0	2	0	0.009000000000000	5_6_7_4_3_3_4_2_2_2_2_3_5_8_4_5_3_5_5_4_3_4_4_1
426	-243010.017604049877264	-247136.220218608330470	0	1	-1.000000000000000	0	0	0	6.000000000000000	6529771503620103.000000000000000	0	-1	33	7	0	0	21	4	2	2	3	0.022000000000000	6_6_7_4_3_3_4_2_2_2_2_3_5_8_4_5_3_5_5_4_3_4_4_1
427	-242713.262413888005540	-247136.220218608330470	0	2	0.999999999999955	0	0	1	6.899999999999999	6523241732116483.000000000000000	-1	1	7	2	0	0	0	4	0	2	0	0.010000000000000	6_5_7_4_3_3_4_2_2_2_2_3_5_8_4_5_3_5_5_4_3_4_4_1
428	-245312.118733130831970	-247136.220218608330470	0	1	-1.000000000000000	0	0	0	6.000000000000000	6516718490384367.000000000000000	17	-1	33	7	0	0	21	4	2	2	3	0.022000000000000	6_5_7_4_3_3_4_2_2_2_2_3_5_8_4_5_3_6_5_4_3_4_4_1
429	-244027.448912841995480	-247136.220218608330470	0	2	0.999999999999803	0	0	1	6.899999999999999	6510201771893983.000000000000000	-1	13	6	2	0	0	0	3	0	2	0	0.010000000000000	6_5_7_4_3_3_4_2_2_2_2_3_5_7_4_5_3_6_5_4_3_4_4_1
430	-246934.479019991267705	-247136.220218608330470	0	1	-1.000000000000000	0	0	0	6.000000000000000	6503691570122089.000000000000000	10	-1	32	6	0	0	21	4	2	2	2	0.022000000000000	6_5_7_4_3_3_4_2_2_2_3_3_5_7_4_5_3_6_5_4_3_4_4_1
431	-243898.350777630810626	-247136.220218608330470	0	2	0.999999999999533	0	0	1	6.899999999999999	6497187878551967.000000000000000	-1	3	6	2	0	0	0	3	0	2	0	0.008000000000000	6_5_7_3_3_3_4_2_2_2_3_3_5_7_4_5_3_6_5_4_3_4_4_1
432	-247136.220218608330470	-247136.220218608330470	0	1	-1.000000000000000	0	0	0	6.000000000000000	6490690690673415.000000000000000	2	-1	32	6	0	0	21	4	2	2	2	0.022000000000000	6_5_8_3_3_3_4_2_2_2_3_3_5_7_4_5_3_6_5_4_3_4_4_1
433	-243962.150959249993321	-247136.220218608330470	0	2	0.999999999999511	0	0	1	6.899999999999999	6484199999982742.000000000000000	-1	0	6	2	0	0	0	3	0	2	0	0.009000000000000	5_5_8_3_3_3_4_2_2_2_3_3_5_7_4_5_3_6_5_4_3_4_4_1
434	-246325.267874304117868	-247136.220218608330470	0	1	-1.000000000000000	0	0	0	6.000000000000000	6477715799982759.000000000000000	1	-1	32	7	0	0	21	3	2	2	3	0.022000000000000	5_6_8_3_3_3_4_2_2_2_3_3_5_7_4_5_3_6_5_4_3_4_4_1
435	-243127.785874637338566	-247136.220218608330470	0	2	0.999999999999506	0	0	1	6.899999999999999	6471238084182776.000000000000000	-1	17	6	2	0	0	0	3	0	2	0	0.009000000000000	5_6_8_3_3_3_4_2_2_2_3_3_5_7_4_5_3_5_5_4_3_4_4_1
436	-245162.076524907723069	-247136.220218608330470	0	1	-1.000000000000000	0	0	0	6.000000000000000	6464766846098593.000000000000000	13	-1	33	7	0	0	21	4	2	2	3	0.023000000000000	5_6_8_3_3_3_4_2_2_2_3_3_5_8_4_5_3_5_5_4_3_4_4_1
437	-241624.837186990189366	-247136.220218608330470	0	2	0.999999999999453	0	0	1	6.899999999999999	6458302079252494.000000000000000	-1	10	6	2	0	0	0	3	0	2	0	0.009000000000000	5_6_8_3_3_3_4_2_2_2_2_3_5_8_4_5_3_5_5_4_3_4_4_1
438	-242845.022632153355516	-247136.220218608330470	0	1	-1.000000000000000	0	0	0	6.000000000000000	6451843777173242.000000000000000	3	-1	33	7	0	0	21	4	2	2	3	0.022000000000000	5_6_8_4_3_3_4_2_2_2_2_3_5_8_4_5_3_5_5_4_3_4_4_1
439	-240884.746478037763154	-247136.220218608330470	0	2	0.999999999999696	0	0	1	6.899999999999999	6445391933396069.000000000000000	-1	2	6	2	0	0	0	3	0	2	0	0.009000000000000	5_6_7_4_3_3_4_2_2_2_2_3_5_8_4_5_3_5_5_4_3_4_4_1
440	-243010.017604049877264	-247136.220218608330470	0	1	-1.000000000000000	0	0	0	6.000000000000000	6438946541462673.000000000000000	0	-1	33	7	0	0	21	4	2	2	3	0.029000000000000	6_6_7_4_3_3_4_2_2_2_2_3_5_8_4_5_3_5_5_4_3_4_4_1
441	-242713.262413888005540	-247136.220218608330470	0	2	0.999999999999954	0	0	1	6.899999999999999	6432507594921210.000000000000000	-1	1	7	2	0	0	0	4	0	2	0	0.010000000000000	6_5_7_4_3_3_4_2_2_2_2_3_5_8_4_5_3_5_5_4_3_4_4_1
442	-245312.118733130831970	-247136.220218608330470	0	1	-1.000000000000000	0	0	0	6.000000000000000	6426075087326289.000000000000000	17	-1	33	7	0	0	21	4	2	2	3	0.023000000000000	6_5_7_4_3_3_4_2_2_2_2_3_5_8_4_5_3_6_5_4_3_4_4_1
443	-244027.448912841995480	-247136.220218608330470	0	2	0.999999999999800	0	0	1	6.899999999999999	6419649012238963.000000000000000	-1	13	6	2	0	0	0	3	0	2	0	0.009000000000000	6_5_7_4_3_3_4_2_2_2_2_3_5_7_4_5_3_6_5_4_3_4_4_1
444	-246934.479019991267705	-247136.220218608330470	0	1	-1.000000000000000	0	0	0	6.000000000000000	6413229363226724.000000000000000	10	-1	32	6	0	0	21	4	2	2	2	0.023000000000000	6_5_7_4_3_3_4_2_2_2_3_3_5_7_4_5_3_6_5_4_3_4_4_1
445	-243898.350777630810626	-247136.220218608330470	0	2	0.999999999999527	0	0	1	6.899999999999999	6406816133863497.000000000000000	-1	3	6	2	0	0	0	3	0	2	0	0.009000000000000	6_5_7_3_3_3_4_2_2_2_3_3_5_7_4_5_3_6_5_4_3_4_4_1
446	-247136.220218608330470	-247136.220218608330470	0	1	-1.000000000000000	0	0	0	6.000000000000000	6400409317729633.000000000000000	2	-1	32	6	0	0	21	4	2	2	2	0.022000000000000	6_5_8_3_3_3_4_2_2_2_3_3_5_7_4_5_3_6_5_4_3_4_4_1
447	-243962.150959249993321	-247136.220218608330470	0	2	0.999999999999504	0	0	1	6.899999999999999	6394008908411903.000000000000000	-1	0	6	2	0	0	0	3	0	2	0	0.009000000000000	5_5_8_3_3_3_4_2_2_2_3_3_5_7_4_5_3_6_5_4_3_4_4_1
448	-246325.267874304117868	-247136.220218608330470	0	1	-1.000000000000000	0	0	0	6.000000000000000	6387614899503491.000000000000000	1	-1	32	7	0	0	21	3	2	2	3	0.021000000000000	5_6_8_3_3_3_4_2_2_2_3_3_5_7_4_5_3_6_5_4_3_4_4_1
449	-243127.785874637338566	-247136.220218608330470	0	2	0.999999999999499	0	0	1	6.899999999999999	6381227284603988.000000000000000	-1	17	6	2	0	0	0	3	0	2	0	0.009000000000000	5_6_8_3_3_3_4_2_2_2_3_3_5_7_4_5_3_5_5_4_3_4_4_1
450	-245162.076524907723069	-247136.220218608330470	0	1	-1.000000000000000	0	0	0	6.000000000000000	6374846057319384.000000000000000	13	-1	33	7	0	0	21	4	2	2	3	0.022000000000000	5_6_8_3_3_3_4_2_2_2_3_3_5_8_4_5_3_5_5_4_3_4_4_1
451	-241624.837186990189366	-247136.220218608330470	0	2	0.999999999999445	0	0	1	6.899999999999999	6368471211262065.000000000000000	-1	10	6	2	0	0	0	3	0	2	0	0.009000000000000	5_6_8_3_3_3_4_2_2_2_2_3_5_8_4_5_3_5_5_4_3_4_4_1
452	-242845.022632153355516	-247136.220218608330470	0	1	-1.000000000000000	0	0	0	6.000000000000000	6362102740050803.000000000000000	3	-1	33	7	0	0	21	4	2	2	3	0.023000000000000	5_6_8_4_3_3_4_2_2_2_2_3_5_8_4_5_3_5_5_4_3_4_4_1
453	-240884.746478037763154	-247136.220218608330470	0	2	0.999999999999692	0	0	1	6.899999999999999	6355740637310752.000000000000000	-1	2	6	2	0	0	0	3	0	2	0	0.009000000000000	5_6_7_4_3_3_4_2_2_2_2_3_5_8_4_5_3_5_5_4_3_4_4_1
454	-243010.017604049877264	-247136.220218608330470	0	1	-1.000000000000000	0	0	0	6.000000000000000	6349384896673441.000000000000000	0	-1	33	7	0	0	21	4	2	2	3	0.022000000000000	6_6_7_4_3_3_4_2_2_2_2_3_5_8_4_5_3_5_5_4_3_4_4_1
455	-242713.262413888005540	-247136.220218608330470	0	2	0.999999999999953	0	0	1	6.899999999999999	6343035511776768.000000000000000	-1	1	7	2	0	0	0	4	0	2	0	0.010000000000000	6_5_7_4_3_3_4_2_2_2_2_3_5_8_4_5_3_5_5_4_3_4_4_1
456	-245312.118733130831970	-247136.220218608330470	0	1	-1.000000000000000	0	0	0	6.000000000000000	6336692476264991.000000000000000	17	-1	33	7	0	0	21	4	2	2	3	0.022000000000000	6_5_7_4_3_3_4_2_2_2_2_3_5_8_4_5_3_6_5_4_3_4_4_1
457	-244027.448912841995480	-247136.220218608330470	0	2	0.999999999999797	0	0	1	6.899999999999999	6330355783788726.000000000000000	-1	13	6	2	0	0	0	3	0	2	0	0.008000000000000	6_5_7_4_3_3_4_2_2_2_2_3_5_7_4_5_3_6_5_4_3_4_4_1
458	-246934.479019991267705	-247136.220218608330470	0	1	-1.000000000000000	0	0	0	6.000000000000000	6324025428004937.000000000000000	10	-1	32	6	0	0	21	4	2	2	2	0.022000000000000	6_5_7_4_3_3_4_2_2_2_3_3_5_7_4_5_3_6_5_4_3_4_4_1
459	-243898.350777630810626	-247136.220218608330470	0	2	0.999999999999520	0	0	1	6.899999999999999	6317701402576932.000000000000000	-1	3	6	2	0	0	0	3	0	2	0	0.009000000000000	6_5_7_3_3_3_4_2_2_2_3_3_5_7_4_5_3_6_5_4_3_4_4_1
460	-247136.220218608330470	-247136.220218608330470	0	1	-1.000000000000000	0	0	0	6.000000000000000	6311383701174355.000000000000000	2	-1	32	6	0	0	21	4	2	2	2	0.022000000000000	6_5_8_3_3_3_4_2_2_2_3_3_5_7_4_5_3_6_5_4_3_4_4_1
461	-243962.150959249993321	-247136.220218608330470	0	2	0.999999999999497	0	0	1	6.899999999999999	6305072317473181.000000000000000	-1	0	6	2	0	0	0	3	0	2	0	0.009000000000000	5_5_8_3_3_3_4_2_2_2_3_3_5_7_4_5_3_6_5_4_3_4_4_1
462	-246325.267874304117868	-247136.220218608330470	0	1	-1.000000000000000	0	0	0	6.000000000000000	6298767245155708.000000000000000	1	-1	32	7	0	0	21	3	2	2	3	0.022000000000000	5_6_8_3_3_3_4_2_2_2_3_3_5_7_4_5_3_6_5_4_3_4_4_1
463	-243127.785874637338566	-247136.220218608330470	0	2	0.999999999999492	0	0	1	6.899999999999999	6292468477910552.000000000000000	-1	17	6	2	0	0	0	3	0	2	0	0.009000000000000	5_6_8_3_3_3_4_2_2_2_3_3_5_7_4_5_3_5_5_4_3_4_4_1
464	-245162.076524907723069	-247136.220218608330470	0	1	-1.000000000000000	0	0	0	6.000000000000000	6286176009432641.000000000000000	13	-1	33	7	0	0	21	4	2	2	3	0.022000000000000	5_6_8_3_3_3_4_2_2_2_3_3_5_8_4_5_3_5_5_4_3_4_4_1
465	-241624.837186990189366	-247136.220218608330470	0	2	0.999999999999437	0	0	1	6.899999999999999	6279889833423208.000000000000000	-1	10	6	2	0	0	0	3	0	2	0	0.009000000000000	5_6_8_3_3_3_4_2_2_2_2_3_5_8_4_5_3_5_5_4_3_4_4_1
466	-242845.022632153355516	-247136.220218608330470	0	1	-1.000000000000000	0	0	0	6.000000000000000	6273609943589785.000000000000000	3	-1	33	7	0	0	21	4	2	2	3	0.022000000000000	5_6_8_4_3_3_4_2_2_2_2_3_5_8_4_5_3_5_5_4_3_4_4_1
467	-240884.746478037763154	-247136.220218608330470	0	2	0.999999999999688	0	0	1	6.899999999999999	6267336333646195.000000000000000	-1	2	6	2	0	0	0	3	0	2	0	0.009000000000000	5_6_7_4_3_3_4_2_2_2_2_3_5_8_4_5_3_5_5_4_3_4_4_1
468	-243010.017604049877264	-247136.220218608330470	0	1	-1.000000000000000	0	0	0	6.000000000000000	6261068997312549.000000000000000	0	-1	33	7	0	0	21	4	2	2	3	0.022000000000000	6_6_7_4_3_3_4_2_2_2_2_3_5_8_4_5_3_5_5_4_3_4_4_1
469	-242713.262413888005540	-247136.220218608330470	0	2	0.999999999999953	0	0	1	6.899999999999999	6254807928315236.000000000000000	-1	1	7	2	0	0	0	4	0	2	0	0.010000000000000	6_5_7_4_3_3_4_2_2_2_2_3_5_8_4_5_3_5_5_4_3_4_4_1
470	-245312.118733130831970	-247136.220218608330470	0	1	-1.000000000000000	0	0	0	6.000000000000000	6248553120386921.000000000000000	17	-1	33	7	0	0	21	4	2	2	3	0.022000000000000	6_5_7_4_3_3_4_2_2_2_2_3_5_8_4_5_3_6_5_4_3_4_4_1
471	-244027.448912841995480	-247136.220218608330470	0	2	0.999999999999794	0	0	1	6.899999999999999	6242304567266534.000000000000000	-1	13	6	2	0	0	0	3	0	2	0	0.009000000000000	6_5_7_4_3_3_4_2_2_2_2_3_5_7_4_5_3_6_5_4_3_4_4_1
472	-246934.479019991267705	-247136.220218608330470	0	1	-1.000000000000000	0	0	0	6.000000000000000	6236062262699267.000000000000000	10	-1	32	6	0	0	21	4	2	2	2	0.022000000000000	6_5_7_4_3_3_4_2_2_2_3_3_5_7_4_5_3_6_5_4_3_4_4_1
473	-243898.350777630810626	-247136.220218608330470	0	2	0.999999999999513	0	0	1	6.899999999999999	6229826200436568.000000000000000	-1	3	6	2	0	0	0	3	0	2	0	0.008000000000000	6_5_7_3_3_3_4_2_2_2_3_3_5_7_4_5_3_6_5_4_3_4_4_1
474	-247136.220218608330470	-247136.220218608330470	0	1	-1.000000000000000	0	0	0	6.000000000000000	6223596374236131.000000000000000	2	-1	32	6	0	0	21	4	2	2	2	0.022000000000000	6_5_8_3_3_3_4_2_2_2_3_3_5_7_4_5_3_6_5_4_3_4_4_1
475	-243962.150959249993321	-247136.220218608330470	0	2	0.999999999999490	0	0	1	6.899999999999999	6217372777861895.000000000000000	-1	0	6	2	0	0	0	3	0	2	0	0.009000000000000	5_5_8_3_3_3_4_2_2_2_3_3_5_7_4_5_3_6_5_4_3_4_4_1
476	-246325.267874304117868	-247136.220218608330470	0	1	-1.000000000000000	0	0	0	6.000000000000000	6211155405084033.000000000000000	1	-1	32	7	0	0	21	3	2	2	3	0.022000000000000	5_6_8_3_3_3_4_2_2_2_3_3_5_7_4_5_3_6_5_4_3_4_4_1
477	-243127.785874637338566	-247136.220218608330470	0	2	0.999999999999485	0	0	1	6.899999999999999	6204944249678949.000000000000000	-1	17	6	2	0	0	0	3	0	2	0	0.009000000000000	5_6_8_3_3_3_4_2_2_2_3_3_5_7_4_5_3_5_5_4_3_4_4_1
478	-245162.076524907723069	-247136.220218608330470	0	1	-1.000000000000000	0	0	0	6.000000000000000	6198739305429270.000000000000000	13	-1	33	7	0	0	21	4	2	2	3	0.021000000000000	5_6_8_3_3_3_4_2_2_2_3_3_5_8_4_5_3_5_5_4_3_4_4_1
479	-241624.837186990189366	-247136.220218608330470	0	2	0.999999999999429	0	0	1	6.899999999999999	6192540566123841.000000000000000	-1	10	6	2	0	0	0	3	0	2	0	0.009000000000000	5_6_8_3_3_3_4_2_2_2_2_3_5_8_4_5_3_5_5_4_3_4_4_1
480	-242845.022632153355516	-247136.220218608330470	0	1	-1.000000000000000	0	0	0	6.000000000000000	6186348025557717.000000000000000	3	-1	33	7	0	0	21	4	2	2	3	0.023000000000000	5_6_8_4_3_3_4_2_2_2_2_3_5_8_4_5_3_5_5_4_3_4_4_1
481	-240884.746478037763154	-247136.220218608330470	0	2	0.999999999999683	0	0	1	6.899999999999999	6180161677532159.000000000000000	-1	2	6	2	0	0	0	3	0	2	0	0.008000000000000	5_6_7_4_3_3_4_2_2_2_2_3_5_8_4_5_3_5_5_4_3_4_4_1
482	-243010.017604049877264	-247136.220218608330470	0	1	-1.000000000000000	0	0	0	6.000000000000000	6173981515854627.000000000000000	0	-1	33	7	0	0	21	4	2	2	3	0.023000000000000	6_6_7_4_3_3_4_2_2_2_2_3_5_8_4_5_3_5_5_4_3_4_4_1
483	-242713.262413888005540	-247136.220218608330470	0	2	0.999999999999952	0	0	1	6.899999999999999	6167807534338772.000000000000000	-1	1	7	2	0	0	0	4	0	2	0	0.010000000000000	6_5_7_4_3_3_4_2_2_2_2_3_5_8_4_5_3_5_5_4_3_4_4_1
484	-245312.118733130831970	-247136.220218608330470	0	1	-1.000000000000000	0	0	0	6.000000000000000	6161639726804433.000000000000000	17	-1	33	7	0	0	21	4	2	2	3	0.022000000000000	6_5_7_4_3_3_4_2_2_2_2_3_5_8_4_5_3_6_5_4_3_4_4_1
485	-244027.448912841995480	-247136.220218608330470	0	2	0.999999999999792	0	0	1	6.899999999999999	6155478087077629.000000000000000	-1	13	6	2	0	0	0	3	0	2	0	0.009000000000000	6_5_7_4_3_3_4_2_2_2_2_3_5_7_4_5_3_6_5_4_3_4_4_1
486	-246934.479019991267705	-247136.220218608330470	0	1	-1.000000000000000	0	0	0	6.000000000000000	6149322608990551.000000000000000	10	-1	32	6	0	0	21	4	2	2	2	0.022000000000000	6_5_7_4_3_3_4_2_2_2_3_3_5_7_4_5_3_6_5_4_3_4_4_1
487	-243898.350777630810626	-247136.220218608330470	0	2	0.999999999999506	0	0	1	6.899999999999999	6143173286381560.000000000000000	-1	3	6	2	0	0	0	3	0	2	0	0.009000000000000	6_5_7_3_3_3_4_2_2_2_3_3_5_7_4_5_3_6_5_4_3_4_4_1
488	-247136.220218608330470	-247136.220218608330470	0	1	-1.000000000000000	0	0	0	6.000000000000000	6137030113095178.000000000000000	2	-1	32	6	0	0	21	4	2	2	2	0.022000000000000	6_5_8_3_3_3_4_2_2_2_3_3_5_7_4_5_3_6_5_4_3_4_4_1
489	-243962.150959249993321	-247136.220218608330470	0	2	0.999999999999483	0	0	1	6.899999999999999	6130893082982083.000000000000000	-1	0	6	2	0	0	0	3	0	2	0	0.008000000000000	5_5_8_3_3_3_4_2_2_2_3_3_5_7_4_5_3_6_5_4_3_4_4_1
490	-246325.267874304117868	-247136.220218608330470	0	1	-1.000000000000000	0	0	0	6.000000000000000	6124762189899101.000000000000000	1	-1	32	7	0	0	21	3	2	2	3	0.022000000000000	5_6_8_3_3_3_4_2_2_2_3_3_5_7_4_5_3_6_5_4_3_4_4_1
491	-243127.785874637338566	-247136.220218608330470	0	2	0.999999999999478	0	0	1	6.899999999999999	6118637427709202.000000000000000	-1	17	6	2	0	0	0	3	0	2	0	0.009000000000000	5_6_8_3_3_3_4_2_2_2_3_3_5_7_4_5_3_5_5_4_3_4_4_1
492	-245162.076524907723069	-247136.220218608330470	0	1	-1.000000000000000	0	0	0	6.000000000000000	6112518790281493.000000000000000	13	-1	33	7	0	0	21	4	2	2	3	0.024000000000000	5_6_8_3_3_3_4_2_2_2_3_3_5_8_4_5_3_5_5_4_3_4_4_1
493	-241624.837186990189366	-247136.220218608330470	0	2	0.999999999999421	0	0	1	6.899999999999999	6106406271491212.000000000000000	-1	10	6	2	0	0	0	3	0	2	0	0.009000000000000	5_6_8_3_3_3_4_2_2_2_2_3_5_8_4_5_3_5_5_4_3_4_4_1
494	-242845.022632153355516	-247136.220218608330470	0	1	-1.000000000000000	0	0	0	6.000000000000000	6100299865219721.000000000000000	3	-1	33	7	0	0	21	4	2	2	3	0.024000000000000	5_6_8_4_3_3_4_2_2_2_2_3_5_8_4_5_3_5_5_4_3_4_4_1
495	-240884.746478037763154	-247136.220218608330470	0	2	0.999999999999679	0	0	1	6.899999999999999	6094199565354501.000000000000000	-1	2	6	2	0	0	0	3	0	2	0	0.009000000000000	5_6_7_4_3_3_4_2_2_2_2_3_5_8_4_5_3_5_5_4_3_4_4_1
496	-243010.017604049877264	-247136.220218608330470	0	1	-1.000000000000000	0	0	0	6.000000000000000	6088105365789146.000000000000000	0	-1	33	7	0	0	21	4	2	2	3	0.022000000000000	6_6_7_4_3_3_4_2_2_2_2_3_5_8_4_5_3_5_5_4_3_4_4_1
497	-242713.262413888005540	-247136.220218608330470	0	2	0.999999999999951	0	0	1	6.899999999999999	6082017260423357.000000000000000	-1	1	7	2	0	0	0	4	0	2	0	0.009000000000000	6_5_7_4_3_3_4_2_2_2_2_3_5_8_4_5_3_5_5_4_3_4_4_1
498	-245312.118733130831970	-247136.220218608330470	0	1	-1.000000000000000	0	0	0	6.000000000000000	6075935243162934.000000000000000	17	-1	33	7	0	0	21	4	2	2	3	0.023000000000000	6_5_7_4_3_3_4_2_2_2_2_3_5_8_4_5_3_6_5_4_3_4_4_1
499	-244027.448912841995480	-247136.220218608330470	0	2	0.999999999999789	0	0	1	6.899999999999999	6069859307919771.000000000000000	-1	13	6	2	0	0	0	3	0	2	0	0.008000000000000	6_5_7_4_3_3_4_2_2_2_2_3_5_7_4_5_3_6_5_4_3_4_4_1
500	-246934.479019991267705	-247136.220218608330470	0	1	-1.000000000000000	0	0	0	6.000000000000000	6063789448611851.000000000000000	10	-1	32	6	0	0	21	4	2	2	2	0.022000000000000	6_5_7_4_3_3_4_2_2_2_3_3_5_7_4_5_3_6_5_4_3_4_4_1
