Solution	Feasible	UC_Riding	UC_Walking	UC_Waiting	Con_Time	Objective	Obj_Time
5_5_4_2_3_3_4_2_2_2_1_3_5_5_4_5_3_3_10_4_3_7_8_2	1	1090574.041607062797993	30118.463305557772401	2458157.557512915693223	0.980000000000000	-192963.911886511865305	0.071000000000000
5_5_7_2_4_3_4_2_3_2_1_3_5_6_4_5_3_5_5_4_3_5_8_1	-1	-1.000000000000000	-1.000000000000000	-1.000000000000000	-1.000000000000000	-229887.423924768198049	0.092000000000000
5_5_4_2_3_3_4_2_2_2_1_3_5_5_4_5_3_3_10_4_3_7_7_2	-1	-1.000000000000000	-1.000000000000000	-1.000000000000000	-1.000000000000000	-192869.561001349880826	0.167000000000000
5_5_6_2_3_3_5_2_2_2_1_3_5_6_4_5_3_5_5_4_3_7_8_1	-1	-1.000000000000000	-1.000000000000000	-1.000000000000000	-1.000000000000000	-222172.464131276297849	0.133000000000000
5_5_7_2_3_3_4_2_2_2_1_3_5_7_4_5_3_5_5_4_3_6_8_1	1	1093167.709885532967746	13188.389920602232451	2197114.258623697329313	1.504000000000000	-229310.832007617340423	0.095000000000000
5_5_8_3_3_3_4_3_2_2_3_3_5_7_4_5_3_6_5_4_3_4_4_1	-1	-1.000000000000000	-1.000000000000000	-1.000000000000000	-1.000000000000000	-243877.316180737921968	0.125000000000000
6_5_7_5_3_3_4_2_2_3_2_3_5_7_4_5_3_5_5_4_3_4_4_1	-1	-1.000000000000000	-1.000000000000000	-1.000000000000000	-1.000000000000000	-242476.618063211237313	0.184000000000000
5_5_7_3_3_3_4_2_2_2_1_3_5_6_4_5_3_5_5_4_3_6_8_1	-1	-1.000000000000000	-1.000000000000000	-1.000000000000000	-1.000000000000000	-228836.223642519908026	0.099000000000000
5_5_4_2_3_3_4_2_2_2_1_3_5_5_5_5_3_4_9_4_3_7_8_1	-1	-1.000000000000000	-1.000000000000000	-1.000000000000000	-1.000000000000000	-201170.346860942110652	0.073000000000000
5_5_4_2_3_3_4_2_2_2_1_3_5_5_4_5_3_3_10_4_3_7_8_1	0	1091049.225069306092337	30107.045589890905831	2496489.236740018241107	1.396000000000000	-193749.002809215104207	0.084000000000000
5_6_8_4_3_3_4_2_2_2_2_3_5_8_4_5_3_5_5_4_3_4_4_1	1	1090939.158754484262317	14284.281484277111304	2134881.983024250715971	1.179000000000000	-242845.022632153355516	0.104000000000000
5_6_7_4_4_3_4_2_2_2_2_3_5_8_4_5_3_5_5_4_3_4_4_1	-1	-1.000000000000000	-1.000000000000000	-1.000000000000000	-1.000000000000000	-240871.707000648282701	0.097000000000000
5_5_4_2_3_3_4_2_2_2_1_3_5_5_4_5_3_3_9_4_3_7_8_2	1	1090660.839984771562740	30107.045589890905831	2462333.566262451931834	1.452000000000000	-192963.911886511865305	0.069000000000000
5_5_4_2_3_3_4_2_2_2_1_3_5_5_4_5_3_4_9_4_3_7_8_2	1	1092303.833958167349920	23113.417367177135020	2409773.419612343423069	1.309000000000000	-200594.345698736578925	0.084000000000000
5_6_4_2_3_3_4_2_2_2_1_3_5_5_4_5_3_4_9_4_3_7_8_1	-1	-1.000000000000000	-1.000000000000000	-1.000000000000000	-1.000000000000000	-201017.553525100258412	0.087000000000000
5_5_4_2_3_3_4_2_2_2_1_4_5_5_4_5_3_3_9_4_3_7_8_2	-1	-1.000000000000000	-1.000000000000000	-1.000000000000000	-1.000000000000000	-192963.911886511865305	0.082000000000000
5_5_7_3_3_3_4_2_3_2_1_3_5_7_4_6_3_5_5_4_3_4_7_1	-1	-1.000000000000000	-1.000000000000000	-1.000000000000000	-1.000000000000000	-235333.111979462497402	0.091000000000000
6_5_7_6_3_3_4_2_2_2_1_3_5_8_4_5_3_5_5_4_3_4_4_1	-1	-1.000000000000000	-1.000000000000000	-1.000000000000000	-1.000000000000000	-240256.298206445790129	0.089000000000000
5_5_4_2_3_3_4_2_2_2_2_3_5_5_4_5_3_3_9_4_3_7_8_2	-1	-1.000000000000000	-1.000000000000000	-1.000000000000000	-1.000000000000000	-193330.444137042708462	0.091000000000000
5_5_4_2_3_3_4_2_2_2_1_3_5_5_4_5_3_3_10_4_3_6_8_2	1	1090169.450777955120429	30030.594792273259372	2473909.154161833226681	1.910000000000000	-192963.911886511865305	0.087000000000000
5_5_7_2_3_3_4_3_3_2_1_3_5_7_4_5_3_5_5_4_3_4_8_1	-1	-1.000000000000000	-1.000000000000000	-1.000000000000000	-1.000000000000000	-232135.433909661136568	0.092000000000000
5_5_4_2_3_3_4_2_2_2_1_4_5_5_4_5_3_4_9_4_3_7_8_1	-1	-1.000000000000000	-1.000000000000000	-1.000000000000000	-1.000000000000000	-201383.975564361986471	0.124000000000000
5_5_4_2_3_3_4_2_2_2_1_3_5_5_4_5_3_3_9_4_4_7_8_2	-1	-1.000000000000000	-1.000000000000000	-1.000000000000000	-1.000000000000000	-192963.911886511865305	0.093000000000000
5_5_4_2_3_3_4_2_2_2_2_3_5_5_4_5_3_4_9_4_3_7_8_1	-1	-1.000000000000000	-1.000000000000000	-1.000000000000000	-1.000000000000000	-202451.974013707600534	0.070000000000000
5_6_8_3_3_3_4_2_2_2_3_4_5_7_4_5_3_5_5_4_3_4_4_1	-1	-1.000000000000000	-1.000000000000000	-1.000000000000000	-1.000000000000000	-243127.785874637338566	0.176000000000000
5_5_4_2_3_3_4_2_2_2_1_3_5_5_4_6_3_3_9_4_3_7_8_2	-1	-1.000000000000000	-1.000000000000000	-1.000000000000000	-1.000000000000000	-191970.825700728048105	0.094000000000000
6_5_6_4_3_3_4_3_4_2_1_3_5_7_4_5_3_6_5_4_3_4_4_1	-1	-1.000000000000000	-1.000000000000000	-1.000000000000000	-1.000000000000000	-243017.065402498323238	0.083000000000000
6_5_7_3_4_3_4_2_2_2_3_3_5_7_4_5_3_6_5_4_3_4_4_1	-1	-1.000000000000000	-1.000000000000000	-1.000000000000000	-1.000000000000000	-243857.245004561089445	0.106000000000000
5_5_4_2_3_3_4_2_2_2_1_3_5_5_4_5_3_3_9_4_3_7_9_2	-1	-1.000000000000000	-1.000000000000000	-1.000000000000000	-1.000000000000000	-193133.787727661547251	0.074000000000000
5_6_7_3_3_3_4_2_2_2_2_3_5_8_4_5_3_5_5_4_3_4_4_1	1	1091118.011268764501438	14244.896529830497457	2193760.817575742490590	1.048000000000000	-238699.314226580550894	0.089000000000000
5_5_6_5_3_3_4_2_3_2_1_3_5_7_4_5_3_6_5_4_3_4_4_1	-1	-1.000000000000000	-1.000000000000000	-1.000000000000000	-1.000000000000000	-239444.273923979111714	0.091000000000000
6_5_4_2_3_3_4_2_2_2_1_3_5_5_4_5_3_3_9_4_3_7_8_2	-1	-1.000000000000000	-1.000000000000000	-1.000000000000000	-1.000000000000000	-194361.180395348463207	0.097000000000000
5_5_7_2_3_3_4_2_2_2_1_3_5_6_4_5_3_5_5_4_3_5_8_1	1	1093216.272038931725547	13336.713306943765929	2245953.350584916304797	1.493000000000000	-227092.416197610204108	0.090000000000000
5_6_7_6_3_3_4_2_2_2_2_3_5_7_4_5_3_5_5_4_3_4_4_1	-1	-1.000000000000000	-1.000000000000000	-1.000000000000000	-1.000000000000000	-239882.480514991155360	0.091000000000000
5_5_7_6_3_3_4_2_2_2_2_3_5_7_4_5_3_5_5_4_4_4_4_1	-1	-1.000000000000000	-1.000000000000000	-1.000000000000000	-1.000000000000000	-240202.126524687773781	0.157000000000000
7_5_7_3_3_3_4_2_3_2_1_3_5_7_4_5_3_5_5_4_3_4_6_1	-1	-1.000000000000000	-1.000000000000000	-1.000000000000000	-1.000000000000000	-239951.469724290247541	0.094000000000000
5_6_6_6_3_3_4_2_3_2_1_3_5_8_4_5_3_5_5_4_3_4_4_1	-1	-1.000000000000000	-1.000000000000000	-1.000000000000000	-1.000000000000000	-239590.844501616753405	0.091000000000000
5_6_4_2_3_3_4_2_2_2_1_3_5_5_4_5_3_3_9_4_3_7_8_2	-1	-1.000000000000000	-1.000000000000000	-1.000000000000000	-1.000000000000000	-192664.153850009490270	0.092000000000000
5_5_6_4_3_3_4_2_4_2_1_3_5_8_4_5_3_5_5_4_3_4_4_1	-1	-1.000000000000000	-1.000000000000000	-1.000000000000000	-1.000000000000000	-238595.854031705501257	0.070000000000000
6_5_7_3_3_3_4_2_2_2_3_3_5_7_4_5_3_6_5_4_3_4_5_1	-1	-1.000000000000000	-1.000000000000000	-1.000000000000000	-1.000000000000000	-243601.874919696128927	0.119000000000000
5_6_8_3_3_3_4_2_2_2_2_3_5_8_4_5_3_5_5_4_4_4_4_1	-1	-1.000000000000000	-1.000000000000000	-1.000000000000000	-1.000000000000000	-241962.866250588267576	0.091000000000000
5_5_4_2_3_3_4_2_2_2_1_3_5_5_4_5_3_3_8_4_3_7_8_2	1	1090621.451392122078687	30047.000074595307524	2467498.478924219962209	1.484000000000000	-192963.911886511865305	0.084000000000000
5_5_4_2_3_3_4_2_2_2_1_3_5_5_5_5_3_3_9_4_3_7_8_2	-1	-1.000000000000000	-1.000000000000000	-1.000000000000000	-1.000000000000000	-192547.948436297359876	0.102000000000000
5_5_6_6_3_3_4_2_3_2_1_3_5_8_4_5_3_5_5_4_3_5_4_1	-1	-1.000000000000000	-1.000000000000000	-1.000000000000000	-1.000000000000000	-239209.831824913417222	0.076000000000000
5_5_5_2_3_3_4_2_2_2_1_3_5_5_4_5_3_3_9_4_3_7_8_2	1	1089959.851788663072512	25305.764885184187733	2383677.193163558375090	1.830000000000000	-199521.898184104677057	0.091000000000000
5_5_6_5_3_3_4_3_4_2_1_3_5_8_4_5_3_5_5_4_3_4_4_1	-1	-1.000000000000000	-1.000000000000000	-1.000000000000000	-1.000000000000000	-240263.260591006750474	0.068000000000000
6_6_7_3_3_3_4_2_3_2_1_3_5_7_4_5_3_5_5_4_3_4_6_1	-1	-1.000000000000000	-1.000000000000000	-1.000000000000000	-1.000000000000000	-239405.184164570993744	0.095000000000000
6_5_6_3_3_3_4_2_2_2_3_3_5_7_4_5_3_6_5_4_3_4_4_1	1	1094930.356978056486696	14298.779495283266442	2257667.189198277890682	1.307000000000000	-239321.788552836980671	0.117000000000000
5_5_7_6_3_3_4_3_2_2_1_3_5_8_4_5_3_5_5_4_3_4_4_1	-1	-1.000000000000000	-1.000000000000000	-1.000000000000000	-1.000000000000000	-237397.217552547052037	0.092000000000000
5_5_6_2_3_3_4_2_2_2_1_3_5_5_4_5_3_4_7_4_3_7_9_1	-1	-1.000000000000000	-1.000000000000000	-1.000000000000000	-1.000000000000000	-213453.475249133363832	0.091000000000000
6_5_7_4_3_3_4_2_3_2_1_3_5_7_4_5_3_6_5_5_3_4_4_1	-1	-1.000000000000000	-1.000000000000000	-1.000000000000000	-1.000000000000000	-245104.293001892365282	0.113000000000000
5_5_7_6_3_3_4_2_2_2_2_3_5_7_5_5_3_5_5_4_3_4_4_1	-1	-1.000000000000000	-1.000000000000000	-1.000000000000000	-1.000000000000000	-239596.701938985439483	0.092000000000000
5_5_7_6_3_3_5_2_2_2_2_3_5_7_4_5_3_5_5_4_3_4_4_1	-1	-1.000000000000000	-1.000000000000000	-1.000000000000000	-1.000000000000000	-239538.331400118710008	0.175000000000000
5_5_4_2_3_3_4_2_3_2_1_3_5_5_4_5_3_3_9_4_3_7_8_2	-1	-1.000000000000000	-1.000000000000000	-1.000000000000000	-1.000000000000000	-193300.816352034569718	0.097000000000000
7_5_7_3_3_3_4_2_2_2_3_3_5_7_4_5_3_6_5_4_3_4_4_1	1	1098789.181480532977730	14181.823910589588195	2185434.076975892297924	1.911000000000000	-245627.659986189217307	0.110000000000000
5_5_4_2_3_3_4_2_2_2_1_3_5_5_4_5_3_3_9_4_3_6_8_2	1	1090348.073491579154506	29982.752775854081847	2477653.484728318639100	1.470000000000000	-192963.911886511865305	0.068000000000000
5_6_8_3_3_3_4_2_2_2_2_3_5_8_4_5_3_6_5_4_3_4_4_1	-1	-1.000000000000000	-1.000000000000000	-1.000000000000000	-1.000000000000000	-245042.501963329297723	0.100000000000000
5_5_4_2_3_3_4_2_2_2_1_3_5_5_4_5_3_3_9_5_3_7_8_2	-1	-1.000000000000000	-1.000000000000000	-1.000000000000000	-1.000000000000000	-192963.911886511865305	0.099000000000000
5_5_7_2_3_3_4_2_3_2_1_3_5_6_4_5_3_5_6_4_3_5_8_1	-1	-1.000000000000000	-1.000000000000000	-1.000000000000000	-1.000000000000000	-229919.374935876170639	0.092000000000000
5_6_7_4_3_3_4_2_2_2_2_3_5_7_4_5_3_5_5_4_3_4_4_1	-1	-1.000000000000000	-1.000000000000000	-1.000000000000000	-1.000000000000000	-239483.239870799530763	0.097000000000000
5_5_4_2_3_3_4_2_2_2_1_3_5_5_4_5_3_3_9_4_3_7_8_3	-1	-1.000000000000000	-1.000000000000000	-1.000000000000000	-1.000000000000000	-192271.320205900090514	0.069000000000000
5_5_6_3_3_3_4_2_2_2_1_3_5_5_4_5_3_4_7_4_3_7_8_1	-1	-1.000000000000000	-1.000000000000000	-1.000000000000000	-1.000000000000000	-215100.422282647195971	0.100000000000000
6_5_7_4_3_3_4_2_2_2_2_3_5_7_4_5_3_6_6_4_3_4_4_1	-1	-1.000000000000000	-1.000000000000000	-1.000000000000000	-1.000000000000000	-244012.295832191419322	0.085000000000000
5_5_7_2_3_3_4_2_3_2_1_3_6_6_4_5_3_5_5_4_3_5_8_1	-1	-1.000000000000000	-1.000000000000000	-1.000000000000000	-1.000000000000000	-229564.412335229630116	0.106000000000000
5_5_6_2_3_3_4_2_2_2_1_3_5_5_4_5_3_4_7_5_3_7_8_1	-1	-1.000000000000000	-1.000000000000000	-1.000000000000000	-1.000000000000000	-212756.092357033339795	0.091000000000000
5_5_4_2_3_3_4_3_2_2_1_3_5_5_4_5_3_3_9_4_3_7_8_2	-1	-1.000000000000000	-1.000000000000000	-1.000000000000000	-1.000000000000000	-192963.911886511865305	0.090000000000000
5_5_7_6_3_3_4_2_2_2_1_3_5_8_5_5_3_5_5_4_3_4_4_1	-1	-1.000000000000000	-1.000000000000000	-1.000000000000000	-1.000000000000000	-237460.778641099343076	0.073000000000000
5_5_7_2_3_4_4_2_3_2_1_3_5_7_4_5_3_5_5_4_3_4_8_1	-1	-1.000000000000000	-1.000000000000000	-1.000000000000000	-1.000000000000000	-232092.838097117753932	0.153000000000000
5_5_4_3_3_3_4_2_2_2_1_3_5_5_4_5_3_3_9_4_3_7_8_2	-1	-1.000000000000000	-1.000000000000000	-1.000000000000000	-1.000000000000000	-195808.085083114885492	0.088000000000000
5_5_7_6_3_3_4_2_2_2_2_3_5_7_4_5_3_5_5_5_3_4_4_1	-1	-1.000000000000000	-1.000000000000000	-1.000000000000000	-1.000000000000000	-240298.974291262478800	0.168000000000000
6_5_7_4_3_3_4_2_3_2_1_3_5_7_5_5_3_6_5_4_3_4_4_1	-1	-1.000000000000000	-1.000000000000000	-1.000000000000000	-1.000000000000000	-244922.820248166128295	0.093000000000000
5_5_6_2_4_3_4_2_2_2_1_3_5_6_4_5_3_4_6_4_3_7_8_1	-1	-1.000000000000000	-1.000000000000000	-1.000000000000000	-1.000000000000000	-218110.149318447889527	0.091000000000000
5_6_8_3_4_3_4_2_2_2_2_3_5_8_4_5_3_5_5_4_3_4_4_1	-1	-1.000000000000000	-1.000000000000000	-1.000000000000000	-1.000000000000000	-241619.105395025515463	0.123000000000000
5_5_4_2_3_3_4_2_2_3_1_3_5_5_4_5_3_3_9_4_3_7_8_2	-1	-1.000000000000000	-1.000000000000000	-1.000000000000000	-1.000000000000000	-193344.183334739151178	0.078000000000000
6_6_7_4_3_3_4_2_3_2_1_3_5_7_4_5_3_5_5_4_3_4_5_1	-1	-1.000000000000000	-1.000000000000000	-1.000000000000000	-1.000000000000000	-241905.481803126254817	0.089000000000000
6_5_4_2_3_3_4_2_2_2_1_3_5_5_4_5_3_4_9_4_3_7_8_1	-1	-1.000000000000000	-1.000000000000000	-1.000000000000000	-1.000000000000000	-203188.351282089599408	0.111000000000000
5_5_6_5_3_3_4_2_4_2_2_3_5_7_4_5_3_6_5_4_3_4_4_1	-1	-1.000000000000000	-1.000000000000000	-1.000000000000000	-1.000000000000000	-241300.603044128220063	0.095000000000000
6_5_6_4_3_3_4_2_4_2_1_3_5_7_5_5_3_6_5_4_3_4_4_1	-1	-1.000000000000000	-1.000000000000000	-1.000000000000000	-1.000000000000000	-243111.315073487843620	0.091000000000000
5_5_4_2_3_3_4_2_2_2_1_3_5_5_4_5_3_4_9_4_3_8_8_1	-1	-1.000000000000000	-1.000000000000000	-1.000000000000000	-1.000000000000000	-201441.429867548868060	0.118000000000000
5_5_7_6_3_3_4_2_2_2_1_3_5_8_4_5_3_5_5_4_3_4_4_2	-1	-1.000000000000000	-1.000000000000000	-1.000000000000000	-1.000000000000000	-238743.359058830741560	0.082000000000000
5_5_4_2_4_3_4_2_2_2_1_3_5_5_4_5_3_3_9_4_3_7_8_2	-1	-1.000000000000000	-1.000000000000000	-1.000000000000000	-1.000000000000000	-192905.640856204845477	0.090000000000000
5_5_7_2_3_3_4_2_2_2_1_3_5_6_4_5_3_5_6_4_3_6_8_1	-1	-1.000000000000000	-1.000000000000000	-1.000000000000000	-1.000000000000000	-227092.416197610204108	0.092000000000000
5_5_6_2_3_3_4_2_2_2_1_3_5_6_4_5_3_4_7_4_3_7_8_1	1	1093414.613679107977077	13136.324053457541595	2280468.641594701912254	1.523000000000000	-218157.525863651389955	0.089000000000000
5_5_7_2_3_3_4_2_3_2_2_3_5_7_4_5_3_5_5_4_3_4_8_1	-1	-1.000000000000000	-1.000000000000000	-1.000000000000000	-1.000000000000000	-232135.433909661136568	0.150000000000000
5_5_4_2_3_3_5_2_2_2_1_3_5_5_4_5_3_3_9_4_3_7_8_2	-1	-1.000000000000000	-1.000000000000000	-1.000000000000000	-1.000000000000000	-192963.911886511865305	0.092000000000000
5_5_4_2_3_3_4_2_2_2_1_3_5_5_4_5_4_3_9_4_3_7_8_2	-1	-1.000000000000000	-1.000000000000000	-1.000000000000000	-1.000000000000000	-194322.507210895506432	0.085000000000000
6_5_8_4_3_3_4_2_3_2_1_3_5_7_4_5_3_6_5_4_3_4_4_1	1	1094355.681089944671839	14284.003158636369335	2174388.123033445794135	1.187000000000000	-246554.623751763283508	0.092000000000000
5_5_6_5_3_3_4_2_4_2_1_3_5_7_4_5_3_6_6_4_3_4_4_1	-1	-1.000000000000000	-1.000000000000000	-1.000000000000000	-1.000000000000000	-241291.337029751564842	0.075000000000000
6_5_7_5_3_3_4_2_2_2_2_4_5_7_4_5_3_5_5_4_3_4_4_1	-1	-1.000000000000000	-1.000000000000000	-1.000000000000000	-1.000000000000000	-242476.618063211237313	0.073000000000000
6_5_7_4_3_3_4_2_3_2_1_3_5_7_4_5_3_6_5_4_3_4_4_2	-1	-1.000000000000000	-1.000000000000000	-1.000000000000000	-1.000000000000000	-244956.497563393175369	0.073000000000000
5_6_8_3_3_3_4_2_2_2_2_3_5_8_4_5_3_5_5_4_3_5_4_1	-1	-1.000000000000000	-1.000000000000000	-1.000000000000000	-1.000000000000000	-241417.512028480326990	0.121000000000000
6_5_7_5_3_3_4_2_2_2_1_3_5_7_4_5_3_5_5_4_3_4_4_1	-1	-1.000000000000000	-1.000000000000000	-1.000000000000000	-1.000000000000000	-238655.481800144421868	0.073000000000000
5_5_4_2_3_3_4_2_2_2_1_3_5_6_4_5_3_3_9_4_3_7_8_2	-1	-1.000000000000000	-1.000000000000000	-1.000000000000000	-1.000000000000000	-194384.829442649090197	0.087000000000000
6_5_7_4_3_3_4_2_3_2_1_3_5_6_4_5_3_5_5_4_3_4_5_1	-1	-1.000000000000000	-1.000000000000000	-1.000000000000000	-1.000000000000000	-236032.632098295958713	0.093000000000000
5_5_7_6_3_3_4_2_2_2_1_3_5_7_4_5_3_5_5_4_3_4_4_1	1	1092191.811101251048967	15333.232947406682797	2238914.141759109217674	1.243000000000000	-235933.076176009228220	0.094000000000000
5_5_7_3_3_3_4_2_3_2_1_3_5_7_4_5_3_5_5_4_3_4_7_2	-1	-1.000000000000000	-1.000000000000000	-1.000000000000000	-1.000000000000000	-236015.080156856856775	0.089000000000000
5_5_8_3_3_3_4_2_2_2_3_3_5_7_4_6_3_6_5_4_3_4_4_1	-1	-1.000000000000000	-1.000000000000000	-1.000000000000000	-1.000000000000000	-243962.150959249993321	0.112000000000000
6_5_7_4_3_3_5_2_2_2_2_3_5_7_4_5_3_6_5_4_3_4_4_1	-1	-1.000000000000000	-1.000000000000000	-1.000000000000000	-1.000000000000000	-243972.543217712489422	0.104000000000000
5_5_4_2_4_3_4_2_2_2_1_3_5_5_4_5_3_4_9_4_3_7_8_1	-1	-1.000000000000000	-1.000000000000000	-1.000000000000000	-1.000000000000000	-201328.843349372968078	0.087000000000000
5_5_7_6_3_3_4_2_2_2_1_4_5_8_4_5_3_5_5_4_3_4_4_1	-1	-1.000000000000000	-1.000000000000000	-1.000000000000000	-1.000000000000000	-237460.778641099343076	0.089000000000000
5_5_4_2_3_4_4_2_2_2_1_3_5_5_4_5_3_3_9_4_3_7_8_2	-1	-1.000000000000000	-1.000000000000000	-1.000000000000000	-1.000000000000000	-192897.947309667564696	0.088000000000000
5_6_7_3_3_3_4_2_3_2_1_3_5_7_4_5_3_5_5_4_3_4_7_1	-1	-1.000000000000000	-1.000000000000000	-1.000000000000000	-1.000000000000000	-237248.259200313012116	0.078000000000000
5_5_6_2_3_3_4_2_3_2_1_3_5_7_4_5_3_5_5_4_3_4_8_1	1	1092460.791332489810884	13486.224744249484502	2272652.726137795951217	1.631000000000000	-226748.087742430681828	0.098000000000000
5_6_7_4_3_3_4_2_3_2_2_3_5_8_4_5_3_5_5_4_3_4_4_1	-1	-1.000000000000000	-1.000000000000000	-1.000000000000000	-1.000000000000000	-241770.566347687359666	0.092000000000000
5_5_4_2_3_3_4_2_2_2_1_3_6_5_4_5_3_3_9_4_3_7_8_2	-1	-1.000000000000000	-1.000000000000000	-1.000000000000000	-1.000000000000000	-192417.227083136123838	0.088000000000000
7_5_7_4_3_3_4_2_2_2_2_3_5_7_4_5_3_6_5_4_3_4_4_1	-1	-1.000000000000000	-1.000000000000000	-1.000000000000000	-1.000000000000000	-244857.656535305315629	0.076000000000000
5_5_4_2_3_3_4_2_2_2_1_3_5_5_4_5_3_4_9_4_4_7_8_1	-1	-1.000000000000000	-1.000000000000000	-1.000000000000000	-1.000000000000000	-201116.090481124148937	0.070000000000000
6_5_7_4_3_3_4_2_2_2_2_3_5_7_4_5_3_6_5_4_3_4_5_1	-1	-1.000000000000000	-1.000000000000000	-1.000000000000000	-1.000000000000000	-243727.620142887288239	0.102000000000000
5_5_8_2_3_3_4_2_2_2_1_3_5_6_4_5_3_5_5_4_3_6_8_1	-1	-1.000000000000000	-1.000000000000000	-1.000000000000000	-1.000000000000000	-228967.537643668823875	0.094000000000000
5_5_4_2_3_3_4_2_2_2_1_3_5_5_4_5_3_3_9_4_3_8_8_2	-1	-1.000000000000000	-1.000000000000000	-1.000000000000000	-1.000000000000000	-193031.898514813976362	0.071000000000000
5_5_5_2_3_3_4_2_2_2_1_3_5_5_4_5_3_4_7_4_3_7_8_1	1	1091986.735951656475663	15802.913115704472148	2385223.464501595124602	1.043000000000000	-208631.162396454368718	0.108000000000000
5_5_6_2_3_3_4_2_2_2_1_3_5_6_4_5_3_5_5_4_4_7_8_1	-1	-1.000000000000000	-1.000000000000000	-1.000000000000000	-1.000000000000000	-222251.758285768475616	0.089000000000000
6_5_6_4_3_3_4_2_4_2_1_3_5_7_4_5_3_6_5_5_3_4_4_1	-1	-1.000000000000000	-1.000000000000000	-1.000000000000000	-1.000000000000000	-243091.847895281505771	0.082000000000000
5_6_8_3_3_3_4_2_2_2_2_3_5_8_5_5_3_5_5_4_3_4_4_1	-1	-1.000000000000000	-1.000000000000000	-1.000000000000000	-1.000000000000000	-241624.837186990189366	0.159000000000000
5_5_4_2_3_3_4_2_2_2_1_3_5_5_4_5_3_3_9_4_3_7_8_1	0	1091082.948406329378486	30113.479812804383982	2500769.779070440679789	1.555000000000000	-193749.002809215104207	0.088000000000000
5_5_6_2_4_3_4_2_2_2_1_3_5_5_4_5_3_4_7_4_3_7_8_1	-1	-1.000000000000000	-1.000000000000000	-1.000000000000000	-1.000000000000000	-213041.786920974700479	0.092000000000000
5_5_8_4_3_3_4_2_2_2_3_3_5_7_4_5_3_6_5_4_3_4_4_1	-1	-1.000000000000000	-1.000000000000000	-1.000000000000000	-1.000000000000000	-245281.832727857632563	0.198000000000000
5_5_7_5_3_3_4_2_2_2_1_3_5_8_4_5_3_5_5_4_3_4_4_1	-1	-1.000000000000000	-1.000000000000000	-1.000000000000000	-1.000000000000000	-237063.488908504426945	0.089000000000000
5_5_4_2_3_3_4_2_2_2_1_3_5_5_4_5_3_3_9_4_3_7_7_2	-1	-1.000000000000000	-1.000000000000000	-1.000000000000000	-1.000000000000000	-192857.876383914670441	0.069000000000000
5_5_5_2_3_3_4_2_2_2_1_3_5_5_4_5_3_3_8_4_3_7_8_1	-1	-1.000000000000000	-1.000000000000000	-1.000000000000000	-1.000000000000000	-200354.927093640697422	0.115000000000000
5_5_6_5_3_3_4_2_4_2_1_3_6_7_4_5_3_6_5_4_3_4_4_1	-1	-1.000000000000000	-1.000000000000000	-1.000000000000000	-1.000000000000000	-241085.031936161307385	0.057000000000000
5_5_4_2_3_3_4_2_2_2_1_3_5_5_4_5_3_4_8_4_3_7_8_2	1	1092399.090217803604901	23113.417367177135020	2414660.481157324742526	1.510000000000000	-200594.345698736578925	0.074000000000000
5_5_5_2_3_3_4_2_2_2_1_3_5_5_4_5_3_3_8_4_3_7_8_2	1	1090519.419774264795706	25440.741960852523334	2386808.130984491668642	1.379000000000000	-199521.898184104677057	0.082000000000000
5_5_7_2_3_3_4_2_3_2_1_3_5_7_4_5_3_5_5_4_3_5_7_1	1	1092597.240334998583421	13469.412758919763291	2219137.334617555607110	1.602000000000000	-232062.950480099127162	0.114000000000000
5_5_4_2_3_3_4_2_2_2_1_3_5_5_4_5_3_4_9_4_3_7_7_2	-1	-1.000000000000000	-1.000000000000000	-1.000000000000000	-1.000000000000000	-200486.531442130450159	0.071000000000000
5_5_4_2_3_3_4_2_2_2_1_3_5_5_4_5_3_4_9_4_3_6_8_2	-1	-1.000000000000000	-1.000000000000000	-1.000000000000000	-1.000000000000000	-200594.345698736578925	0.118000000000000
5_5_5_2_3_3_4_2_2_2_1_3_5_5_4_5_3_4_8_4_3_7_8_1	1	1093431.518288820516318	14893.265422310079884	2375200.630509385373443	2.037000000000000	-208631.162396454368718	0.099000000000000
5_5_4_2_3_3_4_2_2_2_1_3_5_5_4_5_3_4_9_4_3_7_8_1	1	1092738.463330596685410	23113.417367177135020	2448179.595367383211851	1.372000000000000	-201383.975564361986471	0.136000000000000
5_5_4_2_3_3_4_2_2_2_1_3_5_5_4_6_3_4_9_4_3_7_8_1	-1	-1.000000000000000	-1.000000000000000	-1.000000000000000	-1.000000000000000	-200894.578360743355006	0.096000000000000
5_5_7_3_3_3_5_2_3_2_1_3_5_7_4_5_3_5_5_4_3_4_7_1	-1	-1.000000000000000	-1.000000000000000	-1.000000000000000	-1.000000000000000	-235333.629520189744653	0.095000000000000
5_5_6_5_3_3_4_2_4_2_1_3_5_6_4_5_3_6_5_4_3_4_4_1	1	1092594.451697704149410	15629.009779797524970	2278721.603213293477893	1.364000000000000	-235511.859280573233264	0.079000000000000
5_5_4_2_3_3_4_2_2_2_1_3_5_5_4_5_3_4_9_4_3_6_8_1	1	1092749.187125064432621	23252.381433927686885	2462945.336377205327153	2.069000000000000	-201383.975564361986471	0.089000000000000
5_5_7_2_3_3_4_2_2_2_1_3_5_6_5_5_3_5_5_4_3_6_8_1	-1	-1.000000000000000	-1.000000000000000	-1.000000000000000	-1.000000000000000	-227083.801777513348497	0.116000000000000
5_5_4_3_3_3_4_2_2_2_1_3_5_5_4_5_3_4_9_4_3_7_8_1	1	1096600.680526536656544	16124.081141896094778	2406679.606311839539558	1.642000000000000	-204631.305457124952227	0.107000000000000
5_5_5_2_3_3_4_2_2_2_1_3_5_5_4_5_3_4_8_4_3_6_8_1	1	1091537.072979909135029	15929.738620302068739	2394329.401440671645105	1.114000000000000	-208631.162396454368718	0.113000000000000
5_6_7_2_3_3_4_2_3_2_1_3_5_7_4_5_3_5_5_4_3_4_8_1	-1	-1.000000000000000	-1.000000000000000	-1.000000000000000	-1.000000000000000	-232826.153592045098776	0.177000000000000
6_5_6_5_3_3_4_2_2_2_2_3_5_7_4_5_3_5_5_4_3_4_4_1	1	1096020.534166494617239	15626.272655395805486	2253063.888582677580416	1.128000000000000	-239058.320278022845741	0.058000000000000
5_5_4_2_3_3_4_2_2_2_1_3_5_5_4_5_3_4_9_5_3_7_8_1	-1	-1.000000000000000	-1.000000000000000	-1.000000000000000	-1.000000000000000	-201050.891737237107009	0.088000000000000
5_5_6_2_3_3_4_2_2_2_1_3_5_6_4_5_3_5_5_4_3_6_8_1	1	1091814.266678549349308	13254.901529596827459	2279700.136407554615289	1.058000000000000	-222172.464131276297849	0.092000000000000
5_5_4_2_3_3_4_2_2_3_1_3_5_5_4_5_3_4_9_4_3_7_8_1	-1	-1.000000000000000	-1.000000000000000	-1.000000000000000	-1.000000000000000	-202466.479771398793673	0.088000000000000
5_5_6_5_3_3_4_2_4_3_1_3_5_7_4_5_3_6_5_4_3_4_4_1	-1	-1.000000000000000	-1.000000000000000	-1.000000000000000	-1.000000000000000	-241300.603044128220063	0.091000000000000
5_6_8_3_3_3_4_2_2_2_3_3_5_7_4_5_3_4_5_4_3_4_4_1	-1	-1.000000000000000	-1.000000000000000	-1.000000000000000	-1.000000000000000	-236018.278544225177029	0.094000000000000
5_5_7_2_3_3_4_2_3_2_1_3_5_7_4_5_3_5_5_4_3_4_8_2	-1	-1.000000000000000	-1.000000000000000	-1.000000000000000	-1.000000000000000	-232153.552342100389069	0.165000000000000
6_5_7_3_3_4_4_2_3_2_1_3_5_7_4_5_3_5_5_4_3_4_6_1	-1	-1.000000000000000	-1.000000000000000	-1.000000000000000	-1.000000000000000	-238739.682519102818333	0.089000000000000
5_5_4_2_3_3_4_2_2_2_1_3_5_5_4_5_3_4_8_4_3_7_8_1	1	1092833.719590232940391	23113.417367177135020	2453066.656912365928292	1.723000000000000	-201383.975564361986471	0.087000000000000
5_5_6_2_3_3_4_2_2_2_1_4_5_6_4_5_3_4_6_4_3_7_8_1	-1	-1.000000000000000	-1.000000000000000	-1.000000000000000	-1.000000000000000	-218157.525863651389955	0.110000000000000
6_5_7_4_3_3_4_2_3_2_1_3_5_8_4_5_3_5_5_4_3_4_5_1	-1	-1.000000000000000	-1.000000000000000	-1.000000000000000	-1.000000000000000	-243344.444737569865538	0.108000000000000
6_5_7_3_3_3_4_2_3_2_2_3_5_7_4_5_3_5_5_4_3_4_6_1	-1	-1.000000000000000	-1.000000000000000	-1.000000000000000	-1.000000000000000	-238785.936972716328455	0.073000000000000
5_5_4_2_3_3_4_2_3_2_1_3_5_5_4_5_3_4_9_4_3_7_8_1	-1	-1.000000000000000	-1.000000000000000	-1.000000000000000	-1.000000000000000	-202421.382245899032569	0.080000000000000
5_5_7_2_3_3_4_2_3_2_1_3_5_7_4_5_3_5_5_4_4_4_8_1	-1	-1.000000000000000	-1.000000000000000	-1.000000000000000	-1.000000000000000	-232364.611820955149597	0.094000000000000
5_6_8_3_3_3_5_2_2_2_3_3_5_7_4_5_3_5_5_4_3_4_4_1	-1	-1.000000000000000	-1.000000000000000	-1.000000000000000	-1.000000000000000	-243107.309799739043228	0.092000000000000
5_5_5_2_3_3_4_2_2_2_1_3_5_5_4_5_3_4_9_4_3_7_8_1	1	1092999.744146529817954	14353.076319539726683	2372322.693985854275525	2.420000000000000	-208631.162396454368718	0.091000000000000
6_5_7_2_3_3_4_2_2_2_1_3_5_6_4_5_3_5_5_4_3_6_8_1	-1	-1.000000000000000	-1.000000000000000	-1.000000000000000	-1.000000000000000	-227848.681007354229223	0.092000000000000
6_5_7_3_3_3_4_2_3_2_1_3_5_7_4_5_3_5_5_4_3_5_6_1	-1	-1.000000000000000	-1.000000000000000	-1.000000000000000	-1.000000000000000	-238785.936972716328455	0.089000000000000
6_5_7_2_3_3_4_2_3_2_1_3_5_7_4_5_3_5_5_4_3_4_6_1	-1	-1.000000000000000	-1.000000000000000	-1.000000000000000	-1.000000000000000	-233827.675667640287429	0.098000000000000
5_6_8_3_3_3_4_2_2_2_2_3_5_9_4_5_3_5_5_4_3_4_4_1	-1	-1.000000000000000	-1.000000000000000	-1.000000000000000	-1.000000000000000	-242459.411401589401066	0.103000000000000
5_5_4_2_3_3_4_2_2_2_1_3_6_5_4_5_3_4_9_4_3_7_8_1	-1	-1.000000000000000	-1.000000000000000	-1.000000000000000	-1.000000000000000	-200926.810478049708763	0.115000000000000
5_5_4_2_3_4_4_2_2_2_1_3_5_5_4_5_3_4_9_4_3_7_8_1	-1	-1.000000000000000	-1.000000000000000	-1.000000000000000	-1.000000000000000	-201321.467729529977078	0.076000000000000
6_5_7_4_3_3_4_2_3_2_1_3_5_7_4_5_3_4_5_4_3_4_5_1	-1	-1.000000000000000	-1.000000000000000	-1.000000000000000	-1.000000000000000	-234998.074171516811475	0.078000000000000
6_5_7_3_3_3_4_2_2_2_3_3_5_7_4_5_3_5_5_4_3_4_4_1	-1	-1.000000000000000	-1.000000000000000	-1.000000000000000	-1.000000000000000	-241299.990501428343123	0.097000000000000
5_5_5_2_3_3_4_2_2_2_1_3_6_5_4_5_3_4_8_4_3_7_8_1	-1	-1.000000000000000	-1.000000000000000	-1.000000000000000	-1.000000000000000	-208062.428537331783446	0.122000000000000
5_5_8_3_3_3_4_2_2_2_3_3_5_7_5_5_3_6_5_4_3_4_4_1	-1	-1.000000000000000	-1.000000000000000	-1.000000000000000	-1.000000000000000	-243962.150959249993321	0.147000000000000
5_5_7_2_3_3_5_2_2_2_1_3_5_6_4_5_3_5_5_4_3_6_8_1	-1	-1.000000000000000	-1.000000000000000	-1.000000000000000	-1.000000000000000	-227092.416197610204108	0.092000000000000
5_5_4_2_3_3_4_2_2_2_1_3_5_5_4_5_3_5_9_4_3_7_8_1	-1	-1.000000000000000	-1.000000000000000	-1.000000000000000	-1.000000000000000	-202458.210360067983856	0.120000000000000
5_5_4_2_3_3_4_3_2_2_1_3_5_5_4_5_3_4_9_4_3_7_8_1	-1	-1.000000000000000	-1.000000000000000	-1.000000000000000	-1.000000000000000	-201383.975564361986471	0.090000000000000
6_5_6_4_3_4_4_2_4_2_1_3_5_7_4_5_3_6_5_4_3_4_4_1	-1	-1.000000000000000	-1.000000000000000	-1.000000000000000	-1.000000000000000	-243040.589156597998226	0.057000000000000
5_5_8_3_3_3_4_2_2_2_2_3_5_7_4_5_3_6_5_4_3_4_4_1	-1	-1.000000000000000	-1.000000000000000	-1.000000000000000	-1.000000000000000	-240913.876991134049604	0.172000000000000
5_5_6_2_3_4_4_2_2_2_1_3_5_6_4_5_3_4_6_4_3_7_8_1	-1	-1.000000000000000	-1.000000000000000	-1.000000000000000	-1.000000000000000	-218103.423977497732267	0.095000000000000
5_5_7_3_3_3_4_3_3_2_1_3_5_7_4_5_3_5_5_4_3_4_7_1	-1	-1.000000000000000	-1.000000000000000	-1.000000000000000	-1.000000000000000	-235333.629520189744653	0.122000000000000
5_6_7_4_3_3_4_2_2_2_2_3_5_8_4_5_3_6_5_4_3_4_4_1	-1	-1.000000000000000	-1.000000000000000	-1.000000000000000	-1.000000000000000	-244312.803722352458863	0.115000000000000
5_5_4_2_3_3_5_2_2_2_1_3_5_5_4_5_3_4_9_4_3_7_8_1	-1	-1.000000000000000	-1.000000000000000	-1.000000000000000	-1.000000000000000	-201383.975564361986471	0.091000000000000
5_5_6_2_3_3_4_2_2_2_1_3_5_6_4_5_3_3_6_4_3_7_8_1	-1	-1.000000000000000	-1.000000000000000	-1.000000000000000	-1.000000000000000	-207584.341214413812850	0.090000000000000
5_5_7_2_3_3_4_2_4_2_1_3_5_6_4_5_3_5_5_4_3_5_8_1	-1	-1.000000000000000	-1.000000000000000	-1.000000000000000	-1.000000000000000	-230058.967863580532139	0.119000000000000
6_5_7_4_3_3_4_2_2_2_2_3_5_7_4_5_3_5_5_4_3_4_4_1	1	1094868.966028301510960	14215.517627801578783	2227547.657521561719477	1.152000000000000	-241311.710952989582438	0.065000000000000
5_5_4_2_3_3_4_2_2_2_1_3_5_5_4_5_3_4_9_4_3_7_9_1	-1	-1.000000000000000	-1.000000000000000	-1.000000000000000	-1.000000000000000	-201550.059978413220961	0.074000000000000
5_5_5_6_3_3_4_2_3_2_1_3_5_8_4_5_3_5_5_4_3_4_4_1	1	1093202.513244656613097	15487.613137336113141	2306145.413251066580415	1.110000000000000	-233036.820750505197793	0.073000000000000
5_5_5_2_3_3_4_2_2_2_1_3_5_5_4_5_4_4_8_4_3_7_8_1	-1	-1.000000000000000	-1.000000000000000	-1.000000000000000	-1.000000000000000	-210499.234564983780729	0.094000000000000
5_5_4_2_3_3_4_2_2_2_1_3_5_5_4_5_3_4_9_4_3_7_7_1	-1	-1.000000000000000	-1.000000000000000	-1.000000000000000	-1.000000000000000	-201278.257995053427294	0.112000000000000
5_5_4_2_3_3_4_2_2_2_1_3_5_5_4_5_4_4_9_4_3_7_8_1	-1	-1.000000000000000	-1.000000000000000	-1.000000000000000	-1.000000000000000	-203207.914063768228516	0.078000000000000
5_5_6_5_3_3_4_2_4_2_1_3_5_7_4_5_4_6_5_4_3_4_4_1	-1	-1.000000000000000	-1.000000000000000	-1.000000000000000	-1.000000000000000	-241318.010794419329613	0.100000000000000
5_5_6_5_3_4_4_2_4_2_1_3_5_8_4_5_3_5_5_4_3_4_4_1	-1	-1.000000000000000	-1.000000000000000	-1.000000000000000	-1.000000000000000	-240318.944121154781897	0.091000000000000
5_5_6_6_3_3_4_2_3_2_1_3_5_8_4_5_3_5_6_4_3_4_4_1	-1	-1.000000000000000	-1.000000000000000	-1.000000000000000	-1.000000000000000	-239509.914829923276557	0.084000000000000
5_5_4_2_3_3_4_2_2_2_1_3_5_6_4_5_3_4_9_4_3_7_8_1	-1	-1.000000000000000	-1.000000000000000	-1.000000000000000	-1.000000000000000	-203625.121446433913661	0.073000000000000
5_5_7_2_3_3_4_2_2_2_1_3_5_5_4_5_3_5_5_4_3_6_8_1	-1	-1.000000000000000	-1.000000000000000	-1.000000000000000	-1.000000000000000	-220062.998178282025037	0.089000000000000
5_7_8_2_3_3_4_2_2_2_3_3_5_7_4_5_3_5_5_4_3_4_4_1	1	1089592.309418728807941	14433.722586808726192	2169246.384335914161056	1.163000000000000	-240228.115801345906220	0.103000000000000
5_5_6_6_3_3_4_2_4_2_1_3_5_7_4_5_3_5_5_4_3_4_4_1	-1	-1.000000000000000	-1.000000000000000	-1.000000000000000	-1.000000000000000	-239514.619630053173751	0.110000000000000
5_5_4_2_3_3_4_2_2_2_1_3_5_5_4_5_3_4_10_4_3_7_8_1	-1	-1.000000000000000	-1.000000000000000	-1.000000000000000	-1.000000000000000	-201383.975564361986471	0.070000000000000
5_5_4_3_3_3_4_2_2_2_1_3_5_5_4_5_3_4_8_4_3_7_8_1	1	1096695.936786172911525	16124.081141896094778	2411566.667856821790338	2.129000000000000	-204631.305457124952227	0.121000000000000
5_5_5_5_3_3_4_2_4_2_1_3_5_8_4_5_3_6_5_4_3_4_4_1	1	1092551.184992560185492	15727.596873753460386	2282669.926560035441071	0.971000000000000	-236155.767229217948625	0.054000000000000
5_5_5_2_3_3_4_2_2_2_1_3_5_5_4_5_3_3_9_4_3_7_8_1	-1	-1.000000000000000	-1.000000000000000	-1.000000000000000	-1.000000000000000	-200354.927093640697422	0.102000000000000
5_5_5_2_3_3_4_2_2_2_1_3_5_5_4_5_3_4_9_4_3_7_7_1	-1	-1.000000000000000	-1.000000000000000	-1.000000000000000	-1.000000000000000	-208426.684079310391098	0.104000000000000
5_5_7_2_3_3_4_2_3_2_1_3_5_5_4_5_3_5_5_4_3_6_8_1	-1	-1.000000000000000	-1.000000000000000	-1.000000000000000	-1.000000000000000	-222978.744599565077806	0.092000000000000
5_5_5_2_3_3_4_2_2_2_1_3_5_5_4_5_3_4_9_4_3_6_8_1	1	1093010.024739994900301	15018.118417159872479	2385307.737748471088707	1.889000000000000	-208631.162396454368718	0.127000000000000
5_5_7_3_3_3_4_2_3_2_1_3_5_7_4_5_3_5_5_4_3_4_7_1	1	1092158.366946151480079	13729.206497167477210	2202892.575399462133646	1.540000000000000	-235333.629520189744653	0.104000000000000
5_5_5_2_3_3_4_2_2_2_1_3_5_5_4_5_3_4_8_4_3_7_8_2	-1	-1.000000000000000	-1.000000000000000	-1.000000000000000	-1.000000000000000	-207874.028556613309775	0.128000000000000
5_6_6_2_3_3_4_2_2_2_1_3_5_6_4_5_3_5_5_4_3_7_8_1	-1	-1.000000000000000	-1.000000000000000	-1.000000000000000	-1.000000000000000	-222683.723159532819409	0.089000000000000
6_5_7_4_3_3_4_3_2_2_2_3_5_7_4_5_3_6_5_4_3_4_4_1	-1	-1.000000000000000	-1.000000000000000	-1.000000000000000	-1.000000000000000	-243933.120098853105446	0.072000000000000
5_5_5_2_3_3_4_2_2_2_1_3_5_5_4_6_3_4_8_4_3_7_8_1	-1	-1.000000000000000	-1.000000000000000	-1.000000000000000	-1.000000000000000	-208188.625745745841414	0.143000000000000
5_6_8_3_3_3_4_2_2_2_2_3_5_8_4_5_3_5_5_5_3_4_4_1	-1	-1.000000000000000	-1.000000000000000	-1.000000000000000	-1.000000000000000	-242094.530862463056110	0.101000000000000
5_5_5_2_3_3_4_2_2_2_1_3_5_5_4_5_3_4_8_4_3_8_8_1	-1	-1.000000000000000	-1.000000000000000	-1.000000000000000	-1.000000000000000	-208768.749580718751531	0.129000000000000
5_5_6_2_3_3_5_2_2_2_1_3_5_6_4_5_3_4_6_4_3_7_8_1	-1	-1.000000000000000	-1.000000000000000	-1.000000000000000	-1.000000000000000	-218157.525863651389955	0.093000000000000
5_5_6_5_3_3_4_2_5_2_1_3_5_7_4_5_3_6_5_4_3_4_4_1	-1	-1.000000000000000	-1.000000000000000	-1.000000000000000	-1.000000000000000	-241118.832387760689016	0.093000000000000
5_5_5_2_3_3_4_2_2_2_1_3_5_5_4_5_3_4_8_4_3_7_9_1	-1	-1.000000000000000	-1.000000000000000	-1.000000000000000	-1.000000000000000	-208960.084849652630510	0.148000000000000
5_5_5_2_4_3_4_2_2_2_1_3_5_5_4_5_3_4_8_4_3_7_8_1	-1	-1.000000000000000	-1.000000000000000	-1.000000000000000	-1.000000000000000	-208584.237294166814536	0.114000000000000
5_5_6_2_4_3_4_2_2_2_1_3_5_6_4_5_3_5_5_4_3_7_8_1	-1	-1.000000000000000	-1.000000000000000	-1.000000000000000	-1.000000000000000	-222126.404438419966027	0.093000000000000
5_5_6_5_3_3_4_2_4_2_1_3_5_7_4_5_3_6_5_4_4_4_4_1	-1	-1.000000000000000	-1.000000000000000	-1.000000000000000	-1.000000000000000	-241716.254936142475344	0.095000000000000
5_6_6_4_3_3_4_2_2_2_2_3_5_8_4_5_3_5_5_4_3_4_4_1	-1	-1.000000000000000	-1.000000000000000	-1.000000000000000	-1.000000000000000	-236663.450784216605825	0.101000000000000
5_5_8_3_3_3_4_2_3_2_1_3_5_7_4_5_3_5_5_4_3_4_7_1	1	1092279.276854408206418	13647.306801574806741	2165993.581298720091581	1.324000000000000	-237945.905266327492427	0.163000000000000
5_5_5_2_3_3_4_3_2_2_1_3_5_5_4_5_3_4_8_4_3_7_8_1	-1	-1.000000000000000	-1.000000000000000	-1.000000000000000	-1.000000000000000	-208631.162396454368718	0.093000000000000
5_5_6_2_3_3_4_2_2_2_1_3_6_6_4_5_3_4_6_4_3_7_8_1	-1	-1.000000000000000	-1.000000000000000	-1.000000000000000	-1.000000000000000	-217750.520913768734317	0.146000000000000
5_6_8_3_3_4_4_2_2_2_2_3_5_8_4_5_3_5_5_4_3_4_4_1	-1	-1.000000000000000	-1.000000000000000	-1.000000000000000	-1.000000000000000	-241612.033552766020875	0.101000000000000
6_5_7_4_3_3_4_2_3_2_1_3_6_7_4_5_3_5_5_4_3_4_5_1	-1	-1.000000000000000	-1.000000000000000	-1.000000000000000	-1.000000000000000	-241855.773557068954688	0.090000000000000
5_6_8_3_3_3_4_2_2_2_2_3_6_8_4_5_3_5_5_4_3_4_4_1	-1	-1.000000000000000	-1.000000000000000	-1.000000000000000	-1.000000000000000	-242212.809056071797386	0.097000000000000
5_6_8_3_3_3_4_2_2_2_2_3_5_8_4_5_3_5_6_4_3_4_4_1	-1	-1.000000000000000	-1.000000000000000	-1.000000000000000	-1.000000000000000	-241632.428861497464823	0.091000000000000
5_5_5_2_3_3_4_2_2_2_1_3_5_5_4_5_3_4_8_5_3_7_8_1	-1	-1.000000000000000	-1.000000000000000	-1.000000000000000	-1.000000000000000	-208302.242988696205430	0.124000000000000
5_5_5_2_3_3_4_2_2_2_1_3_5_5_4_5_3_5_8_4_3_7_8_1	-1	-1.000000000000000	-1.000000000000000	-1.000000000000000	-1.000000000000000	-210288.915065601089736	0.101000000000000
5_5_6_2_3_3_4_2_2_2_1_3_5_6_4_5_3_4_5_4_3_7_8_1	1	1093436.833870418136939	13123.284473156472814	2299217.660804310347885	0.881000000000000	-218157.525863651389955	0.090000000000000
5_5_5_2_3_3_4_2_2_2_1_3_5_5_5_5_3_4_8_4_3_7_8_1	-1	-1.000000000000000	-1.000000000000000	-1.000000000000000	-1.000000000000000	-208465.946698142390233	0.107000000000000
5_5_7_3_3_3_4_2_3_2_1_3_5_6_4_5_3_5_5_4_3_4_7_1	-1	-1.000000000000000	-1.000000000000000	-1.000000000000000	-1.000000000000000	-231667.863803496788023	0.101000000000000
6_6_7_4_3_3_4_2_3_2_1_3_5_7_4_5_3_6_5_4_3_4_4_1	-1	-1.000000000000000	-1.000000000000000	-1.000000000000000	-1.000000000000000	-245051.183618956391001	0.085000000000000
6_5_7_4_3_3_4_2_2_2_2_3_5_8_4_5_3_5_5_4_3_4_5_1	-1	-1.000000000000000	-1.000000000000000	-1.000000000000000	-1.000000000000000	-242450.452406374504790	0.166000000000000
5_5_5_2_3_3_4_2_2_2_1_4_5_5_4_5_3_4_8_4_3_7_8_1	-1	-1.000000000000000	-1.000000000000000	-1.000000000000000	-1.000000000000000	-208631.162396454368718	0.105000000000000
5_5_6_2_3_3_4_2_2_2_1_3_5_5_4_6_3_4_7_4_3_7_8_1	-1	-1.000000000000000	-1.000000000000000	-1.000000000000000	-1.000000000000000	-212788.295953610911965	0.090000000000000
5_5_5_2_3_3_4_2_2_2_1_3_5_6_4_5_3_4_8_4_3_7_8_1	1	1093736.059297566767782	13093.606150546333083	2335186.436501774005592	1.540000000000000	-211631.356386378465686	0.105000000000000
5_5_6_6_3_3_4_2_4_2_1_3_5_7_4_5_3_6_5_4_3_4_4_1	-1	-1.000000000000000	-1.000000000000000	-1.000000000000000	-1.000000000000000	-242219.116143724211724	0.095000000000000
6_5_7_4_3_4_4_2_3_2_1_3_5_7_4_5_3_5_5_4_3_4_5_1	-1	-1.000000000000000	-1.000000000000000	-1.000000000000000	-1.000000000000000	-241858.116947809641715	0.081000000000000
5_5_6_5_3_3_4_3_4_2_1_3_5_7_4_5_3_6_5_4_3_4_4_1	-1	-1.000000000000000	-1.000000000000000	-1.000000000000000	-1.000000000000000	-241204.049676343303872	0.097000000000000
5_5_5_3_3_3_4_2_2_2_1_3_5_5_4_5_3_4_8_4_3_7_8_1	-1	-1.000000000000000	-1.000000000000000	-1.000000000000000	-1.000000000000000	-210728.001462368440116	0.104000000000000
5_5_7_4_3_3_4_2_3_2_1_3_5_7_4_5_3_5_5_4_3_4_5_1	-1	-1.000000000000000	-1.000000000000000	-1.000000000000000	-1.000000000000000	-238718.797800383472349	0.094000000000000
5_5_6_5_3_3_4_2_4_2_1_3_5_7_4_5_3_7_5_4_3_4_4_1	-1	-1.000000000000000	-1.000000000000000	-1.000000000000000	-1.000000000000000	-241122.789655010157730	0.094000000000000
5_5_5_2_3_3_4_2_2_3_1_3_5_5_4_5_3_4_8_4_3_7_8_1	-1	-1.000000000000000	-1.000000000000000	-1.000000000000000	-1.000000000000000	-209649.269520183297573	0.101000000000000
6_5_7_4_3_3_4_2_3_2_1_3_5_7_4_5_3_5_5_4_3_4_6_1	1	1094982.162565636914223	14000.646067692799988	2179003.080213199369609	1.185000000000000	-241591.252875061036320	0.082000000000000
5_5_6_5_3_3_4_2_4_2_1_3_5_7_4_5_3_6_5_4_3_5_4_1	-1	-1.000000000000000	-1.000000000000000	-1.000000000000000	-1.000000000000000	-240923.945864460314624	0.089000000000000
6_5_7_4_3_3_4_2_3_2_1_4_5_7_4_5_3_6_5_4_3_4_4_1	-1	-1.000000000000000	-1.000000000000000	-1.000000000000000	-1.000000000000000	-244922.820248166128295	0.076000000000000
5_6_7_4_3_3_4_2_2_2_2_3_5_8_4_5_3_5_5_4_3_4_5_1	-1	-1.000000000000000	-1.000000000000000	-1.000000000000000	-1.000000000000000	-240645.846532392490190	0.089000000000000
5_5_5_2_3_3_4_2_2_2_1_3_5_5_4_5_3_4_8_4_4_7_8_1	-1	-1.000000000000000	-1.000000000000000	-1.000000000000000	-1.000000000000000	-208369.129770306171849	0.079000000000000
5_5_6_2_3_3_4_2_2_2_1_3_5_5_4_5_3_3_7_4_3_7_8_1	-1	-1.000000000000000	-1.000000000000000	-1.000000000000000	-1.000000000000000	-204438.635887841868680	0.090000000000000
6_5_7_3_3_3_4_2_3_2_1_4_5_7_4_5_3_5_5_4_3_4_6_1	-1	-1.000000000000000	-1.000000000000000	-1.000000000000000	-1.000000000000000	-238785.936972716328455	0.091000000000000
6_5_6_4_3_3_4_2_4_2_2_3_5_7_4_5_3_6_5_4_3_4_4_1	-1	-1.000000000000000	-1.000000000000000	-1.000000000000000	-1.000000000000000	-243111.315073487843620	0.060000000000000
5_5_7_5_3_3_4_2_4_2_1_3_5_7_4_5_3_6_5_4_3_4_4_1	-1	-1.000000000000000	-1.000000000000000	-1.000000000000000	-1.000000000000000	-244815.862580878223525	0.091000000000000
6_5_7_5_3_3_4_3_2_2_2_3_5_7_4_5_3_5_5_4_3_4_4_1	-1	-1.000000000000000	-1.000000000000000	-1.000000000000000	-1.000000000000000	-242359.418748253548983	0.051000000000000
5_5_5_2_3_3_4_2_3_2_1_3_5_5_4_5_3_4_8_4_3_7_8_1	-1	-1.000000000000000	-1.000000000000000	-1.000000000000000	-1.000000000000000	-209602.187739039480221	0.081000000000000
5_5_5_2_3_3_4_2_2_2_1_3_5_6_4_5_3_4_6_4_3_7_8_1	-1	-1.000000000000000	-1.000000000000000	-1.000000000000000	-1.000000000000000	-211631.356386378465686	0.091000000000000
5_5_6_2_3_3_4_2_3_2_1_3_5_6_4_5_3_5_5_4_3_7_8_1	-1	-1.000000000000000	-1.000000000000000	-1.000000000000000	-1.000000000000000	-224958.909984118712600	0.089000000000000
5_5_7_2_3_3_4_2_3_2_1_3_5_7_4_5_3_5_5_4_3_4_7_1	1	1092487.060658459318802	13668.805309778570518	2243649.705467775929719	1.499000000000000	-232062.950480099127162	0.092000000000000
5_5_5_2_3_3_4_2_2_2_2_3_5_5_4_5_3_4_8_4_3_7_8_1	-1	-1.000000000000000	-1.000000000000000	-1.000000000000000	-1.000000000000000	-209633.846134478342719	0.117000000000000
6_5_7_4_3_3_4_2_3_2_1_3_5_7_5_5_3_5_5_4_3_4_5_1	-1	-1.000000000000000	-1.000000000000000	-1.000000000000000	-1.000000000000000	-241911.374969487660564	0.071000000000000
5_6_9_3_3_3_4_2_2_2_2_3_5_8_4_5_3_5_5_4_3_4_4_1	-1	-1.000000000000000	-1.000000000000000	-1.000000000000000	-1.000000000000000	-241523.905488963035168	0.091000000000000
5_5_6_2_3_3_4_2_2_2_1_3_5_6_4_5_3_5_6_4_3_7_8_1	1	1093099.667761193122715	13124.796975386783743	2250017.628176385536790	0.914000000000000	-222172.464131276297849	0.092000000000000
5_6_5_2_3_3_4_2_2_2_1_3_5_5_4_5_3_4_8_4_3_7_8_1	-1	-1.000000000000000	-1.000000000000000	-1.000000000000000	-1.000000000000000	-208744.268780117534334	0.088000000000000
5_5_7_2_3_3_4_2_3_2_1_3_5_7_4_5_3_5_5_5_3_4_8_1	-1	-1.000000000000000	-1.000000000000000	-1.000000000000000	-1.000000000000000	-232418.516542203200515	0.102000000000000
5_6_8_3_3_3_4_2_2_3_2_3_5_8_4_5_3_5_5_4_3_4_4_1	-1	-1.000000000000000	-1.000000000000000	-1.000000000000000	-1.000000000000000	-241624.837186990189366	0.231000000000000
6_5_5_2_3_3_4_2_2_2_1_3_5_5_4_5_3_4_8_4_3_7_8_1	-1	-1.000000000000000	-1.000000000000000	-1.000000000000000	-1.000000000000000	-210067.978671679797117	0.086000000000000
5_5_5_2_3_3_5_2_2_2_1_3_5_5_4_5_3_4_8_4_3_7_8_1	-1	-1.000000000000000	-1.000000000000000	-1.000000000000000	-1.000000000000000	-208631.162396454368718	0.085000000000000
5_5_6_2_3_3_4_2_2_2_1_3_5_6_4_5_3_5_5_4_3_8_8_1	-1	-1.000000000000000	-1.000000000000000	-1.000000000000000	-1.000000000000000	-222290.141903213079786	0.093000000000000
5_5_6_5_3_3_4_2_4_2_1_3_5_8_4_5_3_5_5_4_3_4_4_2	-1	-1.000000000000000	-1.000000000000000	-1.000000000000000	-1.000000000000000	-240581.026263568230206	0.105000000000000
6_5_8_3_3_3_4_2_2_2_3_3_5_7_4_5_3_6_5_4_3_4_4_1	1	1095013.451883058296517	14251.135193811936915	2175458.310720550362021	1.358000000000000	-247136.220218608330470	0.110000000000000
5_5_5_2_3_4_4_2_2_2_1_3_5_5_4_5_3_4_8_4_3_7_8_1	-1	-1.000000000000000	-1.000000000000000	-1.000000000000000	-1.000000000000000	-208577.717626803554595	0.087000000000000
5_5_8_3_3_4_4_2_2_2_3_3_5_7_4_5_3_6_5_4_3_4_4_1	-1	-1.000000000000000	-1.000000000000000	-1.000000000000000	-1.000000000000000	-243927.513063290884020	0.197000000000000
6_5_7_5_3_4_4_2_2_2_2_3_5_7_4_5_3_5_5_4_3_4_4_1	-1	-1.000000000000000	-1.000000000000000	-1.000000000000000	-1.000000000000000	-242418.130835174553795	0.089000000000000
5_6_6_5_3_3_4_2_4_2_1_3_5_8_4_5_3_5_5_4_3_4_4_1	1	1090421.091759006027132	14717.587006072903023	2199925.029075849801302	0.925000000000000	-241075.364952663308941	0.090000000000000
5_5_6_2_3_3_4_2_2_2_1_3_5_5_4_5_3_4_8_4_3_7_8_1	1	1092075.334942263551056	13148.145377415890835	2320514.159641965758055	1.167000000000000	-213082.778662915574387	0.102000000000000
5_5_6_2_3_3_4_2_2_2_1_3_5_7_4_5_3_4_6_4_3_7_8_1	-1	-1.000000000000000	-1.000000000000000	-1.000000000000000	-1.000000000000000	-219817.050561840704177	0.095000000000000
6_5_7_3_3_3_4_2_3_2_1_3_5_7_5_5_3_5_5_4_3_4_6_1	-1	-1.000000000000000	-1.000000000000000	-1.000000000000000	-1.000000000000000	-238776.946590012346860	0.085000000000000
6_5_7_3_3_3_5_2_3_2_1_3_5_7_4_5_3_5_5_4_3_4_6_1	-1	-1.000000000000000	-1.000000000000000	-1.000000000000000	-1.000000000000000	-238785.936972716328455	0.089000000000000
5_5_8_3_3_3_4_2_2_2_3_3_5_7_4_5_3_6_5_4_3_4_4_2	-1	-1.000000000000000	-1.000000000000000	-1.000000000000000	-1.000000000000000	-245086.815011146711186	0.130000000000000
5_5_7_6_3_4_4_2_2_2_2_3_5_7_4_5_3_5_5_4_3_4_4_1	-1	-1.000000000000000	-1.000000000000000	-1.000000000000000	-1.000000000000000	-239523.465792373288423	0.169000000000000
5_5_5_2_3_3_4_2_2_2_1_3_5_5_4_5_3_4_8_4_3_7_7_1	-1	-1.000000000000000	-1.000000000000000	-1.000000000000000	-1.000000000000000	-208426.684079310391098	0.161000000000000
5_5_7_2_3_3_4_2_2_2_1_3_5_6_4_5_3_6_5_4_3_6_8_1	-1	-1.000000000000000	-1.000000000000000	-1.000000000000000	-1.000000000000000	-227800.892281971464399	0.095000000000000
5_5_7_2_3_3_5_2_3_2_1_3_5_6_4_5_3_5_5_4_3_5_8_1	-1	-1.000000000000000	-1.000000000000000	-1.000000000000000	-1.000000000000000	-229919.374935876170639	0.127000000000000
5_5_7_2_3_3_4_2_2_2_1_3_5_7_4_5_3_5_5_4_3_4_8_1	-1	-1.000000000000000	-1.000000000000000	-1.000000000000000	-1.000000000000000	-229310.832007617340423	0.093000000000000
6_5_7_5_3_3_4_2_2_2_2_3_5_7_4_5_3_5_5_4_3_4_4_2	-1	-1.000000000000000	-1.000000000000000	-1.000000000000000	-1.000000000000000	-242673.257100927759893	0.142000000000000
5_5_6_2_3_3_4_2_2_2_2_3_5_5_4_5_3_4_7_4_3_7_8_1	-1	-1.000000000000000	-1.000000000000000	-1.000000000000000	-1.000000000000000	-215115.200023829238489	0.111000000000000
5_6_7_3_3_3_4_2_2_2_3_3_5_8_4_5_3_5_5_4_3_4_4_1	-1	-1.000000000000000	-1.000000000000000	-1.000000000000000	-1.000000000000000	-241684.266812242916785	0.219000000000000
5_5_6_2_3_3_4_2_2_2_1_3_5_5_4_5_3_4_7_4_3_7_8_1	1	1093569.748125311220065	13159.011694333446940	2321634.726229487452656	1.706000000000000	-213082.778662915574387	0.087000000000000
5_5_5_2_3_3_4_2_2_2_1_3_5_6_4_5_3_4_7_4_3_7_8_1	1	1092489.120383677305654	13107.214231043075415	2345889.635370896197855	1.128000000000000	-211631.356386378465686	0.106000000000000
5_5_6_2_3_3_4_2_2_2_1_3_5_5_4_5_3_4_8_4_3_7_7_1	-1	-1.000000000000000	-1.000000000000000	-1.000000000000000	-1.000000000000000	-212761.289459106221329	0.087000000000000
5_5_6_2_3_3_4_2_2_2_1_3_5_5_4_5_3_3_8_4_3_7_8_1	-1	-1.000000000000000	-1.000000000000000	-1.000000000000000	-1.000000000000000	-204438.635887841868680	0.110000000000000
5_5_6_2_3_3_4_2_2_2_1_3_5_5_4_5_3_4_8_4_3_6_8_1	1	1093401.385039168177173	13275.481007714148291	2330280.748924476560205	1.435000000000000	-213082.778662915574387	0.110000000000000
5_5_7_6_3_3_4_2_2_2_2_3_5_7_4_5_3_5_6_4_3_4_4_1	-1	-1.000000000000000	-1.000000000000000	-1.000000000000000	-1.000000000000000	-239580.509278816374717	0.099000000000000
5_5_6_2_3_4_4_2_2_2_1_3_5_5_4_5_3_4_7_4_3_7_8_1	-1	-1.000000000000000	-1.000000000000000	-1.000000000000000	-1.000000000000000	-213035.608846428804100	0.107000000000000
6_5_7_3_3_3_4_2_3_2_1_3_5_7_4_5_4_5_5_4_3_4_6_1	-1	-1.000000000000000	-1.000000000000000	-1.000000000000000	-1.000000000000000	-239087.138942970603239	0.094000000000000
5_5_6_5_3_3_4_2_4_2_1_3_5_8_4_5_3_4_5_4_3_4_4_1	1	1092481.835636573377997	15396.826623549681244	2289794.351080838125199	1.296000000000000	-233666.828327926865313	0.090000000000000
6_5_7_4_3_3_4_2_2_2_2_3_5_8_4_5_3_5_5_4_4_4_4_1	-1	-1.000000000000000	-1.000000000000000	-1.000000000000000	-1.000000000000000	-242677.333128080936149	0.105000000000000
5_5_7_6_3_3_4_2_2_2_2_3_5_7_4_5_3_5_5_4_3_4_5_1	-1	-1.000000000000000	-1.000000000000000	-1.000000000000000	-1.000000000000000	-239311.163115919014672	0.122000000000000
5_5_6_2_3_3_4_2_2_2_1_3_5_5_5_5_3_4_7_4_3_7_8_1	-1	-1.000000000000000	-1.000000000000000	-1.000000000000000	-1.000000000000000	-212975.372940643603215	0.161000000000000
5_5_6_2_3_3_4_2_2_3_1_3_5_5_4_5_3_4_7_4_3_7_8_1	-1	-1.000000000000000	-1.000000000000000	-1.000000000000000	-1.000000000000000	-214849.427738396800123	0.091000000000000
5_5_6_2_3_3_4_2_2_2_1_3_5_6_4_5_3_4_6_4_3_7_7_1	-1	-1.000000000000000	-1.000000000000000	-1.000000000000000	-1.000000000000000	-217883.701266070711426	0.118000000000000
5_5_6_6_3_3_4_2_3_2_1_3_5_8_5_5_3_5_5_4_3_4_4_1	-1	-1.000000000000000	-1.000000000000000	-1.000000000000000	-1.000000000000000	-239523.806323642173083	0.093000000000000
5_5_6_2_3_3_4_2_2_2_1_3_5_5_4_5_3_5_7_4_3_7_8_1	1	1093286.192559156566858	13145.056775142242259	2282906.065983773209155	1.460000000000000	-216009.940989305003313	0.092000000000000
5_5_7_2_3_3_4_2_2_2_1_3_5_5_4_5_3_4_7_4_3_7_8_1	-1	-1.000000000000000	-1.000000000000000	-1.000000000000000	-1.000000000000000	-215788.384654038760345	0.092000000000000
5_6_6_2_3_3_4_2_2_2_1_3_5_6_4_5_3_4_6_4_3_7_8_1	-1	-1.000000000000000	-1.000000000000000	-1.000000000000000	-1.000000000000000	-218368.003645164601039	0.089000000000000
5_5_6_2_3_3_4_2_3_2_1_3_5_5_4_5_3_4_7_4_3_7_8_1	-1	-1.000000000000000	-1.000000000000000	-1.000000000000000	-1.000000000000000	-215082.034963703743415	0.094000000000000
6_6_6_4_3_3_4_2_4_2_1_3_5_7_4_5_3_6_5_4_3_4_4_1	-1	-1.000000000000000	-1.000000000000000	-1.000000000000000	-1.000000000000000	-243061.786140103300568	0.091000000000000
5_5_7_6_3_3_4_2_2_2_2_3_5_6_4_5_3_5_5_4_3_4_4_1	1	1092452.126765315188095	15422.965720893302205	2247090.663594713900238	1.321000000000000	-234012.079706675314810	0.094000000000000
5_5_6_2_3_3_4_3_2_2_1_3_5_5_4_5_3_4_7_4_3_7_8_1	-1	-1.000000000000000	-1.000000000000000	-1.000000000000000	-1.000000000000000	-213082.778662915574387	0.090000000000000
5_5_6_6_3_3_4_2_3_2_2_3_5_8_4_5_3_5_5_4_3_4_4_1	-1	-1.000000000000000	-1.000000000000000	-1.000000000000000	-1.000000000000000	-239523.975003584666410	0.092000000000000
6_5_6_2_3_3_4_2_2_2_1_3_5_5_4_5_3_4_7_4_3_7_8_1	-1	-1.000000000000000	-1.000000000000000	-1.000000000000000	-1.000000000000000	-213601.365452341793571	0.084000000000000
5_5_7_2_3_3_4_2_3_2_1_3_5_6_4_5_3_5_5_4_3_4_8_1	1	1092765.759153414750472	13513.284568423550809	2256793.871974294539541	1.573000000000000	-229919.374935876170639	0.107000000000000
5_5_6_2_3_3_4_2_2_2_1_3_5_5_4_5_3_4_7_4_3_8_8_1	-1	-1.000000000000000	-1.000000000000000	-1.000000000000000	-1.000000000000000	-213248.342919575690757	0.094000000000000
5_5_6_5_3_3_4_2_4_2_1_3_6_8_4_5_3_5_5_4_3_4_4_1	-1	-1.000000000000000	-1.000000000000000	-1.000000000000000	-1.000000000000000	-240401.023055224737618	0.060000000000000
5_5_7_2_3_3_4_2_3_2_1_3_5_7_5_5_3_5_5_4_3_4_8_1	-1	-1.000000000000000	-1.000000000000000	-1.000000000000000	-1.000000000000000	-232126.669208431412699	0.174000000000000
5_5_6_2_3_3_4_2_2_2_1_3_5_5_4_5_4_4_7_4_3_7_8_1	-1	-1.000000000000000	-1.000000000000000	-1.000000000000000	-1.000000000000000	-214979.836240899516270	0.088000000000000
5_5_7_2_3_3_4_2_2_2_1_4_5_6_4_5_3_5_5_4_3_6_8_1	-1	-1.000000000000000	-1.000000000000000	-1.000000000000000	-1.000000000000000	-227092.416197610204108	0.098000000000000
5_5_6_5_3_3_4_2_4_2_1_3_5_8_4_5_3_6_5_4_3_4_4_1	1	1092009.063931737793609	15362.019875662881532	2223099.905974015593529	1.283000000000000	-243153.849469690467231	0.082000000000000
5_5_7_4_3_3_4_2_3_2_1_3_5_7_4_5_3_5_5_4_3_4_7_1	-1	-1.000000000000000	-1.000000000000000	-1.000000000000000	-1.000000000000000	-237705.127482126321411	0.156000000000000
5_5_6_2_3_3_4_2_2_2_1_3_5_5_4_5_3_4_7_4_4_7_8_1	-1	-1.000000000000000	-1.000000000000000	-1.000000000000000	-1.000000000000000	-212823.601163251034450	0.092000000000000
5_5_6_2_3_3_4_2_2_2_1_3_5_6_4_5_3_4_6_5_3_7_8_1	-1	-1.000000000000000	-1.000000000000000	-1.000000000000000	-1.000000000000000	-217810.036266048642574	0.091000000000000
7_5_7_4_3_3_4_2_3_2_1_3_5_7_4_5_3_5_5_4_3_4_5_1	-1	-1.000000000000000	-1.000000000000000	-1.000000000000000	-1.000000000000000	-242609.164420772576705	0.076000000000000
5_5_6_2_3_3_4_2_2_2_1_3_5_5_4_5_3_4_7_4_3_7_8_2	-1	-1.000000000000000	-1.000000000000000	-1.000000000000000	-1.000000000000000	-212407.201606346090557	0.092000000000000
5_5_6_2_3_3_4_2_2_2_1_3_5_6_4_5_3_4_6_4_3_6_8_1	1	1093283.988992676138878	13247.396628056358168	2303591.815096525475383	0.906000000000000	-218157.525863651389955	0.091000000000000
5_5_6_2_3_3_4_2_2_2_1_4_5_5_4_5_3_4_7_4_3_7_8_1	-1	-1.000000000000000	-1.000000000000000	-1.000000000000000	-1.000000000000000	-213082.778662915574387	0.092000000000000
5_5_7_2_3_3_4_2_3_2_1_3_5_6_5_5_3_5_5_4_3_5_8_1	-1	-1.000000000000000	-1.000000000000000	-1.000000000000000	-1.000000000000000	-229910.659450124396244	0.108000000000000
5_5_6_2_3_3_4_2_3_2_1_3_5_6_4_5_3_5_5_4_3_5_8_1	-1	-1.000000000000000	-1.000000000000000	-1.000000000000000	-1.000000000000000	-224958.909984118712600	0.089000000000000
6_5_7_4_3_3_4_2_3_2_2_3_5_7_4_5_3_6_5_4_3_4_4_1	-1	-1.000000000000000	-1.000000000000000	-1.000000000000000	-1.000000000000000	-244922.820248166128295	0.121000000000000
5_5_6_2_3_3_4_2_2_2_1_3_6_5_4_5_3_4_7_4_3_7_8_1	-1	-1.000000000000000	-1.000000000000000	-1.000000000000000	-1.000000000000000	-212449.578786278638290	0.088000000000000
5_5_7_3_3_3_4_2_3_2_1_3_5_7_4_5_3_5_5_4_4_4_7_1	-1	-1.000000000000000	-1.000000000000000	-1.000000000000000	-1.000000000000000	-235488.803062352933921	0.072000000000000
5_5_6_2_3_3_5_2_2_2_1_3_5_5_4_5_3_4_7_4_3_7_8_1	-1	-1.000000000000000	-1.000000000000000	-1.000000000000000	-1.000000000000000	-213082.778662915574387	0.092000000000000
6_5_7_4_3_3_4_2_3_2_1_3_5_7_4_6_3_5_5_4_3_4_5_1	-1	-1.000000000000000	-1.000000000000000	-1.000000000000000	-1.000000000000000	-241914.601670125208329	0.081000000000000
6_5_6_4_3_3_4_2_4_2_1_3_5_7_4_5_3_5_5_4_3_4_4_1	-1	-1.000000000000000	-1.000000000000000	-1.000000000000000	-1.000000000000000	-240577.503992529702373	0.078000000000000
5_5_7_2_3_3_4_2_3_2_2_3_5_6_4_5_3_5_5_4_3_5_8_1	-1	-1.000000000000000	-1.000000000000000	-1.000000000000000	-1.000000000000000	-229919.374935876170639	0.106000000000000
5_5_7_6_3_3_4_2_2_2_1_3_5_8_4_5_4_5_5_4_3_4_4_1	-1	-1.000000000000000	-1.000000000000000	-1.000000000000000	-1.000000000000000	-239361.415400306374067	0.146000000000000
5_6_6_2_3_3_4_2_2_2_1_3_5_5_4_5_3_4_7_4_3_7_8_1	-1	-1.000000000000000	-1.000000000000000	-1.000000000000000	-1.000000000000000	-213174.100839086546330	0.088000000000000
5_5_6_2_3_3_4_2_2_2_1_3_5_5_4_5_3_4_6_4_3_7_8_1	1	1093544.628976857056841	13167.704747867494007	2329875.174948856700212	0.887000000000000	-213082.778662915574387	0.089000000000000
6_5_7_3_4_3_4_2_3_2_1_3_5_7_4_5_3_5_5_4_3_4_6_1	-1	-1.000000000000000	-1.000000000000000	-1.000000000000000	-1.000000000000000	-238747.581849724461790	0.084000000000000
6_5_7_4_3_3_4_2_4_2_1_3_5_7_4_5_3_5_5_4_3_4_5_1	1	1094417.258291331119835	13980.270756183017511	2196663.912315079011023	1.171000000000000	-243965.104012363444781	0.089000000000000
6_5_7_4_3_3_4_2_3_2_1_3_5_7_4_5_3_5_5_4_3_4_4_1	1	1094470.244326755637303	14215.510495594317035	2238590.796516001224518	1.114000000000000	-242204.616035472077783	0.090000000000000
5_5_6_2_3_3_4_2_2_2_1_3_5_5_4_5_3_4_7_4_3_7_7_1	-1	-1.000000000000000	-1.000000000000000	-1.000000000000000	-1.000000000000000	-212761.289459106221329	0.105000000000000
5_5_6_2_3_3_4_2_2_2_1_3_5_5_4_5_3_4_7_4_3_6_8_1	1	1093373.924993091262877	13305.734936678469239	2336949.712718863505870	0.929000000000000	-213082.778662915574387	0.114000000000000
6_5_7_4_3_3_4_2_3_2_1_3_5_7_4_5_3_6_5_4_3_4_5_1	1	1094364.184185946825892	13945.317054034163448	2177238.875700255855918	1.220000000000000	-244627.920462903100997	0.066000000000000
5_6_7_4_3_3_4_2_2_2_2_3_6_8_4_5_3_5_5_4_3_4_4_1	-1	-1.000000000000000	-1.000000000000000	-1.000000000000000	-1.000000000000000	-241478.627935822005384	0.105000000000000
5_5_6_2_3_3_4_2_2_2_1_3_5_6_4_5_4_4_6_4_3_7_8_1	-1	-1.000000000000000	-1.000000000000000	-1.000000000000000	-1.000000000000000	-219358.322681696823565	0.105000000000000
5_5_6_2_3_3_4_2_2_2_1_3_5_6_4_5_3_4_6_4_3_7_8_1	1	1093374.178396014729515	13123.284473156472814	2288740.458060506265610	0.913000000000000	-218157.525863651389955	0.119000000000000
5_5_6_2_3_3_4_2_2_2_1_3_5_5_4_5_3_5_6_4_3_7_8_1	1	1093246.416589573957026	13132.976537664460920	2291176.010989351198077	0.908000000000000	-216009.940989305003313	0.083000000000000
5_5_6_2_3_3_4_2_2_2_1_3_5_6_4_5_3_4_7_4_3_7_7_1	-1	-1.000000000000000	-1.000000000000000	-1.000000000000000	-1.000000000000000	-217883.701266070711426	0.090000000000000
5_5_6_2_3_3_4_2_2_2_1_3_5_6_4_5_3_3_7_4_3_7_8_1	-1	-1.000000000000000	-1.000000000000000	-1.000000000000000	-1.000000000000000	-207584.341214413812850	0.101000000000000
5_5_6_2_3_3_4_2_2_2_1_3_5_6_4_5_3_4_7_4_3_6_8_1	1	1093223.676142035052180	13247.396628056358168	2295651.062285467516631	0.857000000000000	-218157.525863651389955	0.105000000000000
5_5_6_2_3_3_4_2_2_2_1_3_5_6_4_5_3_4_6_4_3_8_8_1	-1	-1.000000000000000	-1.000000000000000	-1.000000000000000	-1.000000000000000	-218328.810297032468952	0.128000000000000
5_5_6_5_3_3_4_2_4_2_1_3_5_7_5_5_3_6_5_4_3_4_4_1	-1	-1.000000000000000	-1.000000000000000	-1.000000000000000	-1.000000000000000	-241300.603044128220063	0.105000000000000
5_6_8_3_3_3_4_2_2_2_3_3_5_7_4_5_3_5_5_4_3_4_5_1	-1	-1.000000000000000	-1.000000000000000	-1.000000000000000	-1.000000000000000	-242876.658390448807040	0.170000000000000
5_5_7_2_3_3_4_2_2_2_1_3_5_6_4_5_3_5_5_4_3_7_8_1	1	1093347.591780150774866	13105.256746092123649	2213336.124046394135803	1.514000000000000	-227092.416197610204108	0.118000000000000
5_5_7_6_3_3_4_2_2_2_2_3_5_7_4_5_3_5_5_4_3_4_4_2	-1	-1.000000000000000	-1.000000000000000	-1.000000000000000	-1.000000000000000	-240704.401133757201023	0.122000000000000
6_5_7_4_3_3_4_2_2_2_1_3_5_7_4_5_3_5_5_4_3_4_5_1	-1	-1.000000000000000	-1.000000000000000	-1.000000000000000	-1.000000000000000	-237340.811959870974533	0.071000000000000
6_5_7_3_3_3_4_2_2_2_4_3_5_7_4_5_3_6_5_4_3_4_4_1	-1	-1.000000000000000	-1.000000000000000	-1.000000000000000	-1.000000000000000	-243679.889972209872212	0.106000000000000
5_5_6_3_3_3_4_2_2_2_1_3_5_6_4_5_3_4_6_4_3_7_8_1	-1	-1.000000000000000	-1.000000000000000	-1.000000000000000	-1.000000000000000	-221341.268914669053629	0.092000000000000
6_5_6_2_3_3_4_2_2_2_1_3_5_6_4_5_3_5_5_4_3_7_8_1	-1	-1.000000000000000	-1.000000000000000	-1.000000000000000	-1.000000000000000	-223550.739820617833175	0.090000000000000
5_5_7_3_3_4_4_2_3_2_1_3_5_7_4_5_3_5_5_4_3_4_7_1	-1	-1.000000000000000	-1.000000000000000	-1.000000000000000	-1.000000000000000	-235295.369702059862902	0.146000000000000
6_5_7_3_3_3_4_2_3_2_1_3_5_7_4_6_3_5_5_4_3_4_6_1	-1	-1.000000000000000	-1.000000000000000	-1.000000000000000	-1.000000000000000	-238785.414490098220995	0.101000000000000
7_5_7_4_3_3_4_2_3_2_1_3_5_7_4_5_3_6_5_4_3_4_4_1	-1	-1.000000000000000	-1.000000000000000	-1.000000000000000	-1.000000000000000	-245754.737507279904094	0.088000000000000
6_5_6_4_3_3_4_2_4_2_1_3_5_7_4_5_4_6_5_4_3_4_4_1	-1	-1.000000000000000	-1.000000000000000	-1.000000000000000	-1.000000000000000	-243128.678156105277594	0.076000000000000
6_5_7_4_4_3_4_2_2_2_2_3_5_8_4_5_3_5_5_4_3_4_4_1	-1	-1.000000000000000	-1.000000000000000	-1.000000000000000	-1.000000000000000	-242699.432932033960242	0.172000000000000
5_5_6_6_3_3_5_2_3_2_1_3_5_8_4_5_3_5_5_4_3_4_4_1	-1	-1.000000000000000	-1.000000000000000	-1.000000000000000	-1.000000000000000	-239466.692571257444797	0.096000000000000
5_5_6_2_3_3_4_2_2_2_1_3_5_6_4_5_3_4_6_4_3_7_8_2	-1	-1.000000000000000	-1.000000000000000	-1.000000000000000	-1.000000000000000	-217366.786431469779927	0.090000000000000
5_6_8_3_3_3_4_2_2_2_3_3_5_7_4_5_3_5_6_4_3_4_4_1	-1	-1.000000000000000	-1.000000000000000	-1.000000000000000	-1.000000000000000	-243125.772032466891687	0.093000000000000
5_5_6_2_3_3_4_2_3_2_1_3_5_6_4_5_3_4_6_4_3_7_8_1	-1	-1.000000000000000	-1.000000000000000	-1.000000000000000	-1.000000000000000	-220791.082883648545248	0.090000000000000
6_5_7_4_3_3_4_2_3_2_1_3_5_7_4_5_4_6_5_4_3_4_4_1	-1	-1.000000000000000	-1.000000000000000	-1.000000000000000	-1.000000000000000	-245133.665733474132139	0.091000000000000
5_5_6_2_3_3_4_3_2_2_1_3_5_6_4_5_3_4_6_4_3_7_8_1	-1	-1.000000000000000	-1.000000000000000	-1.000000000000000	-1.000000000000000	-218157.525863651389955	0.090000000000000
6_5_6_2_3_3_4_2_2_2_1_3_5_6_4_5_3_4_6_4_3_7_8_1	-1	-1.000000000000000	-1.000000000000000	-1.000000000000000	-1.000000000000000	-218807.275293137412518	0.105000000000000
5_5_6_2_3_3_4_2_2_2_1_3_5_6_4_5_3_4_6_4_4_7_8_1	-1	-1.000000000000000	-1.000000000000000	-1.000000000000000	-1.000000000000000	-217881.899582287936937	0.110000000000000
5_5_6_2_3_3_4_2_2_2_1_3_5_6_4_5_3_4_6_4_3_7_9_1	-1	-1.000000000000000	-1.000000000000000	-1.000000000000000	-1.000000000000000	-218507.373932013171725	0.091000000000000
5_5_7_3_3_3_4_2_3_2_1_4_5_7_4_5_3_5_5_4_3_4_7_1	-1	-1.000000000000000	-1.000000000000000	-1.000000000000000	-1.000000000000000	-235333.629520189744653	0.080000000000000
6_5_7_3_3_3_4_2_3_2_1_3_5_7_4_5_3_4_5_4_3_4_6_1	-1	-1.000000000000000	-1.000000000000000	-1.000000000000000	-1.000000000000000	-232045.197042807994876	0.099000000000000
6_5_7_4_3_3_4_2_2_2_2_3_5_8_4_5_3_5_5_5_3_4_4_1	-1	-1.000000000000000	-1.000000000000000	-1.000000000000000	-1.000000000000000	-242707.781311481958255	0.221000000000000
5_5_7_2_3_3_4_2_2_2_1_3_6_6_4_5_3_5_5_4_3_6_8_1	-1	-1.000000000000000	-1.000000000000000	-1.000000000000000	-1.000000000000000	-226637.561010740959318	0.096000000000000
6_5_7_4_3_3_4_2_2_2_1_3_5_8_4_5_3_5_5_4_3_4_4_1	-1	-1.000000000000000	-1.000000000000000	-1.000000000000000	-1.000000000000000	-238865.094786981004290	0.109000000000000
5_5_6_5_3_3_4_2_4_2_1_3_5_7_4_5_3_6_5_4_3_4_5_1	-1	-1.000000000000000	-1.000000000000000	-1.000000000000000	-1.000000000000000	-241012.881036191742169	0.092000000000000
5_5_6_2_3_3_4_2_2_2_2_3_5_6_4_5_3_4_6_4_3_7_8_1	-1	-1.000000000000000	-1.000000000000000	-1.000000000000000	-1.000000000000000	-220239.410057652654359	0.101000000000000
5_5_7_2_3_3_4_2_2_2_1_3_5_6_4_5_3_4_6_4_3_7_8_1	1	1092169.381502510048449	13131.350870885562472	2246451.096664127893746	1.054000000000000	-222001.944612944469554	0.092000000000000
5_5_6_5_3_3_4_2_4_2_1_3_5_8_4_6_3_5_5_4_3_4_4_1	-1	-1.000000000000000	-1.000000000000000	-1.000000000000000	-1.000000000000000	-240344.487515698565403	0.122000000000000
5_5_6_2_3_3_4_2_2_3_1_3_5_6_4_5_3_4_6_4_3_7_8_1	-1	-1.000000000000000	-1.000000000000000	-1.000000000000000	-1.000000000000000	-219896.025601655797800	0.092000000000000
5_5_6_2_3_3_4_2_2_2_1_3_5_6_4_6_3_4_6_4_3_7_8_1	-1	-1.000000000000000	-1.000000000000000	-1.000000000000000	-1.000000000000000	-217824.589853107347153	0.093000000000000
5_5_6_2_3_3_4_2_2_2_1_3_5_6_5_5_3_4_6_4_3_7_8_1	-1	-1.000000000000000	-1.000000000000000	-1.000000000000000	-1.000000000000000	-218055.309115490701515	0.090000000000000
5_5_6_2_3_3_4_2_2_2_1_3_5_6_4_5_3_5_5_4_3_7_8_1	1	1093162.323235596530139	13124.796975386783743	2260494.830920189619064	0.859000000000000	-222172.464131276297849	0.088000000000000
5_6_7_3_3_3_4_2_2_2_3_3_5_7_4_5_3_6_5_4_3_4_4_1	-1	-1.000000000000000	-1.000000000000000	-1.000000000000000	-1.000000000000000	-243237.085706833371660	0.203000000000000
5_5_7_2_3_3_4_2_2_2_1_3_5_6_4_5_3_4_5_4_3_7_8_1	1	1093643.987729058135301	13131.350870885562472	2251946.552448969800025	1.481000000000000	-222001.944612944469554	0.090000000000000
5_5_7_4_3_3_4_2_4_2_1_3_5_7_4_5_3_6_5_4_3_4_4_1	-1	-1.000000000000000	-1.000000000000000	-1.000000000000000	-1.000000000000000	-243628.579084805154707	0.073000000000000
6_5_7_3_3_3_4_2_4_2_1_3_5_7_4_5_3_6_5_4_3_4_4_1	-1	-1.000000000000000	-1.000000000000000	-1.000000000000000	-1.000000000000000	-243919.820263028115733	0.101000000000000
5_5_5_2_3_3_4_2_2_2_1_3_5_6_4_5_3_5_6_4_3_7_8_1	-1	-1.000000000000000	-1.000000000000000	-1.000000000000000	-1.000000000000000	-215408.238036518829176	0.107000000000000
5_5_6_2_3_3_4_2_2_2_1_3_5_6_4_5_3_5_6_4_3_7_7_1	-1	-1.000000000000000	-1.000000000000000	-1.000000000000000	-1.000000000000000	-221996.608843152062036	0.104000000000000
5_5_6_2_3_3_4_2_2_2_1_3_5_6_4_5_3_5_6_4_3_6_8_1	1	1092982.537945355288684	13256.675615152835235	2264926.058287122752517	0.805000000000000	-222172.464131276297849	0.101000000000000
5_5_6_2_3_3_4_2_2_2_1_3_5_6_4_5_3_5_5_4_3_7_9_1	-1	-1.000000000000000	-1.000000000000000	-1.000000000000000	-1.000000000000000	-222425.953918715007603	0.119000000000000
5_6_6_5_3_3_4_2_4_2_1_3_5_7_4_5_3_6_5_4_3_4_4_1	1	1090419.706202764296904	14800.685582613150473	2196009.850902598351240	0.917000000000000	-242540.959296548215207	0.064000000000000
5_5_7_6_3_3_4_2_2_2_1_3_5_8_4_5_3_5_6_4_3_4_4_1	-1	-1.000000000000000	-1.000000000000000	-1.000000000000000	-1.000000000000000	-237442.461091164208483	0.102000000000000
5_5_6_2_3_3_4_2_2_2_1_3_5_6_4_6_3_5_5_4_3_7_8_1	-1	-1.000000000000000	-1.000000000000000	-1.000000000000000	-1.000000000000000	-222162.206155672261957	0.116000000000000
5_5_6_2_3_3_4_2_2_2_1_3_6_6_4_5_3_5_5_4_3_7_8_1	-1	-1.000000000000000	-1.000000000000000	-1.000000000000000	-1.000000000000000	-221853.962510960875079	0.092000000000000
6_5_6_5_3_3_4_2_4_2_1_3_5_7_4_5_3_6_5_4_3_4_4_1	1	1095218.593095791060477	15614.059186178768869	2227074.744805937632918	1.149000000000000	-244738.736373858642764	0.053000000000000
5_5_7_2_3_3_4_2_2_2_1_3_5_6_4_5_3_5_5_4_3_6_9_1	-1	-1.000000000000000	-1.000000000000000	-1.000000000000000	-1.000000000000000	-227374.930115175637184	0.096000000000000
5_5_8_3_3_3_4_2_3_2_3_3_5_7_4_5_3_6_5_4_3_4_4_1	-1	-1.000000000000000	-1.000000000000000	-1.000000000000000	-1.000000000000000	-243962.150959249993321	0.240000000000000
6_5_7_5_3_3_4_2_2_2_2_3_5_7_5_5_3_5_5_4_3_4_4_1	-1	-1.000000000000000	-1.000000000000000	-1.000000000000000	-1.000000000000000	-242476.618063211237313	0.082000000000000
5_5_6_2_3_3_4_2_2_2_1_3_5_6_4_5_3_5_5_5_3_7_8_1	-1	-1.000000000000000	-1.000000000000000	-1.000000000000000	-1.000000000000000	-222191.662432516604895	0.091000000000000
5_5_8_2_3_3_4_2_3_2_1_3_5_6_4_5_3_5_5_4_3_5_8_1	1	1093082.336629641707987	13415.285513842856744	2196509.349635921884328	1.672000000000000	-231856.445600124687189	0.090000000000000
5_5_7_3_3_3_4_2_2_2_1_3_5_7_4_5_3_5_5_4_3_4_7_1	-1	-1.000000000000000	-1.000000000000000	-1.000000000000000	-1.000000000000000	-232206.795905124454293	0.073000000000000
5_6_7_4_3_3_4_2_2_2_2_3_5_8_4_6_3_5_5_4_3_4_4_1	-1	-1.000000000000000	-1.000000000000000	-1.000000000000000	-1.000000000000000	-240884.215886031888658	0.094000000000000
5_5_6_2_3_3_4_2_2_2_1_3_5_7_4_5_3_5_5_4_3_7_8_1	-1	-1.000000000000000	-1.000000000000000	-1.000000000000000	-1.000000000000000	-223965.000730119878426	0.091000000000000
7_5_7_4_3_3_4_2_2_2_2_3_5_8_4_5_3_5_5_4_3_4_4_1	1	1098976.753171222284436	14433.259563115167111	2176468.569193813949823	3.262000000000000	-244031.752031173615251	0.116000000000000
5_6_8_3_3_3_4_2_2_2_2_3_5_8_4_5_3_5_5_4_3_4_5_1	-1	-1.000000000000000	-1.000000000000000	-1.000000000000000	-1.000000000000000	-241433.126149021351011	0.110000000000000
5_5_6_5_3_3_4_2_4_2_1_4_5_7_4_5_3_6_5_4_3_4_4_1	-1	-1.000000000000000	-1.000000000000000	-1.000000000000000	-1.000000000000000	-241300.603044128220063	0.072000000000000
5_5_6_2_3_4_4_2_2_2_1_3_5_6_4_5_3_5_5_4_3_7_8_1	-1	-1.000000000000000	-1.000000000000000	-1.000000000000000	-1.000000000000000	-222119.749087879637955	0.093000000000000
6_5_6_4_3_3_4_2_4_2_1_3_5_7_4_5_3_7_5_4_3_4_4_1	-1	-1.000000000000000	-1.000000000000000	-1.000000000000000	-1.000000000000000	-242727.673677942017093	0.090000000000000
5_5_6_2_3_3_4_2_2_2_1_3_5_6_4_5_3_5_5_4_3_7_8_2	-1	-1.000000000000000	-1.000000000000000	-1.000000000000000	-1.000000000000000	-221762.594979386340128	0.090000000000000
5_5_7_6_3_3_4_2_2_2_1_3_5_8_4_6_3_5_5_4_3_4_4_1	-1	-1.000000000000000	-1.000000000000000	-1.000000000000000	-1.000000000000000	-237460.236447768547805	0.088000000000000
6_5_7_3_3_3_4_2_3_2_1_3_5_7_4_5_3_5_5_5_3_4_6_1	-1	-1.000000000000000	-1.000000000000000	-1.000000000000000	-1.000000000000000	-238481.315405390196247	0.118000000000000
6_5_7_4_3_3_4_2_3_2_1_3_5_7_4_5_3_5_5_4_3_5_5_1	-1	-1.000000000000000	-1.000000000000000	-1.000000000000000	-1.000000000000000	-241871.452877667034045	0.053000000000000
6_5_7_4_3_3_4_2_2_2_2_3_5_8_4_5_3_4_5_4_3_4_4_1	-1	-1.000000000000000	-1.000000000000000	-1.000000000000000	-1.000000000000000	-235758.450981998321367	0.091000000000000
6_5_7_4_3_3_4_2_2_3_2_3_5_8_4_5_3_5_5_4_3_4_4_1	-1	-1.000000000000000	-1.000000000000000	-1.000000000000000	-1.000000000000000	-242713.262413888005540	2.139000000000000
5_5_6_2_3_3_4_2_2_2_2_3_5_6_4_5_3_5_5_4_3_7_8_1	-1	-1.000000000000000	-1.000000000000000	-1.000000000000000	-1.000000000000000	-224261.225270522030769	0.104000000000000
6_5_7_4_3_3_4_2_2_2_2_3_5_7_4_5_3_6_5_4_3_4_4_2	-1	-1.000000000000000	-1.000000000000000	-1.000000000000000	-1.000000000000000	-244021.501963812945178	0.080000000000000
6_5_7_5_3_3_4_2_2_2_3_3_5_7_4_5_3_5_5_4_3_4_4_1	1	1095366.579865176696330	14836.839067554177745	2197826.068485440220684	1.145000000000000	-245379.597400783502962	0.120000000000000
5_5_6_2_3_3_4_3_2_2_1_3_5_6_4_5_3_5_5_4_3_7_8_1	-1	-1.000000000000000	-1.000000000000000	-1.000000000000000	-1.000000000000000	-222172.464131276297849	0.090000000000000
5_5_7_3_3_3_4_2_3_2_1_3_5_7_5_5_3_5_5_4_3_4_7_1	-1	-1.000000000000000	-1.000000000000000	-1.000000000000000	-1.000000000000000	-235324.527888975979295	0.092000000000000
5_5_6_2_3_3_4_2_2_3_1_3_5_6_4_5_3_5_5_4_3_7_8_1	-1	-1.000000000000000	-1.000000000000000	-1.000000000000000	-1.000000000000000	-223914.158697827369906	0.093000000000000
5_5_6_2_3_3_4_2_2_2_1_3_5_6_4_5_3_6_5_4_3_7_8_1	-1	-1.000000000000000	-1.000000000000000	-1.000000000000000	-1.000000000000000	-222284.278965805715416	0.092000000000000
5_5_7_3_3_3_4_2_3_2_1_3_5_7_4_5_3_5_5_4_3_4_8_1	1	1092274.740250457543880	13531.523551138281618	2184953.464076268486679	1.511000000000000	-235221.752103731909301	0.149000000000000
6_5_7_4_3_3_4_2_3_3_1_3_5_7_4_5_3_5_5_4_3_4_5_1	-1	-1.000000000000000	-1.000000000000000	-1.000000000000000	-1.000000000000000	-241915.143205921514891	0.086000000000000
6_5_7_4_3_3_4_2_3_2_1_3_5_7_4_6_3_6_5_4_3_4_4_1	-1	-1.000000000000000	-1.000000000000000	-1.000000000000000	-1.000000000000000	-244922.820248166128295	0.093000000000000
5_5_7_6_3_3_4_2_2_2_1_3_5_8_4_5_3_5_5_4_4_4_4_1	-1	-1.000000000000000	-1.000000000000000	-1.000000000000000	-1.000000000000000	-238018.374356179847382	0.090000000000000
5_5_6_2_3_3_4_2_2_2_1_4_5_6_4_5_3_5_5_4_3_7_8_1	-1	-1.000000000000000	-1.000000000000000	-1.000000000000000	-1.000000000000000	-222172.464131276297849	0.093000000000000
5_6_8_3_3_3_4_2_2_2_3_3_5_7_4_5_4_5_5_4_3_4_4_1	-1	-1.000000000000000	-1.000000000000000	-1.000000000000000	-1.000000000000000	-243129.566354693175526	0.174000000000000
5_5_6_2_3_3_4_2_2_2_1_3_5_6_4_5_4_5_5_4_3_7_8_1	-1	-1.000000000000000	-1.000000000000000	-1.000000000000000	-1.000000000000000	-223375.352175763255218	0.092000000000000
5_5_8_3_3_3_4_2_2_3_3_3_5_7_4_5_3_6_5_4_3_4_4_1	-1	-1.000000000000000	-1.000000000000000	-1.000000000000000	-1.000000000000000	-243962.150959249993321	0.168000000000000
6_5_7_5_3_3_4_2_2_2_2_3_5_6_4_5_3_5_5_4_3_4_4_1	-1	-1.000000000000000	-1.000000000000000	-1.000000000000000	-1.000000000000000	-236726.927798956661718	0.086000000000000
5_5_6_2_3_3_4_2_2_2_1_3_5_6_5_5_3_5_5_4_3_7_8_1	-1	-1.000000000000000	-1.000000000000000	-1.000000000000000	-1.000000000000000	-222146.105848328967113	0.100000000000000
5_5_6_3_3_3_4_2_2_2_1_3_5_6_4_5_3_5_5_4_3_7_8_1	1	1092787.961133197881281	13124.796975386783743	2219032.176894586533308	0.974000000000000	-225997.254711859190138	0.087000000000000
5_5_6_2_3_3_4_2_2_2_1_3_5_5_4_5_3_5_5_4_3_7_8_1	-1	-1.000000000000000	-1.000000000000000	-1.000000000000000	-1.000000000000000	-216009.940989305003313	0.093000000000000
5_5_7_2_4_3_4_2_2_2_1_3_5_6_4_5_3_5_5_4_3_6_8_1	-1	-1.000000000000000	-1.000000000000000	-1.000000000000000	-1.000000000000000	-227053.918544841377297	0.092000000000000
6_5_7_3_3_3_4_2_3_3_1_3_5_7_4_5_3_5_5_4_3_4_6_1	-1	-1.000000000000000	-1.000000000000000	-1.000000000000000	-1.000000000000000	-238785.936972716328455	0.093000000000000
5_5_6_5_3_3_4_2_4_2_1_3_5_8_4_5_3_5_5_4_4_4_4_1	-1	-1.000000000000000	-1.000000000000000	-1.000000000000000	-1.000000000000000	-240521.473884883540450	0.089000000000000
5_6_8_2_3_3_4_2_2_2_2_3_5_8_4_5_3_5_5_4_3_4_4_1	-1	-1.000000000000000	-1.000000000000000	-1.000000000000000	-1.000000000000000	-237035.798679292493034	0.092000000000000
5_5_5_2_3_3_4_2_2_2_1_3_5_6_4_5_3_5_5_4_3_7_8_1	-1	-1.000000000000000	-1.000000000000000	-1.000000000000000	-1.000000000000000	-215408.238036518829176	0.096000000000000
5_5_6_2_3_3_4_2_2_2_1_3_5_6_4_5_3_5_5_4_3_7_7_1	1	1091820.738042536191642	13250.071038932022930	2278170.492345948703587	1.041000000000000	-221996.608843152062036	0.091000000000000
5_5_7_2_3_3_4_2_2_2_1_3_5_6_4_5_3_5_5_4_3_6_8_1	1	1093318.437454693485051	13194.386135019616631	2227935.340809391345829	1.441000000000000	-227092.416197610204108	0.087000000000000
5_5_6_3_3_3_4_2_2_2_1_3_5_6_4_5_3_5_5_4_3_6_8_1	1	1091460.508132794173434	13246.031101816803130	2238188.843540346715599	0.979000000000000	-225997.254711859190138	0.089000000000000
6_6_7_3_3_3_4_2_2_2_2_3_5_8_4_5_3_5_5_4_3_4_4_1	-1	-1.000000000000000	-1.000000000000000	-1.000000000000000	-1.000000000000000	-240295.349383926310111	0.196000000000000
5_5_7_2_3_3_4_2_2_2_1_3_5_6_4_5_3_5_5_4_3_7_7_1	1	1092756.193798599531874	13189.325494691598578	2228277.751974355895072	1.925000000000000	-226817.546941192325903	0.090000000000000
6_5_7_6_3_3_4_2_2_2_2_3_5_7_4_5_3_4_5_4_3_4_4_1	-1	-1.000000000000000	-1.000000000000000	-1.000000000000000	-1.000000000000000	-235674.985605381400092	0.069000000000000
5_6_6_5_3_3_4_2_4_2_1_3_5_6_4_5_3_6_5_4_3_4_4_1	1	1090687.868530646897852	14929.702638375143579	2226908.058125069364905	0.740000000000000	-237019.701500851631863	0.060000000000000
5_5_7_2_3_3_4_2_2_2_1_3_5_5_4_5_3_5_5_4_3_7_8_1	-1	-1.000000000000000	-1.000000000000000	-1.000000000000000	-1.000000000000000	-220062.998178282025037	0.091000000000000
5_6_7_5_3_3_4_2_2_2_2_3_5_8_4_5_3_5_5_4_3_4_4_1	-1	-1.000000000000000	-1.000000000000000	-1.000000000000000	-1.000000000000000	-241895.535359064611839	0.095000000000000
5_5_7_2_3_3_4_2_2_2_1_3_5_6_4_5_3_5_5_4_4_6_8_1	-1	-1.000000000000000	-1.000000000000000	-1.000000000000000	-1.000000000000000	-227176.161137259914540	0.096000000000000
5_5_7_2_3_3_4_2_3_2_1_3_5_6_4_5_3_5_5_4_3_6_8_1	1	1092977.713608363177627	13194.409703758330579	2216001.185080905910581	1.497000000000000	-229919.374935876170639	0.093000000000000
6_6_7_5_3_3_4_2_2_2_2_3_5_7_4_5_3_5_5_4_3_4_4_1	-1	-1.000000000000000	-1.000000000000000	-1.000000000000000	-1.000000000000000	-242323.261786031478550	0.119000000000000
5_5_7_2_3_3_4_2_2_2_1_3_5_6_4_5_3_5_5_4_3_6_8_2	-1	-1.000000000000000	-1.000000000000000	-1.000000000000000	-1.000000000000000	-226813.481523154274328	0.093000000000000
6_5_7_4_3_3_5_2_3_2_1_3_5_7_4_5_3_5_5_4_3_4_5_1	-1	-1.000000000000000	-1.000000000000000	-1.000000000000000	-1.000000000000000	-241910.242225293419324	0.073000000000000
6_5_6_4_3_3_4_2_4_2_1_3_5_7_4_5_3_6_5_4_3_5_4_1	-1	-1.000000000000000	-1.000000000000000	-1.000000000000000	-1.000000000000000	-242733.193397538852878	0.088000000000000
5_5_7_6_4_3_4_2_2_2_1_3_5_8_4_5_3_5_5_4_3_4_4_1	-1	-1.000000000000000	-1.000000000000000	-1.000000000000000	-1.000000000000000	-237446.979858339735074	0.070000000000000
5_5_7_2_3_3_4_2_2_2_2_3_5_6_4_5_3_5_5_4_3_6_8_1	-1	-1.000000000000000	-1.000000000000000	-1.000000000000000	-1.000000000000000	-229199.001447633374482	0.108000000000000
6_5_7_4_3_3_4_2_2_2_2_3_5_7_4_5_3_7_5_4_3_4_4_1	-1	-1.000000000000000	-1.000000000000000	-1.000000000000000	-1.000000000000000	-243695.696926541364519	0.092000000000000
5_5_7_2_3_3_4_2_2_2_1_3_5_6_4_5_4_5_5_4_3_6_8_1	-1	-1.000000000000000	-1.000000000000000	-1.000000000000000	-1.000000000000000	-228328.966229435085552	0.094000000000000
5_5_7_2_3_3_4_2_3_2_1_3_5_6_4_5_3_4_5_4_3_5_8_1	-1	-1.000000000000000	-1.000000000000000	-1.000000000000000	-1.000000000000000	-224805.985082894854713	0.089000000000000
5_6_8_3_3_3_4_2_2_2_3_3_5_7_5_5_3_5_5_4_3_4_4_1	-1	-1.000000000000000	-1.000000000000000	-1.000000000000000	-1.000000000000000	-243127.785874637338566	0.166000000000000
6_5_7_4_3_3_4_2_3_2_2_3_5_7_4_5_3_5_5_4_3_4_5_1	-1	-1.000000000000000	-1.000000000000000	-1.000000000000000	-1.000000000000000	-241915.143205921514891	0.101000000000000
5_5_7_2_3_3_4_3_2_2_1_3_5_6_4_5_3_5_5_4_3_6_8_1	-1	-1.000000000000000	-1.000000000000000	-1.000000000000000	-1.000000000000000	-227092.416197610204108	0.093000000000000
5_6_7_4_3_3_4_2_2_2_2_3_5_8_4_5_4_5_5_4_3_4_4_1	-1	-1.000000000000000	-1.000000000000000	-1.000000000000000	-1.000000000000000	-241125.698375579464482	0.093000000000000
5_5_7_2_3_3_4_2_2_2_1_3_5_6_4_5_3_5_5_5_3_6_8_1	-1	-1.000000000000000	-1.000000000000000	-1.000000000000000	-1.000000000000000	-227122.492222018423490	0.093000000000000
5_6_7_2_3_3_4_2_2_2_1_3_5_6_4_5_3_5_5_4_3_6_8_1	-1	-1.000000000000000	-1.000000000000000	-1.000000000000000	-1.000000000000000	-227700.134314037975855	0.090000000000000
5_6_7_4_3_3_4_2_2_2_2_3_5_8_4_5_3_4_5_4_3_4_4_1	-1	-1.000000000000000	-1.000000000000000	-1.000000000000000	-1.000000000000000	-233896.068002688785782	0.093000000000000
6_5_7_4_3_3_4_2_2_3_2_3_5_7_4_5_3_6_5_4_3_4_4_1	-1	-1.000000000000000	-1.000000000000000	-1.000000000000000	-1.000000000000000	-244027.448912841995480	0.076000000000000
5_5_7_2_3_3_4_2_2_2_1_3_5_6_4_6_3_5_5_4_3_6_8_1	-1	-1.000000000000000	-1.000000000000000	-1.000000000000000	-1.000000000000000	-227091.921406270557782	0.104000000000000
6_5_7_3_3_3_4_2_3_2_1_3_5_7_4_5_3_6_5_4_3_4_4_1	-1	-1.000000000000000	-1.000000000000000	-1.000000000000000	-1.000000000000000	-241794.937461444293149	0.089000000000000
5_5_8_3_3_3_4_2_2_2_3_3_5_7_4_5_3_6_5_4_3_5_4_1	-1	-1.000000000000000	-1.000000000000000	-1.000000000000000	-1.000000000000000	-243634.944985684880521	0.145000000000000
5_5_7_2_3_3_4_2_2_3_1_3_5_6_4_5_3_5_5_4_3_6_8_1	-1	-1.000000000000000	-1.000000000000000	-1.000000000000000	-1.000000000000000	-228849.681830198474927	0.104000000000000
5_5_7_2_3_4_4_2_2_2_1_3_5_6_4_5_3_5_5_4_3_6_8_1	-1	-1.000000000000000	-1.000000000000000	-1.000000000000000	-1.000000000000000	-227047.898494007647969	0.117000000000000
6_5_6_4_3_3_4_2_4_2_1_3_5_7_4_5_3_6_6_4_3_4_4_1	-1	-1.000000000000000	-1.000000000000000	-1.000000000000000	-1.000000000000000	-243102.291622714255936	0.058000000000000
5_6_7_4_3_3_4_2_2_2_2_3_5_8_4_5_3_5_5_4_4_4_4_1	-1	-1.000000000000000	-1.000000000000000	-1.000000000000000	-1.000000000000000	-241243.680344487569528	0.099000000000000
5_5_7_2_3_3_4_2_2_2_1_3_5_6_4_5_3_4_5_4_3_6_8_1	-1	-1.000000000000000	-1.000000000000000	-1.000000000000000	-1.000000000000000	-222001.944612944469554	0.094000000000000
5_5_7_2_3_3_4_2_3_2_1_3_5_6_4_5_3_5_5_4_4_5_8_1	-1	-1.000000000000000	-1.000000000000000	-1.000000000000000	-1.000000000000000	-230008.213782552571502	0.093000000000000
6_5_6_6_3_3_4_2_3_2_1_3_5_8_4_5_3_5_5_4_3_4_4_1	-1	-1.000000000000000	-1.000000000000000	-1.000000000000000	-1.000000000000000	-241959.261923259211471	0.080000000000000
5_5_7_2_3_3_4_2_2_2_1_3_5_6_4_5_3_5_5_4_3_6_7_1	1	1093222.808558132266626	13331.183478575174377	2242566.087213525548577	1.486000000000000	-226572.296430226793746	0.090000000000000
6_5_6_4_3_3_4_2_2_2_3_3_5_7_4_5_3_6_5_4_3_4_4_1	1	1095321.413875366793945	14937.096211509138811	2231853.019554725848138	1.540000000000000	-243088.993377983715618	0.109000000000000
5_5_7_2_3_3_4_2_3_2_1_3_5_6_4_5_3_5_5_4_3_5_8_1	1	1092875.548192601650953	13336.736875682479877	2234019.194856430403888	1.492000000000000	-229919.374935876170639	0.089000000000000
5_5_7_2_3_3_4_2_2_2_1_3_5_7_4_5_3_5_5_4_3_5_8_1	1	1093060.025846263160929	13325.408008465012244	2215020.137340708170086	1.525000000000000	-229310.832007617340423	0.093000000000000
5_6_8_4_3_3_4_2_2_2_2_3_5_8_4_5_3_4_5_4_3_4_4_1	-1	-1.000000000000000	-1.000000000000000	-1.000000000000000	-1.000000000000000	-234521.515762533119414	0.116000000000000
5_5_7_2_3_3_4_2_3_2_1_3_5_6_4_5_3_4_5_4_3_6_8_1	-1	-1.000000000000000	-1.000000000000000	-1.000000000000000	-1.000000000000000	-224805.985082894854713	0.104000000000000
5_5_7_2_3_3_4_2_3_2_1_3_5_6_4_5_3_5_5_4_3_6_7_1	1	1092882.084711802192032	13331.207047313888324	2230631.931485040113330	1.512000000000000	-229646.453987351123942	0.130000000000000
5_5_6_2_3_3_4_2_3_2_1_3_5_6_4_5_3_5_5_4_3_6_8_1	-1	-1.000000000000000	-1.000000000000000	-1.000000000000000	-1.000000000000000	-224958.909984118712600	0.095000000000000
5_6_8_2_3_3_4_2_2_2_3_3_5_7_4_5_3_5_5_4_3_4_4_1	1	1090728.476923386799172	14341.358351732586016	2210936.012684251647443	1.208000000000000	-238198.645133949699812	0.094000000000000
5_5_7_2_3_3_4_2_3_2_1_3_5_6_4_5_3_6_5_4_3_5_8_1	-1	-1.000000000000000	-1.000000000000000	-1.000000000000000	-1.000000000000000	-230649.283005676668836	0.092000000000000
6_5_7_4_3_3_4_2_2_2_2_3_5_8_4_5_3_5_6_4_3_4_4_1	-1	-1.000000000000000	-1.000000000000000	-1.000000000000000	-1.000000000000000	-242698.031306164077250	0.115000000000000
5_5_7_2_3_3_4_2_3_2_1_3_5_6_4_5_3_5_5_4_3_5_8_2	-1	-1.000000000000000	-1.000000000000000	-1.000000000000000	-1.000000000000000	-229705.223036928509828	0.092000000000000
5_5_7_2_3_3_4_2_3_2_1_4_5_6_4_5_3_5_5_4_3_5_8_1	-1	-1.000000000000000	-1.000000000000000	-1.000000000000000	-1.000000000000000	-229919.374935876170639	0.117000000000000
6_5_7_4_4_3_4_2_3_2_1_3_5_7_4_5_3_5_5_4_3_4_5_1	-1	-1.000000000000000	-1.000000000000000	-1.000000000000000	-1.000000000000000	-241866.716547744697891	0.097000000000000
6_5_7_4_3_3_4_2_3_2_1_3_5_6_4_5_3_6_5_4_3_4_4_1	-1	-1.000000000000000	-1.000000000000000	-1.000000000000000	-1.000000000000000	-239049.658267415099544	0.092000000000000
5_5_7_2_3_3_4_2_3_2_1_3_5_7_4_5_3_4_5_4_3_4_8_1	-1	-1.000000000000000	-1.000000000000000	-1.000000000000000	-1.000000000000000	-226522.658500211080536	0.107000000000000
5_5_7_4_3_3_4_2_3_2_1_3_5_7_4_5_3_6_5_4_3_4_4_1	-1	-1.000000000000000	-1.000000000000000	-1.000000000000000	-1.000000000000000	-241567.523328711104114	0.093000000000000
5_5_6_6_3_4_4_2_3_2_1_3_5_8_4_5_3_5_5_4_3_4_4_1	-1	-1.000000000000000	-1.000000000000000	-1.000000000000000	-1.000000000000000	-239491.144592653785367	0.092000000000000
5_5_7_2_3_3_4_3_3_2_1_3_5_6_4_5_3_5_5_4_3_5_8_1	-1	-1.000000000000000	-1.000000000000000	-1.000000000000000	-1.000000000000000	-229919.374935876170639	0.128000000000000
6_5_7_4_3_4_4_2_3_2_1_3_5_7_4_5_3_6_5_4_3_4_4_1	-1	-1.000000000000000	-1.000000000000000	-1.000000000000000	-1.000000000000000	-244866.322911454015411	0.083000000000000
6_5_7_3_3_3_4_2_3_2_1_3_5_8_4_5_3_5_5_4_3_4_6_1	-1	-1.000000000000000	-1.000000000000000	-1.000000000000000	-1.000000000000000	-240240.756733314075973	0.104000000000000
5_5_7_2_3_3_4_2_3_2_1_3_5_6_4_6_3_5_5_4_3_5_8_1	-1	-1.000000000000000	-1.000000000000000	-1.000000000000000	-1.000000000000000	-229918.871348059183219	0.091000000000000
6_5_6_4_3_3_4_2_4_2_1_4_5_7_4_5_3_6_5_4_3_4_4_1	-1	-1.000000000000000	-1.000000000000000	-1.000000000000000	-1.000000000000000	-243111.315073487843620	0.061000000000000
5_6_8_3_3_3_4_2_2_2_3_3_5_6_4_5_3_5_5_4_3_4_4_1	-1	-1.000000000000000	-1.000000000000000	-1.000000000000000	-1.000000000000000	-237723.868285922333598	0.091000000000000
5_6_7_2_3_3_4_2_3_2_1_3_5_6_4_5_3_5_5_4_3_5_8_1	-1	-1.000000000000000	-1.000000000000000	-1.000000000000000	-1.000000000000000	-230537.106328237103298	0.090000000000000
5_5_7_2_3_3_4_2_3_2_1_3_5_6_4_5_3_5_5_4_3_5_9_1	-1	-1.000000000000000	-1.000000000000000	-1.000000000000000	-1.000000000000000	-230107.741264463867992	0.092000000000000
5_5_8_3_3_3_4_2_2_2_3_3_5_7_4_5_4_6_5_4_3_4_4_1	-1	-1.000000000000000	-1.000000000000000	-1.000000000000000	-1.000000000000000	-243965.855384889844572	0.119000000000000
5_5_7_3_3_3_4_2_3_2_1_3_5_6_4_5_3_5_5_4_3_5_8_1	-1	-1.000000000000000	-1.000000000000000	-1.000000000000000	-1.000000000000000	-231738.253131992620183	0.091000000000000
5_5_7_2_3_3_4_2_3_3_1_3_5_6_4_5_3_5_5_4_3_5_8_1	-1	-1.000000000000000	-1.000000000000000	-1.000000000000000	-1.000000000000000	-229919.374935876170639	0.091000000000000
5_5_7_2_4_3_4_2_3_2_1_3_5_7_4_5_3_5_5_4_3_4_8_1	-1	-1.000000000000000	-1.000000000000000	-1.000000000000000	-1.000000000000000	-232098.964279412408359	0.134000000000000
5_5_7_2_3_3_4_2_3_2_1_3_5_6_4_5_4_5_5_4_3_5_8_1	-1	-1.000000000000000	-1.000000000000000	-1.000000000000000	-1.000000000000000	-230411.287435480364366	0.094000000000000
5_5_7_2_3_4_4_2_3_2_1_3_5_6_4_5_3_5_5_4_3_5_8_1	-1	-1.000000000000000	-1.000000000000000	-1.000000000000000	-1.000000000000000	-229882.139560754672857	0.104000000000000
5_5_6_5_3_3_4_2_4_2_1_3_5_7_4_6_3_6_5_4_3_4_4_1	-1	-1.000000000000000	-1.000000000000000	-1.000000000000000	-1.000000000000000	-241300.449845637194812	0.085000000000000
5_5_5_5_3_3_4_2_4_2_1_3_5_8_4_5_3_5_5_4_3_4_4_1	-1	-1.000000000000000	-1.000000000000000	-1.000000000000000	-1.000000000000000	-233383.440748871653341	0.092000000000000
5_5_7_2_3_3_4_2_3_2_1_3_5_7_4_5_3_5_5_4_3_5_8_1	1	1092719.072797098429874	13325.431577203726192	2203064.008199530653656	1.523000000000000	-232135.433909661136568	0.091000000000000
5_5_7_2_3_3_4_2_3_2_1_3_5_6_4_5_3_5_5_5_3_5_8_1	-1	-1.000000000000000	-1.000000000000000	-1.000000000000000	-1.000000000000000	-229956.014492277405225	0.100000000000000
6_5_7_3_3_3_4_2_2_2_3_3_5_7_4_5_3_6_5_5_3_4_4_1	-1	-1.000000000000000	-1.000000000000000	-1.000000000000000	-1.000000000000000	-243901.357959405751899	0.109000000000000
6_5_7_2_3_3_4_2_3_2_1_3_5_6_4_5_3_5_5_4_3_5_8_1	-1	-1.000000000000000	-1.000000000000000	-1.000000000000000	-1.000000000000000	-230683.974731757392874	0.092000000000000
5_5_6_5_3_3_5_2_4_2_1_3_5_8_4_5_3_5_5_4_3_4_4_1	-1	-1.000000000000000	-1.000000000000000	-1.000000000000000	-1.000000000000000	-240325.420318535791012	0.091000000000000
5_5_7_2_3_3_4_2_3_2_1_3_5_6_4_5_3_5_5_4_3_5_7_1	1	1092772.755354611203074	13507.216966428728483	2250188.039712594822049	1.600000000000000	-229646.453987351123942	0.090000000000000
5_5_6_5_3_3_4_2_4_2_1_3_5_7_4_5_3_6_5_5_3_4_4_1	-1	-1.000000000000000	-1.000000000000000	-1.000000000000000	-1.000000000000000	-241778.192685739864828	0.072000000000000
6_5_7_5_3_3_4_2_3_2_2_3_5_7_4_5_3_5_5_4_3_4_4_1	-1	-1.000000000000000	-1.000000000000000	-1.000000000000000	-1.000000000000000	-243392.502837087580701	0.124000000000000
6_5_7_3_3_3_4_2_3_2_1_3_6_7_4_5_3_5_5_4_3_4_6_1	-1	-1.000000000000000	-1.000000000000000	-1.000000000000000	-1.000000000000000	-238719.255080031696707	0.072000000000000
5_5_8_3_3_3_5_2_2_2_3_3_5_7_4_5_3_6_5_4_3_4_4_1	-1	-1.000000000000000	-1.000000000000000	-1.000000000000000	-1.000000000000000	-243938.123947101150407	0.251000000000000
5_5_7_2_3_3_4_2_3_2_1_3_5_5_4_5_3_5_5_4_3_5_8_1	-1	-1.000000000000000	-1.000000000000000	-1.000000000000000	-1.000000000000000	-222978.744599565077806	0.090000000000000
6_5_6_4_3_3_4_2_4_2_1_3_6_7_4_5_3_6_5_4_3_4_4_1	-1	-1.000000000000000	-1.000000000000000	-1.000000000000000	-1.000000000000000	-243023.039438234991394	0.071000000000000
5_5_7_2_3_3_4_2_3_2_1_3_5_7_4_5_3_5_5_4_3_4_8_1	1	1092603.669282227288932	13495.319177798890451	2225708.325418244581670	1.695000000000000	-232135.433909661136568	0.097000000000000
5_5_8_2_3_3_4_2_3_2_1_3_5_6_4_5_3_5_5_4_3_4_8_1	1	1092962.807980897836387	13573.332654107151029	2219225.805221911054105	1.647000000000000	-231856.445600124687189	0.094000000000000
5_5_8_3_3_3_4_2_2_2_3_3_5_7_4_5_3_5_5_4_3_4_4_2	1	1091921.033663222333416	14260.542802497828234	2185061.862305494025350	1.515000000000000	-241889.841986801708117	0.178000000000000
5_5_6_2_3_3_4_2_3_2_1_3_5_7_4_5_3_5_5_4_3_5_8_1	-1	-1.000000000000000	-1.000000000000000	-1.000000000000000	-1.000000000000000	-226748.087742430681828	0.116000000000000
5_5_7_2_3_3_4_2_3_2_1_3_5_7_4_5_3_4_5_4_3_5_8_1	-1	-1.000000000000000	-1.000000000000000	-1.000000000000000	-1.000000000000000	-226522.658500211080536	0.110000000000000
5_5_7_2_3_3_4_2_3_2_1_3_5_7_4_5_4_5_5_4_3_4_8_1	-1	-1.000000000000000	-1.000000000000000	-1.000000000000000	-1.000000000000000	-232542.220165047940100	0.238000000000000
5_5_8_3_3_3_4_2_2_2_3_3_5_6_4_5_3_6_5_4_3_4_4_1	1	1092280.630635912762955	14303.311739674747514	2227080.081154048908502	1.527000000000000	-238586.592709699179977	0.169000000000000
5_5_7_3_3_3_4_2_3_2_1_3_5_7_4_5_3_4_5_4_3_4_7_1	-1	-1.000000000000000	-1.000000000000000	-1.000000000000000	-1.000000000000000	-229385.181888467108365	0.104000000000000
6_5_7_4_3_3_4_2_2_2_2_3_5_7_4_5_3_6_5_4_4_4_4_1	-1	-1.000000000000000	-1.000000000000000	-1.000000000000000	-1.000000000000000	-244124.659533522586571	0.086000000000000
6_5_7_4_3_3_4_2_2_2_2_4_5_8_4_5_3_5_5_4_3_4_4_1	-1	-1.000000000000000	-1.000000000000000	-1.000000000000000	-1.000000000000000	-242713.262413888005540	0.133000000000000
5_5_8_2_3_3_4_2_3_2_1_3_5_7_4_5_3_5_5_4_3_4_8_1	1	1092773.306492731440812	13515.604195925123349	2188279.600398899056017	1.581000000000000	-234492.742648819548776	0.213000000000000
5_5_6_4_3_3_4_2_4_2_1_3_5_7_4_5_3_6_5_4_3_4_4_1	-1	-1.000000000000000	-1.000000000000000	-1.000000000000000	-1.000000000000000	-239384.964350434747757	0.088000000000000
6_5_7_4_3_3_4_2_3_2_1_3_5_7_4_5_3_5_5_4_3_4_5_2	-1	-1.000000000000000	-1.000000000000000	-1.000000000000000	-1.000000000000000	-241609.598486930801300	0.071000000000000
5_5_7_2_3_3_4_2_3_2_1_3_5_8_4_5_3_5_5_4_3_4_8_1	-1	-1.000000000000000	-1.000000000000000	-1.000000000000000	-1.000000000000000	-232917.283723514701705	0.132000000000000
5_5_6_6_3_3_4_2_3_2_1_3_5_8_4_5_3_5_5_5_3_4_4_1	-1	-1.000000000000000	-1.000000000000000	-1.000000000000000	-1.000000000000000	-239829.497703988774447	0.073000000000000
5_5_7_2_3_3_4_2_3_2_1_3_5_7_4_5_3_5_5_4_3_4_9_1	-1	-1.000000000000000	-1.000000000000000	-1.000000000000000	-1.000000000000000	-232259.215725808346178	0.182000000000000
5_5_7_2_3_3_4_2_3_2_1_3_5_7_4_5_3_5_6_4_3_4_8_1	-1	-1.000000000000000	-1.000000000000000	-1.000000000000000	-1.000000000000000	-232135.433909661136568	0.164000000000000
6_5_6_4_3_3_4_2_4_2_1_3_5_7_4_5_3_6_5_4_4_4_4_1	-1	-1.000000000000000	-1.000000000000000	-1.000000000000000	-1.000000000000000	-243079.697014501667581	0.053000000000000
6_5_7_2_3_3_4_2_3_2_1_3_5_7_4_5_3_5_5_4_3_4_8_1	-1	-1.000000000000000	-1.000000000000000	-1.000000000000000	-1.000000000000000	-233673.472720852005295	0.166000000000000
5_5_7_3_3_3_4_2_4_2_1_3_5_7_4_5_3_5_5_4_3_4_7_1	-1	-1.000000000000000	-1.000000000000000	-1.000000000000000	-1.000000000000000	-236929.933721370558487	0.075000000000000
6_5_8_5_3_3_4_2_2_2_2_3_5_7_4_5_3_5_5_4_3_4_4_1	-1	-1.000000000000000	-1.000000000000000	-1.000000000000000	-1.000000000000000	-242595.906026464537717	0.076000000000000
6_5_7_4_3_3_4_2_3_2_1_3_6_7_4_5_3_6_5_4_3_4_4_1	-1	-1.000000000000000	-1.000000000000000	-1.000000000000000	-1.000000000000000	-244866.920215415942948	0.074000000000000
5_5_7_2_3_3_4_2_3_3_1_3_5_7_4_5_3_5_5_4_3_4_8_1	-1	-1.000000000000000	-1.000000000000000	-1.000000000000000	-1.000000000000000	-232135.433909661136568	0.165000000000000
5_5_7_2_3_3_4_2_3_2_1_3_6_7_4_5_3_5_5_4_3_4_8_1	-1	-1.000000000000000	-1.000000000000000	-1.000000000000000	-1.000000000000000	-231971.783264612808125	0.121000000000000
5_5_7_2_3_3_4_2_3_2_1_3_5_7_4_6_3_5_5_4_3_4_8_1	-1	-1.000000000000000	-1.000000000000000	-1.000000000000000	-1.000000000000000	-232134.931304423080292	0.125000000000000
6_5_7_4_3_3_4_2_2_2_2_3_5_7_4_5_4_6_5_4_3_4_4_1	-1	-1.000000000000000	-1.000000000000000	-1.000000000000000	-1.000000000000000	-244261.077645878132898	0.088000000000000
5_5_6_5_3_3_5_2_4_2_1_3_5_7_4_5_3_6_5_4_3_4_4_1	-1	-1.000000000000000	-1.000000000000000	-1.000000000000000	-1.000000000000000	-241266.557925880188122	0.061000000000000
5_5_7_3_3_3_4_2_3_2_1_3_5_7_4_5_3_5_5_5_3_4_7_1	-1	-1.000000000000000	-1.000000000000000	-1.000000000000000	-1.000000000000000	-235529.608119120297488	0.110000000000000
5_5_6_5_3_3_4_2_4_2_1_3_5_8_4_5_3_5_5_5_3_4_4_1	-1	-1.000000000000000	-1.000000000000000	-1.000000000000000	-1.000000000000000	-240552.734134178870590	0.079000000000000
6_5_7_4_3_3_4_2_3_2_1_3_5_7_4_5_3_7_5_4_3_4_4_1	-1	-1.000000000000000	-1.000000000000000	-1.000000000000000	-1.000000000000000	-244591.771904685010668	0.071000000000000
5_5_7_2_3_3_4_2_3_2_1_4_5_7_4_5_3_5_5_4_3_4_8_1	-1	-1.000000000000000	-1.000000000000000	-1.000000000000000	-1.000000000000000	-232135.433909661136568	0.120000000000000
5_6_7_4_3_4_4_2_2_2_2_3_5_8_4_5_3_5_5_4_3_4_4_1	-1	-1.000000000000000	-1.000000000000000	-1.000000000000000	-1.000000000000000	-240863.746383594232611	0.091000000000000
5_5_7_3_3_3_4_2_3_2_1_3_5_7_4_5_3_5_5_4_3_5_7_1	-1	-1.000000000000000	-1.000000000000000	-1.000000000000000	-1.000000000000000	-235333.629520189744653	0.090000000000000
5_5_7_2_3_3_4_2_4_2_1_3_5_7_4_5_3_5_5_4_3_4_8_1	-1	-1.000000000000000	-1.000000000000000	-1.000000000000000	-1.000000000000000	-232640.104824731650297	0.120000000000000
6_5_7_4_3_3_4_2_3_2_1_4_5_7_4_5_3_5_5_4_3_4_5_1	-1	-1.000000000000000	-1.000000000000000	-1.000000000000000	-1.000000000000000	-241915.143205921514891	0.053000000000000
5_5_7_2_3_3_4_2_3_2_1_3_5_7_4_5_3_6_5_4_3_4_8_1	-1	-1.000000000000000	-1.000000000000000	-1.000000000000000	-1.000000000000000	-233344.587696111004334	0.129000000000000
6_5_6_3_3_3_4_2_4_2_1_3_5_7_4_5_3_6_5_4_3_4_4_1	-1	-1.000000000000000	-1.000000000000000	-1.000000000000000	-1.000000000000000	-239342.803992011933587	0.076000000000000
6_5_7_4_3_3_4_2_3_2_1_3_5_7_4_5_3_5_6_4_3_4_5_1	-1	-1.000000000000000	-1.000000000000000	-1.000000000000000	-1.000000000000000	-241915.143205921514891	0.090000000000000
6_5_7_5_3_3_5_2_2_2_2_3_5_7_4_5_3_5_5_4_3_4_4_1	-1	-1.000000000000000	-1.000000000000000	-1.000000000000000	-1.000000000000000	-242418.324804706906434	0.165000000000000
5_5_7_2_3_3_5_2_3_2_1_3_5_7_4_5_3_5_5_4_3_4_8_1	-1	-1.000000000000000	-1.000000000000000	-1.000000000000000	-1.000000000000000	-232135.433909661136568	0.117000000000000
5_5_8_2_3_3_4_2_3_2_1_3_5_7_4_5_3_5_5_4_3_4_7_1	1	1092646.765180000104010	13670.575329446313845	2206158.233386056963354	1.736000000000000	-234563.654538828064688	0.090000000000000
6_5_7_4_3_3_4_2_2_2_3_3_5_6_4_5_3_6_5_4_3_4_4_1	-1	-1.000000000000000	-1.000000000000000	-1.000000000000000	-1.000000000000000	-241139.472560154943494	0.107000000000000
5_5_7_3_3_3_4_2_3_2_2_3_5_7_4_5_3_5_5_4_3_4_7_1	-1	-1.000000000000000	-1.000000000000000	-1.000000000000000	-1.000000000000000	-235333.629520189744653	0.104000000000000
5_6_8_3_3_3_4_2_2_2_3_3_6_7_4_5_3_5_5_4_3_4_4_1	-1	-1.000000000000000	-1.000000000000000	-1.000000000000000	-1.000000000000000	-243133.172722687537316	0.121000000000000
5_5_7_3_3_3_4_2_3_2_1_3_5_7_4_5_3_5_6_4_3_4_7_1	-1	-1.000000000000000	-1.000000000000000	-1.000000000000000	-1.000000000000000	-235333.629520189744653	0.156000000000000
5_6_8_3_3_3_5_2_2_2_2_3_5_8_4_5_3_5_5_4_3_4_4_1	-1	-1.000000000000000	-1.000000000000000	-1.000000000000000	-1.000000000000000	-241649.638102784345392	0.094000000000000
5_5_6_6_3_3_4_2_4_2_1_3_5_8_4_5_3_5_5_4_3_4_4_1	1	1091889.726035010069609	15744.053650267349440	2237913.584293130785227	1.309000000000000	-241282.837294106197078	0.085000000000000
5_5_7_6_3_3_4_2_2_2_1_3_5_8_4_5_3_6_5_4_3_4_4_1	-1	-1.000000000000000	-1.000000000000000	-1.000000000000000	-1.000000000000000	-240364.396474429202499	0.085000000000000
6_5_7_3_3_3_4_2_3_2_1_3_5_7_4_5_3_5_5_4_3_4_7_1	1	1095037.530122911790386	13611.926233817863249	2182747.730411929544061	1.153000000000000	-238449.934903905814281	0.070000000000000
5_5_7_3_3_3_4_2_3_2_1_3_6_7_4_5_3_5_5_4_3_4_7_1	-1	-1.000000000000000	-1.000000000000000	-1.000000000000000	-1.000000000000000	-235218.402542762603844	0.089000000000000
5_5_6_6_3_3_4_2_3_2_1_3_5_8_4_5_3_6_5_4_3_4_4_1	-1	-1.000000000000000	-1.000000000000000	-1.000000000000000	-1.000000000000000	-242136.747816353803501	0.082000000000000
6_5_7_4_3_3_4_2_3_2_1_3_5_7_4_5_3_5_5_5_3_4_5_1	-1	-1.000000000000000	-1.000000000000000	-1.000000000000000	-1.000000000000000	-241890.495368813193636	0.073000000000000
5_5_7_3_3_3_4_2_3_2_1_3_5_8_4_5_3_5_5_4_3_4_7_1	-1	-1.000000000000000	-1.000000000000000	-1.000000000000000	-1.000000000000000	-237030.981146299280226	0.117000000000000
5_5_6_5_3_3_4_2_4_2_1_4_5_8_4_5_3_5_5_4_3_4_4_1	-1	-1.000000000000000	-1.000000000000000	-1.000000000000000	-1.000000000000000	-240359.547846750414465	0.087000000000000
5_5_7_3_3_3_4_2_3_2_1_3_5_7_4_5_3_6_5_4_3_4_7_1	-1	-1.000000000000000	-1.000000000000000	-1.000000000000000	-1.000000000000000	-237544.281584303476848	0.089000000000000
5_5_7_3_3_3_4_2_3_3_1_3_5_7_4_5_3_5_5_4_3_4_7_1	-1	-1.000000000000000	-1.000000000000000	-1.000000000000000	-1.000000000000000	-235333.629520189744653	0.100000000000000
5_5_8_3_3_3_4_2_2_2_3_3_5_7_4_5_3_7_5_4_3_4_4_1	-1	-1.000000000000000	-1.000000000000000	-1.000000000000000	-1.000000000000000	-244019.606953438051278	0.153000000000000
5_5_7_3_3_3_4_2_3_2_1_3_5_7_4_5_4_5_5_4_3_4_7_1	-1	-1.000000000000000	-1.000000000000000	-1.000000000000000	-1.000000000000000	-235670.639590895734727	0.106000000000000
6_5_7_5_3_3_4_2_2_2_2_3_5_7_4_5_3_6_5_4_3_4_4_1	1	1095072.950767029076815	14801.881676994002191	2181382.948377283755690	1.212000000000000	-245388.716396518546389	0.127000000000000
6_5_7_4_3_3_4_2_2_2_2_3_5_7_4_5_3_6_5_5_3_4_4_1	-1	-1.000000000000000	-1.000000000000000	-1.000000000000000	-1.000000000000000	-244190.595865014212904	0.071000000000000
5_5_7_3_4_3_4_2_3_2_1_3_5_7_4_5_3_5_5_4_3_4_7_1	-1	-1.000000000000000	-1.000000000000000	-1.000000000000000	-1.000000000000000	-235301.078999157791259	0.091000000000000
5_6_7_3_3_3_4_2_2_2_3_3_5_7_4_5_3_5_5_4_3_4_4_1	-1	-1.000000000000000	-1.000000000000000	-1.000000000000000	-1.000000000000000	-240270.777136180317029	0.091000000000000
5_5_7_3_3_3_4_2_3_2_1_3_5_7_4_5_3_5_5_4_3_4_6_1	1	1092127.155878308927640	13912.882104909687769	2223798.323102266993374	1.333000000000000	-235757.624630803009495	0.133000000000000
6_5_7_3_3_3_4_2_3_2_1_3_5_7_4_5_3_5_5_4_3_4_5_1	1	1094878.435183607973158	13980.252567062841990	2229561.910113427788019	1.213000000000000	-238978.016990996693494	0.090000000000000
5_5_6_3_3_3_4_2_3_2_1_3_5_7_4_5_3_5_5_4_3_4_7_1	1	1092021.315140773775056	13617.064439273279277	2249117.232848534360528	1.300000000000000	-231298.827258650795557	0.089000000000000
6_5_7_3_3_3_4_2_3_2_1_3_5_7_4_5_3_5_5_4_3_4_6_1	1	1095014.197473172098398	13790.213850955969974	2203521.949467186350375	1.262000000000000	-238785.936972716328455	0.089000000000000
5_5_8_3_3_3_4_2_3_2_1_3_5_7_4_5_3_5_5_4_3_4_6_1	1	1092157.224591207923368	13855.904670683921722	2187277.181406685151160	1.289000000000000	-238347.553077427350217	0.089000000000000
6_5_7_3_3_3_4_2_3_2_1_3_5_7_4_5_3_5_6_4_3_4_6_1	-1	-1.000000000000000	-1.000000000000000	-1.000000000000000	-1.000000000000000	-238785.936972716328455	0.086000000000000
6_5_8_3_3_3_4_2_3_2_1_3_5_7_4_5_3_5_5_4_3_4_6_1	1	1095062.568480474175885	13756.645285942773626	2167470.440258886665106	1.203000000000000	-241363.923635303654009	0.073000000000000
6_5_7_3_3_3_4_2_3_2_1_3_5_7_4_5_3_6_5_4_3_4_6_1	-1	-1.000000000000000	-1.000000000000000	-1.000000000000000	-1.000000000000000	-241329.398717305331957	0.125000000000000
5_5_7_6_3_3_4_2_2_2_1_3_5_8_4_5_3_5_5_5_3_4_4_1	-1	-1.000000000000000	-1.000000000000000	-1.000000000000000	-1.000000000000000	-238202.813023641268956	0.090000000000000
5_5_7_6_3_3_4_2_2_2_3_3_5_7_4_5_3_5_5_4_3_4_4_1	-1	-1.000000000000000	-1.000000000000000	-1.000000000000000	-1.000000000000000	-242408.199445111851674	0.110000000000000
5_6_8_3_3_3_4_2_2_2_2_3_5_8_4_5_3_5_5_4_3_4_4_2	-1	-1.000000000000000	-1.000000000000000	-1.000000000000000	-1.000000000000000	-242549.924952173314523	0.086000000000000
6_6_7_4_3_3_4_2_2_2_2_3_5_8_4_5_3_5_5_4_3_4_4_1	1	1093100.307467550272122	14253.639840131432720	2154283.927122487686574	1.508000000000000	-243010.017604049877264	0.147000000000000
5_5_6_5_3_3_4_2_4_3_1_3_5_8_4_5_3_5_5_4_3_4_4_1	-1	-1.000000000000000	-1.000000000000000	-1.000000000000000	-1.000000000000000	-240359.547846750414465	0.076000000000000
6_5_7_3_3_3_4_2_3_2_1_3_5_7_4_5_3_5_5_4_3_4_6_2	-1	-1.000000000000000	-1.000000000000000	-1.000000000000000	-1.000000000000000	-238097.165455675887642	0.083000000000000
6_5_7_3_3_3_4_2_3_2_1_3_5_7_4_5_3_5_5_4_4_4_6_1	-1	-1.000000000000000	-1.000000000000000	-1.000000000000000	-1.000000000000000	-238492.865725249866955	0.077000000000000
6_5_7_4_3_3_4_3_3_2_1_3_5_7_4_5_3_6_5_4_3_4_4_1	-1	-1.000000000000000	-1.000000000000000	-1.000000000000000	-1.000000000000000	-244822.298864018492168	0.090000000000000
6_5_7_4_3_3_4_2_3_2_1_3_5_7_4_5_4_5_5_4_3_4_5_1	-1	-1.000000000000000	-1.000000000000000	-1.000000000000000	-1.000000000000000	-242150.405524048255756	0.061000000000000
6_5_7_3_3_3_4_2_4_2_1_3_5_7_4_5_3_5_5_4_3_4_6_1	-1	-1.000000000000000	-1.000000000000000	-1.000000000000000	-1.000000000000000	-240731.227533849480096	0.090000000000000
6_5_7_4_3_4_4_2_2_2_2_3_5_7_4_5_3_6_5_4_3_4_4_1	-1	-1.000000000000000	-1.000000000000000	-1.000000000000000	-1.000000000000000	-243968.763448835379677	0.088000000000000
5_6_8_3_3_3_4_2_2_2_2_3_5_8_4_5_4_5_5_4_3_4_4_1	-1	-1.000000000000000	-1.000000000000000	-1.000000000000000	-1.000000000000000	-241868.920775892329402	0.093000000000000
6_5_7_3_3_3_4_2_3_2_1_3_5_6_4_5_3_5_5_4_3_4_6_1	-1	-1.000000000000000	-1.000000000000000	-1.000000000000000	-1.000000000000000	-233247.552857477130601	0.089000000000000
6_5_7_3_3_3_4_3_3_2_1_3_5_7_4_5_3_5_5_4_3_4_6_1	-1	-1.000000000000000	-1.000000000000000	-1.000000000000000	-1.000000000000000	-238785.936972716328455	0.093000000000000
5_5_6_6_3_3_4_2_3_2_1_3_5_8_4_5_4_5_5_4_3_4_4_1	-1	-1.000000000000000	-1.000000000000000	-1.000000000000000	-1.000000000000000	-239736.675253457389772	0.076000000000000
6_5_6_4_3_3_5_2_4_2_1_3_5_7_4_5_3_6_5_4_3_4_4_1	-1	-1.000000000000000	-1.000000000000000	-1.000000000000000	-1.000000000000000	-243077.995070603385102	0.090000000000000
5_7_8_3_3_3_4_2_2_2_2_3_5_8_4_5_3_5_5_4_3_4_4_1	1	1088933.069342863280326	14365.107306257468736	2119191.687549896072596	1.073000000000000	-242639.900188587314915	0.110000000000000
6_5_7_4_3_3_4_2_2_2_2_3_5_9_4_5_3_5_5_4_3_4_4_1	-1	-1.000000000000000	-1.000000000000000	-1.000000000000000	-1.000000000000000	-243173.771335518831620	0.188000000000000
6_5_7_3_3_3_4_2_2_2_1_3_5_7_4_5_3_5_5_4_3_4_6_1	1	1095355.150522336829454	13790.190282217256026	2215478.078608363866806	1.145000000000000	-234348.043772888049716	0.097000000000000
6_5_7_3_3_3_4_2_2_2_3_3_5_7_4_5_3_6_5_4_3_4_4_2	-1	-1.000000000000000	-1.000000000000000	-1.000000000000000	-1.000000000000000	-243546.252605432440760	0.111000000000000
6_5_6_3_3_3_4_2_3_2_1_3_5_7_4_5_3_5_5_4_3_4_6_1	-1	-1.000000000000000	-1.000000000000000	-1.000000000000000	-1.000000000000000	-234284.010374258214142	0.101000000000000
6_5_7_4_3_3_4_2_3_2_1_3_5_7_4_5_3_5_5_4_3_4_5_1	1	1094616.799284061649814	13980.252567062841990	2205435.308298581279814	1.160000000000000	-241915.143205921514891	0.073000000000000
6_5_8_3_3_3_4_2_3_2_1_3_5_7_4_5_3_5_5_4_3_4_5_1	1	1094941.954555427888408	13970.497164210006304	2193406.101277404464781	1.123000000000000	-241586.620569088554475	0.071000000000000
6_5_8_4_3_3_4_2_3_2_1_3_5_7_4_5_3_5_5_4_3_4_5_1	-1	-1.000000000000000	-1.000000000000000	-1.000000000000000	-1.000000000000000	-242885.983294651523465	0.103000000000000
5_5_6_7_3_3_4_2_3_2_1_3_5_8_4_5_3_5_5_4_3_4_4_1	1	1092331.039075309177861	15525.884779723855900	2236075.043702822178602	1.249000000000000	-240051.635893259721342	0.094000000000000
5_5_6_6_3_3_4_2_3_2_1_3_5_8_4_5_3_4_5_4_3_4_4_1	-1	-1.000000000000000	-1.000000000000000	-1.000000000000000	-1.000000000000000	-232719.935967063123826	0.080000000000000
6_5_7_4_3_3_4_2_2_2_2_3_5_8_4_5_4_5_5_4_3_4_4_1	-1	-1.000000000000000	-1.000000000000000	-1.000000000000000	-1.000000000000000	-242954.049975051893853	0.089000000000000
5_5_6_5_3_3_4_2_4_2_1_3_5_8_4_5_4_5_5_4_3_4_4_1	-1	-1.000000000000000	-1.000000000000000	-1.000000000000000	-1.000000000000000	-240359.547846750414465	0.067000000000000
6_5_7_4_3_3_4_3_3_2_1_3_5_7_4_5_3_5_5_4_3_4_5_1	-1	-1.000000000000000	-1.000000000000000	-1.000000000000000	-1.000000000000000	-241870.412254175316775	0.061000000000000
6_5_7_5_3_3_4_2_3_2_1_3_5_7_4_5_3_5_5_4_3_4_5_1	-1	-1.000000000000000	-1.000000000000000	-1.000000000000000	-1.000000000000000	-243100.927238229865907	0.090000000000000
6_5_7_4_3_3_4_2_3_2_1_3_5_7_4_5_3_5_5_4_4_4_5_1	-1	-1.000000000000000	-1.000000000000000	-1.000000000000000	-1.000000000000000	-241861.263113705441356	0.061000000000000
6_5_7_3_3_3_4_2_3_2_3_3_5_7_4_5_3_6_5_4_3_4_4_1	-1	-1.000000000000000	-1.000000000000000	-1.000000000000000	-1.000000000000000	-243898.350777630810626	0.114000000000000
6_5_6_4_3_3_4_2_4_3_1_3_5_7_4_5_3_6_5_4_3_4_4_1	-1	-1.000000000000000	-1.000000000000000	-1.000000000000000	-1.000000000000000	-243111.315073487843620	0.075000000000000
6_5_6_4_3_3_4_2_3_2_1_3_5_7_4_5_3_5_5_4_3_4_5_1	1	1095341.649561310186982	14858.291593487327191	2249426.076686993241310	1.194000000000000	-238255.984660356334643	0.090000000000000
6_5_7_4_3_3_4_2_3_2_1_3_5_7_4_5_3_6_5_4_3_4_4_1	1	1094217.545123750809580	14180.574982565634855	2210394.363917675334960	1.140000000000000	-244922.820248166128295	0.076000000000000
6_5_7_4_3_3_4_2_4_2_1_3_5_7_4_5_3_5_5_4_3_4_4_1	1	1094270.703334024874493	14215.528684714488918	2229819.400532498024404	0.972000000000000	-244262.123354050476337	0.059000000000000
6_5_7_4_3_3_4_2_3_2_1_3_5_7_4_5_3_6_5_4_3_5_4_1	-1	-1.000000000000000	-1.000000000000000	-1.000000000000000	-1.000000000000000	-244576.755761104286648	0.056000000000000
6_5_7_5_3_3_4_2_3_2_1_3_5_7_4_5_3_6_5_4_3_4_4_1	-1	-1.000000000000000	-1.000000000000000	-1.000000000000000	-1.000000000000000	-246307.008235293353209	0.096000000000000
6_5_7_4_3_3_4_2_3_2_1_3_5_7_4_5_3_6_5_4_4_4_4_1	-1	-1.000000000000000	-1.000000000000000	-1.000000000000000	-1.000000000000000	-245033.943490923498757	0.143000000000000
5_6_8_4_3_3_4_2_2_2_3_3_5_7_4_5_3_5_5_4_3_4_4_1	-1	-1.000000000000000	-1.000000000000000	-1.000000000000000	-1.000000000000000	-243437.497754223208176	0.175000000000000
5_6_8_3_3_3_4_2_2_2_2_3_5_8_4_5_3_4_5_4_3_4_4_1	-1	-1.000000000000000	-1.000000000000000	-1.000000000000000	-1.000000000000000	-234450.125950871239183	0.090000000000000
6_5_7_4_4_3_4_2_3_2_1_3_5_7_4_5_3_6_5_4_3_4_4_1	-1	-1.000000000000000	-1.000000000000000	-1.000000000000000	-1.000000000000000	-244874.948157437000191	0.091000000000000
5_6_8_3_3_4_4_2_2_2_3_3_5_7_4_5_3_5_5_4_3_4_4_1	-1	-1.000000000000000	-1.000000000000000	-1.000000000000000	-1.000000000000000	-243091.236279748321977	0.223000000000000
5_6_8_3_3_3_4_3_2_2_2_3_5_8_4_5_3_5_5_4_3_4_4_1	-1	-1.000000000000000	-1.000000000000000	-1.000000000000000	-1.000000000000000	-241653.208699786424404	0.089000000000000
6_5_6_4_3_3_4_2_4_2_1_3_5_7_4_5_3_6_5_4_3_4_5_1	-1	-1.000000000000000	-1.000000000000000	-1.000000000000000	-1.000000000000000	-242805.569874639448244	0.054000000000000
6_5_7_4_3_3_4_2_4_2_1_3_5_7_4_5_3_6_5_4_3_4_4_1	1	1094018.004131020279601	14180.593171685810375	2201622.967934172600508	1.196000000000000	-246957.384675949957455	0.073000000000000
6_5_7_4_3_3_5_2_3_2_1_3_5_7_4_5_3_6_5_4_3_4_4_1	-1	-1.000000000000000	-1.000000000000000	-1.000000000000000	-1.000000000000000	-244872.179708935203962	0.090000000000000
5_6_7_4_3_3_4_2_2_2_2_3_5_8_4_5_3_5_6_4_3_4_4_1	-1	-1.000000000000000	-1.000000000000000	-1.000000000000000	-1.000000000000000	-240869.946057825727621	0.092000000000000
5_5_6_5_3_3_4_2_5_2_1_3_5_8_4_5_3_5_5_4_3_4_4_1	-1	-1.000000000000000	-1.000000000000000	-1.000000000000000	-1.000000000000000	-240178.689313960494474	0.053000000000000
6_5_7_4_3_3_4_2_3_3_1_3_5_7_4_5_3_6_5_4_3_4_4_1	-1	-1.000000000000000	-1.000000000000000	-1.000000000000000	-1.000000000000000	-244922.820248166128295	0.078000000000000
6_5_7_4_3_3_4_2_3_2_1_3_5_7_4_5_3_6_6_4_3_4_4_1	-1	-1.000000000000000	-1.000000000000000	-1.000000000000000	-1.000000000000000	-244910.669870822253870	0.089000000000000
5_5_6_6_3_3_4_2_3_2_1_3_5_7_4_5_3_5_5_4_3_4_4_1	-1	-1.000000000000000	-1.000000000000000	-1.000000000000000	-1.000000000000000	-237883.946260627708398	0.084000000000000
6_5_7_4_3_3_4_2_3_2_1_3_5_8_4_5_3_6_5_4_3_4_4_1	-1	-1.000000000000000	-1.000000000000000	-1.000000000000000	-1.000000000000000	-246203.456074463116238	0.094000000000000
6_5_7_4_3_3_4_2_2_2_1_3_5_7_4_5_3_6_5_4_3_4_4_1	1	1094558.498172915773466	14180.551413826920907	2222350.493058852385730	1.242000000000000	-240193.356975258066086	0.090000000000000
6_5_6_4_4_3_4_2_4_2_1_3_5_7_4_5_3_6_5_4_3_4_4_1	-1	-1.000000000000000	-1.000000000000000	-1.000000000000000	-1.000000000000000	-243050.560438034735853	0.072000000000000
6_5_6_4_3_3_4_2_3_2_1_3_5_7_4_5_3_6_5_4_3_4_4_1	1	1094881.526161783142015	14937.067201770383690	2254592.024960925336927	1.186000000000000	-241115.501549644686747	0.083000000000000
6_5_6_4_3_3_4_2_4_2_1_3_5_7_4_5_3_6_5_4_3_4_4_1	1	1094681.985169052612036	14937.085390890559211	2245820.628977423533797	1.206000000000000	-243111.315073487843620	0.072000000000000
6_5_8_4_3_3_4_2_2_2_1_3_5_7_4_5_3_6_5_4_3_4_4_1	1	1094696.634139109402895	14283.979589897651749	2186344.252174623776227	1.207000000000000	-241389.652361824730178	0.075000000000000
5_6_8_2_3_3_4_2_2_2_3_3_5_8_4_5_3_5_5_4_3_4_4_1	1	1090537.291394844651222	14254.102768114153150	2186254.352562995161861	1.220000000000000	-239378.784192924125819	0.128000000000000
6_5_7_4_3_3_4_2_4_2_1_3_5_6_4_5_3_6_5_4_3_4_4_1	1	1094228.976670578587800	14270.493610514629836	2232924.673539581242949	0.993000000000000	-241161.607981450826628	0.097000000000000
7_5_6_4_3_3_4_2_4_2_1_3_5_7_4_5_3_6_5_4_3_4_4_1	-1	-1.000000000000000	-1.000000000000000	-1.000000000000000	-1.000000000000000	-244213.972834794461960	0.075000000000000
5_5_6_6_3_3_4_2_3_2_1_3_5_8_4_5_3_5_5_4_3_4_5_1	-1	-1.000000000000000	-1.000000000000000	-1.000000000000000	-1.000000000000000	-239267.909166945115430	0.101000000000000
6_5_6_4_3_3_4_2_4_2_1_3_5_7_4_6_3_6_5_4_3_4_4_1	-1	-1.000000000000000	-1.000000000000000	-1.000000000000000	-1.000000000000000	-243111.213623599760467	0.080000000000000
6_5_6_4_3_3_4_2_5_2_1_3_5_7_4_5_3_6_5_4_3_4_4_1	-1	-1.000000000000000	-1.000000000000000	-1.000000000000000	-1.000000000000000	-242934.508792437409284	0.062000000000000
5_5_5_5_3_3_4_2_4_2_1_3_5_7_4_5_3_6_5_4_3_4_4_1	1	1092758.326976750278845	15819.962809350563475	2307284.077666331082582	1.096000000000000	-234607.037986222363543	0.073000000000000
5_5_8_3_3_3_4_2_2_2_3_4_5_7_4_5_3_6_5_4_3_4_4_1	-1	-1.000000000000000	-1.000000000000000	-1.000000000000000	-1.000000000000000	-243962.150959249993321	0.099000000000000
6_5_6_4_3_3_4_2_4_2_1_3_5_8_4_5_3_6_5_4_3_4_4_1	1	1094485.317010641796514	14853.735163215147622	2221185.496805481147021	1.182000000000000	-244499.887494412861997	0.071000000000000
5_5_7_4_3_3_4_2_2_2_2_3_5_8_4_5_3_5_5_4_3_4_4_1	1	1091777.533614293206483	14146.738520802671701	2222910.998746666125953	1.589000000000000	-239671.990805614797864	0.105000000000000
5_5_7_5_3_3_4_2_4_2_1_3_5_8_4_5_3_5_5_4_3_4_4_1	-1	-1.000000000000000	-1.000000000000000	-1.000000000000000	-1.000000000000000	-243915.577786828740500	0.077000000000000
6_5_6_4_3_3_4_2_4_2_1_3_5_7_4_5_3_6_5_4_3_4_4_2	-1	-1.000000000000000	-1.000000000000000	-1.000000000000000	-1.000000000000000	-242686.110917912941659	0.070000000000000
6_5_6_4_3_3_4_2_4_2_1_3_5_6_4_5_3_6_5_4_3_4_4_1	1	1094977.374343476491049	15069.569994392539229	2277041.772657480090857	1.120000000000000	-237179.222909289062954	0.088000000000000
6_6_8_3_3_3_4_2_2_2_3_3_5_7_4_5_3_5_5_4_3_4_4_1	-1	-1.000000000000000	-1.000000000000000	-1.000000000000000	-1.000000000000000	-245135.265025434258860	0.172000000000000
6_5_5_4_3_3_4_2_4_2_1_3_5_7_4_5_3_6_5_4_3_4_4_1	1	1095803.422998101683334	15893.422104011006013	2302964.060821534134448	1.152000000000000	-237244.718933693889994	0.085000000000000
6_5_5_5_3_3_4_2_4_2_1_3_5_7_4_5_3_6_5_4_3_4_4_1	1	1095657.069631426595151	15917.086809121919941	2285180.329376230016351	1.129000000000000	-238817.436958870152012	0.071000000000000
6_5_5_4_3_3_4_2_4_2_1_3_5_8_4_5_3_6_5_4_3_4_4_1	1	1095593.609466055873781	15801.757178165233199	2278302.804504132829607	0.993000000000000	-238556.377222260634881	0.064000000000000
6_5_6_5_3_3_4_2_3_2_1_3_5_7_4_5_3_6_5_4_3_4_4_1	-1	-1.000000000000000	-1.000000000000000	-1.000000000000000	-1.000000000000000	-242735.953646608308190	0.069000000000000
6_5_6_5_3_3_4_2_4_2_1_3_5_7_4_5_3_5_5_4_3_4_4_1	-1	-1.000000000000000	-1.000000000000000	-1.000000000000000	-1.000000000000000	-241943.242889498389559	0.107000000000000
6_5_6_5_3_3_4_2_4_2_1_3_5_6_4_5_3_6_5_4_3_4_4_1	1	1095527.506663379725069	15754.255319405423506	2258137.904765441082418	1.022000000000000	-238963.438003105955431	0.089000000000000
5_5_6_5_3_3_4_2_4_2_1_3_5_7_4_5_3_6_5_4_3_4_4_1	1	1092291.137850083410740	15464.026184547961748	2247554.720492377411574	1.110000000000000	-241300.603044128220063	0.090000000000000
6_5_7_4_3_3_4_2_2_2_3_3_5_7_4_5_3_5_5_4_3_4_4_1	1	1094910.132040339289233	14215.539505333072157	2215851.791109801270068	1.056000000000000	-244239.606819684384391	0.046000000000000
6_5_7_6_3_3_4_2_2_2_2_3_5_7_4_5_3_5_5_4_3_4_4_1	1	1095278.248182701179758	15458.116752243789961	2196109.368859143927693	1.207000000000000	-242889.160918837995268	0.169000000000000
6_5_6_5_3_3_4_2_4_2_1_3_5_8_4_5_3_5_5_4_3_4_4_1	-1	-1.000000000000000	-1.000000000000000	-1.000000000000000	-1.000000000000000	-243559.081119429116370	0.088000000000000
5_6_7_4_3_3_4_2_2_2_2_3_5_8_5_5_3_5_5_4_3_4_4_1	-1	-1.000000000000000	-1.000000000000000	-1.000000000000000	-1.000000000000000	-240880.974422058148775	0.092000000000000
5_5_6_5_4_3_4_2_4_2_1_3_5_7_4_5_3_6_5_4_3_4_4_1	-1	-1.000000000000000	-1.000000000000000	-1.000000000000000	-1.000000000000000	-241234.763206532486947	0.062000000000000
5_6_8_3_3_3_4_2_2_2_3_3_5_7_4_5_3_6_5_4_3_4_4_1	1	1091155.026341678109020	14318.840675088507851	2142815.369617637246847	1.235000000000000	-246325.267874304117868	0.165000000000000
5_5_6_5_3_3_4_2_3_2_1_3_5_8_4_5_3_5_5_4_3_4_4_1	1	1092375.198997333878651	15356.324167286744341	2260205.983715357258916	1.291000000000000	-238465.561639800929697	0.091000000000000
5_5_6_5_3_4_4_2_4_2_1_3_5_7_4_5_3_6_5_4_3_4_4_1	-1	-1.000000000000000	-1.000000000000000	-1.000000000000000	-1.000000000000000	-241224.016744767694036	0.075000000000000
5_5_6_5_3_3_4_2_4_2_1_3_5_7_4_5_3_6_5_4_3_4_4_2	-1	-1.000000000000000	-1.000000000000000	-1.000000000000000	-1.000000000000000	-241907.558678303699708	0.090000000000000
5_6_8_3_3_3_4_2_2_2_3_3_5_7_4_6_3_5_5_4_3_4_4_1	-1	-1.000000000000000	-1.000000000000000	-1.000000000000000	-1.000000000000000	-243127.785874637338566	0.092000000000000
5_5_6_5_3_3_4_2_4_2_1_3_5_7_4_5_3_5_5_4_3_4_4_1	-1	-1.000000000000000	-1.000000000000000	-1.000000000000000	-1.000000000000000	-238722.437101916817483	0.105000000000000
6_5_7_4_3_3_4_2_2_2_3_3_5_7_4_5_3_6_5_4_3_4_4_1	1	1094657.432837334694341	14180.603992304389976	2187655.358511474914849	1.631000000000000	-246934.479019991267705	0.090000000000000
5_6_5_5_3_3_4_2_4_2_1_3_5_7_4_5_3_6_5_4_3_4_4_1	1	1089837.195108170155436	15401.124784632367664	2253912.720652719493955	0.767000000000000	-235403.656816511735087	0.048000000000000
5_5_6_4_3_3_4_2_4_2_1_3_5_8_4_5_3_6_5_4_3_4_4_1	-1	-1.000000000000000	-1.000000000000000	-1.000000000000000	-1.000000000000000	-241001.367222706263419	0.055000000000000
5_5_6_5_3_3_4_2_4_2_1_3_5_8_4_5_3_5_5_4_3_4_4_1	1	1092175.512646804563701	15356.342356406919862	2251420.652446512598544	1.096000000000000	-240359.547846750414465	0.086000000000000
5_5_6_5_3_3_4_2_3_2_1_3_5_8_4_5_3_6_5_4_3_4_4_1	-1	-1.000000000000000	-1.000000000000000	-1.000000000000000	-1.000000000000000	-241000.193344119965332	0.097000000000000
5_5_6_5_3_3_4_2_4_2_1_3_5_8_4_5_3_5_6_4_3_4_4_1	-1	-1.000000000000000	-1.000000000000000	-1.000000000000000	-1.000000000000000	-240350.227840060659219	0.078000000000000
5_5_6_5_3_3_4_2_4_2_1_3_5_8_4_5_3_5_5_4_3_5_4_1	-1	-1.000000000000000	-1.000000000000000	-1.000000000000000	-1.000000000000000	-240027.442704946821323	0.089000000000000
5_5_6_5_3_3_4_2_4_2_1_3_5_8_4_5_3_5_5_4_3_4_5_1	-1	-1.000000000000000	-1.000000000000000	-1.000000000000000	-1.000000000000000	-240100.080661325511755	0.092000000000000
5_5_6_5_3_3_4_2_4_2_1_3_5_8_5_5_3_5_5_4_3_4_4_1	-1	-1.000000000000000	-1.000000000000000	-1.000000000000000	-1.000000000000000	-240359.103321289934684	0.068000000000000
5_5_7_6_3_3_4_2_2_3_1_3_5_8_4_5_3_5_5_4_3_4_4_1	1	1092594.152826712233946	15251.261273416901531	2203826.374150536023080	1.275000000000000	-240791.248136289912509	0.075000000000000
5_5_6_5_3_3_4_2_4_2_1_3_5_9_4_5_3_5_5_4_3_4_4_1	-1	-1.000000000000000	-1.000000000000000	-1.000000000000000	-1.000000000000000	-241067.143559591524536	0.101000000000000
5_5_6_5_3_3_4_2_4_2_2_3_5_8_4_5_3_5_5_4_3_4_4_1	-1	-1.000000000000000	-1.000000000000000	-1.000000000000000	-1.000000000000000	-240359.547846750414465	0.108000000000000
5_5_8_3_3_3_4_2_2_2_3_3_5_7_4_5_3_6_5_4_4_4_4_1	-1	-1.000000000000000	-1.000000000000000	-1.000000000000000	-1.000000000000000	-244430.669365868117893	0.216000000000000
5_5_6_5_4_3_4_2_4_2_1_3_5_8_4_5_3_5_5_4_3_4_4_1	-1	-1.000000000000000	-1.000000000000000	-1.000000000000000	-1.000000000000000	-240329.243379652616568	0.091000000000000
5_6_8_3_3_3_4_2_2_2_3_3_5_8_4_5_3_5_5_4_3_4_4_1	1	1091212.042309927754104	14254.102768114153150	2146509.080757012590766	1.095000000000000	-245162.076524907723069	0.098000000000000
5_5_6_6_3_3_4_2_3_2_1_3_5_8_4_5_3_5_5_4_3_4_4_1	1	1092089.412385539151728	15744.035461147177557	2246698.915561974514276	1.342000000000000	-239523.975003584666410	0.070000000000000
5_6_6_5_3_3_4_2_3_2_1_3_5_8_4_5_3_5_5_4_3_4_4_1	1	1090620.778109535342082	14717.568816952731140	2208710.360344694461673	0.900000000000000	-238930.788437297422206	0.070000000000000
5_5_5_6_3_3_4_2_4_2_1_3_5_8_4_5_3_5_5_4_3_4_4_1	-1	-1.000000000000000	-1.000000000000000	-1.000000000000000	-1.000000000000000	-234334.502032197022345	0.088000000000000
5_5_6_6_3_3_4_2_4_2_1_3_5_8_4_5_3_4_5_4_3_4_4_1	1	1092196.258925490314141	15784.537917410114460	2276231.025926379486918	1.361000000000000	-234510.702380506379995	0.095000000000000
5_5_7_6_3_3_4_2_3_2_2_3_5_7_4_5_3_5_5_4_3_4_4_1	-1	-1.000000000000000	-1.000000000000000	-1.000000000000000	-1.000000000000000	-240526.917314680817071	0.117000000000000
5_5_6_6_3_3_4_3_3_2_1_3_5_8_4_5_3_5_5_4_3_4_4_1	-1	-1.000000000000000	-1.000000000000000	-1.000000000000000	-1.000000000000000	-239406.990451615420170	0.101000000000000
5_5_6_6_3_3_4_2_3_2_1_3_5_8_4_6_3_5_5_4_3_4_4_1	-1	-1.000000000000000	-1.000000000000000	-1.000000000000000	-1.000000000000000	-239509.323633901047288	0.093000000000000
5_5_6_6_3_3_4_2_3_2_1_3_6_8_4_5_3_5_5_4_3_4_4_1	-1	-1.000000000000000	-1.000000000000000	-1.000000000000000	-1.000000000000000	-239289.230307539983187	0.090000000000000
6_5_6_4_3_3_4_2_2_2_2_3_5_7_4_5_3_6_5_4_3_4_4_1	1	1095280.247863329248503	14937.074333977645438	2243548.885966486763209	1.713000000000000	-240224.268561417819001	0.098000000000000
5_6_8_3_3_3_4_2_2_2_3_3_5_7_4_5_3_5_5_4_4_4_4_1	-1	-1.000000000000000	-1.000000000000000	-1.000000000000000	-1.000000000000000	-243542.132089434802765	0.092000000000000
5_6_7_4_3_3_5_2_2_2_2_3_5_8_4_5_3_5_5_4_3_4_4_1	-1	-1.000000000000000	-1.000000000000000	-1.000000000000000	-1.000000000000000	-240846.106493254977977	0.092000000000000
5_5_6_6_4_3_4_2_3_2_1_3_5_8_4_5_3_5_5_4_3_4_4_1	-1	-1.000000000000000	-1.000000000000000	-1.000000000000000	-1.000000000000000	-239500.946549851389136	0.086000000000000
5_5_6_6_3_3_4_2_3_2_1_3_5_8_4_5_3_5_5_4_4_4_4_1	-1	-1.000000000000000	-1.000000000000000	-1.000000000000000	-1.000000000000000	-239760.337183255178388	0.093000000000000
5_5_6_6_3_3_4_2_3_2_1_3_5_8_4_5_3_5_5_4_3_4_4_2	-1	-1.000000000000000	-1.000000000000000	-1.000000000000000	-1.000000000000000	-239967.974986035609618	0.090000000000000
6_5_7_4_3_3_4_3_2_2_2_3_5_8_4_5_3_5_5_4_3_4_4_1	-1	-1.000000000000000	-1.000000000000000	-1.000000000000000	-1.000000000000000	-242619.702519844460767	0.084000000000000
5_5_6_6_3_3_4_2_3_2_1_3_5_9_4_5_3_5_5_4_3_4_4_1	-1	-1.000000000000000	-1.000000000000000	-1.000000000000000	-1.000000000000000	-239907.050229193613632	0.071000000000000
5_5_6_6_3_3_4_2_3_3_1_3_5_8_4_5_3_5_5_4_3_4_4_1	-1	-1.000000000000000	-1.000000000000000	-1.000000000000000	-1.000000000000000	-239523.975003584666410	0.093000000000000
5_6_8_3_3_3_4_2_2_2_2_3_5_8_4_6_3_5_5_4_3_4_4_1	-1	-1.000000000000000	-1.000000000000000	-1.000000000000000	-1.000000000000000	-241624.837186990189366	0.098000000000000
5_5_6_6_3_3_4_2_3_2_1_4_5_8_4_5_3_5_5_4_3_4_4_1	-1	-1.000000000000000	-1.000000000000000	-1.000000000000000	-1.000000000000000	-239523.975003584666410	0.094000000000000
6_5_7_4_3_3_4_2_2_2_2_3_5_7_5_5_3_6_5_4_3_4_4_1	-1	-1.000000000000000	-1.000000000000000	-1.000000000000000	-1.000000000000000	-244027.448912841995480	0.083000000000000
5_5_7_6_3_3_4_2_2_2_2_3_5_7_4_5_3_5_5_4_3_5_4_1	-1	-1.000000000000000	-1.000000000000000	-1.000000000000000	-1.000000000000000	-239252.802258525392972	0.124000000000000
5_5_7_6_3_3_4_2_3_2_1_3_5_8_4_5_3_5_5_4_3_4_4_1	1	1091661.551933022215962	15251.263943655150797	2202506.049478428438306	1.264000000000000	-242219.905544007313438	0.075000000000000
6_5_8_4_3_3_4_2_2_2_2_3_5_8_4_5_3_5_5_4_3_4_4_1	-1	-1.000000000000000	-1.000000000000000	-1.000000000000000	-1.000000000000000	-244534.660489417961799	0.102000000000000
5_5_6_6_3_3_4_2_2_2_1_3_5_8_4_5_3_5_5_4_3_4_4_1	1	1092430.553783559473231	15744.011892408459971	2258673.101491825655103	1.254000000000000	-234985.717446644935990	0.090000000000000
5_5_7_6_3_3_4_2_2_2_1_3_5_8_4_5_3_5_5_4_3_4_4_1	1	1092002.693331042537466	15251.240374916436849	2214480.235408279113472	1.122000000000000	-237460.778641099343076	0.061000000000000
5_5_6_7_3_3_4_2_2_2_1_3_5_8_4_5_3_5_5_4_3_4_4_1	1	1092672.180473329499364	15525.861210985138314	2248049.229632673319429	1.282000000000000	-235596.022265892417636	0.062000000000000
5_5_7_6_3_3_4_2_3_2_1_3_5_7_4_5_3_5_5_4_3_4_4_1	-1	-1.000000000000000	-1.000000000000000	-1.000000000000000	-1.000000000000000	-240526.917314680817071	0.081000000000000
5_5_7_5_3_3_4_2_3_2_1_3_5_8_4_5_3_5_5_4_3_4_4_1	-1	-1.000000000000000	-1.000000000000000	-1.000000000000000	-1.000000000000000	-241671.150593251833925	0.131000000000000
5_5_7_6_3_3_4_2_3_2_1_3_5_8_4_5_3_4_5_4_3_4_4_1	1	1091969.735483095282689	15291.748210797915817	2240772.561865051742643	1.363000000000000	-234965.678402866760734	0.128000000000000
5_5_7_6_3_4_4_2_2_2_1_3_5_8_4_5_3_5_5_4_3_4_4_1	-1	-1.000000000000000	-1.000000000000000	-1.000000000000000	-1.000000000000000	-237438.066706881101709	0.080000000000000
6_5_7_5_3_3_4_2_2_2_2_3_5_7_4_5_4_5_5_4_3_4_4_1	-1	-1.000000000000000	-1.000000000000000	-1.000000000000000	-1.000000000000000	-242706.071821045043180	0.088000000000000
5_5_8_6_3_3_4_2_2_2_1_3_5_8_4_5_3_5_5_4_3_4_4_1	-1	-1.000000000000000	-1.000000000000000	-1.000000000000000	-1.000000000000000	-236427.787794857402332	0.112000000000000
5_5_7_6_3_3_4_2_2_2_2_3_5_7_4_5_4_5_5_4_3_4_4_1	-1	-1.000000000000000	-1.000000000000000	-1.000000000000000	-1.000000000000000	-239827.102050163724925	0.102000000000000
5_6_7_6_3_3_4_2_2_2_1_3_5_8_4_5_3_5_5_4_3_4_4_1	-1	-1.000000000000000	-1.000000000000000	-1.000000000000000	-1.000000000000000	-237764.283431827730965	0.118000000000000
6_6_7_3_3_3_4_2_2_2_3_3_5_7_4_5_3_6_5_4_3_4_4_1	-1	-1.000000000000000	-1.000000000000000	-1.000000000000000	-1.000000000000000	-244876.146417682379251	0.108000000000000
6_5_7_4_3_3_5_2_2_2_2_3_5_8_4_5_3_5_5_4_3_4_4_1	-1	-1.000000000000000	-1.000000000000000	-1.000000000000000	-1.000000000000000	-242658.448118020751281	0.163000000000000
5_5_7_6_3_3_4_2_2_2_1_3_5_8_4_5_3_5_5_4_3_4_5_1	-1	-1.000000000000000	-1.000000000000000	-1.000000000000000	-1.000000000000000	-237264.639181944017764	0.093000000000000
5_5_7_6_3_3_4_2_2_2_1_3_5_9_4_5_3_5_5_4_3_4_4_1	-1	-1.000000000000000	-1.000000000000000	-1.000000000000000	-1.000000000000000	-238164.541337387636304	0.072000000000000
5_5_7_7_3_3_4_2_2_2_1_3_5_8_4_5_3_5_5_4_3_4_4_1	-1	-1.000000000000000	-1.000000000000000	-1.000000000000000	-1.000000000000000	-237558.729360113531584	0.074000000000000
5_5_7_6_3_3_4_2_2_2_2_3_5_8_4_5_3_5_5_4_3_4_4_1	1	1092060.216637751320377	15251.271075862412545	2191457.446264588739723	1.334000000000000	-241294.489614174526650	0.089000000000000
5_5_8_3_3_3_4_2_2_2_3_3_5_7_4_5_3_5_5_4_3_4_4_1	1	1092332.993118047714233	14260.542802497828234	2223779.395505317021161	1.552000000000000	-241041.606048077490414	0.122000000000000
5_5_7_6_3_3_4_2_2_2_1_3_6_8_4_5_3_5_5_4_3_4_4_1	-1	-1.000000000000000	-1.000000000000000	-1.000000000000000	-1.000000000000000	-237362.587748414574889	0.089000000000000
5_5_7_6_3_3_5_2_2_2_1_3_5_8_4_5_3_5_5_4_3_4_4_1	-1	-1.000000000000000	-1.000000000000000	-1.000000000000000	-1.000000000000000	-237393.841218977584504	0.109000000000000
5_5_7_6_3_3_4_2_2_2_1_3_5_8_4_5_3_5_5_4_3_5_4_1	-1	-1.000000000000000	-1.000000000000000	-1.000000000000000	-1.000000000000000	-237318.594606318743899	0.072000000000000
5_5_7_6_3_3_4_2_2_2_1_3_5_8_4_5_3_4_5_4_3_4_4_1	1	1092310.876881115604192	15291.724642059198231	2252746.747794902417809	1.452000000000000	-230368.677478179975878	0.092000000000000
5_5_7_6_3_3_4_2_2_2_2_3_5_7_4_5_3_5_5_4_3_4_4_1	1	1092249.579753632191569	15333.263648352662130	2215914.873623492661864	1.414000000000000	-239596.701938985439483	0.080000000000000
5_5_8_3_3_3_4_2_2_2_3_3_5_8_4_5_3_5_5_4_3_4_4_1	1	1092152.306071720551699	14198.857710123549623	2198955.102568191941828	1.586000000000000	-242811.779727635410381	0.130000000000000
5_5_7_6_3_3_4_2_2_3_1_3_5_7_4_5_3_5_5_4_3_4_4_1	1	1092784.159408922772855	15333.253845907147479	2228276.291532379109412	1.329000000000000	-239089.908710451942170	0.072000000000000
5_5_7_6_3_3_4_2_2_2_2_3_5_8_4_5_3_4_5_4_3_4_4_1	1	1092368.400187824387103	15291.755343005177565	2229723.958651212044060	1.372000000000000	-234043.596365635836264	0.074000000000000
5_5_6_6_3_3_4_2_2_2_2_3_5_8_4_5_3_5_5_4_3_4_4_1	-1	-1.000000000000000	-1.000000000000000	-1.000000000000000	-1.000000000000000	-238601.259942054108251	0.120000000000000
5_5_7_5_3_3_4_2_2_2_2_3_5_8_4_5_3_5_5_4_3_4_4_1	-1	-1.000000000000000	-1.000000000000000	-1.000000000000000	-1.000000000000000	-240765.276481896726182	0.170000000000000
5_5_7_7_3_3_4_2_2_2_2_3_5_7_4_5_3_5_5_4_3_4_4_1	-1	-1.000000000000000	-1.000000000000000	-1.000000000000000	-1.000000000000000	-239546.309904623893090	0.188000000000000
5_5_7_6_3_3_4_2_2_2_2_3_5_7_4_6_3_5_5_4_3_4_4_1	-1	-1.000000000000000	-1.000000000000000	-1.000000000000000	-1.000000000000000	-239596.164841104182415	0.173000000000000
5_5_7_6_3_3_4_2_2_3_2_3_5_7_4_5_3_5_5_4_3_4_4_1	-1	-1.000000000000000	-1.000000000000000	-1.000000000000000	-1.000000000000000	-239596.701938985439483	0.195000000000000
5_5_7_6_3_3_4_2_2_2_2_3_5_7_4_5_3_6_5_4_3_4_4_1	1	1091998.441555273951963	15298.328135323979950	2187812.189060666132718	1.289000000000000	-242531.418958674417809	0.155000000000000
5_5_8_3_3_3_4_2_2_2_3_3_5_8_4_5_3_6_5_4_3_4_4_1	1	1091913.498254314297810	14188.195205019368586	2170707.352080011740327	1.639000000000000	-246069.540697826916585	0.138000000000000
5_5_7_6_3_3_4_3_2_2_2_3_5_7_4_5_3_5_5_4_3_4_4_1	-1	-1.000000000000000	-1.000000000000000	-1.000000000000000	-1.000000000000000	-239479.000397161988076	0.151000000000000
5_5_7_6_3_3_4_2_2_2_2_4_5_7_4_5_3_5_5_4_3_4_4_1	-1	-1.000000000000000	-1.000000000000000	-1.000000000000000	-1.000000000000000	-239596.701938985439483	0.100000000000000
5_5_8_6_3_3_4_2_2_2_2_3_5_7_4_5_3_5_5_4_3_4_4_1	-1	-1.000000000000000	-1.000000000000000	-1.000000000000000	-1.000000000000000	-238801.331770536868135	0.130000000000000
5_5_7_6_3_3_4_2_2_2_2_3_6_7_4_5_3_5_5_4_3_4_4_1	-1	-1.000000000000000	-1.000000000000000	-1.000000000000000	-1.000000000000000	-239236.801454252155963	0.125000000000000
5_6_8_3_3_3_4_2_2_2_3_3_5_7_4_5_3_5_5_4_3_4_4_2	-1	-1.000000000000000	-1.000000000000000	-1.000000000000000	-1.000000000000000	-243927.057505389238941	0.097000000000000
5_5_7_6_4_3_4_2_2_2_2_3_5_7_4_5_3_5_5_4_3_4_4_1	-1	-1.000000000000000	-1.000000000000000	-1.000000000000000	-1.000000000000000	-239533.875074672803748	0.086000000000000
6_5_7_3_3_3_4_2_2_2_3_3_5_7_4_5_3_6_5_4_4_4_4_1	-1	-1.000000000000000	-1.000000000000000	-1.000000000000000	-1.000000000000000	-243866.855481215141481	0.101000000000000
5_5_6_6_3_3_4_2_2_2_2_3_5_7_4_5_3_5_5_4_3_4_4_1	-1	-1.000000000000000	-1.000000000000000	-1.000000000000000	-1.000000000000000	-236956.337329083587974	0.093000000000000
5_6_7_4_3_3_4_2_2_2_1_3_5_8_4_5_3_5_5_4_3_4_4_1	1	1090846.994835032382980	14305.267016273424815	2193062.978256283327937	1.155000000000000	-237129.336715733370511	0.097000000000000
5_5_7_5_3_3_4_2_2_2_2_3_5_7_4_5_3_5_5_4_3_4_4_1	1	1092362.111932333325967	14780.997370822791709	2229398.077311489731073	1.292000000000000	-239225.035237329138909	0.096000000000000
5_5_7_6_3_3_4_2_2_2_2_3_5_7_4_5_3_4_5_4_3_4_4_1	-1	-1.000000000000000	-1.000000000000000	-1.000000000000000	-1.000000000000000	-232503.446495722746477	0.094000000000000
6_5_7_5_3_3_4_2_2_2_2_3_5_7_4_5_3_5_5_4_3_4_4_1	1	1095325.822944951476529	14868.386873334966367	2209521.934897201135755	1.200000000000000	-242476.618063211237313	0.073000000000000
5_5_7_5_3_3_4_2_2_2_2_3_5_7_4_5_3_6_5_4_3_4_4_1	1	1092111.054612790467218	14746.061857794109528	2201243.508796330075711	1.334000000000000	-241938.066887655324535	0.089000000000000
6_5_7_6_3_3_4_2_2_2_2_3_5_6_4_5_3_5_5_4_3_4_4_1	1	1095446.440027616685256	15543.389313340041554	2227267.991715332027525	1.432000000000000	-237082.346445929724723	0.091000000000000
6_5_7_6_3_3_4_2_2_2_1_3_5_7_4_5_3_5_5_4_3_4_4_1	-1	-1.000000000000000	-1.000000000000000	-1.000000000000000	-1.000000000000000	-239124.857430220959941	0.088000000000000
6_5_6_6_3_3_4_2_2_2_2_3_5_7_4_5_3_5_5_4_3_4_4_1	-1	-1.000000000000000	-1.000000000000000	-1.000000000000000	-1.000000000000000	-239801.901205155416392	0.089000000000000
6_5_7_5_3_3_4_2_2_2_2_3_5_7_4_5_3_5_5_4_3_4_5_1	-1	-1.000000000000000	-1.000000000000000	-1.000000000000000	-1.000000000000000	-242180.012187173007987	0.085000000000000
6_5_7_5_3_3_4_2_2_2_2_3_5_7_4_5_3_5_5_5_3_4_4_1	-1	-1.000000000000000	-1.000000000000000	-1.000000000000000	-1.000000000000000	-242971.433528196183033	0.098000000000000
6_5_7_5_3_3_4_2_2_2_2_3_5_8_4_5_3_5_5_4_3_4_4_1	-1	-1.000000000000000	-1.000000000000000	-1.000000000000000	-1.000000000000000	-243915.252641942468472	0.096000000000000
6_5_7_5_3_3_4_2_2_2_2_3_6_7_4_5_3_5_5_4_3_4_4_1	-1	-1.000000000000000	-1.000000000000000	-1.000000000000000	-1.000000000000000	-242243.214386472653132	0.128000000000000
7_5_7_5_3_3_4_2_2_2_2_3_5_7_4_5_3_5_5_4_3_4_4_1	-1	-1.000000000000000	-1.000000000000000	-1.000000000000000	-1.000000000000000	-243140.052268956031185	0.092000000000000
5_5_8_3_3_3_4_2_2_2_3_3_5_7_4_5_3_6_5_4_3_4_5_1	-1	-1.000000000000000	-1.000000000000000	-1.000000000000000	-1.000000000000000	-243670.902542222785996	0.149000000000000
6_5_7_5_3_3_4_2_2_2_2_3_5_7_4_5_3_5_5_4_4_4_4_1	-1	-1.000000000000000	-1.000000000000000	-1.000000000000000	-1.000000000000000	-242915.054949355660938	0.090000000000000
6_5_7_5_3_3_4_2_2_2_2_3_5_7_4_6_3_5_5_4_3_4_4_1	-1	-1.000000000000000	-1.000000000000000	-1.000000000000000	-1.000000000000000	-242476.080765341786901	0.089000000000000
6_5_7_5_3_3_4_2_2_2_2_3_5_7_4_5_3_5_5_4_3_5_4_1	-1	-1.000000000000000	-1.000000000000000	-1.000000000000000	-1.000000000000000	-242160.358533337363042	0.086000000000000
6_5_8_4_3_3_4_2_2_2_2_3_5_7_4_5_3_6_5_4_3_4_4_1	1	1094754.402791490778327	14284.010290843631083	2163344.984039006754756	1.655000000000000	-245658.227398337156046	0.073000000000000
6_5_7_5_3_3_4_2_2_2_2_3_5_7_4_5_3_5_6_4_3_4_4_1	-1	-1.000000000000000	-1.000000000000000	-1.000000000000000	-1.000000000000000	-242460.331257829267997	0.074000000000000
6_5_7_5_4_3_4_2_2_2_2_3_5_7_4_5_3_5_5_4_3_4_4_1	-1	-1.000000000000000	-1.000000000000000	-1.000000000000000	-1.000000000000000	-242427.095698472840013	0.090000000000000
6_5_7_4_3_3_4_2_2_2_2_3_5_7_4_5_3_6_5_4_3_5_4_1	-1	-1.000000000000000	-1.000000000000000	-1.000000000000000	-1.000000000000000	-243672.728527350089280	0.111000000000000
6_5_7_5_3_3_4_2_2_2_2_3_5_7_4_5_3_4_5_4_3_4_4_1	-1	-1.000000000000000	-1.000000000000000	-1.000000000000000	-1.000000000000000	-235379.673324488161597	0.072000000000000
6_5_7_4_3_3_4_2_2_2_2_3_5_7_4_5_3_6_5_4_3_4_4_1	1	1094833.834999908460304	14387.681968846598465	2198970.759712825994939	0.991000000000000	-244027.448912841995480	0.057000000000000
6_5_7_5_3_3_4_2_2_2_2_3_5_6_4_5_3_6_5_4_3_4_4_1	-1	-1.000000000000000	-1.000000000000000	-1.000000000000000	-1.000000000000000	-239650.241118797857780	0.058000000000000
6_5_6_5_3_3_4_2_2_2_2_3_5_7_4_5_3_6_5_4_3_4_4_1	1	1095816.855790067696944	15614.048129265858734	2224803.001795000862330	1.213000000000000	-241821.559733822039561	0.112000000000000
6_5_7_5_3_3_4_2_2_2_1_3_5_7_4_5_3_6_5_4_3_4_4_1	-1	-1.000000000000000	-1.000000000000000	-1.000000000000000	-1.000000000000000	-241538.480192434799392	0.112000000000000
6_6_7_4_3_3_4_2_2_2_2_3_5_7_4_5_3_6_5_4_3_4_4_1	-1	-1.000000000000000	-1.000000000000000	-1.000000000000000	-1.000000000000000	-244158.117124474403681	0.105000000000000
6_5_7_4_3_3_4_2_2_2_2_3_5_7_4_6_3_6_5_4_3_4_4_1	-1	-1.000000000000000	-1.000000000000000	-1.000000000000000	-1.000000000000000	-244027.448912841995480	0.108000000000000
6_5_7_4_4_3_4_2_2_2_2_3_5_7_4_5_3_6_5_4_3_4_4_1	-1	-1.000000000000000	-1.000000000000000	-1.000000000000000	-1.000000000000000	-243977.606562900211429	0.110000000000000
6_5_7_4_3_3_4_2_2_2_2_4_5_7_4_5_3_6_5_4_3_4_4_1	-1	-1.000000000000000	-1.000000000000000	-1.000000000000000	-1.000000000000000	-244027.448912841995480	0.083000000000000
6_5_7_3_3_3_4_2_2_3_3_3_5_7_4_5_3_6_5_4_3_4_4_1	-1	-1.000000000000000	-1.000000000000000	-1.000000000000000	-1.000000000000000	-243898.350777630810626	0.106000000000000
6_5_7_4_3_3_4_2_2_2_2_3_6_7_4_5_3_6_5_4_3_4_4_1	-1	-1.000000000000000	-1.000000000000000	-1.000000000000000	-1.000000000000000	-243965.067995495512150	0.118000000000000
6_5_7_4_3_3_4_2_2_2_2_3_5_8_4_5_3_6_5_4_3_4_4_1	-1	-1.000000000000000	-1.000000000000000	-1.000000000000000	-1.000000000000000	-245312.118733130831970	0.121000000000000
5_5_7_4_3_3_4_2_2_2_2_3_5_7_4_5_3_6_5_4_3_4_4_1	-1	-1.000000000000000	-1.000000000000000	-1.000000000000000	-1.000000000000000	-240682.024406561162323	0.134000000000000
6_5_7_4_3_3_4_2_2_2_2_3_5_6_4_5_3_6_5_4_3_4_4_1	-1	-1.000000000000000	-1.000000000000000	-1.000000000000000	-1.000000000000000	-238149.613770380208734	0.119000000000000
6_5_7_3_3_3_4_2_2_2_2_3_5_7_4_5_3_6_5_4_3_4_4_1	1	1094877.704008270520717	14212.151798085178598	2223410.875880029983819	1.795000000000000	-240936.503417590865865	0.096000000000000
6_5_7_3_3_3_4_2_2_2_3_3_5_7_4_5_3_6_5_4_3_4_4_1	1	1094918.870020308066159	14212.173675616671972	2211715.009468270000070	1.639000000000000	-243898.350777630810626	0.094000000000000
6_5_8_3_3_3_4_2_2_2_2_3_5_7_4_5_3_6_5_4_3_4_4_1	1	1094972.285871020751074	14251.113316280443541	2187154.177132311277092	1.514000000000000	-243913.794207444967469	0.105000000000000
5_5_7_4_3_3_4_2_2_2_3_3_5_7_4_5_3_6_5_4_3_4_4_1	-1	-1.000000000000000	-1.000000000000000	-1.000000000000000	-1.000000000000000	-243605.959382996545173	0.153000000000000
6_5_7_3_3_3_4_2_2_2_3_3_6_7_4_5_3_6_5_4_3_4_4_1	-1	-1.000000000000000	-1.000000000000000	-1.000000000000000	-1.000000000000000	-243859.944705432135379	0.114000000000000
6_5_7_3_3_4_4_2_2_2_3_3_5_7_4_5_3_6_5_4_3_4_4_1	-1	-1.000000000000000	-1.000000000000000	-1.000000000000000	-1.000000000000000	-243849.455068505718373	0.105000000000000
6_5_7_3_3_3_4_3_2_2_3_3_5_7_4_5_3_6_5_4_3_4_4_1	-1	-1.000000000000000	-1.000000000000000	-1.000000000000000	-1.000000000000000	-243800.675332000071649	0.117000000000000
6_5_7_3_3_3_4_2_2_2_3_3_5_7_4_6_3_6_5_4_3_4_4_1	-1	-1.000000000000000	-1.000000000000000	-1.000000000000000	-1.000000000000000	-243898.350777630810626	0.113000000000000
5_5_8_3_3_3_4_2_2_2_3_3_5_7_4_5_3_6_6_4_3_4_4_1	-1	-1.000000000000000	-1.000000000000000	-1.000000000000000	-1.000000000000000	-243959.373169875994790	0.155000000000000
6_5_7_4_3_3_4_2_3_2_2_3_5_8_4_5_3_5_5_4_3_4_4_1	-1	-1.000000000000000	-1.000000000000000	-1.000000000000000	-1.000000000000000	-243602.197425644728355	0.143000000000000
6_5_7_3_3_3_4_2_2_2_3_3_5_7_4_5_4_6_5_4_3_4_4_1	-1	-1.000000000000000	-1.000000000000000	-1.000000000000000	-1.000000000000000	-243911.548090662952745	0.112000000000000
6_5_7_4_3_3_4_2_2_2_2_3_5_8_5_5_3_5_5_4_3_4_4_1	-1	-1.000000000000000	-1.000000000000000	-1.000000000000000	-1.000000000000000	-242709.531996710866224	0.129000000000000
6_5_7_3_3_3_4_2_2_2_3_3_5_7_4_5_3_7_5_4_3_4_4_1	-1	-1.000000000000000	-1.000000000000000	-1.000000000000000	-1.000000000000000	-243572.953474920388544	0.102000000000000
6_5_7_3_3_3_4_2_2_2_3_3_5_7_4_5_3_6_6_4_3_4_4_1	-1	-1.000000000000000	-1.000000000000000	-1.000000000000000	-1.000000000000000	-243888.324499569745967	0.110000000000000
5_6_7_4_3_3_4_2_2_2_2_3_5_8_4_5_3_5_5_4_3_5_4_1	-1	-1.000000000000000	-1.000000000000000	-1.000000000000000	-1.000000000000000	-240639.360981505247764	0.102000000000000
5_7_7_4_3_3_4_2_2_2_2_3_5_8_4_5_3_5_5_4_3_4_4_1	-1	-1.000000000000000	-1.000000000000000	-1.000000000000000	-1.000000000000000	-241791.283116649778094	0.094000000000000
6_5_7_3_3_3_4_2_2_2_3_3_5_7_4_5_3_6_5_4_3_5_4_1	-1	-1.000000000000000	-1.000000000000000	-1.000000000000000	-1.000000000000000	-243609.716462346492335	0.116000000000000
6_5_7_3_3_3_4_2_2_2_3_3_5_7_5_5_3_6_5_4_3_4_4_1	-1	-1.000000000000000	-1.000000000000000	-1.000000000000000	-1.000000000000000	-243893.712766454089433	0.111000000000000
6_5_7_3_3_3_4_2_2_2_3_3_5_8_4_5_3_6_5_4_3_4_4_1	-1	-1.000000000000000	-1.000000000000000	-1.000000000000000	-1.000000000000000	-245431.555372901464580	0.111000000000000
5_5_8_3_3_3_4_2_2_2_4_3_5_7_4_5_3_6_5_4_3_4_4_1	-1	-1.000000000000000	-1.000000000000000	-1.000000000000000	-1.000000000000000	-243736.450562153360806	0.180000000000000
6_5_7_3_3_3_4_2_2_2_3_4_5_7_4_5_3_6_5_4_3_4_4_1	-1	-1.000000000000000	-1.000000000000000	-1.000000000000000	-1.000000000000000	-243898.350777630810626	0.111000000000000
6_5_7_3_3_3_5_2_2_2_3_3_5_7_4_5_3_6_5_4_3_4_4_1	-1	-1.000000000000000	-1.000000000000000	-1.000000000000000	-1.000000000000000	-243860.479453801235650	0.092000000000000
5_5_7_3_3_3_4_2_2_2_3_3_5_7_4_5_3_6_5_4_3_4_4_1	1	1092010.654194970382378	14169.620643746216956	2232253.070677122101188	1.476000000000000	-240653.809986118401866	0.106000000000000
5_6_8_3_3_3_4_2_2_2_4_3_5_7_4_5_3_5_5_4_3_4_4_1	-1	-1.000000000000000	-1.000000000000000	-1.000000000000000	-1.000000000000000	-242903.897988337732386	0.094000000000000
6_5_7_2_3_3_4_2_2_2_3_3_5_7_4_5_3_6_5_4_3_4_4_1	-1	-1.000000000000000	-1.000000000000000	-1.000000000000000	-1.000000000000000	-237571.276982256735209	0.095000000000000
6_5_7_3_3_3_4_2_2_2_3_3_5_6_4_5_3_6_5_4_3_4_4_1	-1	-1.000000000000000	-1.000000000000000	-1.000000000000000	-1.000000000000000	-238102.550398210994899	0.090000000000000
5_5_8_3_3_3_4_2_2_2_3_3_5_7_4_5_3_6_5_4_3_4_4_1	1	1092083.776117728790268	14209.237559589084412	2195537.097742125391960	1.529000000000000	-243962.150959249993321	0.104000000000000
7_5_6_3_3_3_4_2_2_2_3_3_5_7_4_5_3_6_5_4_3_4_4_1	1	1099040.818545734975487	14638.483098511958815	2230595.800850739236921	2.189000000000000	-241106.303158500668360	0.087000000000000
6_5_8_2_3_3_4_2_2_2_3_3_5_7_4_5_3_6_5_4_3_4_4_1	1	1095346.814868498360738	14187.840546643641574	2214838.087862118147314	1.471000000000000	-242654.432202677242458	0.097000000000000
6_5_8_3_3_3_4_2_2_2_3_3_5_6_4_5_3_6_5_4_3_4_4_1	-1	-1.000000000000000	-1.000000000000000	-1.000000000000000	-1.000000000000000	-241684.986304356949404	0.147000000000000
6_5_8_3_3_3_4_2_2_2_3_3_5_7_4_5_3_5_5_4_3_4_4_1	-1	-1.000000000000000	-1.000000000000000	-1.000000000000000	-1.000000000000000	-244034.115917733084643	0.185000000000000
5_5_8_3_3_3_4_2_2_2_3_3_5_7_4_5_3_6_5_5_3_4_4_1	-1	-1.000000000000000	-1.000000000000000	-1.000000000000000	-1.000000000000000	-244587.181776091892971	0.220000000000000
5_5_8_3_4_3_4_2_2_2_3_3_5_7_4_5_3_6_5_4_3_4_4_1	-1	-1.000000000000000	-1.000000000000000	-1.000000000000000	-1.000000000000000	-243934.054092077974929	0.151000000000000
5_5_8_3_3_3_4_2_2_2_3_3_6_7_4_5_3_6_5_4_3_4_4_1	-1	-1.000000000000000	-1.000000000000000	-1.000000000000000	-1.000000000000000	-244097.319461065781070	0.112000000000000
5_5_9_3_3_3_4_2_2_2_3_3_5_7_4_5_3_6_5_4_3_4_4_1	-1	-1.000000000000000	-1.000000000000000	-1.000000000000000	-1.000000000000000	-244095.440395358658861	0.127000000000000
5_5_8_2_3_3_4_2_2_2_3_3_5_7_4_5_3_6_5_4_3_4_4_1	-1	-1.000000000000000	-1.000000000000000	-1.000000000000000	-1.000000000000000	-237468.162016855785623	0.135000000000000
5_6_8_3_3_3_4_2_2_2_3_3_5_7_4_5_3_5_5_4_3_4_4_1	1	1091401.945384183665738	14341.358351732586016	2171022.144234621897340	1.074000000000000	-243127.785874637338566	0.101000000000000
5_6_8_3_3_3_4_2_2_2_2_3_5_7_4_5_3_6_5_4_3_4_4_1	-1	-1.000000000000000	-1.000000000000000	-1.000000000000000	-1.000000000000000	-243140.467360515118344	0.164000000000000
5_6_8_2_3_3_4_2_2_2_3_3_5_7_4_5_3_6_5_4_3_4_4_1	-1	-1.000000000000000	-1.000000000000000	-1.000000000000000	-1.000000000000000	-240498.334450740745524	0.202000000000000
5_6_8_3_3_3_4_2_2_2_3_3_5_6_4_5_3_6_5_4_3_4_4_1	1	1091359.006314661120996	14413.894449859566521	2173999.113640299066901	1.088000000000000	-241017.501674877741607	0.176000000000000
5_6_8_3_3_3_4_3_2_2_3_3_5_7_4_5_3_5_5_4_3_4_4_1	-1	-1.000000000000000	-1.000000000000000	-1.000000000000000	-1.000000000000000	-243048.497239411488408	0.142000000000000
5_6_7_4_3_3_4_2_2_2_2_3_5_8_4_5_3_5_5_4_3_4_4_2	-1	-1.000000000000000	-1.000000000000000	-1.000000000000000	-1.000000000000000	-241756.506050559633877	0.092000000000000
5_6_8_3_3_3_4_2_2_3_3_3_5_7_4_5_3_5_5_4_3_4_4_1	-1	-1.000000000000000	-1.000000000000000	-1.000000000000000	-1.000000000000000	-243127.785874637338566	0.102000000000000
5_7_8_3_3_3_4_2_2_2_3_3_5_7_4_5_3_5_5_4_3_4_4_1	1	1089160.388856535777450	14455.752638363152073	2131758.530419115908444	1.102000000000000	-243989.760037649481092	0.102000000000000
5_6_8_3_3_3_4_2_3_2_3_3_5_7_4_5_3_5_5_4_3_4_4_1	-1	-1.000000000000000	-1.000000000000000	-1.000000000000000	-1.000000000000000	-243127.785874637338566	0.103000000000000
5_6_8_3_3_3_4_2_2_2_3_3_5_7_4_5_3_5_5_5_3_4_4_1	-1	-1.000000000000000	-1.000000000000000	-1.000000000000000	-1.000000000000000	-243658.197519642475527	0.094000000000000
5_6_8_3_3_3_4_2_2_2_3_3_5_7_4_5_3_5_5_4_3_5_4_1	-1	-1.000000000000000	-1.000000000000000	-1.000000000000000	-1.000000000000000	-242918.521733572793892	0.098000000000000
5_6_9_3_3_3_4_2_2_2_3_3_5_7_4_5_3_5_5_4_3_4_4_1	-1	-1.000000000000000	-1.000000000000000	-1.000000000000000	-1.000000000000000	-242579.956189176067710	0.094000000000000
5_6_8_3_4_3_4_2_2_2_3_3_5_7_4_5_3_5_5_4_3_4_4_1	-1	-1.000000000000000	-1.000000000000000	-1.000000000000000	-1.000000000000000	-243097.935241486324230	0.092000000000000
5_6_8_3_3_3_4_2_2_2_2_3_5_7_4_5_3_5_5_4_3_4_4_1	1	1091360.779372145887464	14341.336474201092642	2182718.010646382346749	1.207000000000000	-240025.372239338670624	0.106000000000000
5_6_8_3_3_3_4_2_2_2_2_3_5_8_4_5_3_5_5_4_3_4_4_1	1	1091171.051131514832377	14254.080890582659777	2158221.708267770241946	1.149000000000000	-241624.837186990189366	0.084000000000000
5_7_8_3_3_3_4_2_2_2_2_3_5_7_4_5_3_5_5_4_3_4_4_1	1	1089119.222844497999176	14455.730760831658699	2143454.396830876357853	1.170000000000000	-240594.786947922868421	0.096000000000000
5_6_8_3_3_3_4_2_2_2_3_3_5_8_4_5_3_4_5_4_3_4_4_1	-1	-1.000000000000000	-1.000000000000000	-1.000000000000000	-1.000000000000000	-237772.542969116446329	0.145000000000000
6_6_8_3_3_3_4_2_2_2_2_3_5_8_4_5_3_5_5_4_3_4_4_1	-1	-1.000000000000000	-1.000000000000000	-1.000000000000000	-1.000000000000000	-243978.495388238487067	0.116000000000000
5_6_8_3_3_3_4_2_2_2_2_4_5_8_4_5_3_5_5_4_3_4_4_1	-1	-1.000000000000000	-1.000000000000000	-1.000000000000000	-1.000000000000000	-241624.837186990189366	0.091000000000000
5_6_8_3_3_3_4_2_3_2_2_3_5_8_4_5_3_5_5_4_3_4_4_1	-1	-1.000000000000000	-1.000000000000000	-1.000000000000000	-1.000000000000000	-242469.757642115670023	0.092000000000000
5_5_8_3_3_3_4_2_2_2_2_3_5_8_4_5_3_5_5_4_3_4_4_1	-1	-1.000000000000000	-1.000000000000000	-1.000000000000000	-1.000000000000000	-239397.130840672762133	0.101000000000000
5_6_8_3_3_3_4_2_2_2_1_3_5_8_4_5_3_5_5_4_3_4_4_1	1	1091113.527824806049466	14254.050189636680443	2181244.497411460615695	1.228000000000000	-237498.516331003687810	0.090000000000000
5_6_7_4_3_3_4_2_2_2_2_3_5_8_4_5_3_5_5_4_3_4_4_1	1	1090904.518141741165891	14305.297717219404149	2170040.189112592954189	1.177000000000000	-240884.746478037763154	0.080000000000000
5_7_7_3_3_3_4_2_2_2_2_3_5_8_4_5_3_5_5_4_3_4_4_1	1	1088806.702435113023967	14269.629755834856041	2153857.750686501152813	1.230000000000000	-239691.282313881703885	0.103000000000000
5_6_8_4_3_3_4_2_2_2_1_3_5_8_4_5_3_5_5_4_3_4_4_1	1	1090881.635447775479406	14284.250783331135608	2157904.772167941555381	1.143000000000000	-238108.255152626399649	0.103000000000000
5_5_8_4_3_3_4_2_2_2_2_3_5_8_4_5_3_5_5_4_3_4_4_1	-1	-1.000000000000000	-1.000000000000000	-1.000000000000000	-1.000000000000000	-241037.709858360991348	0.102000000000000
5_6_8_4_3_3_4_2_2_2_2_3_5_7_4_5_3_5_5_4_3_4_4_1	-1	-1.000000000000000	-1.000000000000000	-1.000000000000000	-1.000000000000000	-239926.846609184576664	0.143000000000000
5_6_7_4_3_3_4_2_2_2_2_4_5_8_4_5_3_5_5_4_3_4_4_1	-1	-1.000000000000000	-1.000000000000000	-1.000000000000000	-1.000000000000000	-240884.746478037763154	0.099000000000000
5_6_7_4_3_3_4_2_2_2_2_3_5_9_4_5_3_5_5_4_3_4_4_1	1	1090728.651979942107573	14224.710223283393134	2150207.248373847920448	1.126000000000000	-242037.994120514515089	0.132000000000000
5_6_7_4_3_3_4_2_2_3_2_3_5_8_4_5_3_5_5_4_3_4_4_1	-1	-1.000000000000000	-1.000000000000000	-1.000000000000000	-1.000000000000000	-240884.746478037763154	0.093000000000000
5_6_7_4_3_3_4_3_2_2_2_3_5_8_4_5_3_5_5_4_3_4_4_1	-1	-1.000000000000000	-1.000000000000000	-1.000000000000000	-1.000000000000000	-240819.437246239598608	0.094000000000000
5_6_7_4_3_3_4_2_2_2_3_3_5_8_4_5_3_5_5_4_3_4_4_1	-1	-1.000000000000000	-1.000000000000000	-1.000000000000000	-1.000000000000000	-244540.893724014749750	0.093000000000000
5_6_7_4_3_3_4_2_2_2_2_3_5_8_4_5_3_5_5_5_3_4_4_1	-1	-1.000000000000000	-1.000000000000000	-1.000000000000000	-1.000000000000000	-241368.071386106283171	0.094000000000000
6_5_7_4_3_3_4_2_2_2_2_3_5_8_4_5_3_5_5_4_3_4_4_1	1	1094673.361279569333419	14133.372900220478186	2202955.992483993992209	1.461000000000000	-242713.262413888005540	0.085000000000000
5_5_7_4_3_3_4_2_2_2_2_3_5_9_4_5_3_5_5_4_3_4_4_1	1	1091598.487268337048590	14071.515657200267015	2202841.682500981725752	1.560000000000000	-240128.422805616079131	0.082000000000000
6_6_7_4_3_3_4_2_2_2_1_3_5_8_4_5_3_5_5_4_3_4_4_1	1	1093042.784160841489211	14253.609139185453387	2177306.716266178060323	1.290000000000000	-238781.413623204280157	0.083000000000000
6_6_6_4_3_3_4_2_2_2_2_3_5_8_4_5_3_5_5_4_3_4_4_1	-1	-1.000000000000000	-1.000000000000000	-1.000000000000000	-1.000000000000000	-238735.465935717598768	0.131000000000000
6_6_7_4_3_3_4_2_2_2_2_3_5_8_4_5_3_4_5_4_3_4_4_1	-1	-1.000000000000000	-1.000000000000000	-1.000000000000000	-1.000000000000000	-235646.901229314942611	0.130000000000000
6_6_7_4_3_3_4_2_2_2_2_3_5_7_4_5_3_5_5_4_3_4_4_1	-1	-1.000000000000000	-1.000000000000000	-1.000000000000000	-1.000000000000000	-241285.060341379285092	0.105000000000000
6_5_7_4_3_3_4_2_2_2_2_3_5_8_4_5_3_5_5_4_3_5_4_1	-1	-1.000000000000000	-1.000000000000000	-1.000000000000000	-1.000000000000000	-242437.619850098650204	0.081000000000000
6_5_7_4_3_3_4_2_2_2_2_3_6_8_4_5_3_5_5_4_3_4_4_1	-1	-1.000000000000000	-1.000000000000000	-1.000000000000000	-1.000000000000000	-242704.503706749470439	0.166000000000000
6_5_7_4_3_4_4_2_2_2_2_3_5_8_4_5_3_5_5_4_3_4_4_1	-1	-1.000000000000000	-1.000000000000000	-1.000000000000000	-1.000000000000000	-242691.091202743642498	0.154000000000000
6_5_7_4_3_3_4_2_2_2_2_3_5_8_4_6_3_5_5_4_3_4_4_1	-1	-1.000000000000000	-1.000000000000000	-1.000000000000000	-1.000000000000000	-242712.724888067634311	0.122000000000000
6_5_7_4_3_3_4_2_2_2_2_3_5_8_4_5_3_5_5_4_3_4_4_2	-1	-1.000000000000000	-1.000000000000000	-1.000000000000000	-1.000000000000000	-242404.803930177818984	0.156000000000000
6_5_7_4_3_3_4_2_2_2_3_3_5_8_4_5_3_5_5_4_3_4_4_1	-1	-1.000000000000000	-1.000000000000000	-1.000000000000000	-1.000000000000000	-245649.648190915700980	0.109000000000000
6_5_6_4_3_3_4_2_2_2_2_3_5_8_4_5_3_5_5_4_3_4_4_1	1	1095336.069709981791675	14888.659619330916030	2247153.273269704077393	1.632000000000000	-239058.033190385962371	0.090000000000000
6_5_7_3_3_3_4_2_2_2_2_3_5_8_4_5_3_5_5_4_3_4_4_1	-1	-1.000000000000000	-1.000000000000000	-1.000000000000000	-1.000000000000000	-239702.749985508591635	0.091000000000000
7_5_7_4_3_3_4_2_2_2_2_3_5_7_4_5_3_5_5_4_3_4_4_1	1	1099175.357030703453347	14516.627773421976599	2200976.079639768227935	2.481000000000000	-241989.832589660742087	0.099000000000000
6_5_6_4_3_3_4_2_2_2_2_3_5_8_4_5_3_6_5_4_3_4_4_1	-1	-1.000000000000000	-1.000000000000000	-1.000000000000000	-1.000000000000000	-241507.389580310293240	0.109000000000000
6_5_7_3_3_3_4_2_2_2_2_3_5_8_4_5_3_6_5_4_3_4_4_1	-1	-1.000000000000000	-1.000000000000000	-1.000000000000000	-1.000000000000000	-242267.298224421712803	0.142000000000000
6_5_7_4_3_3_4_2_2_2_1_3_5_8_4_5_3_6_5_4_3_4_4_1	1	1094361.857554162619635	14098.406686245820310	2197798.057661844883114	1.417000000000000	-241509.291057569615077	0.148000000000000
5_5_7_4_3_3_4_2_2_2_2_3_5_8_4_5_3_6_5_4_3_4_4_1	-1	-1.000000000000000	-1.000000000000000	-1.000000000000000	-1.000000000000000	-242185.424722922267392	0.126000000000000
5_7_8_3_3_3_4_2_2_2_1_3_5_8_4_5_3_5_5_4_3_4_4_1	1	1088875.546036154497415	14365.076605311489402	2142214.476693586446345	1.151000000000000	-238338.247221924306359	0.101000000000000
5_6_7_4_3_3_4_2_2_2_1_3_5_9_4_5_3_5_5_4_3_4_4_1	1	1090671.333866063971072	14224.679522337413800	2173249.709118755534291	1.125000000000000	-237487.768141372565879	0.087000000000000
7_5_6_4_3_3_4_2_2_2_2_3_5_8_4_5_3_5_5_4_3_4_4_1	1	1099695.343880761880428	15171.346873853748548	2220210.482970476616174	2.000000000000000	-240030.948867782048183	0.147000000000000
5_5_8_3_3_3_4_2_2_2_3_3_5_6_4_5_3_6_5_4_3_4_4_2	1	1091864.683752397540957	14279.324668550925708	2188313.527606277260929	1.523000000000000	-239182.315523417317308	0.129000000000000
