Solution	Feasible	UC_Riding	UC_Walking	UC_Waiting	Con_Time	Objective	Obj_Time
5_5_4_2_3_3_4_2_3_2_1_3_5_5_4_5_3_3_10_4_3_7_7_2	-1	-1.000000000000000	-1.000000000000000	-1.000000000000000	-1.000000000000000	-571229.785648136865348	0.102000000000000
5_5_4_2_3_3_4_2_2_2_1_3_5_6_4_5_3_4_10_4_3_7_5_3	-1	-1.000000000000000	-1.000000000000000	-1.000000000000000	-1.000000000000000	-588661.366293105180375	0.044000000000000
5_5_5_2_3_3_4_2_2_2_1_3_5_5_4_5_3_3_10_4_3_7_7_2	-1	-1.000000000000000	-1.000000000000000	-1.000000000000000	-1.000000000000000	-574378.681269202032126	0.095000000000000
5_5_4_2_3_3_4_2_2_2_2_3_5_6_4_5_3_4_10_4_3_7_5_2	-1	-1.000000000000000	-1.000000000000000	-1.000000000000000	-1.000000000000000	-592663.438201010227203	0.044000000000000
7_5_6_2_3_3_4_2_2_2_3_3_5_8_4_5_3_6_5_4_3_4_4_1	1	1098011.402259058551863	13949.346422272345080	2247167.987015455961227	2.539000000000000	-655232.069414074067026	0.074000000000000
5_5_4_2_3_3_4_2_2_2_1_3_5_5_4_5_3_3_10_4_4_7_7_2	-1	-1.000000000000000	-1.000000000000000	-1.000000000000000	-1.000000000000000	-566367.354975108872168	0.050000000000000
5_5_4_2_3_3_4_2_2_2_1_4_5_6_4_5_3_4_10_4_3_7_5_2	-1	-1.000000000000000	-1.000000000000000	-1.000000000000000	-1.000000000000000	-587963.377793481689878	0.047000000000000
5_5_4_2_3_3_4_2_2_2_1_3_5_5_4_5_3_3_10_4_3_7_8_2	1	1090574.041607062797993	30118.463305557772401	2458157.557512915693223	4.078000000000000	-566316.631614397861995	0.083000000000000
8_5_6_3_3_3_4_2_2_2_2_3_5_8_4_5_3_5_5_4_3_4_4_1	-1	-1.000000000000000	-1.000000000000000	-1.000000000000000	-1.000000000000000	-654094.895485334214754	0.068000000000000
6_6_6_3_3_3_4_2_2_2_3_3_5_8_4_5_3_6_5_4_3_4_4_1	1	1092964.474920660024509	14111.635997903485986	2181924.493802165612578	1.062000000000000	-661342.306628447724506	0.042000000000000
6_6_7_4_3_3_4_2_4_2_1_4_5_6_4_5_3_5_5_4_3_4_4_1	-1	-1.000000000000000	-1.000000000000000	-1.000000000000000	-1.000000000000000	-661317.389793364331126	0.052000000000000
7_5_6_3_3_3_4_2_2_2_1_4_5_6_4_5_3_5_8_4_3_4_4_2	-1	-1.000000000000000	-1.000000000000000	-1.000000000000000	-1.000000000000000	-639712.265554972575046	0.045000000000000
5_5_4_2_3_3_4_2_2_2_1_3_5_5_4_5_3_4_10_4_3_6_7_2	-1	-1.000000000000000	-1.000000000000000	-1.000000000000000	-1.000000000000000	-578831.542812990956008	0.043000000000000
7_5_5_3_3_3_4_2_3_2_1_3_5_7_4_5_3_5_7_4_3_4_4_1	-1	-1.000000000000000	-1.000000000000000	-1.000000000000000	-1.000000000000000	-639352.533691206830554	0.040000000000000
5_5_4_2_3_3_4_2_2_2_1_3_5_5_4_5_3_3_10_4_3_7_7_2	1	1090170.413305456051603	30031.837979864794761	2472405.467787880916148	4.721000000000000	-566367.354975108872168	0.039000000000000
5_6_8_4_3_3_4_2_3_2_1_3_5_6_4_5_3_5_5_4_3_4_4_1	-1	-1.000000000000000	-1.000000000000000	-1.000000000000000	-1.000000000000000	-648417.296288529876620	0.043000000000000
6_5_6_3_3_3_4_2_2_2_3_3_5_8_4_5_3_6_5_4_4_4_4_1	-1	-1.000000000000000	-1.000000000000000	-1.000000000000000	-1.000000000000000	-657118.959634246653877	0.044000000000000
6_5_6_3_3_4_4_2_2_2_1_3_5_6_4_5_3_5_9_4_3_4_4_2	-1	-1.000000000000000	-1.000000000000000	-1.000000000000000	-1.000000000000000	-632002.601599100977182	0.042000000000000
5_5_4_2_3_3_4_2_2_2_1_3_5_5_4_5_3_4_9_4_3_7_6_2	-1	-1.000000000000000	-1.000000000000000	-1.000000000000000	-1.000000000000000	-578848.812958734692074	0.042000000000000
6_6_7_4_3_3_4_2_4_2_1_3_6_6_4_5_3_5_5_4_3_4_4_1	-1	-1.000000000000000	-1.000000000000000	-1.000000000000000	-1.000000000000000	-664779.019852893776260	0.044000000000000
8_5_6_2_3_3_4_2_2_2_3_3_5_8_4_5_4_5_5_4_3_4_4_1	-1	-1.000000000000000	-1.000000000000000	-1.000000000000000	-1.000000000000000	-656734.621062479098327	0.058000000000000
6_6_6_4_3_3_4_2_2_2_4_3_5_7_4_5_3_5_5_4_3_4_4_1	-1	-1.000000000000000	-1.000000000000000	-1.000000000000000	-1.000000000000000	-663821.809340492822230	0.047000000000000
5_5_4_2_3_3_4_2_2_2_1_3_5_5_4_5_3_3_10_4_3_7_8_1	-1	-1.000000000000000	-1.000000000000000	-1.000000000000000	-1.000000000000000	-565255.723673679749481	0.037000000000000
8_5_7_3_3_3_4_2_2_2_4_3_5_6_4_5_3_3_5_4_3_4_4_1	-1	-1.000000000000000	-1.000000000000000	-1.000000000000000	-1.000000000000000	-644183.687973439344205	0.071000000000000
6_6_6_4_4_3_4_2_2_2_3_3_5_7_4_5_3_5_5_4_3_4_4_1	-1	-1.000000000000000	-1.000000000000000	-1.000000000000000	-1.000000000000000	-661148.349065131158568	0.049000000000000
8_5_7_2_3_3_4_2_2_2_4_3_6_6_5_5_3_4_5_4_3_4_4_1	-1	-1.000000000000000	-1.000000000000000	-1.000000000000000	-1.000000000000000	-652454.428389104316011	0.057000000000000
5_5_4_2_3_3_4_2_2_2_1_3_5_5_4_6_3_3_10_4_3_7_7_2	-1	-1.000000000000000	-1.000000000000000	-1.000000000000000	-1.000000000000000	-566909.709674051497132	0.091000000000000
7_5_6_2_3_3_4_2_2_2_4_3_6_8_4_5_3_4_5_4_3_4_4_1	-1	-1.000000000000000	-1.000000000000000	-1.000000000000000	-1.000000000000000	-650545.365796068566851	0.057000000000000
5_5_6_2_3_3_4_2_2_2_1_3_5_6_4_5_3_4_10_4_3_6_5_2	1	1092284.443726875353605	13715.323913612031902	2292777.067273105960339	0.836000000000000	-605149.409924165811390	0.063000000000000
5_5_4_2_3_3_4_2_2_2_1_3_5_5_4_5_3_3_9_4_3_7_8_2	1	1090660.839984771562740	30107.045589890905831	2462333.566262451931834	1.853000000000000	-566316.631614397861995	0.037000000000000
6_5_6_3_3_3_4_2_2_2_1_3_5_5_4_5_3_5_10_4_3_4_4_2	-1	-1.000000000000000	-1.000000000000000	-1.000000000000000	-1.000000000000000	-622673.526248820126057	0.043000000000000
6_7_7_4_3_3_4_2_2_2_3_3_5_6_4_5_3_5_5_4_3_4_4_1	-1	-1.000000000000000	-1.000000000000000	-1.000000000000000	-1.000000000000000	-663126.651304490631446	0.049000000000000
7_5_6_3_3_3_4_2_2_2_3_3_5_8_4_5_3_6_5_4_3_4_4_1	1	1098839.613479080609977	14554.866297565913555	2205893.741160530131310	1.524000000000000	-665188.862888843636028	0.060000000000000
5_5_4_2_3_3_4_2_2_2_1_3_5_5_4_5_3_3_10_4_3_6_8_2	-1	-1.000000000000000	-1.000000000000000	-1.000000000000000	-1.000000000000000	-566316.631614397861995	0.038000000000000
5_5_4_2_3_3_4_2_2_2_1_3_5_5_4_5_3_3_10_4_3_8_7_2	-1	-1.000000000000000	-1.000000000000000	-1.000000000000000	-1.000000000000000	-566315.657366278814152	0.097000000000000
5_5_4_2_3_3_4_2_2_2_1_3_6_5_4_5_3_3_10_4_3_7_7_2	-1	-1.000000000000000	-1.000000000000000	-1.000000000000000	-1.000000000000000	-565583.542983373161405	0.069000000000000
5_5_4_2_3_3_4_2_2_2_1_3_5_5_4_5_3_4_10_4_3_6_6_2	1	1090689.436573051614687	23544.865256308636162	2453569.774372654967010	1.968000000000000	-578860.605386291746981	0.042000000000000
6_5_5_2_3_3_4_2_2_2_1_3_5_6_4_5_3_4_10_4_3_5_6_2	-1	-1.000000000000000	-1.000000000000000	-1.000000000000000	-1.000000000000000	-606510.348045025370084	0.044000000000000
8_6_6_2_3_3_4_2_2_2_3_3_6_7_4_5_3_4_5_4_3_4_4_1	1	1098949.771424828097224	14019.979843984248873	2237559.772767753805965	1.031000000000000	-653077.338871647720225	0.043000000000000
6_6_8_3_3_3_4_3_3_2_1_3_5_6_4_5_3_5_5_4_3_4_4_1	1	1093176.561289768666029	14350.918107944773510	2194208.293581690173596	0.932000000000000	-654411.595288556418382	0.064000000000000
5_5_4_2_3_3_4_2_2_2_1_3_5_5_4_5_3_4_10_5_3_7_6_2	-1	-1.000000000000000	-1.000000000000000	-1.000000000000000	-1.000000000000000	-578875.781380352214910	0.040000000000000
5_5_4_2_3_4_4_2_2_2_1_3_5_5_4_5_3_3_10_4_3_7_7_2	-1	-1.000000000000000	-1.000000000000000	-1.000000000000000	-1.000000000000000	-566262.651504753390327	0.068000000000000
5_5_4_2_3_3_4_2_2_2_1_3_5_5_4_5_3_3_10_4_3_7_6_2	1	1089952.358930335380137	30021.036525767165585	2487920.737304887734354	1.636000000000000	-566367.354975108872168	0.069000000000000
6_5_5_3_3_3_4_2_2_2_1_3_5_6_4_5_3_4_10_5_3_4_5_2	-1	-1.000000000000000	-1.000000000000000	-1.000000000000000	-1.000000000000000	-616046.152336463565007	0.041000000000000
5_5_4_2_3_3_4_2_2_2_1_3_5_5_4_5_3_3_10_4_3_6_7_2	1	1089928.132704454474151	30018.203528945792641	2488378.444957442581654	1.363000000000000	-566356.585695533431135	0.073000000000000
6_5_7_4_3_3_4_3_2_2_2_3_5_7_4_5_3_5_5_4_3_4_4_1	1	1094873.593969719950110	14399.967036604441091	2212376.308017509523779	0.979000000000000	-657984.040949183050543	0.059000000000000
5_5_5_2_3_3_4_2_2_2_1_3_5_5_4_5_3_4_10_4_3_6_5_2	-1	-1.000000000000000	-1.000000000000000	-1.000000000000000	-1.000000000000000	-587185.095507924794219	0.046000000000000
5_5_4_2_3_3_4_2_2_2_1_3_5_5_4_5_3_4_10_4_3_7_7_2	1	1091714.928924587788060	23471.489341691478330	2419489.897340985946357	2.255000000000000	-578875.781380352214910	0.069000000000000
6_5_5_3_3_3_4_2_2_2_1_3_6_6_4_5_3_4_10_4_3_4_5_2	-1	-1.000000000000000	-1.000000000000000	-1.000000000000000	-1.000000000000000	-617511.133796432288364	0.042000000000000
5_5_4_2_3_3_4_2_2_2_1_3_5_5_4_5_3_3_10_4_3_7_7_3	-1	-1.000000000000000	-1.000000000000000	-1.000000000000000	-1.000000000000000	-566891.484570641419850	0.069000000000000
5_5_4_2_3_3_4_2_2_2_1_3_5_5_4_5_3_3_10_5_3_7_7_2	-1	-1.000000000000000	-1.000000000000000	-1.000000000000000	-1.000000000000000	-566367.354975108872168	0.064000000000000
5_5_4_2_3_3_4_2_2_2_1_3_5_5_4_5_3_4_10_4_3_7_6_3	-1	-1.000000000000000	-1.000000000000000	-1.000000000000000	-1.000000000000000	-579349.039286854094826	0.041000000000000
5_5_4_2_3_3_4_2_2_2_1_3_5_5_4_5_3_3_11_4_3_7_7_2	-1	-1.000000000000000	-1.000000000000000	-1.000000000000000	-1.000000000000000	-566538.150982732768171	0.059000000000000
6_5_4_2_3_3_4_2_2_2_1_3_5_5_4_5_3_3_10_4_3_7_7_2	-1	-1.000000000000000	-1.000000000000000	-1.000000000000000	-1.000000000000000	-574338.505728213815019	0.065000000000000
5_5_4_2_3_3_4_2_2_2_1_3_5_5_4_5_3_4_10_4_3_7_6_1	-1	-1.000000000000000	-1.000000000000000	-1.000000000000000	-1.000000000000000	-577791.870512290508486	0.043000000000000
6_5_6_3_3_3_5_2_2_2_1_3_5_6_4_5_3_4_10_4_3_4_4_2	-1	-1.000000000000000	-1.000000000000000	-1.000000000000000	-1.000000000000000	-624862.021005322458223	0.058000000000000
5_5_5_2_3_3_4_2_2_2_1_3_5_6_4_5_3_4_10_4_3_6_5_1	-1	-1.000000000000000	-1.000000000000000	-1.000000000000000	-1.000000000000000	-595061.494504903326742	0.048000000000000
5_5_4_2_3_3_4_3_2_2_1_3_5_5_4_5_3_3_10_4_3_7_7_2	-1	-1.000000000000000	-1.000000000000000	-1.000000000000000	-1.000000000000000	-566367.354975108872168	0.061000000000000
6_5_6_2_3_3_4_2_2_2_1_3_5_6_4_5_3_4_10_4_3_4_4_2	-1	-1.000000000000000	-1.000000000000000	-1.000000000000000	-1.000000000000000	-613668.432653700234368	0.050000000000000
5_5_5_2_3_3_5_2_2_2_1_3_5_6_4_5_3_4_10_4_3_6_5_2	-1	-1.000000000000000	-1.000000000000000	-1.000000000000000	-1.000000000000000	-596774.255475995014422	0.049000000000000
5_5_4_2_3_3_5_2_2_2_1_3_5_5_4_5_3_3_10_4_3_7_7_2	-1	-1.000000000000000	-1.000000000000000	-1.000000000000000	-1.000000000000000	-566367.354975108872168	0.063000000000000
6_5_5_3_3_3_4_2_2_2_1_3_5_6_4_5_3_4_10_4_3_4_5_1	-1	-1.000000000000000	-1.000000000000000	-1.000000000000000	-1.000000000000000	-614369.336112642777152	0.040000000000000
6_5_6_3_3_3_4_2_2_2_1_3_5_7_4_5_3_4_10_4_3_4_4_2	1	1094629.789642766118050	14358.200604813631799	2282344.297412204090506	1.118000000000000	-631857.312690156511962	0.053000000000000
6_5_6_3_3_3_4_2_2_2_1_3_5_6_5_5_3_4_10_4_3_4_4_2	-1	-1.000000000000000	-1.000000000000000	-1.000000000000000	-1.000000000000000	-624530.248167934361845	0.053000000000000
8_5_7_3_3_3_4_2_2_2_3_3_6_6_4_5_3_4_5_4_3_4_4_1	-1	-1.000000000000000	-1.000000000000000	-1.000000000000000	-1.000000000000000	-657125.529356094542891	0.080000000000000
8_5_7_4_3_3_4_2_2_2_2_3_5_6_4_5_3_5_5_4_3_4_4_1	-1	-1.000000000000000	-1.000000000000000	-1.000000000000000	-1.000000000000000	-654997.369850289425813	0.084000000000000
5_5_4_3_3_3_4_2_2_2_1_3_5_5_4_5_3_3_10_4_3_7_7_2	-1	-1.000000000000000	-1.000000000000000	-1.000000000000000	-1.000000000000000	-572940.609859901480377	0.076000000000000
6_5_8_4_3_3_4_3_2_2_2_3_5_7_4_5_3_4_5_4_3_4_4_1	-1	-1.000000000000000	-1.000000000000000	-1.000000000000000	-1.000000000000000	-653802.233573889592662	0.052000000000000
5_5_4_2_3_3_4_2_2_3_1_3_5_5_4_5_3_3_10_4_3_7_7_2	-1	-1.000000000000000	-1.000000000000000	-1.000000000000000	-1.000000000000000	-570129.440553503576666	0.063000000000000
6_5_4_2_3_3_4_2_2_2_1_3_5_6_4_5_3_4_10_4_3_7_5_2	1	1096056.469510209513828	14598.925367638283205	2396348.770723357796669	1.004000000000000	-596406.823245903360657	0.044000000000000
5_5_4_2_3_3_4_2_2_2_1_3_5_5_4_5_3_4_10_4_4_7_6_2	-1	-1.000000000000000	-1.000000000000000	-1.000000000000000	-1.000000000000000	-578875.781380352214910	0.040000000000000
6_6_8_3_3_3_4_2_3_2_1_3_5_6_4_5_3_6_5_4_3_4_4_1	1	1093131.466821446781978	14328.400431300695345	2180762.082101556472480	0.988000000000000	-653733.752533387043513	0.072000000000000
8_5_7_3_3_3_4_2_2_2_2_3_6_6_4_5_3_5_5_4_3_4_4_1	-1	-1.000000000000000	-1.000000000000000	-1.000000000000000	-1.000000000000000	-653722.043231697170995	0.060000000000000
7_5_5_3_3_3_4_2_3_2_1_3_5_7_4_5_3_5_7_4_3_4_4_2	-1	-1.000000000000000	-1.000000000000000	-1.000000000000000	-1.000000000000000	-642709.452797140111215	0.057000000000000
5_5_4_2_3_3_4_2_2_2_1_3_5_5_4_5_3_3_10_4_3_7_7_1	-1	-1.000000000000000	-1.000000000000000	-1.000000000000000	-1.000000000000000	-565266.192315363208763	0.069000000000000
5_5_5_2_3_3_4_2_2_2_1_3_5_6_4_5_3_4_10_4_4_6_5_2	-1	-1.000000000000000	-1.000000000000000	-1.000000000000000	-1.000000000000000	-596774.255475995014422	0.478000000000000
5_5_4_2_3_3_4_2_2_2_1_3_5_5_5_5_3_3_10_4_3_7_7_2	-1	-1.000000000000000	-1.000000000000000	-1.000000000000000	-1.000000000000000	-566266.238615583046339	0.069000000000000
7_5_6_3_3_3_4_2_4_2_1_3_5_7_4_5_3_5_6_4_3_4_4_1	-1	-1.000000000000000	-1.000000000000000	-1.000000000000000	-1.000000000000000	-655804.160354257328436	0.067000000000000
5_5_4_2_3_3_4_2_2_2_1_3_5_6_4_5_3_4_10_4_3_7_6_2	1	1092646.138202138477936	17669.975630430730234	2397891.003461280837655	1.255000000000000	-587963.377793481689878	0.040000000000000
5_5_4_2_3_3_4_2_2_2_1_3_5_6_4_5_3_3_10_4_3_7_7_2	1	1090312.470188297331333	28640.940932516001340	2432176.746389743406326	2.152000000000000	-575447.982657611020841	0.075000000000000
5_5_4_2_3_3_4_2_2_2_1_3_5_5_4_5_4_3_10_4_3_7_7_2	-1	-1.000000000000000	-1.000000000000000	-1.000000000000000	-1.000000000000000	-568939.435633353306912	0.073000000000000
5_5_4_2_3_3_4_2_2_2_1_3_5_5_4_5_4_4_10_4_3_7_6_2	-1	-1.000000000000000	-1.000000000000000	-1.000000000000000	-1.000000000000000	-581457.192855209694244	0.042000000000000
6_5_4_2_3_3_4_2_2_2_1_3_5_5_4_5_3_4_10_4_3_7_6_2	-1	-1.000000000000000	-1.000000000000000	-1.000000000000000	-1.000000000000000	-586696.473238644655794	0.040000000000000
6_5_5_3_3_4_4_2_2_2_1_3_5_6_4_5_3_4_10_4_3_4_5_2	-1	-1.000000000000000	-1.000000000000000	-1.000000000000000	-1.000000000000000	-615963.807470972998999	0.041000000000000
5_5_4_2_3_3_4_2_2_2_2_3_5_5_4_5_3_3_10_4_3_7_7_2	-1	-1.000000000000000	-1.000000000000000	-1.000000000000000	-1.000000000000000	-570534.366047187009826	0.084000000000000
5_5_4_2_3_3_4_2_2_2_1_4_5_5_4_5_3_3_10_4_3_7_7_2	-1	-1.000000000000000	-1.000000000000000	-1.000000000000000	-1.000000000000000	-566367.354975108872168	0.072000000000000
5_6_4_2_3_3_4_2_2_2_1_3_5_5_4_5_3_3_10_4_3_7_7_2	-1	-1.000000000000000	-1.000000000000000	-1.000000000000000	-1.000000000000000	-571162.169702401966788	0.076000000000000
6_6_8_4_3_3_4_2_4_2_1_3_5_6_4_5_3_4_5_4_3_4_4_1	-1	-1.000000000000000	-1.000000000000000	-1.000000000000000	-1.000000000000000	-656244.499709537369199	0.072000000000000
5_5_4_2_4_3_4_2_2_2_1_3_5_5_4_5_3_3_10_4_3_7_7_2	-1	-1.000000000000000	-1.000000000000000	-1.000000000000000	-1.000000000000000	-566276.451376765151508	0.069000000000000
5_5_4_2_4_3_4_2_2_2_1_3_5_5_4_5_3_4_10_4_3_7_6_2	-1	-1.000000000000000	-1.000000000000000	-1.000000000000000	-1.000000000000000	-578782.522441695327871	0.040000000000000
6_6_8_4_3_3_5_2_3_2_1_3_5_6_4_5_3_5_5_4_3_4_4_1	-1	-1.000000000000000	-1.000000000000000	-1.000000000000000	-1.000000000000000	-661300.031571445404552	0.048000000000000
6_5_7_4_3_3_4_3_2_2_2_3_5_7_4_5_3_5_6_4_3_4_4_1	-1	-1.000000000000000	-1.000000000000000	-1.000000000000000	-1.000000000000000	-657984.040949183050543	0.043000000000000
8_5_6_2_3_3_4_2_2_2_4_4_6_7_4_5_3_4_5_4_3_4_4_1	-1	-1.000000000000000	-1.000000000000000	-1.000000000000000	-1.000000000000000	-652817.442836327827536	0.052000000000000
5_5_4_2_3_3_4_2_2_2_1_3_5_5_4_5_3_3_9_4_3_7_7_2	-1	-1.000000000000000	-1.000000000000000	-1.000000000000000	-1.000000000000000	-566340.402527614496648	0.075000000000000
7_5_6_3_3_3_4_2_2_2_3_3_5_8_4_5_3_5_5_4_3_4_5_1	-1	-1.000000000000000	-1.000000000000000	-1.000000000000000	-1.000000000000000	-660993.735421042889357	0.051000000000000
7_6_6_2_3_3_4_2_2_2_3_3_5_8_4_5_3_6_5_4_3_4_4_1	1	1094226.763609469169751	13929.523672361097852	2205613.258139511104673	1.440000000000000	-660047.651484105852433	0.059000000000000
7_5_7_3_3_3_4_2_4_2_1_3_5_7_4_5_3_6_5_4_3_4_4_1	-1	-1.000000000000000	-1.000000000000000	-1.000000000000000	-1.000000000000000	-666263.295465294038877	0.042000000000000
5_5_4_2_3_3_4_2_2_2_1_3_5_5_4_5_3_4_10_4_3_7_6_2	1	1091551.012102516600862	22996.377676879026694	2435447.934198781382293	1.215000000000000	-578875.781380352214910	0.049000000000000
7_5_6_3_3_3_4_2_2_2_1_3_5_6_4_6_3_5_8_4_3_4_4_2	-1	-1.000000000000000	-1.000000000000000	-1.000000000000000	-1.000000000000000	-639810.060035987291485	0.047000000000000
8_5_7_3_3_3_5_2_2_2_3_3_5_6_4_5_3_5_5_4_3_4_4_1	-1	-1.000000000000000	-1.000000000000000	-1.000000000000000	-1.000000000000000	-660053.596542656305246	0.074000000000000
5_5_4_2_3_3_4_2_2_2_1_3_5_6_4_5_3_3_10_4_3_7_6_2	1	1090279.700734596699476	28178.764686102775158	2447801.455200826283544	1.194000000000000	-575447.982657611020841	0.041000000000000
6_5_6_3_3_3_4_2_2_2_1_3_5_6_4_5_3_4_10_5_3_4_4_2	-1	-1.000000000000000	-1.000000000000000	-1.000000000000000	-1.000000000000000	-624862.021005322458223	0.058000000000000
5_5_4_2_3_3_4_2_2_2_1_3_5_5_4_5_3_4_11_4_3_7_6_2	-1	-1.000000000000000	-1.000000000000000	-1.000000000000000	-1.000000000000000	-579034.605237391078845	0.049000000000000
5_5_4_3_3_3_4_2_2_2_1_3_5_6_4_5_3_4_10_4_3_7_5_2	-1	-1.000000000000000	-1.000000000000000	-1.000000000000000	-1.000000000000000	-594853.223892141599208	0.043000000000000
6_5_6_3_3_3_4_2_2_2_1_3_5_6_4_5_3_4_10_4_3_5_4_2	-1	-1.000000000000000	-1.000000000000000	-1.000000000000000	-1.000000000000000	-623761.027242971002124	0.058000000000000
5_5_4_2_3_3_4_2_2_2_1_3_5_5_4_5_3_4_9_4_3_7_7_2	1	1092286.834007177269086	23230.933220276558131	2423029.145450702868402	1.172000000000000	-578848.812958734692074	0.043000000000000
5_5_4_2_3_3_4_2_2_2_1_3_5_7_4_5_3_4_10_4_3_7_5_2	-1	-1.000000000000000	-1.000000000000000	-1.000000000000000	-1.000000000000000	-593621.023717887117527	0.043000000000000
6_5_6_3_3_3_4_2_2_2_3_3_5_8_4_5_3_6_5_5_3_4_4_1	-1	-1.000000000000000	-1.000000000000000	-1.000000000000000	-1.000000000000000	-657455.478025598567910	0.045000000000000
7_6_7_4_3_3_4_2_2_2_3_3_5_6_4_5_3_5_5_4_3_4_4_1	1	1095799.890415882924572	14267.515310740796849	2182844.813564494717866	1.535000000000000	-666922.610358241945505	0.052000000000000
5_5_4_2_3_3_4_2_2_2_1_3_5_5_4_5_3_4_10_4_3_7_7_1	-1	-1.000000000000000	-1.000000000000000	-1.000000000000000	-1.000000000000000	-577791.870512290508486	0.052000000000000
7_5_6_2_3_3_4_2_2_2_4_3_6_7_4_5_3_4_5_4_3_4_4_1	1	1098642.233203771524131	14082.996974986752321	2291446.265327709726989	1.532000000000000	-645486.086058044107631	0.057000000000000
5_5_4_2_3_3_4_2_2_3_1_3_5_5_4_5_3_4_10_4_3_7_6_2	-1	-1.000000000000000	-1.000000000000000	-1.000000000000000	-1.000000000000000	-582628.843876108294353	0.043000000000000
5_5_4_3_3_3_4_2_2_2_1_3_5_5_4_5_3_4_10_4_3_7_6_2	-1	-1.000000000000000	-1.000000000000000	-1.000000000000000	-1.000000000000000	-585498.392116084112786	0.041000000000000
7_5_6_4_3_3_4_2_3_2_1_3_5_7_4_5_3_5_6_4_3_4_4_1	1	1099356.786039358004928	15254.956542592532060	2244547.455745702609420	1.484000000000000	-653947.775781046017073	0.060000000000000
7_5_6_3_3_3_4_2_2_2_3_3_5_8_4_5_3_5_5_4_3_4_4_1	1	1099094.046246412675828	14589.801810594595736	2234171.725662511307746	1.563000000000000	-660944.459212719462812	0.096000000000000
5_5_4_2_3_4_4_2_2_2_1_3_5_5_4_5_3_4_10_4_3_7_6_2	-1	-1.000000000000000	-1.000000000000000	-1.000000000000000	-1.000000000000000	-578768.376538772601634	0.044000000000000
7_5_7_4_3_3_4_2_2_2_3_3_5_6_4_5_3_5_5_4_3_4_4_1	1	1099429.684689973015338	14607.880977080938464	2220512.938725496176630	2.045000000000000	-661938.779838392511010	0.103000000000000
5_5_4_2_3_3_4_2_2_2_1_3_5_6_4_5_3_4_10_4_3_7_5_1	-1	-1.000000000000000	-1.000000000000000	-1.000000000000000	-1.000000000000000	-586738.854947272338904	0.040000000000000
5_5_4_2_3_3_4_2_2_2_1_3_6_5_4_5_3_4_10_4_3_7_6_2	-1	-1.000000000000000	-1.000000000000000	-1.000000000000000	-1.000000000000000	-578143.578964662738144	0.048000000000000
6_5_6_3_3_3_4_2_2_2_1_3_5_6_4_5_3_4_11_4_3_4_4_2	-1	-1.000000000000000	-1.000000000000000	-1.000000000000000	-1.000000000000000	-625038.760134143172763	0.059000000000000
5_5_4_2_3_3_4_2_2_2_1_4_5_5_4_5_3_4_10_4_3_7_6_2	-1	-1.000000000000000	-1.000000000000000	-1.000000000000000	-1.000000000000000	-578875.781380352214910	0.041000000000000
7_5_5_2_3_3_4_2_2_2_1_3_5_6_4_5_3_4_10_4_3_5_5_2	-1	-1.000000000000000	-1.000000000000000	-1.000000000000000	-1.000000000000000	-613069.841694124392234	0.048000000000000
6_5_5_3_3_3_4_2_2_2_1_3_5_6_4_5_3_4_11_4_3_4_5_2	-1	-1.000000000000000	-1.000000000000000	-1.000000000000000	-1.000000000000000	-616233.023883250774816	0.041000000000000
5_5_4_2_3_3_4_2_2_2_2_3_5_5_4_5_3_4_10_4_3_7_6_2	-1	-1.000000000000000	-1.000000000000000	-1.000000000000000	-1.000000000000000	-583034.227596555370837	0.044000000000000
7_5_6_2_3_3_4_2_3_2_1_3_5_6_4_5_3_5_8_4_3_4_4_2	-1	-1.000000000000000	-1.000000000000000	-1.000000000000000	-1.000000000000000	-637406.926030005677603	0.050000000000000
6_5_6_3_3_3_4_2_2_2_3_3_6_8_4_5_3_5_5_4_3_4_4_1	1	1094919.453442289726809	14234.418688472931535	2221977.602905446663499	0.904000000000000	-655118.132662459742278	0.045000000000000
5_5_4_2_3_3_4_2_3_2_1_3_5_5_4_5_3_4_10_4_3_7_6_2	-1	-1.000000000000000	-1.000000000000000	-1.000000000000000	-1.000000000000000	-583721.424355777096935	0.044000000000000
6_6_7_4_3_3_4_2_4_2_1_3_5_6_4_5_3_5_5_4_3_4_4_1	1	1092881.635165962623432	14408.417922663160425	2211900.182741742115468	0.875000000000000	-661317.389793364331126	0.061000000000000
7_5_7_3_3_3_4_2_3_2_1_3_5_7_4_5_3_5_6_4_3_4_4_1	1	1098388.116949290735647	14212.410943230373960	2225327.337782871443778	1.370000000000000	-654786.161465324810706	0.059000000000000
5_5_5_2_3_3_4_2_2_2_1_3_5_5_4_5_3_4_10_4_3_7_6_2	1	1092135.418652199674398	15156.702028405554302	2356860.989750566892326	4.000000000000000	-586931.995507907820866	0.050000000000000
5_5_4_2_3_3_5_2_2_2_1_3_5_5_4_5_3_4_10_4_3_7_6_2	-1	-1.000000000000000	-1.000000000000000	-1.000000000000000	-1.000000000000000	-578875.781380352214910	0.048000000000000
7_6_5_2_3_3_4_2_2_2_3_3_5_8_4_5_3_6_5_4_3_4_4_1	1	1093890.331558153964579	13801.750900019076653	2264534.088372126221657	1.251000000000000	-649706.629884246503934	0.049000000000000
7_5_7_3_3_3_4_2_2_2_1_3_5_7_4_5_3_5_7_4_3_4_4_1	-1	-1.000000000000000	-1.000000000000000	-1.000000000000000	-1.000000000000000	-649893.422083949437365	0.049000000000000
7_5_6_3_3_3_4_2_2_2_1_3_5_6_4_5_3_4_9_4_3_4_4_2	-1	-1.000000000000000	-1.000000000000000	-1.000000000000000	-1.000000000000000	-631523.123445974080823	0.042000000000000
5_5_4_2_3_3_4_3_2_2_1_3_5_5_4_5_3_4_10_4_3_7_6_2	-1	-1.000000000000000	-1.000000000000000	-1.000000000000000	-1.000000000000000	-578875.781380352214910	0.040000000000000
7_5_7_3_3_3_4_2_3_2_1_3_5_6_4_5_3_5_7_4_3_4_4_1	1	1098531.590821120422333	14302.799919297242013	2247855.133844339754432	1.397000000000000	-650454.369229463045485	0.079000000000000
5_5_4_2_3_3_4_2_2_2_1_3_5_5_4_5_3_5_10_4_3_7_6_2	-1	-1.000000000000000	-1.000000000000000	-1.000000000000000	-1.000000000000000	-583802.609269337146543	0.041000000000000
6_5_7_4_3_3_4_2_2_2_3_3_6_6_4_5_3_5_5_4_3_4_4_1	1	1095095.938187430147082	14305.439944161891617	2207512.619891849812120	1.162000000000000	-657994.789191332878545	0.060000000000000
7_5_7_4_3_3_4_2_3_2_1_3_5_7_4_5_3_5_5_4_3_4_4_1	1	1098939.822142344200984	14516.620641214714851	2211810.184097315184772	1.495000000000000	-660864.504195660003461	0.058000000000000
5_5_4_2_3_3_4_2_2_2_1_3_5_5_5_5_3_4_10_4_3_7_6_2	-1	-1.000000000000000	-1.000000000000000	-1.000000000000000	-1.000000000000000	-579330.696714678080752	0.041000000000000
7_5_7_3_3_3_4_2_4_2_1_3_5_6_4_5_3_5_6_4_3_4_4_1	-1	-1.000000000000000	-1.000000000000000	-1.000000000000000	-1.000000000000000	-654618.157724950811826	0.049000000000000
8_5_7_3_3_3_4_2_2_2_4_3_5_5_4_5_3_5_5_4_3_4_4_1	-1	-1.000000000000000	-1.000000000000000	-1.000000000000000	-1.000000000000000	-656359.834286686265841	0.084000000000000
6_6_6_3_3_3_4_2_2_2_2_3_6_8_4_5_3_5_5_4_3_4_4_1	1	1093144.862387188710272	14146.549633400674793	2182713.526764209847897	1.208000000000000	-650543.931958597269841	0.063000000000000
5_6_4_2_3_3_4_2_2_2_1_3_5_5_4_5_3_4_10_4_3_7_6_2	-1	-1.000000000000000	-1.000000000000000	-1.000000000000000	-1.000000000000000	-583822.772948545403779	0.042000000000000
5_5_4_2_3_3_4_2_2_2_1_3_5_5_4_5_3_4_10_4_3_8_6_2	-1	-1.000000000000000	-1.000000000000000	-1.000000000000000	-1.000000000000000	-578887.632139684050344	0.041000000000000
6_5_5_3_3_3_4_3_2_2_1_3_5_6_4_5_3_4_10_4_3_4_5_2	-1	-1.000000000000000	-1.000000000000000	-1.000000000000000	-1.000000000000000	-616046.152336463565007	0.040000000000000
5_5_4_2_3_3_4_2_2_2_1_3_5_5_4_6_3_4_10_4_3_7_6_2	-1	-1.000000000000000	-1.000000000000000	-1.000000000000000	-1.000000000000000	-580946.577284723636694	0.044000000000000
6_5_8_3_3_3_4_3_2_2_2_3_5_7_4_5_3_5_5_4_3_4_4_1	1	1095006.943564524641261	14228.344022788955044	2200645.529049831442535	0.915000000000000	-654957.281627690070309	0.058000000000000
7_5_6_3_3_3_4_2_2_2_1_3_5_5_4_5_3_5_9_4_3_4_4_2	-1	-1.000000000000000	-1.000000000000000	-1.000000000000000	-1.000000000000000	-630341.966823045862839	0.043000000000000
8_5_7_2_3_3_4_2_2_2_4_3_5_6_4_5_3_5_5_4_3_4_4_1	-1	-1.000000000000000	-1.000000000000000	-1.000000000000000	-1.000000000000000	-653965.215980304637924	0.088000000000000
5_5_4_2_3_3_4_2_2_2_1_3_5_5_4_5_3_4_10_4_3_7_5_2	1	1090680.377676451578736	23475.201813539453724	2455189.983796556480229	2.151000000000000	-578875.781380352214910	0.043000000000000
7_5_7_4_3_3_4_2_2_2_3_3_5_6_4_5_3_5_5_4_3_4_4_2	-1	-1.000000000000000	-1.000000000000000	-1.000000000000000	-1.000000000000000	-663149.663788549718447	0.051000000000000
8_5_7_2_3_3_4_2_3_2_3_3_6_6_4_5_3_5_5_4_3_4_4_1	-1	-1.000000000000000	-1.000000000000000	-1.000000000000000	-1.000000000000000	-655787.698608099832200	0.093000000000000
5_5_4_2_3_3_4_2_2_2_1_3_5_6_4_5_3_4_10_4_3_7_5_2	1	1092315.667716907802969	16824.317611171645694	2418241.274138614069670	1.886000000000000	-587963.377793481689878	0.049000000000000
7_5_6_3_3_3_4_2_3_2_2_3_5_7_4_5_3_5_7_4_3_4_4_1	-1	-1.000000000000000	-1.000000000000000	-1.000000000000000	-1.000000000000000	-651638.848641954711638	0.040000000000000
5_6_7_4_3_3_4_2_4_2_1_3_5_6_4_5_3_5_5_4_3_4_4_1	-1	-1.000000000000000	-1.000000000000000	-1.000000000000000	-1.000000000000000	-650331.321021495969035	0.043000000000000
7_5_6_3_3_3_4_2_2_2_3_3_5_8_4_5_3_5_5_5_3_4_4_1	-1	-1.000000000000000	-1.000000000000000	-1.000000000000000	-1.000000000000000	-662450.099658097140491	0.052000000000000
5_5_5_2_3_3_4_2_2_2_1_3_5_5_4_5_3_4_10_4_3_7_5_2	1	1090490.756992132170126	16191.837057022930821	2379485.715115654747933	0.925000000000000	-586931.995507907820866	0.046000000000000
8_5_6_2_3_3_4_2_2_2_3_3_5_7_4_5_3_6_5_4_3_4_4_2	-1	-1.000000000000000	-1.000000000000000	-1.000000000000000	-1.000000000000000	-657511.914442632929422	0.043000000000000
5_5_4_2_3_3_4_2_2_2_1_3_5_6_4_5_3_4_10_4_3_6_6_2	1	1092255.155184995383024	16827.952332275614026	2416910.830121933948249	1.726000000000000	-587939.350220485357568	0.049000000000000
5_5_4_2_3_3_4_2_2_2_1_3_5_6_4_5_3_4_9_4_3_7_6_2	-1	-1.000000000000000	-1.000000000000000	-1.000000000000000	-1.000000000000000	-587936.522817124030553	0.049000000000000
5_5_4_2_3_3_4_2_2_2_1_3_5_6_4_5_3_4_10_4_3_7_6_1	-1	-1.000000000000000	-1.000000000000000	-1.000000000000000	-1.000000000000000	-586738.854947272338904	0.046000000000000
7_5_6_3_3_3_4_2_2_2_1_3_5_7_4_5_3_5_8_4_3_4_4_2	1	1098110.162956516025588	14610.273804698092135	2229379.074437871575356	1.342000000000000	-647348.507240793667734	0.048000000000000
5_5_4_2_3_3_5_2_2_2_1_3_5_6_4_5_3_4_10_4_3_7_5_2	-1	-1.000000000000000	-1.000000000000000	-1.000000000000000	-1.000000000000000	-587963.377793481689878	0.053000000000000
7_5_7_4_3_3_4_2_2_2_2_3_5_7_4_5_3_5_5_4_3_4_4_1	1	1099175.357030703453347	14516.627773421976599	2200976.079639767296612	1.430000000000000	-658633.887321597081609	0.082000000000000
5_5_4_2_3_3_4_2_2_2_1_3_5_6_5_5_3_4_10_4_3_7_5_2	-1	-1.000000000000000	-1.000000000000000	-1.000000000000000	-1.000000000000000	-588419.224338817643002	0.049000000000000
7_5_5_3_3_3_4_2_3_2_1_3_5_6_4_5_3_5_8_4_3_4_4_2	-1	-1.000000000000000	-1.000000000000000	-1.000000000000000	-1.000000000000000	-637077.495404809829779	0.065000000000000
7_5_5_3_3_3_4_2_2_2_1_3_5_6_4_5_3_5_9_4_3_4_4_2	-1	-1.000000000000000	-1.000000000000000	-1.000000000000000	-1.000000000000000	-629854.698601780808531	0.042000000000000
8_5_5_2_3_3_4_2_2_2_4_3_6_8_4_5_3_4_5_4_3_4_4_1	1	1104344.667539762798697	15065.606531719702616	2302864.401719661429524	0.517000000000000	-647513.095012500765733	0.070000000000000
8_5_6_2_3_3_4_2_2_2_4_3_6_8_4_5_3_3_5_4_3_4_4_1	-1	-1.000000000000000	-1.000000000000000	-1.000000000000000	-1.000000000000000	-647160.198569768108428	0.057000000000000
5_5_4_2_3_3_4_2_2_2_1_3_5_6_4_5_3_4_10_4_4_7_5_2	-1	-1.000000000000000	-1.000000000000000	-1.000000000000000	-1.000000000000000	-587963.377793481689878	0.045000000000000
5_6_4_2_3_3_4_2_2_2_1_3_5_6_4_5_3_4_10_4_3_7_5_2	-1	-1.000000000000000	-1.000000000000000	-1.000000000000000	-1.000000000000000	-593648.761307340697385	0.043000000000000
5_5_4_2_4_3_4_2_2_2_1_3_5_6_4_5_3_4_10_4_3_7_5_2	-1	-1.000000000000000	-1.000000000000000	-1.000000000000000	-1.000000000000000	-587884.549417869304307	0.045000000000000
6_5_6_3_3_3_4_2_2_2_1_3_5_6_4_5_3_3_10_4_3_4_4_2	-1	-1.000000000000000	-1.000000000000000	-1.000000000000000	-1.000000000000000	-612078.649065737496130	0.053000000000000
7_5_7_4_3_3_4_3_2_2_2_3_5_7_4_5_3_4_5_4_3_4_4_1	-1	-1.000000000000000	-1.000000000000000	-1.000000000000000	-1.000000000000000	-655545.966176670626737	0.047000000000000
7_5_7_2_3_3_4_2_2_2_3_3_5_8_4_5_3_5_5_4_3_4_4_1	-1	-1.000000000000000	-1.000000000000000	-1.000000000000000	-1.000000000000000	-655711.215626684366725	0.082000000000000
5_5_5_2_3_3_4_2_2_2_1_3_5_6_4_5_3_4_10_4_3_7_5_2	1	1090977.172978654038161	13477.303294243902201	2339841.900767192244530	1.004000000000000	-596585.946405023103580	0.043000000000000
6_5_6_3_3_3_4_2_2_2_1_3_6_6_4_5_3_4_10_4_3_4_4_2	-1	-1.000000000000000	-1.000000000000000	-1.000000000000000	-1.000000000000000	-626612.619021320599131	0.058000000000000
5_5_4_2_3_3_4_2_2_3_1_3_5_6_4_5_3_4_10_4_3_7_5_2	-1	-1.000000000000000	-1.000000000000000	-1.000000000000000	-1.000000000000000	-592288.768061254406348	0.043000000000000
5_5_4_2_3_3_4_2_2_2_1_3_5_6_4_5_3_4_11_4_3_7_5_2	-1	-1.000000000000000	-1.000000000000000	-1.000000000000000	-1.000000000000000	-588217.654676445177756	0.043000000000000
6_5_5_2_3_3_4_2_2_2_1_3_5_7_4_5_3_4_10_4_3_5_5_2	-1	-1.000000000000000	-1.000000000000000	-1.000000000000000	-1.000000000000000	-613372.291715471772477	0.044000000000000
5_5_4_2_3_3_4_3_2_2_1_3_5_6_4_5_3_4_10_4_3_7_5_2	-1	-1.000000000000000	-1.000000000000000	-1.000000000000000	-1.000000000000000	-587963.377793481689878	0.046000000000000
6_5_5_3_3_3_4_2_2_2_1_3_5_6_4_5_3_4_10_4_3_5_5_2	1	1095956.463125151814893	15049.517550296110130	2310515.740305103361607	1.192000000000000	-615591.588497105170973	0.044000000000000
5_5_4_2_3_3_4_2_2_2_1_3_5_6_4_5_3_4_10_4_3_8_5_2	-1	-1.000000000000000	-1.000000000000000	-1.000000000000000	-1.000000000000000	-588373.721640653675422	0.045000000000000
6_6_7_3_3_3_4_2_2_2_3_3_6_6_4_5_3_5_5_4_3_4_4_1	1	1093719.005837077274919	14356.656296948392992	2181615.501135420985520	0.833000000000000	-657282.815669708419591	0.051000000000000
5_5_4_2_3_4_4_2_2_2_1_3_5_6_4_5_3_4_10_4_3_7_5_2	-1	-1.000000000000000	-1.000000000000000	-1.000000000000000	-1.000000000000000	-587871.916786274523474	0.045000000000000
6_5_5_2_3_4_4_2_2_2_1_3_5_6_4_5_3_4_10_4_3_5_5_2	-1	-1.000000000000000	-1.000000000000000	-1.000000000000000	-1.000000000000000	-606596.556233139359392	0.044000000000000
5_5_4_2_3_3_4_2_2_2_1_3_5_6_4_5_3_4_10_5_3_7_5_2	-1	-1.000000000000000	-1.000000000000000	-1.000000000000000	-1.000000000000000	-587963.377793481689878	0.045000000000000
5_5_4_2_3_3_4_2_2_2_1_3_5_6_4_5_3_5_10_4_3_7_5_2	-1	-1.000000000000000	-1.000000000000000	-1.000000000000000	-1.000000000000000	-593516.369485561270267	0.045000000000000
8_5_6_3_3_3_4_2_2_2_3_3_6_7_4_5_3_4_5_4_3_4_4_1	1	1103943.714882226428017	15119.188364625599206	2237460.597011202014983	0.294000000000000	-656219.936718004290015	0.051000000000000
8_5_7_4_3_3_4_2_2_2_3_3_5_6_4_5_3_4_5_4_3_4_4_1	1	1101480.112239094683900	14218.156832328102610	2245562.514498822391033	0.271000000000000	-657516.550222127698362	0.080000000000000
5_5_4_2_3_3_4_2_2_2_1_3_6_6_4_5_3_4_10_4_3_7_5_2	-1	-1.000000000000000	-1.000000000000000	-1.000000000000000	-1.000000000000000	-588002.879897984908894	0.048000000000000
5_5_4_2_3_3_4_2_3_2_1_3_5_6_4_5_3_4_10_4_3_7_5_2	-1	-1.000000000000000	-1.000000000000000	-1.000000000000000	-1.000000000000000	-593315.023394763004035	0.046000000000000
6_5_5_2_3_3_4_2_2_2_1_3_5_6_4_5_3_4_11_4_3_5_5_2	-1	-1.000000000000000	-1.000000000000000	-1.000000000000000	-1.000000000000000	-606852.441338173812255	0.059000000000000
5_5_4_2_3_3_4_2_2_2_1_3_5_6_4_6_3_4_10_4_3_7_5_2	-1	-1.000000000000000	-1.000000000000000	-1.000000000000000	-1.000000000000000	-590085.516143439221196	0.043000000000000
5_5_4_2_3_3_4_2_2_2_1_3_5_6_4_5_4_4_10_4_3_7_5_2	-1	-1.000000000000000	-1.000000000000000	-1.000000000000000	-1.000000000000000	-589876.611085218260996	0.044000000000000
5_5_4_2_3_3_4_2_2_2_1_3_5_6_4_5_3_4_10_4_3_6_5_2	1	1091449.406782184028998	17825.119396346577560	2436687.270109231118113	1.234000000000000	-587939.350220485357568	0.043000000000000
5_5_4_2_3_3_4_2_2_2_1_3_5_6_4_5_3_3_10_4_3_7_5_2	-1	-1.000000000000000	-1.000000000000000	-1.000000000000000	-1.000000000000000	-575447.982657611020841	0.042000000000000
5_5_4_2_3_3_4_2_2_2_1_3_5_6_4_5_3_4_10_4_3_7_4_2	1	1091585.114774070680141	17759.167006857158412	2441469.862213006243110	1.207000000000000	-587963.377793481689878	0.043000000000000
7_5_5_2_3_3_4_2_2_2_3_3_5_8_4_5_3_6_5_4_3_4_4_1	-1	-1.000000000000000	-1.000000000000000	-1.000000000000000	-1.000000000000000	-644234.329489949392155	0.051000000000000
6_5_7_4_3_3_4_2_4_2_1_3_5_7_4_5_3_5_5_5_3_4_4_1	-1	-1.000000000000000	-1.000000000000000	-1.000000000000000	-1.000000000000000	-663525.612714943243191	0.061000000000000
6_6_7_4_3_3_4_2_2_2_3_3_6_6_4_5_3_5_5_4_3_4_4_1	-1	-1.000000000000000	-1.000000000000000	-1.000000000000000	-1.000000000000000	-665311.479687290964648	0.043000000000000
5_5_4_2_3_3_4_2_2_2_1_3_5_6_4_5_3_4_9_4_3_7_5_2	-1	-1.000000000000000	-1.000000000000000	-1.000000000000000	-1.000000000000000	-587936.522817124030553	0.041000000000000
6_5_6_3_3_3_4_2_2_2_3_3_5_8_4_5_3_6_5_4_3_4_4_2	-1	-1.000000000000000	-1.000000000000000	-1.000000000000000	-1.000000000000000	-658259.021751584601589	0.050000000000000
6_5_7_4_3_3_4_3_2_2_2_3_5_7_4_5_3_5_5_4_3_5_4_1	-1	-1.000000000000000	-1.000000000000000	-1.000000000000000	-1.000000000000000	-657358.587616798467934	0.047000000000000
5_5_5_2_3_3_4_2_2_2_1_3_5_6_4_5_3_4_10_4_3_7_4_2	1	1092265.477618109202012	13603.350162626378733	2358431.181685568299145	1.225000000000000	-596585.946405023103580	0.045000000000000
8_5_6_3_3_3_5_2_2_2_3_3_6_6_4_5_3_5_5_4_3_4_4_1	-1	-1.000000000000000	-1.000000000000000	-1.000000000000000	-1.000000000000000	-657755.904119014856406	0.046000000000000
6_5_8_4_3_3_4_2_2_2_2_3_5_6_4_5_3_5_5_4_3_4_4_1	-1	-1.000000000000000	-1.000000000000000	-1.000000000000000	-1.000000000000000	-650389.382348265266046	0.040000000000000
6_5_4_2_3_3_4_2_2_2_1_3_5_6_4_5_3_4_10_4_3_7_4_2	1	1095866.880269894143566	14522.813519466941216	2419904.806764131877571	0.937000000000000	-596406.823245903360657	0.040000000000000
6_5_7_4_3_3_4_2_4_2_1_3_5_7_4_5_3_4_5_4_3_4_4_1	-1	-1.000000000000000	-1.000000000000000	-1.000000000000000	-1.000000000000000	-653985.146670259651728	0.044000000000000
5_5_5_2_3_3_4_2_2_2_1_3_5_6_4_5_3_3_10_4_3_7_5_2	-1	-1.000000000000000	-1.000000000000000	-1.000000000000000	-1.000000000000000	-584023.603049993398599	0.047000000000000
6_6_8_4_3_3_4_3_2_2_1_3_5_6_4_5_3_5_5_4_3_4_4_2	-1	-1.000000000000000	-1.000000000000000	-1.000000000000000	-1.000000000000000	-655843.586255968897603	0.053000000000000
7_5_7_3_3_3_4_2_2_2_3_3_5_7_4_5_3_5_5_4_3_4_4_2	-1	-1.000000000000000	-1.000000000000000	-1.000000000000000	-1.000000000000000	-663992.834058813052252	0.049000000000000
8_5_6_2_3_3_4_2_2_2_2_3_6_8_4_5_3_4_5_4_3_4_4_1	-1	-1.000000000000000	-1.000000000000000	-1.000000000000000	-1.000000000000000	-642217.977667127037421	0.060000000000000
7_5_7_3_3_4_4_2_3_2_1_3_5_7_4_5_3_5_6_4_3_4_4_1	-1	-1.000000000000000	-1.000000000000000	-1.000000000000000	-1.000000000000000	-654791.471201705164276	0.056000000000000
5_5_5_2_3_3_4_2_2_2_1_3_5_6_4_5_3_4_10_4_3_6_5_2	1	1091549.694695986341685	13766.626830504264944	2356725.065194000490010	1.418000000000000	-596774.255475995014422	0.046000000000000
6_6_8_4_3_3_4_3_2_2_2_3_5_6_4_5_3_5_5_4_3_4_4_1	1	1093328.487670759903267	14376.811463318710594	2160051.233249715063721	0.918000000000000	-661315.323310979525559	0.063000000000000
7_5_6_3_3_3_4_2_3_2_1_3_6_7_4_5_3_5_7_4_3_4_4_1	-1	-1.000000000000000	-1.000000000000000	-1.000000000000000	-1.000000000000000	-654685.805854573496617	0.042000000000000
8_5_7_2_3_3_5_2_2_2_4_3_6_6_4_5_3_4_5_4_3_4_4_1	-1	-1.000000000000000	-1.000000000000000	-1.000000000000000	-1.000000000000000	-652638.113479125313461	0.057000000000000
7_5_7_3_3_3_4_2_2_2_3_3_5_6_4_5_3_6_5_4_3_4_4_1	1	1099005.052329781698063	14272.342478973470861	2216794.110284149181098	1.845000000000000	-659408.418423944618553	0.090000000000000
5_5_5_2_3_3_4_2_2_2_1_3_6_6_4_5_3_4_10_4_3_6_5_2	-1	-1.000000000000000	-1.000000000000000	-1.000000000000000	-1.000000000000000	-596909.132636044523679	0.051000000000000
5_5_5_2_3_3_4_2_2_2_1_3_5_6_4_5_3_4_9_4_3_7_5_2	-1	-1.000000000000000	-1.000000000000000	-1.000000000000000	-1.000000000000000	-596581.229055407224223	0.046000000000000
8_5_6_2_3_3_4_2_2_2_2_3_6_7_4_5_3_5_5_4_3_4_4_1	-1	-1.000000000000000	-1.000000000000000	-1.000000000000000	-1.000000000000000	-645484.307185384677723	0.040000000000000
6_5_7_4_3_3_4_2_4_2_1_3_5_8_4_5_3_5_5_4_3_4_4_1	-1	-1.000000000000000	-1.000000000000000	-1.000000000000000	-1.000000000000000	-666514.993077988503501	0.053000000000000
8_5_7_2_3_3_4_2_2_2_3_3_6_6_4_5_3_5_5_4_3_5_4_1	-1	-1.000000000000000	-1.000000000000000	-1.000000000000000	-1.000000000000000	-655480.699241086258553	0.045000000000000
5_5_5_2_3_3_4_2_2_2_1_3_5_6_4_5_3_4_10_4_3_7_5_1	-1	-1.000000000000000	-1.000000000000000	-1.000000000000000	-1.000000000000000	-594975.410162386484444	0.046000000000000
7_5_7_4_4_3_4_2_2_2_3_3_5_6_4_5_3_5_5_4_3_4_4_1	-1	-1.000000000000000	-1.000000000000000	-1.000000000000000	-1.000000000000000	-661887.296583925723098	0.052000000000000
6_5_6_3_3_3_4_2_2_2_3_3_5_8_4_5_3_6_5_4_3_4_5_1	-1	-1.000000000000000	-1.000000000000000	-1.000000000000000	-1.000000000000000	-655386.558359975460917	0.046000000000000
7_5_6_2_3_3_4_2_2_2_3_3_5_8_4_5_3_7_5_4_3_4_4_1	-1	-1.000000000000000	-1.000000000000000	-1.000000000000000	-1.000000000000000	-656643.893689962918870	0.054000000000000
8_5_6_2_3_3_4_2_2_2_4_3_6_7_4_6_3_4_5_4_3_4_4_1	-1	-1.000000000000000	-1.000000000000000	-1.000000000000000	-1.000000000000000	-653023.466691471985541	0.056000000000000
8_5_7_3_3_3_4_2_2_2_3_4_5_6_4_5_3_5_5_4_3_4_4_1	-1	-1.000000000000000	-1.000000000000000	-1.000000000000000	-1.000000000000000	-659826.840694095124491	0.047000000000000
7_5_7_2_3_3_4_2_3_2_1_3_5_7_4_5_3_5_7_4_3_4_4_1	-1	-1.000000000000000	-1.000000000000000	-1.000000000000000	-1.000000000000000	-646167.940397957456298	0.053000000000000
6_5_5_2_3_3_4_2_2_2_1_3_5_6_4_5_3_4_10_4_3_4_5_2	1	1095174.131761773722246	14137.864399696962209	2383179.730106768198311	1.143000000000000	-606642.442717359983362	0.041000000000000
6_5_5_3_3_3_4_2_2_2_1_3_5_7_4_5_3_4_10_4_3_4_5_2	1	1095613.169616229832172	15032.079798616094195	2308357.168274223804474	3.417000000000000	-623074.068839953280985	0.041000000000000
5_5_5_2_3_3_4_2_2_2_1_3_5_6_4_5_3_4_10_4_3_6_6_2	-1	-1.000000000000000	-1.000000000000000	-1.000000000000000	-1.000000000000000	-596774.255475995014422	0.440000000000000
6_5_5_2_3_3_4_2_2_2_1_3_5_6_4_6_3_4_10_4_3_5_5_2	-1	-1.000000000000000	-1.000000000000000	-1.000000000000000	-1.000000000000000	-607824.748224965645932	0.054000000000000
5_5_5_2_3_3_4_2_2_2_1_3_5_6_4_5_3_4_11_4_3_6_5_2	-1	-1.000000000000000	-1.000000000000000	-1.000000000000000	-1.000000000000000	-597016.571258043753915	0.413000000000000
6_5_6_3_3_3_4_2_2_2_1_3_5_6_4_5_3_4_10_4_3_4_4_3	-1	-1.000000000000000	-1.000000000000000	-1.000000000000000	-1.000000000000000	-624924.329919856856577	0.058000000000000
8_5_7_2_3_3_4_2_2_2_3_3_6_6_4_5_3_5_5_4_3_4_4_1	1	1103868.684177417773753	14439.260863418136069	2223506.275016814004630	0.658000000000000	-655787.698608099832200	0.057000000000000
5_5_5_2_3_3_4_2_2_2_1_3_5_6_4_5_3_5_10_4_3_6_5_2	-1	-1.000000000000000	-1.000000000000000	-1.000000000000000	-1.000000000000000	-602579.144857353763655	0.399000000000000
7_5_6_2_3_3_4_2_3_2_1_3_5_7_4_5_3_5_7_4_3_4_4_2	-1	-1.000000000000000	-1.000000000000000	-1.000000000000000	-1.000000000000000	-643538.380895980750211	0.053000000000000
6_5_5_2_3_3_4_2_2_2_1_3_5_6_4_5_3_4_10_4_3_6_5_2	1	1095157.607100129593164	13828.279672775712243	2332014.289153560996056	1.145000000000000	-606399.991641218191944	0.382000000000000
6_5_5_3_3_3_4_2_2_2_1_3_5_6_4_5_3_3_10_4_3_4_5_2	-1	-1.000000000000000	-1.000000000000000	-1.000000000000000	-1.000000000000000	-603542.713423117646016	0.038000000000000
5_5_5_2_3_3_4_2_2_2_1_3_5_6_4_5_3_4_10_4_3_6_5_3	-1	-1.000000000000000	-1.000000000000000	-1.000000000000000	-1.000000000000000	-597374.626444798777811	0.063000000000000
5_5_5_2_3_3_4_2_2_2_1_3_5_6_4_5_3_4_10_5_3_6_5_2	-1	-1.000000000000000	-1.000000000000000	-1.000000000000000	-1.000000000000000	-596774.255475995014422	0.056000000000000
5_5_5_2_3_3_4_2_2_2_1_3_5_6_4_6_3_4_10_4_3_6_5_2	-1	-1.000000000000000	-1.000000000000000	-1.000000000000000	-1.000000000000000	-598294.110717694973573	0.419000000000000
5_5_5_2_3_3_4_2_3_2_1_3_5_6_4_5_3_4_10_4_3_6_5_2	-1	-1.000000000000000	-1.000000000000000	-1.000000000000000	-1.000000000000000	-602291.783255901536904	0.289000000000000
5_5_5_2_3_3_4_3_2_2_1_3_5_6_4_5_3_4_10_4_3_6_5_2	-1	-1.000000000000000	-1.000000000000000	-1.000000000000000	-1.000000000000000	-596774.255475995014422	0.052000000000000
5_5_5_2_3_3_4_2_2_2_1_3_5_6_4_5_4_4_10_4_3_6_5_2	-1	-1.000000000000000	-1.000000000000000	-1.000000000000000	-1.000000000000000	-598778.498459128430113	0.054000000000000
5_5_5_2_3_3_4_2_2_3_1_3_5_6_4_5_3_4_10_4_3_6_5_2	-1	-1.000000000000000	-1.000000000000000	-1.000000000000000	-1.000000000000000	-601099.578470537788235	0.057000000000000
5_5_5_2_3_4_4_2_2_2_1_3_5_6_4_5_3_4_10_4_3_6_5_2	-1	-1.000000000000000	-1.000000000000000	-1.000000000000000	-1.000000000000000	-596693.645880594500341	0.054000000000000
5_6_5_2_3_3_4_2_2_2_1_3_5_6_4_5_3_4_10_4_3_6_5_2	-1	-1.000000000000000	-1.000000000000000	-1.000000000000000	-1.000000000000000	-602704.319081362453289	0.051000000000000
5_5_5_2_3_3_4_2_2_2_1_3_5_6_4_5_3_4_10_4_3_5_5_2	1	1092022.258755035465583	13780.194080270131963	2377458.308675233740360	0.847000000000000	-596939.481327256886289	0.046000000000000
5_5_5_2_3_3_4_2_2_2_1_3_5_6_5_5_3_4_10_4_3_6_5_2	-1	-1.000000000000000	-1.000000000000000	-1.000000000000000	-1.000000000000000	-596734.729765278985724	0.049000000000000
8_5_6_2_3_3_4_2_2_2_3_3_5_8_4_5_3_5_5_4_3_4_4_1	1	1101065.464859102619812	14047.039412177051418	2258758.598312596324831	0.191000000000000	-656734.621062479098327	0.078000000000000
8_5_7_3_3_3_4_2_2_2_3_3_6_5_4_5_3_5_5_4_3_4_4_1	-1	-1.000000000000000	-1.000000000000000	-1.000000000000000	-1.000000000000000	-656770.693666772218421	0.056000000000000
5_5_5_2_4_3_4_2_2_2_1_3_5_6_4_5_3_4_10_4_3_6_5_2	-1	-1.000000000000000	-1.000000000000000	-1.000000000000000	-1.000000000000000	-596705.429245961015113	0.065000000000000
5_5_5_2_3_3_4_2_2_2_1_3_5_7_4_5_3_4_10_4_3_6_5_2	-1	-1.000000000000000	-1.000000000000000	-1.000000000000000	-1.000000000000000	-602446.797445188974962	0.059000000000000
6_5_7_3_3_3_4_2_2_2_1_3_5_6_4_5_3_4_10_4_3_4_4_2	-1	-1.000000000000000	-1.000000000000000	-1.000000000000000	-1.000000000000000	-630128.899209691444412	0.060000000000000
5_5_5_2_3_3_4_2_2_2_1_4_5_6_4_5_3_4_10_4_3_6_5_2	-1	-1.000000000000000	-1.000000000000000	-1.000000000000000	-1.000000000000000	-596774.255475995014422	0.054000000000000
7_5_5_3_3_3_4_2_2_2_3_3_5_8_4_5_3_6_5_4_3_4_4_1	-1	-1.000000000000000	-1.000000000000000	-1.000000000000000	-1.000000000000000	-653293.680373437935486	0.069000000000000
6_5_5_2_3_3_4_2_2_2_1_3_5_6_4_5_3_4_10_4_3_5_5_1	-1	-1.000000000000000	-1.000000000000000	-1.000000000000000	-1.000000000000000	-605366.768596743815579	0.042000000000000
5_5_5_2_3_3_4_2_2_2_2_3_5_6_4_5_3_4_10_4_3_6_5_2	-1	-1.000000000000000	-1.000000000000000	-1.000000000000000	-1.000000000000000	-601521.774334596702829	0.050000000000000
5_5_5_3_3_3_4_2_2_2_1_3_5_6_4_5_3_4_10_4_3_6_5_2	-1	-1.000000000000000	-1.000000000000000	-1.000000000000000	-1.000000000000000	-604943.791230429429561	0.049000000000000
5_5_5_2_3_3_4_2_2_2_1_3_5_6_4_5_3_4_10_4_3_6_4_2	1	1092030.642766481731087	13773.513773258488072	2380119.497704009525478	0.845000000000000	-596774.255475995014422	0.049000000000000
6_5_6_4_3_3_4_2_2_2_1_3_5_6_4_5_3_4_10_4_3_4_4_2	-1	-1.000000000000000	-1.000000000000000	-1.000000000000000	-1.000000000000000	-631257.208041471429169	0.056000000000000
5_5_5_2_3_3_4_2_2_2_1_3_5_6_4_5_3_3_10_4_3_6_5_2	-1	-1.000000000000000	-1.000000000000000	-1.000000000000000	-1.000000000000000	-584285.754433592897840	0.054000000000000
7_6_7_3_3_3_4_2_2_2_3_3_5_6_4_5_3_5_5_4_3_4_4_1	1	1096036.181313134264201	14213.154242090782645	2205899.270560206845403	1.263000000000000	-659473.490958738839254	0.064000000000000
6_5_5_3_3_3_4_2_2_2_1_3_5_6_4_5_4_4_10_4_3_4_5_2	-1	-1.000000000000000	-1.000000000000000	-1.000000000000000	-1.000000000000000	-618094.499486331013031	0.040000000000000
6_6_8_4_4_3_4_2_3_2_1_3_5_6_4_5_3_5_5_4_3_4_4_1	-1	-1.000000000000000	-1.000000000000000	-1.000000000000000	-1.000000000000000	-657922.023876456776634	0.054000000000000
5_5_5_2_3_3_4_2_2_2_1_3_5_6_4_5_3_4_9_4_3_6_5_2	-1	-1.000000000000000	-1.000000000000000	-1.000000000000000	-1.000000000000000	-596569.889284626580775	0.050000000000000
6_5_7_4_3_3_4_2_2_2_3_3_5_8_4_5_3_5_5_4_3_4_4_1	-1	-1.000000000000000	-1.000000000000000	-1.000000000000000	-1.000000000000000	-666924.079307623207569	0.041000000000000
6_5_5_2_3_3_4_2_2_2_1_3_5_6_4_5_3_4_10_4_3_5_5_2	1	1095260.873593786032870	13950.163992817291728	2354142.368847019504756	1.318000000000000	-606668.222584812552668	0.050000000000000
9_5_6_2_3_3_4_2_2_2_3_3_5_7_4_5_3_6_5_4_3_4_4_1	-1	-1.000000000000000	-1.000000000000000	-1.000000000000000	-1.000000000000000	-659984.214289253810421	0.044000000000000
6_5_7_4_3_4_4_2_2_2_3_3_5_7_4_5_3_5_5_4_3_4_4_1	-1	-1.000000000000000	-1.000000000000000	-1.000000000000000	-1.000000000000000	-662549.996459222631529	0.050000000000000
6_6_7_4_3_3_4_3_4_2_1_3_5_6_4_5_3_5_5_4_3_4_4_1	-1	-1.000000000000000	-1.000000000000000	-1.000000000000000	-1.000000000000000	-661664.586098904022947	0.043000000000000
6_6_7_4_3_3_4_2_4_2_1_3_5_6_4_5_3_5_5_4_3_5_4_1	-1	-1.000000000000000	-1.000000000000000	-1.000000000000000	-1.000000000000000	-660386.915519733447582	0.045000000000000
7_5_7_3_3_3_4_2_3_2_1_3_5_7_4_5_3_5_6_4_3_5_4_1	-1	-1.000000000000000	-1.000000000000000	-1.000000000000000	-1.000000000000000	-658512.963073044549674	0.049000000000000
7_5_7_3_3_3_4_2_3_2_1_3_5_6_4_5_3_5_6_4_3_4_4_1	-1	-1.000000000000000	-1.000000000000000	-1.000000000000000	-1.000000000000000	-647362.047088265302591	0.041000000000000
5_5_6_2_3_3_4_2_2_2_1_3_5_6_4_5_3_4_10_4_3_5_5_2	1	1090901.033109414856881	13931.595963009276602	2320097.736717086285353	0.923000000000000	-605243.743185711791739	0.061000000000000
5_5_7_4_3_3_4_2_2_2_3_3_5_7_4_5_3_5_5_4_3_4_4_1	-1	-1.000000000000000	-1.000000000000000	-1.000000000000000	-1.000000000000000	-650159.401416737702675	0.046000000000000
6_5_5_3_3_3_4_2_2_2_1_3_5_6_4_5_3_4_10_4_4_4_5_2	-1	-1.000000000000000	-1.000000000000000	-1.000000000000000	-1.000000000000000	-616046.152336463565007	0.042000000000000
6_5_6_2_3_3_4_2_2_2_1_3_5_6_4_5_3_4_10_4_3_5_5_2	-1	-1.000000000000000	-1.000000000000000	-1.000000000000000	-1.000000000000000	-613477.058685284806415	0.046000000000000
8_5_7_3_3_3_4_2_2_2_4_3_6_5_4_5_3_4_5_4_3_4_4_1	1	1104599.785390362376347	14695.587697223478244	2256180.358643532730639	0.843000000000000	-654468.212964043486863	0.072000000000000
6_6_5_2_3_3_4_2_2_2_1_3_5_6_4_5_3_4_10_4_3_5_5_2	-1	-1.000000000000000	-1.000000000000000	-1.000000000000000	-1.000000000000000	-611362.141711356234737	0.049000000000000
6_5_5_2_3_3_4_2_2_2_1_3_6_6_4_5_3_4_10_4_3_5_5_2	-1	-1.000000000000000	-1.000000000000000	-1.000000000000000	-1.000000000000000	-608823.816197626059875	0.045000000000000
6_5_5_2_3_3_4_2_2_2_1_4_5_6_4_5_3_4_10_4_3_5_5_2	-1	-1.000000000000000	-1.000000000000000	-1.000000000000000	-1.000000000000000	-606668.222584812552668	0.057000000000000
7_5_7_4_3_3_4_2_2_2_3_3_5_7_4_5_3_4_5_4_3_4_4_1	-1	-1.000000000000000	-1.000000000000000	-1.000000000000000	-1.000000000000000	-660233.569688109797426	0.090000000000000
6_6_7_3_3_3_4_2_4_2_1_3_5_7_4_5_3_5_5_4_3_4_4_1	-1	-1.000000000000000	-1.000000000000000	-1.000000000000000	-1.000000000000000	-659741.174681346165016	0.048000000000000
6_5_5_2_3_3_4_2_2_3_1_3_5_6_4_5_3_4_10_4_3_5_5_2	-1	-1.000000000000000	-1.000000000000000	-1.000000000000000	-1.000000000000000	-611117.494198019034229	0.056000000000000
6_5_5_2_3_3_4_2_2_2_1_3_5_6_4_5_3_4_10_4_3_5_5_3	-1	-1.000000000000000	-1.000000000000000	-1.000000000000000	-1.000000000000000	-607130.786618008976802	0.048000000000000
6_5_6_3_3_3_4_2_2_2_2_3_5_6_4_5_3_4_10_4_3_4_4_2	-1	-1.000000000000000	-1.000000000000000	-1.000000000000000	-1.000000000000000	-630443.495758148841560	0.058000000000000
6_5_4_2_3_3_4_2_2_2_1_3_5_6_4_5_3_4_10_4_3_5_5_2	-1	-1.000000000000000	-1.000000000000000	-1.000000000000000	-1.000000000000000	-596778.299127685721032	0.041000000000000
6_5_5_2_3_3_4_2_2_2_1_3_5_6_5_5_3_4_10_4_3_5_5_2	-1	-1.000000000000000	-1.000000000000000	-1.000000000000000	-1.000000000000000	-606655.087708696955815	0.045000000000000
6_6_8_4_3_3_4_3_2_2_2_3_5_6_4_5_3_4_5_4_3_4_4_1	-1	-1.000000000000000	-1.000000000000000	-1.000000000000000	-1.000000000000000	-652116.381551517872140	0.045000000000000
6_5_5_3_3_3_4_2_2_2_2_3_5_6_4_5_3_4_10_4_3_4_5_2	-1	-1.000000000000000	-1.000000000000000	-1.000000000000000	-1.000000000000000	-621412.934897923027165	0.044000000000000
6_5_5_2_3_3_4_2_2_2_1_3_5_6_4_5_3_4_10_5_3_5_5_2	-1	-1.000000000000000	-1.000000000000000	-1.000000000000000	-1.000000000000000	-606668.222584812552668	0.045000000000000
6_5_5_2_3_3_4_2_2_2_1_3_5_6_4_5_3_5_10_4_3_5_5_2	1	1095037.700828501256183	13980.884060842628969	2315310.435728692449629	1.262000000000000	-613550.960726430523209	0.045000000000000
6_5_5_2_3_3_5_2_2_2_1_3_5_6_4_5_3_4_10_4_3_5_5_2	-1	-1.000000000000000	-1.000000000000000	-1.000000000000000	-1.000000000000000	-606668.222584812552668	0.044000000000000
6_5_5_2_3_3_4_3_2_2_1_3_5_6_4_5_3_4_10_4_3_5_5_2	-1	-1.000000000000000	-1.000000000000000	-1.000000000000000	-1.000000000000000	-606668.222584812552668	0.044000000000000
6_5_5_2_4_3_4_2_2_2_1_3_5_6_4_5_3_4_10_4_3_5_5_2	-1	-1.000000000000000	-1.000000000000000	-1.000000000000000	-1.000000000000000	-606607.360813615960069	0.044000000000000
6_5_5_3_3_3_4_2_2_2_1_4_5_6_4_5_3_4_10_4_3_4_5_2	-1	-1.000000000000000	-1.000000000000000	-1.000000000000000	-1.000000000000000	-616046.152336463565007	0.040000000000000
6_5_5_2_3_3_4_2_3_2_1_3_5_6_4_5_3_4_10_4_3_5_5_2	-1	-1.000000000000000	-1.000000000000000	-1.000000000000000	-1.000000000000000	-613021.329886441119015	0.044000000000000
6_5_5_2_3_3_4_2_2_2_1_3_5_6_4_5_4_4_10_4_3_5_5_2	-1	-1.000000000000000	-1.000000000000000	-1.000000000000000	-1.000000000000000	-608668.702146707102656	0.045000000000000
6_5_6_3_3_3_4_2_3_2_1_3_5_7_4_5_3_5_7_4_3_4_4_2	-1	-1.000000000000000	-1.000000000000000	-1.000000000000000	-1.000000000000000	-646534.543134782230482	0.046000000000000
6_5_6_3_4_3_4_2_2_2_1_3_5_6_4_5_3_4_10_4_3_4_4_2	-1	-1.000000000000000	-1.000000000000000	-1.000000000000000	-1.000000000000000	-624788.669096565106884	0.058000000000000
5_5_8_4_3_3_4_3_2_2_2_3_5_7_4_5_3_5_5_4_3_4_4_1	-1	-1.000000000000000	-1.000000000000000	-1.000000000000000	-1.000000000000000	-651674.955091593787074	0.055000000000000
6_5_5_2_3_3_4_2_2_2_1_3_5_6_4_5_3_4_10_4_4_5_5_2	-1	-1.000000000000000	-1.000000000000000	-1.000000000000000	-1.000000000000000	-606668.222584812552668	0.044000000000000
7_6_7_4_3_3_4_2_2_2_2_3_5_6_4_5_3_5_5_4_3_4_4_1	-1	-1.000000000000000	-1.000000000000000	-1.000000000000000	-1.000000000000000	-655455.165570735582151	0.054000000000000
6_5_5_2_3_3_4_2_2_2_2_3_5_6_4_5_3_4_10_4_3_5_5_2	-1	-1.000000000000000	-1.000000000000000	-1.000000000000000	-1.000000000000000	-611972.388562151114456	0.044000000000000
6_5_7_3_3_3_4_2_3_2_1_3_5_7_4_5_3_5_7_4_3_4_4_1	1	1094581.096583825303242	14215.510495594317035	2242382.298965657129884	0.979000000000000	-651404.843887952505611	0.059000000000000
6_5_5_2_3_3_4_2_2_2_1_3_5_6_4_5_3_4_10_4_3_5_4_2	1	1095183.621149286162108	14166.492897205946065	2382532.656345519237220	1.414000000000000	-606668.222584812552668	0.044000000000000
6_5_5_2_3_3_4_2_2_2_1_3_5_6_4_5_3_3_10_4_3_5_5_2	-1	-1.000000000000000	-1.000000000000000	-1.000000000000000	-1.000000000000000	-594375.205359324463643	0.045000000000000
8_5_6_3_3_3_4_2_2_2_3_3_6_6_4_5_4_5_5_4_3_4_4_1	-1	-1.000000000000000	-1.000000000000000	-1.000000000000000	-1.000000000000000	-657661.532126054400578	0.046000000000000
6_6_6_2_3_3_5_2_2_2_3_3_5_8_4_5_3_6_5_4_3_4_4_1	-1	-1.000000000000000	-1.000000000000000	-1.000000000000000	-1.000000000000000	-651809.263716033543460	0.047000000000000
7_5_7_4_3_3_4_2_2_2_3_3_5_6_5_5_3_5_5_4_3_4_4_1	-1	-1.000000000000000	-1.000000000000000	-1.000000000000000	-1.000000000000000	-661928.462979672360234	0.057000000000000
6_5_5_2_3_3_4_2_2_2_1_3_5_6_4_5_3_4_9_4_3_5_5_2	-1	-1.000000000000000	-1.000000000000000	-1.000000000000000	-1.000000000000000	-606448.766764806001447	0.042000000000000
8_5_5_2_3_3_4_2_2_2_3_3_6_7_4_5_3_6_5_4_3_4_4_1	-1	-1.000000000000000	-1.000000000000000	-1.000000000000000	-1.000000000000000	-650322.894765773788095	0.048000000000000
6_5_5_2_3_3_4_2_2_2_1_3_5_5_4_5_3_4_10_4_3_5_5_2	-1	-1.000000000000000	-1.000000000000000	-1.000000000000000	-1.000000000000000	-597178.024645171244629	0.043000000000000
5_5_6_3_3_3_4_2_2_2_1_3_5_6_4_5_3_5_9_4_3_4_4_2	-1	-1.000000000000000	-1.000000000000000	-1.000000000000000	-1.000000000000000	-621882.457836183719337	0.037000000000000
7_5_7_4_3_3_4_2_2_2_2_3_5_7_4_5_3_5_5_5_3_4_4_1	-1	-1.000000000000000	-1.000000000000000	-1.000000000000000	-1.000000000000000	-659664.787027429090813	0.041000000000000
6_6_6_2_3_3_4_2_2_2_3_3_5_8_5_5_3_6_5_4_3_4_4_1	-1	-1.000000000000000	-1.000000000000000	-1.000000000000000	-1.000000000000000	-651488.843410773086362	0.047000000000000
7_6_7_3_3_3_4_2_4_2_1_3_5_7_4_5_3_5_5_4_3_4_4_1	-1	-1.000000000000000	-1.000000000000000	-1.000000000000000	-1.000000000000000	-665989.920582060236484	0.041000000000000
8_5_7_2_3_3_4_2_2_2_5_3_6_6_4_5_3_4_5_4_3_4_4_1	-1	-1.000000000000000	-1.000000000000000	-1.000000000000000	-1.000000000000000	-653810.311440792167559	0.052000000000000
6_5_5_3_3_3_4_2_2_2_1_3_5_6_4_5_3_4_10_4_3_5_4_2	1	1095826.064377448754385	15110.586760968770250	2339016.806723655201495	1.106000000000000	-615591.588497105170973	0.043000000000000
7_5_7_3_3_3_4_2_4_2_1_3_5_7_4_5_4_5_5_4_3_4_4_1	-1	-1.000000000000000	-1.000000000000000	-1.000000000000000	-1.000000000000000	-662150.650198390474543	0.048000000000000
7_5_6_3_3_4_4_2_3_2_1_3_5_7_4_5_3_5_7_4_3_4_4_1	-1	-1.000000000000000	-1.000000000000000	-1.000000000000000	-1.000000000000000	-651660.565611901809461	0.046000000000000
6_6_8_4_3_3_4_4_2_2_1_3_5_6_4_5_3_5_5_4_3_4_4_1	-1	-1.000000000000000	-1.000000000000000	-1.000000000000000	-1.000000000000000	-655598.659168996266089	0.046000000000000
6_6_6_3_3_3_4_2_2_2_3_3_5_8_4_6_3_5_5_4_3_4_4_1	-1	-1.000000000000000	-1.000000000000000	-1.000000000000000	-1.000000000000000	-657621.800491524976678	0.059000000000000
6_5_5_2_3_3_4_2_2_2_1_3_5_6_4_5_3_5_10_4_3_5_4_2	1	1094959.513289306778461	14133.476049770521058	2343700.723227193579078	1.058000000000000	-613550.960726430523209	0.041000000000000
6_5_6_3_3_3_4_2_2_2_3_3_5_8_4_5_3_5_5_4_3_4_4_1	1	1094951.784862742293626	14234.418688472931535	2261219.070498813409358	0.999000000000000	-652208.571024565026164	0.059000000000000
8_5_6_2_3_3_4_2_2_2_3_4_5_7_4_5_3_6_5_4_3_4_4_1	-1	-1.000000000000000	-1.000000000000000	-1.000000000000000	-1.000000000000000	-656158.589977670228109	0.043000000000000
6_5_5_3_3_3_4_2_2_2_1_3_5_6_4_5_3_3_10_4_3_5_5_2	-1	-1.000000000000000	-1.000000000000000	-1.000000000000000	-1.000000000000000	-603080.729967001476325	0.042000000000000
7_5_7_4_3_3_4_2_2_2_2_3_5_7_4_5_3_4_5_4_3_4_4_1	-1	-1.000000000000000	-1.000000000000000	-1.000000000000000	-1.000000000000000	-649512.369175980216824	0.040000000000000
8_5_7_2_3_3_4_2_2_2_4_3_6_6_4_5_3_4_5_5_3_4_4_1	-1	-1.000000000000000	-1.000000000000000	-1.000000000000000	-1.000000000000000	-653176.564272379735485	0.073000000000000
8_5_6_3_3_3_4_2_2_2_3_3_6_6_4_5_3_5_5_4_3_4_4_2	-1	-1.000000000000000	-1.000000000000000	-1.000000000000000	-1.000000000000000	-659838.562333754496649	0.045000000000000
8_5_6_2_3_3_4_2_2_2_3_3_6_7_4_6_3_5_5_4_3_4_4_1	-1	-1.000000000000000	-1.000000000000000	-1.000000000000000	-1.000000000000000	-656943.163900595158339	0.045000000000000
7_5_6_2_3_3_4_2_2_2_3_3_5_8_4_5_3_6_5_4_4_4_4_1	-1	-1.000000000000000	-1.000000000000000	-1.000000000000000	-1.000000000000000	-656190.148764966172166	0.047000000000000
5_5_5_3_3_3_4_2_2_2_1_3_5_6_4_5_3_4_10_4_3_5_5_2	-1	-1.000000000000000	-1.000000000000000	-1.000000000000000	-1.000000000000000	-606402.289830768713728	0.040000000000000
6_6_8_4_3_3_4_3_2_2_1_3_5_6_4_5_3_6_5_4_3_4_4_1	-1	-1.000000000000000	-1.000000000000000	-1.000000000000000	-1.000000000000000	-659445.999909629230388	0.046000000000000
7_5_7_3_3_3_4_2_2_2_3_3_5_7_4_5_3_6_5_4_3_4_4_1	-1	-1.000000000000000	-1.000000000000000	-1.000000000000000	-1.000000000000000	-666998.301599303726107	0.043000000000000
7_6_7_3_3_3_4_2_3_2_1_3_5_7_4_5_3_5_6_4_3_4_4_1	-1	-1.000000000000000	-1.000000000000000	-1.000000000000000	-1.000000000000000	-658730.706778461229987	0.053000000000000
7_6_6_3_3_3_4_2_3_2_1_3_5_7_4_5_3_5_7_4_3_4_4_1	-1	-1.000000000000000	-1.000000000000000	-1.000000000000000	-1.000000000000000	-654624.136344684986398	0.045000000000000
6_5_5_3_3_3_4_2_2_2_1_3_5_5_4_5_3_4_10_4_3_5_5_2	-1	-1.000000000000000	-1.000000000000000	-1.000000000000000	-1.000000000000000	-605736.127700646757148	0.042000000000000
6_5_5_3_3_3_4_2_2_2_1_3_5_6_4_5_3_4_9_4_3_5_5_2	-1	-1.000000000000000	-1.000000000000000	-1.000000000000000	-1.000000000000000	-615368.863913606503047	0.040000000000000
6_5_4_3_3_3_4_2_2_2_1_3_5_6_4_5_3_4_10_4_3_5_5_2	-1	-1.000000000000000	-1.000000000000000	-1.000000000000000	-1.000000000000000	-604585.500187127967365	0.038000000000000
6_5_7_3_3_3_4_2_2_2_3_3_5_7_4_5_3_5_5_4_3_4_4_1	-1	-1.000000000000000	-1.000000000000000	-1.000000000000000	-1.000000000000000	-655060.869915156275965	0.040000000000000
6_6_7_4_3_3_4_2_4_2_1_3_5_7_4_5_3_5_5_4_3_4_4_1	1	1092693.797449802048504	14340.104815904127463	2180871.907226937822998	0.862000000000000	-668687.663208025391214	0.047000000000000
7_5_6_3_3_3_4_2_3_2_1_3_5_5_4_5_3_5_7_4_3_4_4_2	-1	-1.000000000000000	-1.000000000000000	-1.000000000000000	-1.000000000000000	-637038.000366216292605	0.041000000000000
6_5_5_3_3_3_4_2_2_2_1_3_5_6_4_5_3_4_10_4_3_4_5_2	1	1095813.916068799095228	15114.317453881620168	2339670.642546117771417	1.040000000000000	-616046.152336463565007	0.037000000000000
8_5_7_2_3_3_4_3_2_2_4_3_6_6_4_5_3_4_5_4_3_4_4_1	-1	-1.000000000000000	-1.000000000000000	-1.000000000000000	-1.000000000000000	-652676.182585214963183	0.079000000000000
6_5_7_4_3_3_5_2_2_2_3_3_5_7_4_5_3_5_5_4_3_4_4_1	-1	-1.000000000000000	-1.000000000000000	-1.000000000000000	-1.000000000000000	-662621.561579717206769	0.044000000000000
7_5_8_3_3_3_4_2_4_2_1_3_5_7_4_5_3_5_5_4_3_4_4_1	-1	-1.000000000000000	-1.000000000000000	-1.000000000000000	-1.000000000000000	-665773.306780869606882	0.042000000000000
7_5_6_4_3_3_4_2_2_2_2_3_5_7_4_5_3_5_5_4_3_4_4_1	-1	-1.000000000000000	-1.000000000000000	-1.000000000000000	-1.000000000000000	-651746.737666463013738	0.042000000000000
8_5_7_2_3_3_4_2_2_2_3_3_6_6_4_5_3_5_5_4_4_4_4_1	-1	-1.000000000000000	-1.000000000000000	-1.000000000000000	-1.000000000000000	-656256.883871871628799	0.046000000000000
6_5_5_3_3_3_4_2_2_2_1_3_5_6_4_5_3_5_9_4_3_4_4_2	-1	-1.000000000000000	-1.000000000000000	-1.000000000000000	-1.000000000000000	-623209.794550765189342	0.039000000000000
8_5_7_2_3_3_5_2_2_2_3_3_6_6_4_5_3_5_5_4_3_4_4_1	-1	-1.000000000000000	-1.000000000000000	-1.000000000000000	-1.000000000000000	-656142.329316945630126	0.044000000000000
6_5_8_4_3_3_4_3_3_2_2_3_5_6_4_5_3_5_5_4_3_4_4_1	-1	-1.000000000000000	-1.000000000000000	-1.000000000000000	-1.000000000000000	-656948.302492743008770	0.043000000000000
7_5_7_4_3_3_4_2_2_2_3_3_5_6_4_6_3_5_5_4_3_4_4_1	-1	-1.000000000000000	-1.000000000000000	-1.000000000000000	-1.000000000000000	-661937.316115825902671	0.054000000000000
8_5_6_3_3_3_4_3_2_2_3_3_6_6_4_5_3_5_5_4_3_4_4_1	-1	-1.000000000000000	-1.000000000000000	-1.000000000000000	-1.000000000000000	-658760.926103453966789	0.045000000000000
6_6_7_3_3_3_4_2_2_2_3_3_5_8_4_5_3_5_5_4_3_4_4_1	-1	-1.000000000000000	-1.000000000000000	-1.000000000000000	-1.000000000000000	-664852.105028325691819	0.049000000000000
6_5_5_3_3_3_4_2_2_2_1_3_5_6_4_5_3_4_10_4_3_5_5_1	-1	-1.000000000000000	-1.000000000000000	-1.000000000000000	-1.000000000000000	-614083.787608410231769	0.038000000000000
6_5_5_4_3_3_4_2_2_2_1_3_5_6_4_5_3_4_10_4_3_4_5_2	-1	-1.000000000000000	-1.000000000000000	-1.000000000000000	-1.000000000000000	-621213.346785855595954	0.042000000000000
6_5_5_3_3_3_4_2_2_2_1_3_5_6_4_5_3_4_10_4_3_4_5_3	-1	-1.000000000000000	-1.000000000000000	-1.000000000000000	-1.000000000000000	-616438.553166113328189	0.040000000000000
6_5_5_3_3_3_4_2_2_2_1_3_5_6_4_6_3_4_10_4_3_4_5_2	-1	-1.000000000000000	-1.000000000000000	-1.000000000000000	-1.000000000000000	-617596.063262170646340	0.040000000000000
6_5_8_4_3_3_4_3_3_2_1_3_5_6_4_5_3_5_5_4_3_4_4_1	-1	-1.000000000000000	-1.000000000000000	-1.000000000000000	-1.000000000000000	-656948.302492743008770	0.065000000000000
7_5_5_3_3_3_4_2_2_2_1_3_5_6_4_5_3_4_10_4_3_4_5_2	-1	-1.000000000000000	-1.000000000000000	-1.000000000000000	-1.000000000000000	-621782.587807670352049	0.040000000000000
8_5_7_2_3_3_4_2_2_2_4_3_6_7_4_5_3_3_5_4_3_4_4_1	-1	-1.000000000000000	-1.000000000000000	-1.000000000000000	-1.000000000000000	-649081.037788272718899	0.072000000000000
6_5_6_3_3_3_4_2_2_2_1_3_5_7_4_5_3_5_8_4_3_4_4_2	1	1094439.654490347951651	14317.716337670870416	2254712.339492280501872	1.268000000000000	-639189.954682648531161	0.053000000000000
6_5_5_3_3_3_4_2_3_2_1_3_5_6_4_5_3_4_10_4_3_4_5_2	-1	-1.000000000000000	-1.000000000000000	-1.000000000000000	-1.000000000000000	-622228.031223919708282	0.041000000000000
6_5_5_3_3_3_4_2_2_2_1_3_5_6_5_5_3_4_10_4_3_4_5_2	-1	-1.000000000000000	-1.000000000000000	-1.000000000000000	-1.000000000000000	-616068.339289610623382	0.040000000000000
6_5_6_3_3_3_4_2_2_2_1_3_5_6_4_5_3_4_10_4_3_4_5_2	1	1094908.016474650474265	14251.308594944945071	2281669.268118070438504	1.648000000000000	-624167.201804084470496	0.041000000000000
6_5_4_3_3_3_4_2_2_2_1_3_5_6_4_5_3_4_10_4_3_4_5_2	-1	-1.000000000000000	-1.000000000000000	-1.000000000000000	-1.000000000000000	-605127.689509775489569	0.040000000000000
6_5_5_3_3_3_4_2_2_2_1_3_5_6_4_5_3_4_10_4_3_4_6_2	-1	-1.000000000000000	-1.000000000000000	-1.000000000000000	-1.000000000000000	-614412.562426045071334	0.043000000000000
6_5_5_3_3_3_4_2_2_2_1_3_5_6_4_5_3_5_10_4_3_4_5_2	-1	-1.000000000000000	-1.000000000000000	-1.000000000000000	-1.000000000000000	-622724.393512927228585	0.043000000000000
6_5_5_3_4_3_4_2_2_2_1_3_5_6_4_5_3_4_10_4_3_4_5_2	-1	-1.000000000000000	-1.000000000000000	-1.000000000000000	-1.000000000000000	-615976.224325286224484	0.039000000000000
7_5_6_4_3_3_4_2_4_2_1_3_5_7_4_5_3_5_5_4_3_4_4_1	-1	-1.000000000000000	-1.000000000000000	-1.000000000000000	-1.000000000000000	-661319.639415436191484	0.075000000000000
6_6_5_3_3_3_4_2_2_2_1_3_5_6_4_5_3_4_10_4_3_4_5_2	-1	-1.000000000000000	-1.000000000000000	-1.000000000000000	-1.000000000000000	-619910.057604872272350	0.042000000000000
6_6_8_4_3_3_4_3_2_2_1_3_5_6_4_5_3_5_5_4_3_4_4_1	1	1093270.420455781975761	14376.780762372731260	2183021.878531807567924	0.945000000000000	-654985.359967576339841	0.050000000000000
7_5_7_3_3_3_4_2_2_2_3_3_5_7_4_5_3_5_5_4_3_4_4_1	1	1099043.914742770604789	14216.759423618266737	2213676.880717768799514	1.521000000000000	-662865.218590921256691	0.086000000000000
6_5_6_3_3_3_4_2_2_2_1_3_5_7_4_5_3_4_9_4_3_4_4_2	1	1094686.427297266433015	14358.200604813631799	2287345.539424447808415	1.055000000000000	-631642.490167173091322	0.041000000000000
6_6_8_4_3_3_4_2_4_2_1_3_5_5_4_5_3_5_5_4_3_4_4_1	1	1093132.984053058549762	14452.903175725885376	2218440.296273877378553	0.880000000000000	-656388.362606561277062	0.084000000000000
6_5_5_3_3_3_4_2_2_3_1_3_5_6_4_5_3_4_10_4_3_4_5_2	-1	-1.000000000000000	-1.000000000000000	-1.000000000000000	-1.000000000000000	-620721.061149140237831	0.039000000000000
6_5_5_3_3_3_5_2_2_2_1_3_5_6_4_5_3_4_10_4_3_4_5_2	-1	-1.000000000000000	-1.000000000000000	-1.000000000000000	-1.000000000000000	-616046.152336463565007	0.041000000000000
6_5_5_3_3_3_4_2_2_2_1_3_5_6_4_5_3_4_10_4_3_4_4_2	1	1095594.154250019928440	15218.376200192684337	2372449.647297713905573	1.312000000000000	-616812.470981507678516	0.038000000000000
6_5_5_3_3_3_4_2_2_2_1_3_5_5_4_5_3_4_10_4_3_4_5_2	-1	-1.000000000000000	-1.000000000000000	-1.000000000000000	-1.000000000000000	-606174.829533910728060	0.039000000000000
5_5_6_3_3_3_4_2_2_2_1_3_5_6_4_5_3_4_10_4_3_4_4_2	-1	-1.000000000000000	-1.000000000000000	-1.000000000000000	-1.000000000000000	-616192.666349307633936	0.053000000000000
5_5_5_3_3_3_4_2_2_2_1_3_5_6_4_5_3_4_10_4_3_4_5_2	-1	-1.000000000000000	-1.000000000000000	-1.000000000000000	-1.000000000000000	-606755.884870009962469	0.041000000000000
8_5_6_2_3_3_4_2_2_2_4_3_6_7_4_5_3_4_5_5_3_4_4_1	-1	-1.000000000000000	-1.000000000000000	-1.000000000000000	-1.000000000000000	-653947.674126912490465	0.050000000000000
6_5_6_4_3_3_4_2_2_2_1_3_5_6_4_5_3_5_9_4_3_4_4_2	-1	-1.000000000000000	-1.000000000000000	-1.000000000000000	-1.000000000000000	-639061.299136930727400	0.040000000000000
6_5_5_3_3_3_4_2_2_2_1_3_5_6_4_5_3_4_9_4_3_4_5_2	1	1095697.688146078027785	14987.859515067651955	2344901.515951857436448	1.329000000000000	-615823.202257350552827	0.040000000000000
7_5_6_3_3_3_4_2_2_2_2_3_5_8_4_5_3_5_5_4_3_4_4_1	-1	-1.000000000000000	-1.000000000000000	-1.000000000000000	-1.000000000000000	-650241.578250131569803	0.046000000000000
6_5_7_4_3_3_4_2_2_2_2_3_5_7_4_5_3_5_5_4_3_4_4_1	1	1094868.966028301510960	14215.517627801578783	2227547.657521561719477	1.206000000000000	-653573.374477789271623	0.044000000000000
6_5_6_3_3_3_4_2_2_2_1_3_5_6_4_5_3_4_10_4_3_4_4_2	1	1094835.074644348584116	14449.342394807859819	2313821.843909370247275	1.663000000000000	-624862.021005322458223	0.050000000000000
6_6_8_5_3_3_4_2_3_2_1_3_5_6_4_5_3_5_5_4_3_4_4_1	-1	-1.000000000000000	-1.000000000000000	-1.000000000000000	-1.000000000000000	-661994.854979385039769	0.056000000000000
7_5_6_3_3_3_4_2_3_2_1_3_5_7_4_5_3_5_7_5_3_4_4_1	-1	-1.000000000000000	-1.000000000000000	-1.000000000000000	-1.000000000000000	-653317.107022136915475	0.040000000000000
7_5_6_3_3_3_4_2_3_2_1_3_5_6_4_5_3_5_8_4_3_4_4_2	1	1098159.364610082237050	14732.139641109650256	2248562.608365361113101	1.356000000000000	-647866.112226264318451	0.045000000000000
6_6_8_4_3_3_4_2_3_2_1_3_5_6_4_5_3_5_5_5_3_4_4_1	-1	-1.000000000000000	-1.000000000000000	-1.000000000000000	-1.000000000000000	-658835.329885994549841	0.055000000000000
6_5_5_3_3_3_4_2_2_2_1_3_5_7_4_5_3_4_10_4_3_4_4_2	1	1095389.229835734004155	15126.868386145459226	2340897.341825348790735	1.473000000000000	-623501.607933514402248	0.070000000000000
7_5_6_3_3_3_4_2_2_2_1_3_5_6_4_5_3_4_10_4_3_4_4_2	-1	-1.000000000000000	-1.000000000000000	-1.000000000000000	-1.000000000000000	-631744.770011954009533	0.063000000000000
6_5_6_3_3_3_4_2_2_2_1_3_5_6_4_5_3_4_10_4_4_4_4_2	-1	-1.000000000000000	-1.000000000000000	-1.000000000000000	-1.000000000000000	-624862.021005322458223	0.055000000000000
6_5_6_3_3_3_4_2_3_2_1_3_5_6_4_5_3_4_10_4_3_4_4_2	-1	-1.000000000000000	-1.000000000000000	-1.000000000000000	-1.000000000000000	-631268.070879370323382	0.062000000000000
7_6_6_2_3_3_4_2_2_2_3_3_5_8_4_5_3_5_5_4_3_4_4_1	-1	-1.000000000000000	-1.000000000000000	-1.000000000000000	-1.000000000000000	-655262.206688007805496	0.053000000000000
7_5_7_3_3_3_4_2_4_2_1_3_5_7_4_5_3_5_5_4_3_4_4_1	1	1098404.486036456422880	14216.748602999687137	2227644.490140465553850	1.439000000000000	-662137.667491270694882	0.059000000000000
6_5_6_3_3_3_4_2_2_2_1_3_5_6_4_5_3_5_10_4_3_4_4_2	1	1094529.690877170534804	14408.858127665098436	2275286.300197535194457	1.245000000000000	-632309.720024590613320	0.061000000000000
6_6_6_3_3_3_4_2_2_2_1_3_5_6_4_5_3_4_10_4_3_4_4_2	-1	-1.000000000000000	-1.000000000000000	-1.000000000000000	-1.000000000000000	-628983.802327794954181	0.066000000000000
6_5_6_3_3_3_4_2_2_2_1_3_5_6_4_6_3_4_10_4_3_4_4_2	-1	-1.000000000000000	-1.000000000000000	-1.000000000000000	-1.000000000000000	-624458.673084070673212	0.062000000000000
6_5_6_3_3_3_4_3_2_2_1_3_5_6_4_5_3_4_10_4_3_4_4_2	-1	-1.000000000000000	-1.000000000000000	-1.000000000000000	-1.000000000000000	-624862.021005322458223	0.062000000000000
6_5_6_3_3_3_4_2_2_2_1_3_5_6_4_5_4_4_10_4_3_4_4_2	-1	-1.000000000000000	-1.000000000000000	-1.000000000000000	-1.000000000000000	-626970.259569309768267	0.054000000000000
6_5_6_3_3_3_4_2_2_2_1_4_5_6_4_5_3_4_10_4_3_4_4_2	-1	-1.000000000000000	-1.000000000000000	-1.000000000000000	-1.000000000000000	-624862.021005322458223	0.051000000000000
8_5_6_2_3_3_4_2_2_2_4_3_6_7_4_5_3_4_5_4_3_4_4_1	1	1101571.743292290484533	13845.382381544015516	2274455.579208048991859	0.236000000000000	-652817.442836327827536	0.060000000000000
6_6_8_4_3_3_4_3_2_2_2_3_5_5_4_5_3_5_5_4_3_4_4_1	-1	-1.000000000000000	-1.000000000000000	-1.000000000000000	-1.000000000000000	-652103.945987961022183	0.050000000000000
6_5_6_3_3_3_4_2_2_3_1_3_5_6_4_5_3_4_10_4_3_4_4_2	-1	-1.000000000000000	-1.000000000000000	-1.000000000000000	-1.000000000000000	-629598.535698445863090	0.060000000000000
6_5_6_3_3_4_4_2_2_2_1_3_5_6_4_5_3_4_10_4_3_4_4_2	-1	-1.000000000000000	-1.000000000000000	-1.000000000000000	-1.000000000000000	-624775.834771800786257	0.060000000000000
6_5_7_4_4_3_4_2_4_2_1_3_5_7_4_5_3_5_5_4_3_4_4_1	-1	-1.000000000000000	-1.000000000000000	-1.000000000000000	-1.000000000000000	-662263.015366432373412	0.078000000000000
6_5_6_3_3_3_4_2_2_2_1_3_5_6_4_5_3_4_9_4_3_4_4_2	1	1094891.712298848899081	14449.342394807859819	2318823.085921613965183	1.107000000000000	-624641.532981253811158	0.058000000000000
8_5_6_2_3_4_4_2_2_2_4_3_6_7_4_5_3_4_5_4_3_4_4_1	-1	-1.000000000000000	-1.000000000000000	-1.000000000000000	-1.000000000000000	-652823.503156176535413	0.055000000000000
7_5_6_3_3_3_4_2_3_2_1_3_5_7_4_5_3_5_6_4_3_4_4_1	1	1098715.936726665124297	14673.389601801882236	2270369.484398772008717	1.431000000000000	-648619.446795853902586	0.039000000000000
7_5_6_3_3_3_4_2_2_2_1_3_5_6_4_5_3_4_8_4_3_4_4_2	-1	-1.000000000000000	-1.000000000000000	-1.000000000000000	-1.000000000000000	-631254.324770063278265	0.045000000000000
6_5_6_3_3_3_4_2_2_2_1_3_5_5_4_5_3_4_10_4_3_4_4_2	-1	-1.000000000000000	-1.000000000000000	-1.000000000000000	-1.000000000000000	-615117.742156196502037	0.059000000000000
6_5_6_3_3_3_4_2_2_2_1_3_5_6_4_5_3_4_10_4_3_4_4_1	1	1095243.395326731493697	14449.342394807859819	2352334.544401398859918	1.098000000000000	-624055.342337747104466	0.049000000000000
6_5_6_3_3_3_4_2_2_2_1_3_5_6_4_5_3_5_9_4_3_4_4_2	1	1094586.328531671082601	14408.858127665098436	2280287.542209778912365	1.098000000000000	-632094.666752137592994	0.044000000000000
7_5_7_5_3_3_4_2_2_2_3_3_5_6_4_5_3_5_5_4_3_4_4_1	-1	-1.000000000000000	-1.000000000000000	-1.000000000000000	-1.000000000000000	-665538.615158168599010	0.050000000000000
6_6_7_4_3_3_4_2_2_2_4_3_5_6_4_5_3_5_5_4_3_4_4_1	-1	-1.000000000000000	-1.000000000000000	-1.000000000000000	-1.000000000000000	-664428.889517139061354	0.047000000000000
7_5_7_3_3_3_4_2_4_2_1_3_5_7_4_5_3_5_5_4_3_4_4_2	-1	-1.000000000000000	-1.000000000000000	-1.000000000000000	-1.000000000000000	-663458.178890431532636	0.066000000000000
6_5_6_3_3_3_4_2_2_2_1_3_5_6_4_5_3_5_10_4_3_4_4_1	1	1094938.011559553444386	14408.858127665098436	2313799.000689562875777	1.038000000000000	-631196.805567667819560	0.040000000000000
6_5_7_4_3_3_4_3_2_2_1_3_5_7_4_5_3_5_5_4_3_4_4_1	-1	-1.000000000000000	-1.000000000000000	-1.000000000000000	-1.000000000000000	-651647.396808047429658	0.056000000000000
6_5_5_3_3_3_4_2_2_2_1_3_5_6_4_5_3_5_10_4_3_4_4_2	-1	-1.000000000000000	-1.000000000000000	-1.000000000000000	-1.000000000000000	-623430.813703780760989	0.040000000000000
7_5_6_2_3_3_4_2_2_2_1_3_5_6_4_5_3_5_8_4_3_4_4_2	-1	-1.000000000000000	-1.000000000000000	-1.000000000000000	-1.000000000000000	-629430.435270226211287	0.045000000000000
5_5_6_3_3_3_4_2_2_2_1_3_5_6_4_5_3_5_10_4_3_4_4_2	-1	-1.000000000000000	-1.000000000000000	-1.000000000000000	-1.000000000000000	-622321.769041328923777	0.042000000000000
7_5_6_3_3_3_4_2_3_2_1_3_5_8_4_5_3_5_7_4_3_4_4_1	-1	-1.000000000000000	-1.000000000000000	-1.000000000000000	-1.000000000000000	-655912.940874775405973	0.044000000000000
6_5_6_2_3_3_4_2_2_2_1_3_5_6_4_5_3_5_10_4_3_4_4_2	-1	-1.000000000000000	-1.000000000000000	-1.000000000000000	-1.000000000000000	-621143.273566811461933	0.039000000000000
8_5_6_2_3_3_4_2_2_2_3_3_5_7_4_5_3_7_5_4_3_4_4_1	-1	-1.000000000000000	-1.000000000000000	-1.000000000000000	-1.000000000000000	-658252.570976306335069	0.052000000000000
7_5_6_3_3_3_4_2_2_2_1_3_5_7_4_5_3_5_7_4_3_4_4_1	-1	-1.000000000000000	-1.000000000000000	-1.000000000000000	-1.000000000000000	-643735.820035069365986	0.041000000000000
7_6_7_4_3_3_4_2_4_2_1_3_5_6_4_5_3_5_5_4_3_4_4_1	-1	-1.000000000000000	-1.000000000000000	-1.000000000000000	-1.000000000000000	-666167.990192958270200	0.061000000000000
6_5_6_3_3_3_4_2_2_2_1_3_5_6_4_5_3_5_9_4_3_5_4_2	-1	-1.000000000000000	-1.000000000000000	-1.000000000000000	-1.000000000000000	-630942.190281801624224	0.041000000000000
6_5_7_4_3_3_4_2_4_2_1_3_5_7_4_5_4_5_5_4_3_4_4_1	-1	-1.000000000000000	-1.000000000000000	-1.000000000000000	-1.000000000000000	-662377.849336608196609	0.088000000000000
7_5_6_3_3_3_4_2_2_2_1_3_5_6_4_5_3_5_8_5_3_4_4_2	-1	-1.000000000000000	-1.000000000000000	-1.000000000000000	-1.000000000000000	-639712.265554972575046	0.047000000000000
6_5_6_3_3_3_4_3_2_2_1_3_5_6_4_5_3_5_9_4_3_4_4_2	-1	-1.000000000000000	-1.000000000000000	-1.000000000000000	-1.000000000000000	-632094.666752137592994	0.042000000000000
6_5_6_3_3_3_4_2_2_2_1_3_6_6_4_5_3_5_9_4_3_4_4_2	-1	-1.000000000000000	-1.000000000000000	-1.000000000000000	-1.000000000000000	-634406.028227750794031	0.042000000000000
6_5_6_3_3_3_4_2_2_2_1_4_5_6_4_5_3_5_9_4_3_4_4_2	-1	-1.000000000000000	-1.000000000000000	-1.000000000000000	-1.000000000000000	-632094.666752137592994	0.041000000000000
8_5_6_2_3_3_4_2_2_2_4_3_6_7_5_5_3_4_5_4_3_4_4_1	-1	-1.000000000000000	-1.000000000000000	-1.000000000000000	-1.000000000000000	-652532.782952966401353	0.048000000000000
8_6_6_2_3_3_4_2_2_2_3_3_5_7_4_5_3_6_5_4_3_4_4_1	-1	-1.000000000000000	-1.000000000000000	-1.000000000000000	-1.000000000000000	-660861.004098331555724	0.047000000000000
6_5_6_3_3_3_4_2_2_2_1_3_5_6_4_5_3_6_9_4_3_4_4_2	-1	-1.000000000000000	-1.000000000000000	-1.000000000000000	-1.000000000000000	-635780.534925758023746	0.041000000000000
8_5_7_2_3_3_4_2_2_2_3_3_6_8_4_5_3_4_5_4_3_4_4_1	-1	-1.000000000000000	-1.000000000000000	-1.000000000000000	-1.000000000000000	-660869.473919591982849	0.044000000000000
7_5_6_3_3_3_4_2_2_2_1_3_5_6_4_5_3_5_8_4_4_4_4_2	-1	-1.000000000000000	-1.000000000000000	-1.000000000000000	-1.000000000000000	-639712.265554972575046	0.045000000000000
6_6_8_4_3_3_4_2_3_2_1_3_5_5_4_5_3_5_5_4_3_4_4_1	-1	-1.000000000000000	-1.000000000000000	-1.000000000000000	-1.000000000000000	-648712.279633433907293	0.043000000000000
7_5_7_3_3_3_4_2_2_2_4_3_5_7_4_5_3_5_5_4_3_4_4_1	-1	-1.000000000000000	-1.000000000000000	-1.000000000000000	-1.000000000000000	-666329.928452666383237	0.055000000000000
7_5_6_3_3_3_4_2_3_2_1_3_5_6_4_5_3_5_7_4_3_4_5_2	-1	-1.000000000000000	-1.000000000000000	-1.000000000000000	-1.000000000000000	-645802.294326897477731	0.045000000000000
8_5_6_2_3_3_4_2_2_2_3_3_7_8_4_5_3_4_5_4_3_4_4_1	-1	-1.000000000000000	-1.000000000000000	-1.000000000000000	-1.000000000000000	-656105.313826827332377	0.076000000000000
6_5_6_3_4_3_4_2_2_2_1_3_5_6_4_5_3_5_9_4_3_4_4_2	-1	-1.000000000000000	-1.000000000000000	-1.000000000000000	-1.000000000000000	-632016.121252078446560	0.040000000000000
6_6_6_3_3_3_4_2_2_2_1_3_5_6_4_5_3_5_9_4_3_4_4_2	-1	-1.000000000000000	-1.000000000000000	-1.000000000000000	-1.000000000000000	-636733.022510907612741	0.041000000000000
7_5_6_3_3_3_4_2_4_2_1_3_5_6_4_5_3_5_7_4_3_4_4_2	-1	-1.000000000000000	-1.000000000000000	-1.000000000000000	-1.000000000000000	-650588.062971883220598	0.043000000000000
7_5_7_2_3_3_4_2_3_2_1_3_5_7_4_5_3_5_6_4_3_4_4_1	-1	-1.000000000000000	-1.000000000000000	-1.000000000000000	-1.000000000000000	-643111.847362772561610	0.053000000000000
6_6_8_4_3_3_4_2_3_3_1_3_5_6_4_5_3_5_5_4_3_4_4_1	-1	-1.000000000000000	-1.000000000000000	-1.000000000000000	-1.000000000000000	-657997.919232050655410	0.064000000000000
6_5_6_3_3_3_4_2_2_2_1_3_5_6_4_5_3_5_9_4_3_4_5_2	-1	-1.000000000000000	-1.000000000000000	-1.000000000000000	-1.000000000000000	-631380.031597203109413	0.041000000000000
6_5_6_3_3_3_4_2_2_2_2_3_5_6_4_5_3_5_9_4_3_4_4_2	-1	-1.000000000000000	-1.000000000000000	-1.000000000000000	-1.000000000000000	-638120.127738751936704	0.041000000000000
6_5_6_3_3_3_4_2_2_2_1_3_5_6_5_5_3_5_9_4_3_4_4_2	-1	-1.000000000000000	-1.000000000000000	-1.000000000000000	-1.000000000000000	-632041.658991373842582	0.041000000000000
7_5_7_3_3_3_4_2_2_2_4_3_5_6_4_5_3_4_5_4_3_4_4_1	1	1099598.053008204558864	14323.308792785170226	2275789.562215380836278	1.804000000000000	-649793.735081982682459	0.078000000000000
6_5_6_3_3_3_4_2_2_2_1_3_5_6_4_5_3_5_9_4_4_4_4_2	-1	-1.000000000000000	-1.000000000000000	-1.000000000000000	-1.000000000000000	-632094.666752137592994	0.040000000000000
6_5_6_3_3_3_4_2_2_2_1_3_5_6_4_6_3_5_9_4_3_4_4_2	-1	-1.000000000000000	-1.000000000000000	-1.000000000000000	-1.000000000000000	-632383.123014854267240	0.040000000000000
8_5_6_3_3_3_4_2_2_2_3_3_6_8_4_5_3_4_5_4_3_4_4_1	-1	-1.000000000000000	-1.000000000000000	-1.000000000000000	-1.000000000000000	-662129.514348307275213	0.064000000000000
7_5_6_3_3_3_4_2_2_2_1_3_5_6_4_5_3_5_9_4_3_4_4_2	1	1098263.477719408692792	14701.578912756027421	2254808.894002414774150	1.117000000000000	-639976.395146675873548	0.040000000000000
6_5_6_3_3_3_5_2_2_2_1_3_5_6_4_5_3_5_9_4_3_4_4_2	-1	-1.000000000000000	-1.000000000000000	-1.000000000000000	-1.000000000000000	-632094.666752137592994	0.040000000000000
6_5_6_3_3_3_4_2_2_3_1_3_5_6_4_5_3_5_9_4_3_4_4_2	-1	-1.000000000000000	-1.000000000000000	-1.000000000000000	-1.000000000000000	-637197.497334315790795	0.040000000000000
6_5_6_3_3_3_4_2_2_2_1_3_5_6_4_5_3_5_9_5_3_4_4_2	-1	-1.000000000000000	-1.000000000000000	-1.000000000000000	-1.000000000000000	-632094.666752137592994	0.040000000000000
6_6_8_4_3_3_4_3_2_3_1_3_5_6_4_5_3_5_5_4_3_4_4_1	-1	-1.000000000000000	-1.000000000000000	-1.000000000000000	-1.000000000000000	-660395.146796008571982	0.049000000000000
7_5_7_3_4_3_4_2_2_2_3_3_5_7_4_5_3_5_5_4_3_4_4_1	-1	-1.000000000000000	-1.000000000000000	-1.000000000000000	-1.000000000000000	-662872.378953453036956	0.050000000000000
6_5_6_3_3_3_4_2_2_2_1_3_5_6_4_5_4_5_9_4_3_4_4_2	-1	-1.000000000000000	-1.000000000000000	-1.000000000000000	-1.000000000000000	-634170.351078122621402	0.040000000000000
6_5_6_3_3_3_4_2_3_2_1_3_5_6_4_5_3_5_9_4_3_4_4_2	-1	-1.000000000000000	-1.000000000000000	-1.000000000000000	-1.000000000000000	-639167.468254680279642	0.040000000000000
7_5_7_4_3_3_4_2_2_2_2_4_5_7_4_5_3_5_5_4_3_4_4_1	-1	-1.000000000000000	-1.000000000000000	-1.000000000000000	-1.000000000000000	-658633.887321597081609	0.044000000000000
8_5_7_3_3_3_4_2_2_2_3_3_5_6_4_6_3_5_5_4_3_4_4_1	-1	-1.000000000000000	-1.000000000000000	-1.000000000000000	-1.000000000000000	-659825.349041995476000	0.057000000000000
6_6_7_4_3_3_4_2_5_2_1_3_5_6_4_5_3_5_5_4_3_4_4_1	-1	-1.000000000000000	-1.000000000000000	-1.000000000000000	-1.000000000000000	-663754.285180655540898	0.044000000000000
6_5_6_3_3_3_4_2_2_2_1_3_5_6_4_5_3_5_9_4_3_4_4_3	-1	-1.000000000000000	-1.000000000000000	-1.000000000000000	-1.000000000000000	-632281.674931618268602	0.040000000000000
8_5_7_2_3_3_4_2_2_2_4_3_5_6_4_5_3_4_5_4_3_4_4_1	1	1104248.134836131008342	14479.761510515005284	2294400.831100719980896	0.965000000000000	-645232.819829201209359	0.061000000000000
8_5_7_3_3_3_4_2_2_2_4_3_5_6_4_5_3_4_5_5_3_4_4_1	-1	-1.000000000000000	-1.000000000000000	-1.000000000000000	-1.000000000000000	-656418.678195121814497	0.081000000000000
7_5_6_3_3_3_4_2_2_2_3_3_6_8_4_5_3_5_5_4_3_4_4_1	-1	-1.000000000000000	-1.000000000000000	-1.000000000000000	-1.000000000000000	-664639.225214979494922	0.046000000000000
6_5_7_3_3_3_4_2_3_2_1_3_5_7_4_5_3_5_6_4_3_4_4_1	1	1094654.010224589612335	14215.510495594317035	2251180.064561860635877	0.976000000000000	-648307.392472816049121	0.043000000000000
7_5_6_3_3_4_4_2_2_2_3_3_5_8_4_5_3_5_5_4_3_4_4_1	-1	-1.000000000000000	-1.000000000000000	-1.000000000000000	-1.000000000000000	-660987.919435471994802	0.065000000000000
6_6_6_2_3_3_4_2_2_2_3_4_5_8_4_5_3_6_5_4_3_4_4_1	-1	-1.000000000000000	-1.000000000000000	-1.000000000000000	-1.000000000000000	-651548.031204262631945	0.045000000000000
6_5_7_3_3_3_4_2_2_2_1_3_5_6_4_5_3_5_9_4_3_4_4_2	-1	-1.000000000000000	-1.000000000000000	-1.000000000000000	-1.000000000000000	-637945.308090069447644	0.042000000000000
7_5_6_2_3_3_4_2_3_2_1_3_5_7_4_5_3_5_7_4_3_4_4_1	-1	-1.000000000000000	-1.000000000000000	-1.000000000000000	-1.000000000000000	-640841.355556754977442	0.038000000000000
7_5_7_3_3_3_4_2_2_2_1_3_5_7_4_5_3_5_6_4_3_4_4_1	-1	-1.000000000000000	-1.000000000000000	-1.000000000000000	-1.000000000000000	-646801.880377843161114	0.041000000000000
6_5_6_3_3_3_4_2_2_2_1_3_5_7_4_5_3_5_9_4_3_4_4_2	1	1094379.467172268778086	14317.716337670870416	2248832.051590132061392	4.144000000000000	-639443.402555193752050	0.041000000000000
6_5_6_2_3_3_4_2_2_2_1_3_5_6_4_5_3_5_9_4_3_4_4_2	-1	-1.000000000000000	-1.000000000000000	-1.000000000000000	-1.000000000000000	-620906.678433781256899	0.039000000000000
8_5_7_3_3_3_4_2_2_2_3_3_5_6_4_5_3_5_5_4_3_4_4_2	-1	-1.000000000000000	-1.000000000000000	-1.000000000000000	-1.000000000000000	-660894.320978445000947	0.061000000000000
5_5_6_3_3_3_4_2_2_2_3_3_5_8_4_5_3_6_5_4_3_4_4_1	-1	-1.000000000000000	-1.000000000000000	-1.000000000000000	-1.000000000000000	-641236.254111346206628	0.047000000000000
8_5_6_2_3_3_4_2_2_2_4_3_5_7_4_5_3_6_5_4_3_4_4_1	-1	-1.000000000000000	-1.000000000000000	-1.000000000000000	-1.000000000000000	-660328.640185456373729	0.042000000000000
6_5_6_3_3_3_4_2_3_2_1_3_5_6_4_5_3_5_7_4_3_4_4_2	-1	-1.000000000000000	-1.000000000000000	-1.000000000000000	-1.000000000000000	-639175.869490326964296	0.042000000000000
6_6_7_4_3_3_4_3_2_2_1_3_5_6_4_5_3_5_5_4_3_4_4_1	-1	-1.000000000000000	-1.000000000000000	-1.000000000000000	-1.000000000000000	-650599.213065436109900	0.046000000000000
9_5_6_2_3_3_4_2_2_2_3_3_6_8_4_5_3_4_5_4_3_4_4_1	1	1104714.972915720427409	14508.684493483604456	2241393.155615658499300	0.207000000000000	-658904.664982722140849	0.056000000000000
6_5_6_3_3_3_4_2_2_2_1_3_5_6_4_5_3_5_9_4_3_4_4_1	1	1094994.649214053992182	14408.858127665098436	2318800.242701807059348	1.314000000000000	-630986.404262890806422	0.041000000000000
8_5_6_2_3_4_4_2_2_2_3_3_5_8_4_5_3_5_5_4_3_4_4_1	-1	-1.000000000000000	-1.000000000000000	-1.000000000000000	-1.000000000000000	-656823.071082336828113	0.051000000000000
7_5_6_3_3_3_4_2_2_2_1_3_5_6_4_5_3_5_8_4_3_4_4_1	1	1098721.731861616019160	14701.578912756027421	2299008.259620363824069	1.483000000000000	-638537.785472477553412	0.044000000000000
6_5_7_4_3_3_4_2_4_2_1_3_5_7_4_5_3_5_5_4_3_5_4_1	-1	-1.000000000000000	-1.000000000000000	-1.000000000000000	-1.000000000000000	-661614.296629405114800	0.065000000000000
6_5_6_3_3_3_4_2_2_2_1_3_5_5_4_5_3_5_9_4_3_4_4_2	-1	-1.000000000000000	-1.000000000000000	-1.000000000000000	-1.000000000000000	-622449.727443789131939	0.041000000000000
6_6_7_4_3_3_4_2_4_3_1_3_5_6_4_5_3_5_5_4_3_4_4_1	-1	-1.000000000000000	-1.000000000000000	-1.000000000000000	-1.000000000000000	-661317.389793364331126	0.045000000000000
6_5_6_3_3_3_4_2_2_2_1_3_5_6_4_5_3_5_8_4_3_4_4_2	1	1094646.515849750488997	14408.858127665098436	2286167.830111927352846	1.298000000000000	-631826.226051941164769	0.039000000000000
8_5_6_2_3_3_4_2_2_2_3_3_6_8_4_5_3_4_5_4_4_4_4_1	-1	-1.000000000000000	-1.000000000000000	-1.000000000000000	-1.000000000000000	-654544.184053823584691	0.063000000000000
8_5_8_3_3_3_4_2_2_2_3_3_5_6_4_5_3_5_5_4_3_4_4_1	-1	-1.000000000000000	-1.000000000000000	-1.000000000000000	-1.000000000000000	-663363.327939123613760	0.091000000000000
7_5_6_3_4_3_4_2_3_2_1_3_5_6_4_5_3_5_7_4_3_4_4_2	-1	-1.000000000000000	-1.000000000000000	-1.000000000000000	-1.000000000000000	-646523.739886125549674	0.044000000000000
6_6_8_4_3_3_5_3_2_2_1_3_5_6_4_5_3_5_5_4_3_4_4_1	-1	-1.000000000000000	-1.000000000000000	-1.000000000000000	-1.000000000000000	-654985.359967576339841	0.044000000000000
7_5_7_3_3_3_4_2_3_2_1_3_5_7_4_5_3_4_7_4_3_4_4_1	-1	-1.000000000000000	-1.000000000000000	-1.000000000000000	-1.000000000000000	-649317.240377167472616	0.056000000000000
7_5_6_3_3_3_4_2_2_2_1_3_5_6_4_5_3_5_8_4_3_4_4_2	1	1098320.296771275578067	14701.578912756027421	2260726.561792791821063	1.567000000000000	-639712.265554972575046	0.051000000000000
7_5_6_2_3_3_4_2_2_2_1_3_5_6_4_5_3_5_9_4_3_4_4_2	-1	-1.000000000000000	-1.000000000000000	-1.000000000000000	-1.000000000000000	-629698.647908322047442	0.046000000000000
7_5_6_3_3_3_4_2_3_2_1_3_5_5_4_5_3_5_8_4_3_4_4_2	-1	-1.000000000000000	-1.000000000000000	-1.000000000000000	-1.000000000000000	-638244.681523920036852	0.045000000000000
7_5_6_3_3_3_4_2_2_2_1_3_5_6_4_5_3_5_9_4_3_4_4_1	1	1098664.912809749366716	14701.578912756027421	2293090.591829987242818	1.437000000000000	-638796.931417432497256	0.045000000000000
7_5_7_3_3_3_4_2_3_2_1_3_5_6_4_5_3_5_7_4_3_4_4_2	1	1098130.155730779981241	14302.799919297242013	2209573.436016767285764	1.563000000000000	-651982.774116763146594	0.047000000000000
6_6_8_4_3_3_4_3_2_2_1_3_5_6_4_6_3_5_5_4_3_4_4_1	-1	-1.000000000000000	-1.000000000000000	-1.000000000000000	-1.000000000000000	-654985.359967576339841	0.046000000000000
7_5_7_3_3_3_4_2_2_2_3_3_5_7_4_6_3_5_5_4_3_4_4_1	-1	-1.000000000000000	-1.000000000000000	-1.000000000000000	-1.000000000000000	-662863.784580684849061	0.042000000000000
8_5_7_3_3_3_4_2_2_2_3_3_5_6_4_5_3_4_5_4_3_4_4_1	1	1104363.902418543817475	14534.405759597930228	2262551.719201394356787	0.799000000000000	-650799.063728805980645	0.070000000000000
7_5_6_3_4_3_4_2_2_2_1_3_5_6_4_5_3_5_8_4_3_4_4_2	-1	-1.000000000000000	-1.000000000000000	-1.000000000000000	-1.000000000000000	-639639.650137247401290	0.045000000000000
7_5_7_3_3_3_4_2_3_2_1_3_5_7_5_5_3_5_6_4_3_4_4_1	-1	-1.000000000000000	-1.000000000000000	-1.000000000000000	-1.000000000000000	-654763.178628104971722	0.045000000000000
7_5_6_3_3_3_4_3_2_2_1_3_5_6_4_5_3_5_8_4_3_4_4_2	-1	-1.000000000000000	-1.000000000000000	-1.000000000000000	-1.000000000000000	-639723.059505627141334	0.051000000000000
8_5_7_2_3_3_4_2_2_2_3_3_6_6_4_5_3_6_5_4_3_4_4_1	-1	-1.000000000000000	-1.000000000000000	-1.000000000000000	-1.000000000000000	-661113.453756550094113	0.043000000000000
7_5_7_3_3_3_4_2_2_2_3_3_6_7_4_5_3_5_5_4_3_4_4_1	1	1099014.850941214943305	14216.759423618266737	2174201.218359821010381	1.455000000000000	-667166.727780025219545	0.048000000000000
6_6_6_3_3_3_4_2_2_2_3_3_5_8_4_5_3_5_5_4_4_4_4_1	-1	-1.000000000000000	-1.000000000000000	-1.000000000000000	-1.000000000000000	-658579.373209519078955	0.042000000000000
7_5_6_3_3_3_4_2_2_2_2_3_5_6_4_5_3_5_8_4_3_4_4_2	-1	-1.000000000000000	-1.000000000000000	-1.000000000000000	-1.000000000000000	-646095.924473089980893	0.045000000000000
8_5_7_2_3_3_4_2_3_2_4_3_6_6_4_5_3_4_5_4_3_4_4_1	-1	-1.000000000000000	-1.000000000000000	-1.000000000000000	-1.000000000000000	-652640.591238996479660	0.064000000000000
8_5_6_2_4_3_4_2_2_2_3_3_6_7_4_5_3_5_5_4_3_4_4_1	-1	-1.000000000000000	-1.000000000000000	-1.000000000000000	-1.000000000000000	-656905.146337228477933	0.043000000000000
7_5_6_3_3_4_4_2_2_2_1_3_5_6_4_5_3_5_8_4_3_4_4_2	-1	-1.000000000000000	-1.000000000000000	-1.000000000000000	-1.000000000000000	-639626.707827238016762	0.046000000000000
6_7_7_4_3_3_4_2_4_2_1_3_5_6_4_5_3_5_5_4_3_4_4_1	-1	-1.000000000000000	-1.000000000000000	-1.000000000000000	-1.000000000000000	-662369.067980926600285	0.047000000000000
7_5_6_3_3_3_5_2_2_2_1_3_5_6_4_5_3_5_8_4_3_4_4_2	-1	-1.000000000000000	-1.000000000000000	-1.000000000000000	-1.000000000000000	-639712.265554972575046	0.044000000000000
7_5_6_3_3_3_4_2_2_3_1_3_5_6_4_5_3_5_8_4_3_4_4_2	-1	-1.000000000000000	-1.000000000000000	-1.000000000000000	-1.000000000000000	-645178.613370385020971	0.046000000000000
7_5_6_3_3_3_4_2_2_2_1_3_5_6_4_5_3_5_8_4_3_5_4_2	-1	-1.000000000000000	-1.000000000000000	-1.000000000000000	-1.000000000000000	-638613.150501706055366	0.044000000000000
6_6_8_4_3_3_4_3_2_2_1_3_5_6_4_5_3_4_5_4_3_4_4_1	-1	-1.000000000000000	-1.000000000000000	-1.000000000000000	-1.000000000000000	-645820.854229351854883	0.044000000000000
7_5_7_3_3_3_4_2_2_2_3_3_5_7_4_5_3_4_5_4_3_4_4_1	-1	-1.000000000000000	-1.000000000000000	-1.000000000000000	-1.000000000000000	-653921.198699592030607	0.039000000000000
6_5_7_4_3_3_4_2_4_2_1_3_5_7_4_5_3_5_5_4_3_4_4_2	-1	-1.000000000000000	-1.000000000000000	-1.000000000000000	-1.000000000000000	-664368.406827758648433	0.050000000000000
7_5_6_3_3_3_4_2_2_2_1_3_5_6_4_5_4_5_8_4_3_4_4_2	-1	-1.000000000000000	-1.000000000000000	-1.000000000000000	-1.000000000000000	-642046.151157573331147	0.046000000000000
8_5_6_3_3_3_4_2_2_2_3_3_6_6_4_5_3_5_5_4_4_4_4_1	-1	-1.000000000000000	-1.000000000000000	-1.000000000000000	-1.000000000000000	-658440.712650349130854	0.046000000000000
7_5_7_4_3_3_4_2_2_3_2_3_5_7_4_5_3_5_5_4_3_4_4_1	-1	-1.000000000000000	-1.000000000000000	-1.000000000000000	-1.000000000000000	-658633.887321597081609	0.043000000000000
7_5_6_2_3_3_4_2_2_2_3_3_6_7_4_5_3_5_5_4_3_4_4_1	-1	-1.000000000000000	-1.000000000000000	-1.000000000000000	-1.000000000000000	-650412.951926484820433	0.039000000000000
6_6_6_4_3_3_4_2_2_2_3_3_5_7_4_5_3_6_5_4_3_4_4_1	1	1093076.432810412952676	14199.435465335773188	2182661.724783742800355	0.996000000000000	-665273.249287071987055	0.053000000000000
7_5_6_3_3_3_4_2_2_2_1_3_6_6_4_5_3_5_8_4_3_4_4_2	-1	-1.000000000000000	-1.000000000000000	-1.000000000000000	-1.000000000000000	-642926.522661929251626	0.046000000000000
7_5_6_3_3_3_4_2_2_2_1_3_5_6_4_5_3_6_8_4_3_4_4_2	-1	-1.000000000000000	-1.000000000000000	-1.000000000000000	-1.000000000000000	-643542.420438257278875	0.046000000000000
7_6_6_3_3_3_4_2_2_2_1_3_5_6_4_5_3_5_8_4_3_4_4_2	-1	-1.000000000000000	-1.000000000000000	-1.000000000000000	-1.000000000000000	-643445.623128663399257	0.046000000000000
7_5_7_3_3_3_4_2_3_2_1_3_6_7_4_5_3_5_6_4_3_4_4_1	-1	-1.000000000000000	-1.000000000000000	-1.000000000000000	-1.000000000000000	-658957.121618336532265	0.059000000000000
7_5_7_4_3_3_4_2_3_2_3_3_5_6_4_5_3_5_5_4_3_4_4_1	-1	-1.000000000000000	-1.000000000000000	-1.000000000000000	-1.000000000000000	-661938.779838392511010	0.057000000000000
7_5_6_4_3_3_4_2_2_2_1_3_5_6_4_5_3_5_8_4_3_4_4_2	-1	-1.000000000000000	-1.000000000000000	-1.000000000000000	-1.000000000000000	-644517.132931689615361	0.045000000000000
6_6_7_4_3_3_4_2_4_2_1_3_5_5_4_5_3_5_5_4_3_4_4_1	-1	-1.000000000000000	-1.000000000000000	-1.000000000000000	-1.000000000000000	-652122.130324188154191	0.041000000000000
8_5_6_3_3_3_4_2_2_2_1_3_5_6_4_5_3_5_8_4_3_4_4_2	-1	-1.000000000000000	-1.000000000000000	-1.000000000000000	-1.000000000000000	-643347.179537646123208	0.044000000000000
6_5_7_4_3_3_4_2_4_2_1_3_5_7_4_5_3_6_5_4_3_4_4_1	-1	-1.000000000000000	-1.000000000000000	-1.000000000000000	-1.000000000000000	-666183.808843002771027	0.069000000000000
7_5_6_3_3_3_4_2_3_2_1_3_5_6_4_5_3_5_7_4_4_4_4_2	-1	-1.000000000000000	-1.000000000000000	-1.000000000000000	-1.000000000000000	-646550.855583748430945	0.042000000000000
7_5_7_3_3_3_4_2_2_2_3_4_6_6_4_5_3_5_5_4_3_4_4_1	-1	-1.000000000000000	-1.000000000000000	-1.000000000000000	-1.000000000000000	-659464.834019526490010	0.045000000000000
7_5_7_3_3_3_4_2_2_2_1_3_5_6_4_5_3_5_8_4_3_4_4_2	-1	-1.000000000000000	-1.000000000000000	-1.000000000000000	-1.000000000000000	-644623.062464074231684	0.047000000000000
7_5_7_4_3_3_4_2_2_2_2_3_6_7_4_5_3_5_5_4_3_4_4_1	-1	-1.000000000000000	-1.000000000000000	-1.000000000000000	-1.000000000000000	-662306.751262286677957	0.042000000000000
7_5_6_3_3_3_4_2_2_2_1_3_5_6_5_5_3_5_8_4_3_4_4_2	-1	-1.000000000000000	-1.000000000000000	-1.000000000000000	-1.000000000000000	-639660.326340291532688	0.047000000000000
7_5_6_3_3_3_4_2_2_2_1_3_5_6_4_5_3_5_8_4_3_4_5_2	-1	-1.000000000000000	-1.000000000000000	-1.000000000000000	-1.000000000000000	-639092.213476746925153	0.048000000000000
7_5_6_3_3_3_4_2_2_2_1_3_5_6_4_5_3_5_8_4_3_4_4_3	-1	-1.000000000000000	-1.000000000000000	-1.000000000000000	-1.000000000000000	-639676.924995963927358	0.045000000000000
8_5_7_3_4_3_4_2_2_2_3_3_5_6_4_5_3_5_5_4_3_4_4_1	-1	-1.000000000000000	-1.000000000000000	-1.000000000000000	-1.000000000000000	-659847.821200322941877	0.060000000000000
8_5_6_2_3_3_5_2_2_2_3_3_6_8_4_5_3_4_5_4_3_4_4_1	-1	-1.000000000000000	-1.000000000000000	-1.000000000000000	-1.000000000000000	-653795.482643266790546	0.063000000000000
8_6_7_3_3_3_4_2_2_2_4_3_5_6_4_5_3_4_5_4_3_4_4_1	-1	-1.000000000000000	-1.000000000000000	-1.000000000000000	-1.000000000000000	-659728.872759403428063	0.112000000000000
7_5_7_3_3_3_4_2_3_2_1_3_5_7_4_6_3_5_6_4_3_4_4_1	-1	-1.000000000000000	-1.000000000000000	-1.000000000000000	-1.000000000000000	-654784.732474660035223	0.047000000000000
7_5_6_3_3_3_4_2_2_2_1_3_5_5_4_5_3_5_8_4_3_4_4_2	-1	-1.000000000000000	-1.000000000000000	-1.000000000000000	-1.000000000000000	-630063.493301778449677	0.045000000000000
7_5_5_3_3_3_4_2_2_2_1_3_5_6_4_5_3_5_8_4_3_4_4_2	-1	-1.000000000000000	-1.000000000000000	-1.000000000000000	-1.000000000000000	-629112.692252591135912	0.043000000000000
8_5_6_2_3_3_4_2_2_2_3_3_5_8_4_5_3_5_5_4_3_4_4_2	-1	-1.000000000000000	-1.000000000000000	-1.000000000000000	-1.000000000000000	-657895.141298494650982	0.048000000000000
6_5_6_4_3_3_4_2_2_2_3_3_5_7_4_5_3_5_5_4_3_4_4_1	1	1095572.467270501656458	14972.031724537820992	2260100.621846202295274	0.984000000000000	-654944.293901692028157	0.041000000000000
6_5_7_4_3_3_4_3_2_3_2_3_5_7_4_5_3_5_5_4_3_4_4_1	-1	-1.000000000000000	-1.000000000000000	-1.000000000000000	-1.000000000000000	-657984.040949183050543	0.047000000000000
8_5_7_3_3_3_4_2_2_2_4_3_5_6_4_5_3_4_6_4_3_4_4_1	-1	-1.000000000000000	-1.000000000000000	-1.000000000000000	-1.000000000000000	-655818.329981587012298	0.095000000000000
8_5_6_2_3_3_4_2_2_2_3_3_5_7_4_5_3_6_5_4_4_4_4_1	-1	-1.000000000000000	-1.000000000000000	-1.000000000000000	-1.000000000000000	-656668.518777978257276	0.043000000000000
8_5_7_3_3_3_4_2_2_2_3_3_5_7_4_5_3_5_5_4_3_4_4_1	-1	-1.000000000000000	-1.000000000000000	-1.000000000000000	-1.000000000000000	-667103.449044309672900	0.042000000000000
7_5_6_3_3_3_4_2_2_2_1_3_5_6_4_5_3_5_7_4_3_4_4_2	1	1098528.480422287480906	14684.533322669882182	2267297.464695025235415	1.491000000000000	-638752.060318421572447	0.042000000000000
7_5_6_3_3_3_4_2_3_2_1_3_5_6_4_5_3_5_7_4_3_4_4_2	1	1098187.756575957406312	14684.556891408596130	2255363.308966539334506	1.831000000000000	-646550.855583748430945	0.079000000000000
7_5_6_3_3_3_4_2_2_2_1_3_5_7_4_5_3_5_7_4_3_4_4_2	1	1098317.985780912684277	14565.383164607592335	2235949.977340104989707	1.584000000000000	-646375.387416082900017	0.043000000000000
5_6_8_4_3_3_4_3_2_2_2_3_5_6_4_5_3_5_5_4_3_4_4_1	-1	-1.000000000000000	-1.000000000000000	-1.000000000000000	-1.000000000000000	-651279.589139956166036	0.054000000000000
6_5_6_3_3_3_4_2_3_2_1_3_5_6_4_5_3_5_8_4_3_4_4_2	-1	-1.000000000000000	-1.000000000000000	-1.000000000000000	-1.000000000000000	-639296.036134681431577	0.071000000000000
7_5_6_3_3_3_4_2_3_2_1_3_5_7_4_5_3_5_7_4_3_4_4_1	1	1098538.190444417763501	14592.327829451820435	2262021.935761629603803	1.347000000000000	-651638.848641954711638	0.058000000000000
6_6_8_4_3_3_4_2_3_2_1_3_5_6_4_5_3_5_5_4_3_4_4_1	1	1093131.576294273603708	14376.804331111448846	2185846.276673136278987	0.872000000000000	-657997.919232050655410	0.058000000000000
7_5_6_3_3_3_4_2_3_2_1_3_5_6_4_5_3_4_8_4_3_4_4_2	-1	-1.000000000000000	-1.000000000000000	-1.000000000000000	-1.000000000000000	-639407.627694356488064	0.071000000000000
7_5_6_3_3_3_4_2_3_2_1_3_5_6_4_5_3_5_8_4_3_4_4_1	1	1098381.008015285944566	14701.602481494745007	2287074.103891878388822	0.988000000000000	-646429.074449939769693	0.040000000000000
7_5_6_3_3_3_4_2_3_2_1_4_5_6_4_5_3_5_7_4_3_4_4_2	-1	-1.000000000000000	-1.000000000000000	-1.000000000000000	-1.000000000000000	-646550.855583748430945	0.041000000000000
8_5_6_2_3_3_4_2_2_2_3_3_5_8_4_5_3_4_5_4_3_4_4_1	1	1101378.090629148064181	14087.523679319812800	2297285.129079231992364	0.212000000000000	-647997.883758081472479	0.044000000000000
8_5_6_2_3_3_4_3_2_2_3_3_5_8_4_5_3_5_5_4_3_4_4_1	-1	-1.000000000000000	-1.000000000000000	-1.000000000000000	-1.000000000000000	-657867.018101374036632	0.058000000000000
7_5_6_3_3_3_4_3_3_2_1_3_5_6_4_5_3_5_7_4_3_4_4_2	-1	-1.000000000000000	-1.000000000000000	-1.000000000000000	-1.000000000000000	-647861.923541166470386	0.047000000000000
8_5_8_3_3_3_4_2_2_2_4_3_5_6_4_5_3_4_5_4_3_4_4_1	-1	-1.000000000000000	-1.000000000000000	-1.000000000000000	-1.000000000000000	-659454.996261108200997	0.089000000000000
7_5_6_3_3_3_4_2_4_2_1_3_5_7_4_5_3_5_7_4_3_4_4_1	-1	-1.000000000000000	-1.000000000000000	-1.000000000000000	-1.000000000000000	-656004.703535609645769	0.042000000000000
7_5_6_3_3_3_4_2_3_2_1_3_5_7_4_5_3_5_7_4_3_4_4_2	1	1098140.468833743827417	14592.327829451820435	2223784.941199886146933	1.410000000000000	-654149.772765308036469	0.048000000000000
6_6_8_4_3_3_4_2_3_2_1_3_5_6_4_5_3_5_5_4_3_4_4_2	-1	-1.000000000000000	-1.000000000000000	-1.000000000000000	-1.000000000000000	-659503.439434959087521	0.049000000000000
6_5_8_4_3_3_4_3_2_2_1_3_5_6_4_5_3_5_5_4_3_4_4_1	1	1094928.869297095341608	14362.502713007659622	2231028.078128627501428	1.009000000000000	-648689.484329144936055	0.045000000000000
6_5_7_3_3_3_4_2_2_2_3_3_5_8_4_5_3_6_5_4_3_4_4_1	-1	-1.000000000000000	-1.000000000000000	-1.000000000000000	-1.000000000000000	-663034.711870373459533	0.048000000000000
6_6_6_3_3_3_4_3_2_2_3_3_5_8_4_5_3_5_5_4_3_4_4_1	-1	-1.000000000000000	-1.000000000000000	-1.000000000000000	-1.000000000000000	-657876.198782218620181	0.042000000000000
9_5_6_2_3_3_4_2_2_2_3_3_5_8_4_5_3_5_5_4_3_4_4_1	-1	-1.000000000000000	-1.000000000000000	-1.000000000000000	-1.000000000000000	-660493.073906130623072	0.048000000000000
7_5_7_3_3_3_4_2_2_2_3_3_6_6_4_5_3_6_5_4_3_4_4_1	-1	-1.000000000000000	-1.000000000000000	-1.000000000000000	-1.000000000000000	-663924.090025722631253	0.045000000000000
7_5_6_3_3_4_4_2_3_2_1_3_5_6_4_5_3_5_7_4_3_4_4_2	-1	-1.000000000000000	-1.000000000000000	-1.000000000000000	-1.000000000000000	-646516.000684602186084	0.046000000000000
7_5_6_3_4_3_4_2_3_2_1_3_5_7_4_5_3_5_7_4_3_4_4_1	-1	-1.000000000000000	-1.000000000000000	-1.000000000000000	-1.000000000000000	-651667.448127012350596	0.040000000000000
7_5_6_3_3_3_4_2_3_3_1_3_5_6_4_5_3_5_7_4_3_4_4_2	-1	-1.000000000000000	-1.000000000000000	-1.000000000000000	-1.000000000000000	-646550.855583748430945	0.042000000000000
6_6_7_4_3_3_4_2_4_2_1_3_5_6_4_5_3_5_5_4_3_4_4_2	-1	-1.000000000000000	-1.000000000000000	-1.000000000000000	-1.000000000000000	-662824.877841810462996	0.053000000000000
7_5_7_3_3_3_4_2_3_2_1_3_5_7_4_5_3_5_6_4_3_4_4_2	-1	-1.000000000000000	-1.000000000000000	-1.000000000000000	-1.000000000000000	-656422.848471806733869	0.064000000000000
7_5_7_3_3_3_4_2_3_2_1_3_5_7_4_5_3_6_6_4_3_4_4_1	-1	-1.000000000000000	-1.000000000000000	-1.000000000000000	-1.000000000000000	-658979.676344974432141	0.053000000000000
7_6_6_3_3_3_4_2_3_2_1_3_5_6_4_5_3_5_7_4_3_4_4_2	-1	-1.000000000000000	-1.000000000000000	-1.000000000000000	-1.000000000000000	-650069.839514912804589	0.044000000000000
8_5_6_2_3_3_4_2_2_2_4_3_6_7_4_5_3_4_6_4_3_4_4_1	-1	-1.000000000000000	-1.000000000000000	-1.000000000000000	-1.000000000000000	-652801.196092888712883	0.061000000000000
7_5_6_3_3_3_4_2_3_2_1_3_5_6_4_5_4_5_7_4_3_4_4_2	-1	-1.000000000000000	-1.000000000000000	-1.000000000000000	-1.000000000000000	-646815.718021116452292	0.041000000000000
6_5_6_4_3_3_4_2_4_2_1_3_5_7_4_5_3_5_5_4_3_4_4_1	1	1094933.038564187241718	14972.020903919237753	2274068.231268899980932	1.056000000000000	-654641.298218760173768	0.043000000000000
7_5_6_3_3_3_4_2_3_2_1_3_5_6_4_5_3_5_7_4_3_4_4_3	-1	-1.000000000000000	-1.000000000000000	-1.000000000000000	-1.000000000000000	-647272.758257106295787	0.043000000000000
7_5_7_3_3_3_4_2_4_2_1_3_5_7_4_5_3_5_6_4_3_4_4_1	1	1098188.575956560205668	14212.429132350549480	2216555.941799369640648	1.291000000000000	-662192.140718878828920	0.062000000000000
6_5_6_3_3_3_4_3_2_2_3_3_5_8_4_5_3_6_5_4_3_4_4_1	-1	-1.000000000000000	-1.000000000000000	-1.000000000000000	-1.000000000000000	-655787.681144805741496	0.062000000000000
7_5_8_3_3_3_4_2_2_2_3_3_6_6_4_5_3_5_5_4_3_4_4_1	-1	-1.000000000000000	-1.000000000000000	-1.000000000000000	-1.000000000000000	-663137.433018564828672	0.049000000000000
7_5_6_3_3_3_4_2_3_2_2_3_5_6_4_5_3_5_7_4_3_4_4_2	-1	-1.000000000000000	-1.000000000000000	-1.000000000000000	-1.000000000000000	-646550.855583748430945	0.044000000000000
8_5_6_2_3_3_4_2_2_2_3_3_5_8_4_5_3_5_5_5_3_4_4_1	-1	-1.000000000000000	-1.000000000000000	-1.000000000000000	-1.000000000000000	-657450.119789929944091	0.059000000000000
7_5_6_3_3_3_4_2_3_2_1_3_5_6_4_6_3_5_7_4_3_4_4_2	-1	-1.000000000000000	-1.000000000000000	-1.000000000000000	-1.000000000000000	-646648.219037543633021	0.041000000000000
8_5_6_3_3_3_4_2_3_2_1_3_5_6_4_5_3_5_7_4_3_4_4_2	-1	-1.000000000000000	-1.000000000000000	-1.000000000000000	-1.000000000000000	-648999.788993724389002	0.043000000000000
8_5_6_2_3_3_4_2_2_2_3_4_6_7_4_5_3_5_5_4_3_4_4_1	-1	-1.000000000000000	-1.000000000000000	-1.000000000000000	-1.000000000000000	-656836.369627860258333	0.044000000000000
7_5_7_3_3_3_4_2_3_2_1_3_5_7_4_5_4_5_6_4_3_4_4_1	-1	-1.000000000000000	-1.000000000000000	-1.000000000000000	-1.000000000000000	-654988.505068616592325	0.051000000000000
7_5_6_3_3_3_4_2_3_2_1_3_5_7_4_5_3_5_8_4_3_4_4_1	-1	-1.000000000000000	-1.000000000000000	-1.000000000000000	-1.000000000000000	-653616.736526967957616	0.041000000000000
7_5_6_3_3_3_4_2_3_2_1_3_5_6_4_5_3_5_7_5_3_4_4_2	-1	-1.000000000000000	-1.000000000000000	-1.000000000000000	-1.000000000000000	-646550.855583748430945	0.041000000000000
6_6_8_4_4_3_4_3_2_2_1_3_5_6_4_5_3_5_5_4_3_4_4_1	-1	-1.000000000000000	-1.000000000000000	-1.000000000000000	-1.000000000000000	-654847.586377641651779	0.045000000000000
6_6_6_4_3_4_4_2_2_2_3_3_5_7_4_5_3_5_5_4_3_4_4_1	-1	-1.000000000000000	-1.000000000000000	-1.000000000000000	-1.000000000000000	-661132.868275150307454	0.048000000000000
7_5_6_3_3_3_5_2_3_2_1_3_5_6_4_5_3_5_7_4_3_4_4_2	-1	-1.000000000000000	-1.000000000000000	-1.000000000000000	-1.000000000000000	-646550.855583748430945	0.042000000000000
6_6_6_4_3_3_4_2_2_2_3_3_5_7_5_5_3_5_5_4_3_4_4_1	-1	-1.000000000000000	-1.000000000000000	-1.000000000000000	-1.000000000000000	-661199.175236563314684	0.042000000000000
8_5_6_2_3_3_5_2_2_2_3_3_5_8_4_5_3_5_5_4_3_4_4_1	-1	-1.000000000000000	-1.000000000000000	-1.000000000000000	-1.000000000000000	-656981.467828048509546	0.056000000000000
7_5_6_4_3_3_4_2_3_2_1_3_5_6_4_5_3_5_7_4_3_4_4_2	-1	-1.000000000000000	-1.000000000000000	-1.000000000000000	-1.000000000000000	-651896.364884945796803	0.042000000000000
7_5_6_3_3_3_4_2_3_2_1_3_6_6_4_5_3_5_7_4_3_4_4_2	-1	-1.000000000000000	-1.000000000000000	-1.000000000000000	-1.000000000000000	-649824.451210086815991	0.042000000000000
7_5_7_3_3_3_4_2_4_2_1_3_5_7_5_5_3_5_5_4_3_4_4_1	-1	-1.000000000000000	-1.000000000000000	-1.000000000000000	-1.000000000000000	-662114.471862009726465	0.047000000000000
8_5_7_3_3_3_4_2_2_2_4_3_5_6_4_5_4_4_5_4_3_4_4_1	-1	-1.000000000000000	-1.000000000000000	-1.000000000000000	-1.000000000000000	-656717.170755466446280	0.100000000000000
8_5_7_2_3_3_4_2_2_2_3_3_6_6_4_5_3_5_6_4_3_4_4_1	-1	-1.000000000000000	-1.000000000000000	-1.000000000000000	-1.000000000000000	-655868.841847286326811	0.046000000000000
7_5_6_3_3_3_4_2_3_2_1_3_5_6_5_5_3_5_7_4_3_4_4_2	-1	-1.000000000000000	-1.000000000000000	-1.000000000000000	-1.000000000000000	-646499.998012379626743	0.042000000000000
6_6_8_4_3_3_4_2_3_2_1_3_5_6_4_5_4_5_5_4_3_4_4_1	-1	-1.000000000000000	-1.000000000000000	-1.000000000000000	-1.000000000000000	-658234.387088084593415	0.049000000000000
8_5_6_2_3_3_4_2_2_2_3_3_5_7_4_5_3_5_5_4_3_4_4_1	-1	-1.000000000000000	-1.000000000000000	-1.000000000000000	-1.000000000000000	-651447.196860668482259	0.048000000000000
6_6_7_4_3_3_4_2_4_2_1_3_5_6_4_6_3_5_5_4_3_4_4_1	-1	-1.000000000000000	-1.000000000000000	-1.000000000000000	-1.000000000000000	-661315.939250679337420	0.043000000000000
7_5_6_3_3_3_4_2_3_2_1_3_5_6_4_5_3_5_7_4_3_5_4_2	-1	-1.000000000000000	-1.000000000000000	-1.000000000000000	-1.000000000000000	-645752.001692218356766	0.041000000000000
7_5_6_2_3_3_4_2_3_2_1_3_5_6_4_5_3_5_7_4_3_4_4_2	-1	-1.000000000000000	-1.000000000000000	-1.000000000000000	-1.000000000000000	-636134.001286326441914	0.042000000000000
8_5_7_3_3_3_4_2_2_2_2_3_5_6_4_5_3_5_5_4_3_4_4_1	-1	-1.000000000000000	-1.000000000000000	-1.000000000000000	-1.000000000000000	-648123.603950303397141	0.055000000000000
9_5_7_3_3_3_4_2_2_2_3_3_5_6_4_5_3_5_5_4_3_4_4_1	-1	-1.000000000000000	-1.000000000000000	-1.000000000000000	-1.000000000000000	-662766.706867064349353	0.065000000000000
7_5_6_3_3_3_4_2_3_2_1_3_5_6_4_5_3_6_7_4_3_4_4_2	-1	-1.000000000000000	-1.000000000000000	-1.000000000000000	-1.000000000000000	-650468.342086238088086	0.042000000000000
7_5_6_3_3_3_4_2_3_2_1_3_5_6_4_5_3_5_7_4_3_4_4_1	1	1098588.831928131170571	14656.795837213227060	2293645.006794112268835	1.338000000000000	-644525.512762191821821	0.042000000000000
7_5_7_4_3_3_4_2_2_2_2_3_5_7_4_5_3_5_6_4_3_4_4_1	-1	-1.000000000000000	-1.000000000000000	-1.000000000000000	-1.000000000000000	-659538.369455551612191	0.042000000000000
7_5_6_3_3_3_4_3_3_2_1_3_5_7_4_5_3_5_7_4_3_4_4_1	-1	-1.000000000000000	-1.000000000000000	-1.000000000000000	-1.000000000000000	-653612.308306837570854	0.041000000000000
8_5_6_2_3_3_4_2_2_2_3_3_5_8_4_5_3_5_5_4_3_5_4_1	-1	-1.000000000000000	-1.000000000000000	-1.000000000000000	-1.000000000000000	-657069.220635956502520	0.059000000000000
8_5_6_2_3_3_4_2_2_2_4_3_6_7_4_5_3_4_5_4_4_4_4_1	-1	-1.000000000000000	-1.000000000000000	-1.000000000000000	-1.000000000000000	-653637.078899010550231	0.054000000000000
7_5_7_3_3_3_4_3_4_2_1_3_5_7_4_5_3_5_5_4_3_4_4_1	-1	-1.000000000000000	-1.000000000000000	-1.000000000000000	-1.000000000000000	-663421.265198477776721	0.041000000000000
7_5_5_3_3_3_4_2_3_2_1_3_5_6_4_5_3_5_7_4_3_4_4_2	-1	-1.000000000000000	-1.000000000000000	-1.000000000000000	-1.000000000000000	-635247.469348800368607	0.046000000000000
6_6_8_4_3_3_4_2_3_2_1_3_5_6_4_6_3_5_5_4_3_4_4_1	-1	-1.000000000000000	-1.000000000000000	-1.000000000000000	-1.000000000000000	-657997.919232050655410	0.058000000000000
6_5_7_4_3_3_4_2_4_2_1_3_5_7_5_5_3_5_5_4_3_4_4_1	-1	-1.000000000000000	-1.000000000000000	-1.000000000000000	-1.000000000000000	-662354.973579327459447	0.050000000000000
7_5_6_3_3_3_4_2_3_2_1_3_5_7_4_5_4_5_7_4_3_4_4_1	-1	-1.000000000000000	-1.000000000000000	-1.000000000000000	-1.000000000000000	-651866.015577180893160	0.042000000000000
7_5_6_3_3_3_4_2_3_2_1_3_5_6_4_5_3_4_7_4_3_4_4_2	-1	-1.000000000000000	-1.000000000000000	-1.000000000000000	-1.000000000000000	-638238.530065312981606	0.041000000000000
8_5_5_3_3_3_4_2_2_2_3_3_6_6_4_5_3_5_5_4_3_4_4_1	-1	-1.000000000000000	-1.000000000000000	-1.000000000000000	-1.000000000000000	-644848.751597772352397	0.047000000000000
7_5_6_3_3_3_4_2_3_2_1_3_5_6_4_5_3_5_6_4_3_4_4_2	1	1098528.580129075096920	14764.848702176292136	2263501.950604641344398	1.431000000000000	-643235.212245364906266	0.040000000000000
7_5_6_3_3_3_4_2_3_2_1_3_5_7_4_5_3_5_6_4_3_4_4_2	1	1098318.215115991421044	14673.389601801882236	2232132.489837029017508	1.361000000000000	-650837.270508955465630	0.052000000000000
7_5_6_3_3_3_4_2_3_2_1_3_5_7_4_5_3_4_7_4_3_4_4_2	-1	-1.000000000000000	-1.000000000000000	-1.000000000000000	-1.000000000000000	-645913.328877280117013	0.047000000000000
7_5_6_4_3_3_4_2_3_2_1_3_5_7_4_5_3_5_7_4_3_4_4_1	1	1099083.491837342735380	15199.843396027012204	2236303.102569568902254	1.325000000000000	-657107.870901637477800	0.057000000000000
7_5_7_5_3_3_4_2_2_2_2_3_5_7_4_5_3_5_5_4_3_4_4_1	-1	-1.000000000000000	-1.000000000000000	-1.000000000000000	-1.000000000000000	-661984.731417053146288	0.043000000000000
6_5_7_4_3_3_4_2_4_2_1_3_5_7_4_5_3_5_5_4_4_4_4_1	-1	-1.000000000000000	-1.000000000000000	-1.000000000000000	-1.000000000000000	-663261.145180856343359	0.057000000000000
7_5_7_3_3_3_5_2_3_2_1_3_5_7_4_5_3_5_6_4_3_4_4_1	-1	-1.000000000000000	-1.000000000000000	-1.000000000000000	-1.000000000000000	-657338.210754384286702	0.054000000000000
8_5_7_2_3_3_4_2_2_2_4_3_6_6_4_5_3_4_6_4_3_4_4_1	-1	-1.000000000000000	-1.000000000000000	-1.000000000000000	-1.000000000000000	-652630.444070855854079	0.052000000000000
8_5_6_2_3_3_4_2_2_3_3_3_5_7_4_5_3_6_5_4_3_4_4_1	-1	-1.000000000000000	-1.000000000000000	-1.000000000000000	-1.000000000000000	-656158.589977670228109	0.043000000000000
7_5_6_3_3_3_4_2_3_2_1_3_5_7_5_5_3_5_7_4_3_4_4_1	-1	-1.000000000000000	-1.000000000000000	-1.000000000000000	-1.000000000000000	-651585.297572977258824	0.054000000000000
7_5_7_3_3_4_4_2_2_2_3_3_6_6_4_5_3_5_5_4_3_4_4_1	-1	-1.000000000000000	-1.000000000000000	-1.000000000000000	-1.000000000000000	-659439.902046089642681	0.046000000000000
7_5_6_3_3_3_5_2_3_2_1_3_5_7_4_5_3_5_7_4_3_4_4_1	-1	-1.000000000000000	-1.000000000000000	-1.000000000000000	-1.000000000000000	-651638.848641954711638	0.049000000000000
6_5_7_5_3_3_4_2_4_2_1_3_5_7_4_5_3_5_5_4_3_4_4_1	-1	-1.000000000000000	-1.000000000000000	-1.000000000000000	-1.000000000000000	-664538.030888026230969	0.046000000000000
7_5_6_3_3_3_4_2_3_2_1_3_5_7_4_6_3_5_7_4_3_4_4_1	-1	-1.000000000000000	-1.000000000000000	-1.000000000000000	-1.000000000000000	-651822.821221975493245	0.052000000000000
6_5_8_4_3_3_4_4_2_2_2_3_5_6_4_5_3_5_5_4_3_4_4_1	-1	-1.000000000000000	-1.000000000000000	-1.000000000000000	-1.000000000000000	-654805.247423773398623	0.043000000000000
7_5_8_3_3_3_4_2_3_2_1_3_5_7_4_5_3_5_6_4_3_4_4_1	-1	-1.000000000000000	-1.000000000000000	-1.000000000000000	-1.000000000000000	-658795.656971219228581	0.048000000000000
7_5_7_3_3_3_4_2_4_2_1_4_5_7_4_5_3_5_5_4_3_4_4_1	-1	-1.000000000000000	-1.000000000000000	-1.000000000000000	-1.000000000000000	-662137.667491270694882	0.042000000000000
7_5_6_3_3_3_4_2_3_2_1_3_5_7_4_5_3_6_7_4_3_4_4_1	-1	-1.000000000000000	-1.000000000000000	-1.000000000000000	-1.000000000000000	-655903.246505612507463	0.050000000000000
8_5_6_3_3_3_4_2_2_2_3_3_5_6_4_5_3_5_5_4_3_4_4_1	1	1103875.853446889901534	15166.978344167160685	2269952.604058036580682	0.369000000000000	-652922.393765498185530	0.052000000000000
8_5_6_2_3_3_4_2_2_2_3_3_6_8_4_6_3_4_5_4_3_4_4_1	-1	-1.000000000000000	-1.000000000000000	-1.000000000000000	-1.000000000000000	-653800.472776274546050	0.049000000000000
7_5_6_3_3_3_4_2_3_2_1_3_5_7_4_5_3_5_7_4_3_5_4_1	-1	-1.000000000000000	-1.000000000000000	-1.000000000000000	-1.000000000000000	-652313.090229753288440	0.046000000000000
6_6_8_4_3_3_4_2_3_2_1_3_5_6_4_5_3_5_5_4_3_5_4_1	-1	-1.000000000000000	-1.000000000000000	-1.000000000000000	-1.000000000000000	-661398.195043613901362	0.045000000000000
7_5_7_3_3_3_4_2_3_2_1_3_5_7_4_5_3_5_7_4_3_4_4_1	1	1098317.319372602272779	14212.410943230373960	2216503.727243943605572	1.206000000000000	-657881.502775924745947	0.045000000000000
6_6_6_4_3_3_4_2_4_2_1_3_5_6_4_5_3_5_5_4_3_4_4_1	1	1093097.777117272606120	14515.831620396656945	2255533.959473164286464	1.035000000000000	-653410.700633623637259	0.041000000000000
8_5_6_3_3_3_4_2_3_2_1_3_5_7_4_5_3_5_7_4_3_4_4_1	-1	-1.000000000000000	-1.000000000000000	-1.000000000000000	-1.000000000000000	-654840.374878809438087	0.044000000000000
6_6_6_4_3_3_4_2_2_2_3_3_5_8_4_5_3_5_5_4_3_4_4_1	1	1093136.948080300353467	14115.767242591664399	2186483.593491326086223	0.876000000000000	-665911.885057102073915	0.044000000000000
7_5_6_3_3_3_4_2_3_2_1_3_5_7_4_5_3_5_7_4_4_4_4_1	-1	-1.000000000000000	-1.000000000000000	-1.000000000000000	-1.000000000000000	-652924.733065090840682	0.043000000000000
6_6_8_4_3_3_4_2_3_2_1_3_5_6_4_5_3_5_5_4_4_4_4_1	-1	-1.000000000000000	-1.000000000000000	-1.000000000000000	-1.000000000000000	-658591.615800595842302	0.051000000000000
7_5_6_3_3_3_4_2_3_3_1_3_5_7_4_5_3_5_7_4_3_4_4_1	-1	-1.000000000000000	-1.000000000000000	-1.000000000000000	-1.000000000000000	-651638.848641954711638	0.040000000000000
8_5_7_3_3_3_4_2_2_2_5_3_5_6_4_5_3_4_5_4_3_4_4_1	-1	-1.000000000000000	-1.000000000000000	-1.000000000000000	-1.000000000000000	-656737.413744703982957	0.087000000000000
6_6_8_4_3_3_4_3_2_2_1_3_5_6_5_5_3_5_5_4_3_4_4_1	-1	-1.000000000000000	-1.000000000000000	-1.000000000000000	-1.000000000000000	-654985.359967576339841	0.045000000000000
7_5_7_3_3_3_4_2_2_2_3_3_5_7_5_5_3_5_5_4_3_4_4_1	-1	-1.000000000000000	-1.000000000000000	-1.000000000000000	-1.000000000000000	-662842.000094251823612	0.048000000000000
8_5_7_2_3_3_4_2_2_2_4_4_6_6_4_5_3_4_5_4_3_4_4_1	-1	-1.000000000000000	-1.000000000000000	-1.000000000000000	-1.000000000000000	-652640.591238996479660	0.063000000000000
9_5_7_3_3_3_4_2_2_2_4_3_5_6_4_5_3_4_5_4_3_4_4_1	-1	-1.000000000000000	-1.000000000000000	-1.000000000000000	-1.000000000000000	-660835.766603157157078	0.060000000000000
7_5_7_4_3_3_4_2_2_2_2_3_5_8_4_5_3_5_5_4_3_4_4_1	1	1098976.753171222284436	14433.259563115167111	2176468.569193813949823	1.477000000000000	-663600.543217988917604	0.042000000000000
8_6_6_2_3_3_4_2_2_2_3_3_6_8_4_5_3_4_5_4_3_4_4_1	-1	-1.000000000000000	-1.000000000000000	-1.000000000000000	-1.000000000000000	-658690.860975241055712	0.060000000000000
6_6_5_2_3_3_4_2_2_2_3_3_5_8_4_5_3_6_5_4_3_4_4_1	1	1092105.302386121358722	13989.970742553541641	2280385.454078399110585	1.295000000000000	-641772.808629097184166	0.047000000000000
7_5_6_3_3_3_4_2_3_2_1_3_5_7_4_5_3_5_7_4_3_4_5_1	-1	-1.000000000000000	-1.000000000000000	-1.000000000000000	-1.000000000000000	-651686.895845971419476	0.042000000000000
6_6_8_4_3_3_4_2_3_2_1_3_5_6_4_5_3_5_5_4_3_4_5_1	-1	-1.000000000000000	-1.000000000000000	-1.000000000000000	-1.000000000000000	-660583.809578798944131	0.045000000000000
5_5_7_4_3_3_4_3_2_2_2_3_5_7_4_5_3_5_5_4_3_4_4_1	-1	-1.000000000000000	-1.000000000000000	-1.000000000000000	-1.000000000000000	-646111.518448080751114	0.062000000000000
6_5_7_4_3_3_4_2_2_2_3_3_5_7_5_5_3_5_5_4_3_4_4_1	-1	-1.000000000000000	-1.000000000000000	-1.000000000000000	-1.000000000000000	-662660.829747682204470	0.041000000000000
7_5_7_3_3_3_4_2_2_3_3_3_6_6_4_5_3_5_5_4_3_4_4_1	-1	-1.000000000000000	-1.000000000000000	-1.000000000000000	-1.000000000000000	-659464.834019526490010	0.044000000000000
6_6_7_4_3_4_4_2_4_2_1_3_5_6_4_5_3_5_5_4_3_4_4_1	-1	-1.000000000000000	-1.000000000000000	-1.000000000000000	-1.000000000000000	-661189.902916987077333	0.042000000000000
7_5_7_3_3_3_4_2_2_2_3_3_6_6_4_5_3_5_5_5_3_4_4_1	-1	-1.000000000000000	-1.000000000000000	-1.000000000000000	-1.000000000000000	-660294.863620644435287	0.047000000000000
8_5_6_2_3_4_4_2_2_2_3_3_5_7_4_5_3_6_5_4_3_4_4_1	-1	-1.000000000000000	-1.000000000000000	-1.000000000000000	-1.000000000000000	-656207.537450506584719	0.052000000000000
7_5_6_3_3_3_4_2_3_2_1_4_5_7_4_5_3_5_7_4_3_4_4_1	-1	-1.000000000000000	-1.000000000000000	-1.000000000000000	-1.000000000000000	-651638.848641954711638	0.041000000000000
8_5_7_2_3_3_4_2_2_2_3_3_6_6_4_5_4_5_5_4_3_4_4_1	-1	-1.000000000000000	-1.000000000000000	-1.000000000000000	-1.000000000000000	-655946.991873222053982	0.040000000000000
6_6_7_4_3_3_4_2_2_2_3_3_5_6_4_5_3_5_5_4_4_4_4_1	-1	-1.000000000000000	-1.000000000000000	-1.000000000000000	-1.000000000000000	-662603.782066718558781	0.045000000000000
6_6_7_4_3_3_4_2_4_2_2_3_5_6_4_5_3_5_5_4_3_4_4_1	-1	-1.000000000000000	-1.000000000000000	-1.000000000000000	-1.000000000000000	-661317.389793364331126	0.051000000000000
7_5_6_3_3_3_4_2_3_2_1_3_5_7_4_5_3_4_7_4_3_4_4_1	-1	-1.000000000000000	-1.000000000000000	-1.000000000000000	-1.000000000000000	-643320.071062968578190	0.038000000000000
6_6_8_4_3_3_4_2_3_2_1_3_5_6_4_5_3_4_5_4_3_4_4_1	-1	-1.000000000000000	-1.000000000000000	-1.000000000000000	-1.000000000000000	-648781.144393862108700	0.046000000000000
7_5_7_3_3_3_4_2_3_3_1_3_5_7_4_5_3_5_6_4_3_4_4_1	-1	-1.000000000000000	-1.000000000000000	-1.000000000000000	-1.000000000000000	-654786.161465324810706	0.044000000000000
6_5_6_3_3_3_4_2_3_2_1_3_5_7_4_5_3_5_7_4_3_4_4_1	1	1094567.398562257876620	14317.739906409588002	2288315.857004805468023	1.048000000000000	-644580.684381134109572	0.038000000000000
6_6_7_4_4_3_4_2_2_2_3_3_5_6_4_5_3_5_5_4_3_4_4_1	-1	-1.000000000000000	-1.000000000000000	-1.000000000000000	-1.000000000000000	-661734.564689075341448	0.043000000000000
7_5_7_3_3_3_4_2_3_2_1_4_5_7_4_5_3_5_6_4_3_4_4_1	-1	-1.000000000000000	-1.000000000000000	-1.000000000000000	-1.000000000000000	-654786.161465324810706	0.058000000000000
7_5_7_4_3_3_4_2_2_3_3_3_5_6_4_5_3_5_5_4_3_4_4_1	-1	-1.000000000000000	-1.000000000000000	-1.000000000000000	-1.000000000000000	-661938.779838392511010	0.055000000000000
7_5_6_3_3_3_4_2_2_2_3_3_5_9_4_5_3_5_5_4_3_4_4_1	-1	-1.000000000000000	-1.000000000000000	-1.000000000000000	-1.000000000000000	-663916.605254525900818	0.062000000000000
8_6_6_2_3_3_4_2_2_2_3_3_5_8_4_5_3_5_5_4_3_4_4_1	-1	-1.000000000000000	-1.000000000000000	-1.000000000000000	-1.000000000000000	-661288.894639537204057	0.058000000000000
6_6_7_4_3_3_4_2_4_2_1_3_5_6_4_5_3_5_5_4_3_4_5_1	-1	-1.000000000000000	-1.000000000000000	-1.000000000000000	-1.000000000000000	-660528.428794472129084	0.054000000000000
7_5_7_3_3_3_4_2_3_2_1_3_5_7_4_5_3_5_6_4_3_4_5_1	-1	-1.000000000000000	-1.000000000000000	-1.000000000000000	-1.000000000000000	-657242.680438082083128	0.055000000000000
7_5_7_4_3_3_4_2_3_2_1_3_5_7_4_5_3_5_6_4_3_4_4_1	1	1098863.998897204175591	14516.620641214714851	2200246.812691752798855	1.521000000000000	-661428.336550205596723	0.054000000000000
7_5_7_4_3_3_4_2_2_2_2_3_5_6_4_5_3_5_5_4_3_4_4_1	-1	-1.000000000000000	-1.000000000000000	-1.000000000000000	-1.000000000000000	-651063.431436168961227	0.043000000000000
7_5_7_3_3_3_4_2_2_2_3_3_6_6_4_5_3_4_5_4_3_4_4_1	-1	-1.000000000000000	-1.000000000000000	-1.000000000000000	-1.000000000000000	-650440.259616681607440	0.044000000000000
7_5_7_3_3_3_4_2_4_2_1_3_5_7_4_6_3_5_5_4_3_4_4_1	-1	-1.000000000000000	-1.000000000000000	-1.000000000000000	-1.000000000000000	-662136.235628167632967	0.044000000000000
7_5_7_4_3_3_4_2_3_2_2_3_5_7_4_5_3_5_5_4_3_4_4_1	-1	-1.000000000000000	-1.000000000000000	-1.000000000000000	-1.000000000000000	-660864.504195660003461	0.043000000000000
7_5_7_3_3_3_4_2_3_2_2_3_5_7_4_5_3_5_6_4_3_4_4_1	-1	-1.000000000000000	-1.000000000000000	-1.000000000000000	-1.000000000000000	-654786.161465324810706	0.064000000000000
7_5_7_3_3_3_4_3_3_2_1_3_5_7_4_5_3_5_6_4_3_4_4_1	-1	-1.000000000000000	-1.000000000000000	-1.000000000000000	-1.000000000000000	-660133.319768345798366	0.051000000000000
7_5_7_3_4_3_4_2_3_2_1_3_5_7_4_5_3_5_6_4_3_4_4_1	-1	-1.000000000000000	-1.000000000000000	-1.000000000000000	-1.000000000000000	-654800.475205988273956	0.055000000000000
6_6_7_4_3_3_4_2_3_2_1_3_5_6_4_5_3_5_5_4_3_4_4_1	1	1093080.999271930195391	14408.399733542988542	2220654.620794279035181	0.981000000000000	-653678.093221764196642	0.046000000000000
8_5_7_3_3_3_4_2_2_2_3_3_5_5_4_5_3_5_5_4_3_4_4_1	-1	-1.000000000000000	-1.000000000000000	-1.000000000000000	-1.000000000000000	-650821.328025894705206	0.055000000000000
6_6_7_4_3_3_4_2_4_2_1_3_5_6_4_5_3_5_5_5_3_4_4_1	-1	-1.000000000000000	-1.000000000000000	-1.000000000000000	-1.000000000000000	-662291.206526526832022	0.042000000000000
7_5_7_3_3_3_4_2_3_2_1_3_5_7_4_5_3_5_6_5_3_4_4_1	-1	-1.000000000000000	-1.000000000000000	-1.000000000000000	-1.000000000000000	-655910.558248060289770	0.047000000000000
8_5_7_3_3_3_4_2_2_2_3_3_5_6_4_5_3_6_5_4_3_4_4_1	1	1103799.689994246000424	14523.931668262479434	2195883.147000054363161	0.738000000000000	-665158.011610201443546	0.057000000000000
8_5_7_3_3_3_4_2_3_2_1_3_5_7_4_5_3_5_6_4_3_4_4_1	-1	-1.000000000000000	-1.000000000000000	-1.000000000000000	-1.000000000000000	-658245.620093941106461	0.047000000000000
6_6_7_4_3_3_4_2_4_2_1_3_5_6_4_5_3_5_5_4_4_4_4_1	-1	-1.000000000000000	-1.000000000000000	-1.000000000000000	-1.000000000000000	-662068.745019060792401	0.041000000000000
7_5_7_3_3_3_4_2_3_2_1_3_5_7_4_5_3_5_6_4_4_4_4_1	-1	-1.000000000000000	-1.000000000000000	-1.000000000000000	-1.000000000000000	-655523.520250404835679	0.045000000000000
6_5_7_4_3_3_4_3_2_2_2_3_5_7_4_5_3_5_5_5_3_4_4_1	-1	-1.000000000000000	-1.000000000000000	-1.000000000000000	-1.000000000000000	-659261.639730271417648	0.049000000000000
6_6_6_3_3_3_4_2_2_2_3_3_5_8_4_5_4_5_5_4_3_4_4_1	-1	-1.000000000000000	-1.000000000000000	-1.000000000000000	-1.000000000000000	-657333.129177239141427	0.045000000000000
7_5_7_3_3_3_4_2_3_2_1_3_5_8_4_5_3_5_6_4_3_4_4_1	-1	-1.000000000000000	-1.000000000000000	-1.000000000000000	-1.000000000000000	-659830.975970025639981	0.045000000000000
7_5_7_3_3_3_4_2_3_2_1_3_5_7_4_5_3_4_6_4_3_4_4_1	-1	-1.000000000000000	-1.000000000000000	-1.000000000000000	-1.000000000000000	-646245.611883560428396	0.042000000000000
6_6_7_4_3_3_4_2_4_2_1_3_5_6_4_5_3_5_6_4_3_4_4_1	-1	-1.000000000000000	-1.000000000000000	-1.000000000000000	-1.000000000000000	-661337.034884548047557	0.042000000000000
7_5_7_3_3_3_4_2_3_2_1_3_5_7_4_5_3_5_5_4_3_4_4_1	1	1098604.027029186952859	14216.730413879511616	2236415.886123968288302	1.476000000000000	-654230.501827764790505	0.042000000000000
8_5_6_2_3_3_4_3_2_2_4_3_6_7_4_5_3_4_5_4_3_4_4_1	-1	-1.000000000000000	-1.000000000000000	-1.000000000000000	-1.000000000000000	-652726.083596332580782	0.057000000000000
6_5_7_3_3_3_4_2_4_2_1_3_5_7_4_5_3_5_6_4_3_4_4_1	1	1094454.469231859082356	14215.528684714488918	2242408.668578358367085	0.977000000000000	-654730.656898153130896	0.061000000000000
7_5_7_2_3_3_4_2_4_2_1_3_5_7_4_5_3_5_6_4_3_4_4_1	-1	-1.000000000000000	-1.000000000000000	-1.000000000000000	-1.000000000000000	-650196.707126684952527	0.055000000000000
7_5_7_3_3_3_4_2_4_2_1_3_5_7_4_5_3_4_6_4_3_4_4_1	-1	-1.000000000000000	-1.000000000000000	-1.000000000000000	-1.000000000000000	-653255.209161326638423	0.055000000000000
8_5_7_3_3_3_4_2_2_2_4_4_5_6_4_5_3_4_5_4_3_4_4_1	-1	-1.000000000000000	-1.000000000000000	-1.000000000000000	-1.000000000000000	-655831.325475489371456	0.081000000000000
6_5_7_4_3_3_4_2_2_3_3_3_5_7_4_5_3_5_5_4_3_4_4_1	-1	-1.000000000000000	-1.000000000000000	-1.000000000000000	-1.000000000000000	-662670.685530040762387	0.048000000000000
8_5_7_3_3_3_4_2_4_2_1_3_5_7_4_5_3_5_5_4_3_4_4_1	-1	-1.000000000000000	-1.000000000000000	-1.000000000000000	-1.000000000000000	-666367.233655633288436	0.058000000000000
8_5_6_2_3_3_4_2_2_2_4_3_6_7_4_5_3_4_5_4_3_5_4_1	-1	-1.000000000000000	-1.000000000000000	-1.000000000000000	-1.000000000000000	-652240.493183903861791	0.050000000000000
8_5_6_2_3_3_4_2_2_2_4_3_6_7_4_5_4_4_5_4_3_4_4_1	-1	-1.000000000000000	-1.000000000000000	-1.000000000000000	-1.000000000000000	-652834.526961513329297	0.051000000000000
7_5_7_3_3_3_4_2_4_2_1_3_5_6_4_5_3_5_5_4_3_4_4_1	1	1098618.936051043448970	14307.267171383573441	2259012.854671827983111	1.447000000000000	-654562.977907207794487	0.040000000000000
7_5_7_3_3_3_4_2_4_3_1_3_5_7_4_5_3_5_5_4_3_4_4_1	-1	-1.000000000000000	-1.000000000000000	-1.000000000000000	-1.000000000000000	-662137.667491270694882	0.056000000000000
7_5_7_3_3_3_4_2_5_2_1_3_5_7_4_5_3_5_5_4_3_4_4_1	-1	-1.000000000000000	-1.000000000000000	-1.000000000000000	-1.000000000000000	-665505.179149916744791	0.054000000000000
7_5_7_4_3_3_4_2_2_2_3_3_5_6_4_5_3_5_5_4_4_4_4_1	-1	-1.000000000000000	-1.000000000000000	-1.000000000000000	-1.000000000000000	-662612.730024099233560	0.055000000000000
6_5_8_4_3_3_4_3_2_2_2_3_5_6_4_5_3_5_5_4_3_5_4_1	-1	-1.000000000000000	-1.000000000000000	-1.000000000000000	-1.000000000000000	-653963.220917195430957	0.039000000000000
7_5_6_2_3_4_4_2_2_2_3_3_5_8_4_5_3_6_5_4_3_4_4_1	-1	-1.000000000000000	-1.000000000000000	-1.000000000000000	-1.000000000000000	-655294.946148209855892	0.064000000000000
6_6_7_4_3_3_4_2_4_2_1_3_5_6_4_5_4_5_5_4_3_4_4_1	-1	-1.000000000000000	-1.000000000000000	-1.000000000000000	-1.000000000000000	-661362.807988909422420	0.042000000000000
7_5_7_3_3_3_4_2_4_2_1_3_5_8_4_5_3_5_5_4_3_4_4_1	1	1098204.521324187284335	14134.052803250771831	2202991.012085987254977	1.431000000000000	-667292.794052036944777	0.050000000000000
7_5_7_3_3_3_4_2_4_2_1_3_5_7_4_5_3_5_5_4_4_4_4_1	-1	-1.000000000000000	-1.000000000000000	-1.000000000000000	-1.000000000000000	-662851.575629188679159	0.051000000000000
8_5_6_2_3_3_4_2_2_2_3_3_6_7_5_5_3_5_5_4_3_4_4_1	-1	-1.000000000000000	-1.000000000000000	-1.000000000000000	-1.000000000000000	-656807.199077465455048	0.042000000000000
6_6_6_3_3_3_4_2_2_3_3_3_5_8_4_5_3_5_5_4_3_4_4_1	-1	-1.000000000000000	-1.000000000000000	-1.000000000000000	-1.000000000000000	-657333.129177239141427	0.046000000000000
6_6_6_4_3_3_5_2_2_2_3_3_5_7_4_5_3_5_5_4_3_4_4_1	-1	-1.000000000000000	-1.000000000000000	-1.000000000000000	-1.000000000000000	-661261.505558256409131	0.042000000000000
7_5_7_3_3_3_4_2_4_2_1_3_5_7_4_5_3_5_5_4_3_4_5_1	-1	-1.000000000000000	-1.000000000000000	-1.000000000000000	-1.000000000000000	-662208.373140140669420	0.045000000000000
8_5_6_2_3_3_4_2_2_2_3_4_5_8_4_5_3_5_5_4_3_4_4_1	-1	-1.000000000000000	-1.000000000000000	-1.000000000000000	-1.000000000000000	-656734.621062479098327	0.049000000000000
7_5_7_3_3_4_4_2_4_2_1_3_5_7_4_5_3_5_5_4_3_4_4_1	-1	-1.000000000000000	-1.000000000000000	-1.000000000000000	-1.000000000000000	-662132.206841974752024	0.042000000000000
6_6_8_4_3_4_4_2_3_2_1_3_5_6_4_5_3_5_5_4_3_4_4_1	-1	-1.000000000000000	-1.000000000000000	-1.000000000000000	-1.000000000000000	-657906.941495065926574	0.051000000000000
6_6_8_4_3_3_4_2_3_2_1_3_5_6_4_5_3_5_6_4_3_4_4_1	-1	-1.000000000000000	-1.000000000000000	-1.000000000000000	-1.000000000000000	-658604.306158177438192	0.070000000000000
7_5_7_3_4_3_4_2_4_2_1_3_5_7_4_5_3_5_5_4_3_4_4_1	-1	-1.000000000000000	-1.000000000000000	-1.000000000000000	-1.000000000000000	-662142.256258141831495	0.042000000000000
8_5_6_2_3_3_4_2_2_2_3_3_6_7_4_5_3_4_5_4_3_4_4_1	1	1103689.657977988244966	14314.480481872953533	2276875.640486428048462	0.568000000000000	-648143.360085995285772	0.061000000000000
7_5_7_3_3_3_4_2_4_2_1_3_5_7_4_5_3_5_5_5_3_4_4_1	-1	-1.000000000000000	-1.000000000000000	-1.000000000000000	-1.000000000000000	-663189.994314335053787	0.041000000000000
7_5_7_4_3_3_4_2_2_2_2_3_5_7_4_5_4_5_5_4_3_4_4_1	-1	-1.000000000000000	-1.000000000000000	-1.000000000000000	-1.000000000000000	-658847.834149162517861	0.054000000000000
7_5_7_3_3_3_4_2_4_2_1_3_5_7_4_5_3_5_5_4_3_5_4_1	-1	-1.000000000000000	-1.000000000000000	-1.000000000000000	-1.000000000000000	-662583.467751915450208	0.043000000000000
8_5_6_3_3_3_4_2_2_2_3_3_6_6_4_5_3_5_6_4_3_4_4_1	-1	-1.000000000000000	-1.000000000000000	-1.000000000000000	-1.000000000000000	-657607.662890461506322	0.047000000000000
7_5_7_3_3_3_4_2_4_2_1_3_6_7_4_5_3_5_5_4_3_4_4_1	-1	-1.000000000000000	-1.000000000000000	-1.000000000000000	-1.000000000000000	-666433.090370773104951	0.041000000000000
7_5_7_3_4_3_4_2_2_2_3_3_6_6_4_5_3_5_5_4_3_4_4_1	-1	-1.000000000000000	-1.000000000000000	-1.000000000000000	-1.000000000000000	-659451.137443823856302	0.045000000000000
7_5_7_3_3_3_5_2_4_2_1_3_5_7_4_5_3_5_5_4_3_4_4_1	-1	-1.000000000000000	-1.000000000000000	-1.000000000000000	-1.000000000000000	-662448.417100416263565	0.046000000000000
8_5_6_2_3_3_4_2_2_2_3_3_6_7_4_5_3_5_6_4_3_4_4_1	-1	-1.000000000000000	-1.000000000000000	-1.000000000000000	-1.000000000000000	-656890.925077436957508	0.044000000000000
7_5_7_4_3_3_4_2_4_2_1_3_5_7_4_5_3_5_5_4_3_4_4_1	1	1098577.094336426816881	14516.638830334890372	2203247.822650704067200	1.306000000000000	-668753.524317944073118	0.041000000000000
7_5_7_3_3_3_4_2_4_2_2_3_5_7_4_5_3_5_5_4_3_4_4_1	-1	-1.000000000000000	-1.000000000000000	-1.000000000000000	-1.000000000000000	-662137.667491270694882	0.041000000000000
6_5_7_3_3_3_4_2_4_2_1_3_5_7_4_5_3_5_5_4_3_4_4_1	1	1094532.339233571430668	14215.528684714488918	2253946.002347344532609	0.996000000000000	-654693.962493694969453	0.042000000000000
6_5_8_4_3_3_4_3_2_2_3_3_5_6_4_5_3_5_5_4_3_4_4_1	-1	-1.000000000000000	-1.000000000000000	-1.000000000000000	-1.000000000000000	-660078.396661655628122	0.042000000000000
7_5_7_2_3_3_4_2_4_2_1_3_5_7_4_5_3_5_5_4_3_4_4_1	-1	-1.000000000000000	-1.000000000000000	-1.000000000000000	-1.000000000000000	-650109.646423227735795	0.041000000000000
8_5_7_2_3_3_4_2_2_2_4_3_6_6_4_5_4_4_5_4_3_4_4_1	-1	-1.000000000000000	-1.000000000000000	-1.000000000000000	-1.000000000000000	-653512.761602081707679	0.052000000000000
8_5_7_2_3_3_4_2_2_3_3_3_6_6_4_5_3_5_5_4_3_4_4_1	-1	-1.000000000000000	-1.000000000000000	-1.000000000000000	-1.000000000000000	-655787.698608099832200	0.045000000000000
7_5_6_3_3_3_4_2_4_2_1_3_5_7_4_5_3_5_5_4_3_4_4_1	-1	-1.000000000000000	-1.000000000000000	-1.000000000000000	-1.000000000000000	-655760.056979465996847	0.040000000000000
7_5_7_3_3_3_4_2_2_2_3_3_6_6_4_6_3_5_5_4_3_4_4_1	-1	-1.000000000000000	-1.000000000000000	-1.000000000000000	-1.000000000000000	-659463.398234880180098	0.049000000000000
7_5_7_3_3_3_4_2_4_2_1_3_5_7_4_5_3_4_5_4_3_4_4_1	-1	-1.000000000000000	-1.000000000000000	-1.000000000000000	-1.000000000000000	-653199.786519724293612	0.039000000000000
6_6_7_4_3_3_4_3_2_2_2_3_5_7_4_5_3_5_5_4_3_4_4_1	-1	-1.000000000000000	-1.000000000000000	-1.000000000000000	-1.000000000000000	-664339.557502184761688	0.056000000000000
6_5_7_4_3_3_4_2_4_2_1_3_5_7_4_5_3_5_5_4_3_4_4_1	1	1094270.703334024874493	14215.528684714488918	2229819.400532498955727	1.005000000000000	-662364.825622651376761	0.072000000000000
8_5_6_2_3_3_4_2_2_2_2_3_6_8_4_5_3_5_5_4_3_4_4_1	1	1100988.020021432777867	14047.017534645558044	2231017.410177882760763	0.202000000000000	-650897.563654006575234	0.065000000000000
6_5_7_3_3_3_4_2_4_2_1_3_5_8_4_5_3_5_5_4_3_4_4_1	1	1094335.228474037488922	14133.383957133391959	2229199.153917429037392	1.050000000000000	-658687.509751688339747	0.061000000000000
7_5_7_4_3_3_4_2_4_2_1_3_5_7_4_5_3_4_5_4_3_4_4_1	-1	-1.000000000000000	-1.000000000000000	-1.000000000000000	-1.000000000000000	-659470.439260557293892	0.066000000000000
7_5_7_4_3_3_4_2_4_2_1_3_5_6_4_5_3_5_5_4_3_4_4_1	1	1098790.150754589587450	14607.870156462358864	2234470.459958047606051	1.466000000000000	-661169.091512376558967	0.071000000000000
8_5_7_3_3_3_4_2_2_3_3_3_5_6_4_5_3_5_5_4_3_4_4_1	-1	-1.000000000000000	-1.000000000000000	-1.000000000000000	-1.000000000000000	-659826.840694095124491	0.071000000000000
6_5_7_4_3_3_4_3_4_2_1_3_5_7_4_5_3_5_5_4_3_4_4_1	-1	-1.000000000000000	-1.000000000000000	-1.000000000000000	-1.000000000000000	-662183.088812753325328	0.060000000000000
6_5_8_4_3_3_4_3_2_2_2_3_5_6_4_5_3_5_5_5_3_4_4_1	-1	-1.000000000000000	-1.000000000000000	-1.000000000000000	-1.000000000000000	-656043.799854483339004	0.043000000000000
7_5_7_4_3_3_4_2_2_2_3_3_5_6_4_5_4_5_5_4_3_4_4_1	-1	-1.000000000000000	-1.000000000000000	-1.000000000000000	-1.000000000000000	-662031.633634697529487	0.058000000000000
6_5_7_4_3_3_4_2_4_2_1_4_5_7_4_5_3_5_5_4_3_4_4_1	-1	-1.000000000000000	-1.000000000000000	-1.000000000000000	-1.000000000000000	-662364.825622651376761	0.062000000000000
6_5_7_4_3_3_5_2_4_2_1_3_5_7_4_5_3_5_5_4_3_4_4_1	-1	-1.000000000000000	-1.000000000000000	-1.000000000000000	-1.000000000000000	-662311.979884705040604	0.052000000000000
6_5_7_4_3_3_4_2_4_2_1_3_5_7_4_5_3_5_5_4_3_4_5_1	-1	-1.000000000000000	-1.000000000000000	-1.000000000000000	-1.000000000000000	-661692.834570793434978	0.061000000000000
7_5_8_3_3_3_4_2_2_2_3_3_5_7_4_5_3_5_5_4_3_4_4_1	-1	-1.000000000000000	-1.000000000000000	-1.000000000000000	-1.000000000000000	-666500.268861479707994	0.043000000000000
6_5_7_4_3_3_4_2_5_2_1_3_5_7_4_5_3_5_5_4_3_4_4_1	-1	-1.000000000000000	-1.000000000000000	-1.000000000000000	-1.000000000000000	-664277.502242795424536	0.070000000000000
6_6_6_3_3_3_4_2_2_2_3_3_5_8_4_5_3_4_5_4_3_4_4_1	1	1093528.486210210714489	14156.251509734425781	2248616.628764614462852	1.202000000000000	-649226.209056055871770	0.042000000000000
6_5_7_4_3_3_4_2_4_2_1_3_5_7_4_5_3_5_6_4_3_4_4_1	-1	-1.000000000000000	-1.000000000000000	-1.000000000000000	-1.000000000000000	-662350.267239689594135	0.072000000000000
6_5_8_4_3_3_4_3_2_2_2_3_5_7_4_5_3_5_5_4_3_4_4_1	1	1094791.931216950062662	14296.295358601473708	2176768.532838978804648	0.877000000000000	-662691.659739009919576	0.053000000000000
6_5_7_4_3_3_4_2_4_2_1_3_6_7_4_5_3_5_5_4_3_4_4_1	-1	-1.000000000000000	-1.000000000000000	-1.000000000000000	-1.000000000000000	-665341.319499383913353	0.046000000000000
6_6_7_4_3_3_5_2_4_2_1_3_5_6_4_5_3_5_5_4_3_4_4_1	-1	-1.000000000000000	-1.000000000000000	-1.000000000000000	-1.000000000000000	-661448.619382120901719	0.042000000000000
6_5_7_4_3_3_4_2_4_2_1_3_5_7_4_6_3_5_5_4_3_4_4_1	-1	-1.000000000000000	-1.000000000000000	-1.000000000000000	-1.000000000000000	-662363.424106415826827	0.047000000000000
8_5_6_2_3_3_4_2_2_2_4_3_6_7_4_5_3_3_5_4_3_4_4_1	-1	-1.000000000000000	-1.000000000000000	-1.000000000000000	-1.000000000000000	-641185.080928494688123	0.062000000000000
6_5_8_4_3_3_4_2_4_2_1_3_5_7_4_5_3_5_5_4_3_4_4_1	1	1094395.548207495128736	14296.306415514383843	2193798.829719728324562	1.063000000000000	-667100.275198773597367	0.064000000000000
6_5_7_4_3_3_4_2_4_3_1_3_5_7_4_5_3_5_5_4_3_4_4_1	-1	-1.000000000000000	-1.000000000000000	-1.000000000000000	-1.000000000000000	-662364.825622651376761	0.046000000000000
6_6_7_4_3_3_5_2_2_2_3_3_5_6_4_5_3_5_5_4_3_4_4_1	-1	-1.000000000000000	-1.000000000000000	-1.000000000000000	-1.000000000000000	-661942.818777008214965	0.044000000000000
6_5_7_4_3_3_4_2_4_2_2_3_5_7_4_5_3_5_5_4_3_4_4_1	-1	-1.000000000000000	-1.000000000000000	-1.000000000000000	-1.000000000000000	-662364.825622651376761	0.060000000000000
9_5_6_2_3_3_4_2_2_2_3_3_6_7_4_5_3_5_5_4_3_4_4_1	-1	-1.000000000000000	-1.000000000000000	-1.000000000000000	-1.000000000000000	-661652.438887355965562	0.049000000000000
5_5_7_4_3_3_4_2_4_2_1_3_5_7_4_5_3_5_5_4_3_4_4_1	-1	-1.000000000000000	-1.000000000000000	-1.000000000000000	-1.000000000000000	-649854.302751770941541	0.049000000000000
6_5_7_4_3_4_4_2_4_2_1_3_5_7_4_5_3_5_5_4_3_4_4_1	-1	-1.000000000000000	-1.000000000000000	-1.000000000000000	-1.000000000000000	-662243.170032065710984	0.057000000000000
6_5_7_4_3_3_4_2_3_2_1_3_5_7_4_5_3_5_5_4_3_4_4_1	-1	-1.000000000000000	-1.000000000000000	-1.000000000000000	-1.000000000000000	-655217.552937466301955	0.046000000000000
6_5_8_4_3_3_4_3_2_2_2_3_6_6_4_5_3_5_5_4_3_4_4_1	-1	-1.000000000000000	-1.000000000000000	-1.000000000000000	-1.000000000000000	-658432.481207496952266	0.041000000000000
8_5_7_3_3_3_4_3_2_2_3_3_5_6_4_5_3_5_5_4_3_4_4_1	-1	-1.000000000000000	-1.000000000000000	-1.000000000000000	-1.000000000000000	-661234.422449631732889	0.064000000000000
6_6_6_3_3_3_4_2_2_2_3_3_5_8_4_5_3_5_6_4_3_4_4_1	-1	-1.000000000000000	-1.000000000000000	-1.000000000000000	-1.000000000000000	-657348.671495653921738	0.043000000000000
6_5_7_4_3_3_4_2_4_2_1_3_5_6_4_5_3_5_5_4_3_4_4_1	1	1094682.627553909784183	14489.878532346174325	2260792.405734603758901	1.039000000000000	-655002.450372244580649	0.045000000000000
6_5_8_4_3_3_4_2_4_2_1_3_5_6_4_5_3_5_5_4_3_4_4_1	1	1094590.661029619397596	14362.544470866549091	2225098.038217419758439	1.003000000000000	-659461.673164434498176	0.060000000000000
6_6_6_4_3_3_4_2_4_2_1_3_5_7_4_5_3_5_5_4_3_4_4_1	1	1092689.106063380837440	14202.623615513828554	2224832.498396196402609	0.972000000000000	-660468.341285981703550	0.059000000000000
5_6_7_4_3_3_4_2_4_2_1_3_5_7_4_5_3_5_5_4_3_4_4_1	-1	-1.000000000000000	-1.000000000000000	-1.000000000000000	-1.000000000000000	-657617.626367419958115	0.055000000000000
6_6_7_4_3_3_4_2_4_2_1_3_5_7_4_5_3_4_5_4_3_4_4_1	-1	-1.000000000000000	-1.000000000000000	-1.000000000000000	-1.000000000000000	-659487.752135257353075	0.052000000000000
6_6_7_4_3_3_4_2_3_2_1_3_5_7_4_5_3_5_5_4_3_4_4_1	-1	-1.000000000000000	-1.000000000000000	-1.000000000000000	-1.000000000000000	-660998.889191742287949	0.047000000000000
6_6_7_3_3_3_4_2_2_2_3_3_5_6_4_5_3_5_5_4_3_4_4_1	-1	-1.000000000000000	-1.000000000000000	-1.000000000000000	-1.000000000000000	-653219.598256696597673	0.042000000000000
6_6_8_4_3_3_4_2_4_2_1_3_5_6_4_5_3_5_5_4_3_4_4_1	1	1092932.212188306031749	14376.822520231620729	2177091.838620598893613	0.780000000000000	-665562.729858119040728	0.058000000000000
8_5_6_2_3_3_4_2_2_2_2_3_5_7_4_5_3_6_5_4_3_4_4_1	-1	-1.000000000000000	-1.000000000000000	-1.000000000000000	-1.000000000000000	-645110.711722415173426	0.041000000000000
6_6_7_5_3_3_4_2_4_2_1_3_5_6_4_5_3_5_5_4_3_4_4_1	1	1092698.171426791232079	14398.339342958457564	2195526.664859149139374	0.973000000000000	-665560.411456503788941	0.048000000000000
6_6_7_4_3_3_4_2_4_2_1_3_5_6_4_5_3_6_5_4_3_4_4_1	-1	-1.000000000000000	-1.000000000000000	-1.000000000000000	-1.000000000000000	-665199.811344094807282	0.044000000000000
6_6_7_4_3_3_4_2_4_2_1_3_5_6_5_5_3_5_5_4_3_4_4_1	-1	-1.000000000000000	-1.000000000000000	-1.000000000000000	-1.000000000000000	-661307.091282205656171	0.041000000000000
6_6_7_4_4_3_4_2_4_2_1_3_5_6_4_5_3_5_5_4_3_4_4_1	-1	-1.000000000000000	-1.000000000000000	-1.000000000000000	-1.000000000000000	-661208.020289776963182	0.044000000000000
8_5_7_3_3_3_4_2_3_2_3_3_5_6_4_5_3_5_5_4_3_4_4_1	-1	-1.000000000000000	-1.000000000000000	-1.000000000000000	-1.000000000000000	-659826.840694095124491	0.068000000000000
8_5_7_2_3_3_4_2_2_2_3_3_6_5_4_5_3_5_5_4_3_4_4_1	-1	-1.000000000000000	-1.000000000000000	-1.000000000000000	-1.000000000000000	-646801.554444771725684	0.041000000000000
7_5_6_3_3_3_4_2_2_2_3_3_5_8_4_5_3_5_5_4_3_5_4_1	-1	-1.000000000000000	-1.000000000000000	-1.000000000000000	-1.000000000000000	-661288.056254070019349	0.062000000000000
6_6_6_4_3_3_4_2_2_2_3_3_5_7_4_6_3_5_5_4_3_4_4_1	-1	-1.000000000000000	-1.000000000000000	-1.000000000000000	-1.000000000000000	-661542.840113501646556	0.043000000000000
6_6_7_3_3_3_4_2_4_2_1_3_5_6_4_5_3_5_5_4_3_4_4_1	-1	-1.000000000000000	-1.000000000000000	-1.000000000000000	-1.000000000000000	-652718.173307137214579	0.040000000000000
6_6_7_4_3_3_4_2_4_2_1_3_5_6_4_5_3_4_5_4_3_4_4_1	-1	-1.000000000000000	-1.000000000000000	-1.000000000000000	-1.000000000000000	-652264.442108872928657	0.041000000000000
7_5_5_3_3_3_4_2_2_2_3_3_5_8_4_5_3_5_5_4_3_4_4_1	-1	-1.000000000000000	-1.000000000000000	-1.000000000000000	-1.000000000000000	-648515.498993469402194	0.049000000000000
6_6_7_5_3_3_4_2_3_2_1_3_5_6_4_5_3_5_5_4_3_4_4_1	1	1092897.535532758804038	14398.321153838285682	2204281.102911685593426	1.000000000000000	-657502.247281774412841	0.058000000000000
7_5_6_4_3_3_4_2_2_2_3_3_5_6_4_5_3_6_5_4_3_4_4_1	1	1099923.392402956495062	15324.493083438082976	2236066.435342105105519	1.380000000000000	-658621.002556958701462	0.050000000000000
6_6_8_3_3_3_4_2_4_2_1_3_5_6_4_5_3_5_5_4_3_4_4_1	-1	-1.000000000000000	-1.000000000000000	-1.000000000000000	-1.000000000000000	-656844.328972385963425	0.089000000000000
5_6_8_4_3_3_4_2_4_2_1_3_5_6_4_5_3_5_5_4_3_4_4_1	-1	-1.000000000000000	-1.000000000000000	-1.000000000000000	-1.000000000000000	-655708.048562546493486	0.066000000000000
6_6_9_4_3_3_4_2_3_2_1_3_5_6_4_5_3_5_5_4_3_4_4_1	-1	-1.000000000000000	-1.000000000000000	-1.000000000000000	-1.000000000000000	-660380.245382363791578	0.068000000000000
6_6_8_4_3_4_4_3_2_2_1_3_5_6_4_5_3_5_5_4_3_4_4_1	-1	-1.000000000000000	-1.000000000000000	-1.000000000000000	-1.000000000000000	-654825.760955568752252	0.045000000000000
8_5_7_2_3_3_4_2_2_2_4_3_6_6_4_5_3_5_5_4_3_4_4_1	-1	-1.000000000000000	-1.000000000000000	-1.000000000000000	-1.000000000000000	-661010.409384399652481	0.062000000000000
6_6_8_4_3_3_4_2_3_2_2_3_5_6_4_5_3_5_5_4_3_4_4_1	-1	-1.000000000000000	-1.000000000000000	-1.000000000000000	-1.000000000000000	-657997.919232050655410	0.055000000000000
6_7_8_4_3_3_4_2_3_2_1_3_5_6_4_5_3_5_5_4_3_4_4_1	-1	-1.000000000000000	-1.000000000000000	-1.000000000000000	-1.000000000000000	-659826.283112644567154	0.049000000000000
7_5_7_3_3_3_4_2_3_2_3_3_5_7_4_5_3_5_5_4_3_4_4_1	-1	-1.000000000000000	-1.000000000000000	-1.000000000000000	-1.000000000000000	-662865.218590921256691	0.044000000000000
6_5_7_4_3_3_4_3_2_2_2_3_5_7_4_5_3_5_5_4_3_4_5_1	-1	-1.000000000000000	-1.000000000000000	-1.000000000000000	-1.000000000000000	-657371.223316614516079	0.054000000000000
6_6_8_4_3_3_4_2_3_2_1_3_6_6_4_5_3_5_5_4_3_4_4_1	-1	-1.000000000000000	-1.000000000000000	-1.000000000000000	-1.000000000000000	-661667.957162704900838	0.058000000000000
8_5_6_2_3_3_4_2_2_2_3_3_5_7_4_5_4_6_5_4_3_4_4_1	-1	-1.000000000000000	-1.000000000000000	-1.000000000000000	-1.000000000000000	-656175.548697176156566	0.049000000000000
6_6_8_4_3_3_4_2_3_2_1_3_5_6_4_5_3_6_5_4_3_4_4_1	1	1092884.060347067890689	14352.512677840997640	2157705.910595808178186	0.919000000000000	-662359.092679081950337	0.053000000000000
7_6_8_4_3_3_4_2_3_2_1_3_5_6_4_5_3_5_5_4_3_4_4_1	-1	-1.000000000000000	-1.000000000000000	-1.000000000000000	-1.000000000000000	-662117.415816319640726	0.051000000000000
6_6_8_4_3_3_4_3_3_2_1_3_5_6_4_5_3_5_5_4_3_4_4_1	1	1092929.696609451901168	14376.804331111448846	2171087.722803322132677	0.822000000000000	-663199.295894281240180	0.045000000000000
8_5_6_2_3_3_4_2_2_2_3_3_6_8_4_5_3_4_5_4_3_4_4_2	-1	-1.000000000000000	-1.000000000000000	-1.000000000000000	-1.000000000000000	-655985.011740574031137	0.063000000000000
7_5_7_3_3_3_4_2_2_2_2_3_5_7_4_5_3_5_5_4_3_4_4_1	1	1099002.748730733059347	14216.737546086777002	2225372.747129528317600	1.611000000000000	-652114.817302385810763	0.042000000000000
8_5_7_3_3_3_5_2_2_2_4_3_5_6_4_5_3_4_5_4_3_4_4_1	-1	-1.000000000000000	-1.000000000000000	-1.000000000000000	-1.000000000000000	-655800.539658671943471	0.083000000000000
6_6_8_4_3_3_4_2_3_2_1_3_5_7_4_5_3_5_5_4_3_4_4_1	-1	-1.000000000000000	-1.000000000000000	-1.000000000000000	-1.000000000000000	-665389.051025305641815	0.045000000000000
8_5_7_3_3_3_4_2_2_2_4_3_5_6_4_5_3_4_5_4_3_4_5_1	-1	-1.000000000000000	-1.000000000000000	-1.000000000000000	-1.000000000000000	-654665.564561287057586	0.073000000000000
7_5_7_2_3_3_4_2_2_2_3_3_6_6_4_5_3_5_5_4_3_4_4_1	-1	-1.000000000000000	-1.000000000000000	-1.000000000000000	-1.000000000000000	-648626.787403975147754	0.045000000000000
6_6_8_4_3_3_4_2_3_2_1_4_5_6_4_5_3_5_5_4_3_4_4_1	-1	-1.000000000000000	-1.000000000000000	-1.000000000000000	-1.000000000000000	-657997.919232050655410	0.046000000000000
6_6_8_4_3_3_4_2_3_2_1_3_5_6_5_5_3_5_5_4_3_4_4_1	-1	-1.000000000000000	-1.000000000000000	-1.000000000000000	-1.000000000000000	-657997.919232050655410	0.059000000000000
8_5_6_2_3_4_4_2_2_2_3_3_6_7_4_5_3_5_5_4_3_4_4_1	-1	-1.000000000000000	-1.000000000000000	-1.000000000000000	-1.000000000000000	-656902.357448389753699	0.040000000000000
6_5_8_4_3_3_4_2_3_2_1_3_5_6_4_5_3_5_5_4_3_4_4_1	-1	-1.000000000000000	-1.000000000000000	-1.000000000000000	-1.000000000000000	-652112.046889627468772	0.048000000000000
6_6_8_3_3_3_4_2_3_2_1_3_5_6_4_5_3_5_5_4_3_4_4_1	1	1093378.440974590601400	14350.918107944773510	2208966.847451503854245	0.931000000000000	-649588.604350163834170	0.045000000000000
6_6_6_2_3_4_4_2_2_2_3_3_5_8_4_5_3_6_5_4_3_4_4_1	-1	-1.000000000000000	-1.000000000000000	-1.000000000000000	-1.000000000000000	-651604.966114936163649	0.046000000000000
7_5_7_4_3_3_4_2_2_2_1_3_5_7_4_5_3_5_5_4_3_4_4_1	1	1099117.588378322310746	14516.597072475997265	2223975.347775384318084	1.522000000000000	-652193.436768835759722	0.041000000000000
7_5_7_3_3_3_4_3_2_2_3_3_5_7_4_5_3_5_5_4_3_4_4_1	-1	-1.000000000000000	-1.000000000000000	-1.000000000000000	-1.000000000000000	-663819.160126270027831	0.042000000000000
8_5_7_3_3_3_4_2_2_2_4_3_5_6_4_5_3_4_5_4_3_5_4_1	-1	-1.000000000000000	-1.000000000000000	-1.000000000000000	-1.000000000000000	-654234.546065319329500	0.098000000000000
6_6_8_4_3_3_4_2_2_2_1_3_5_6_4_5_3_5_5_4_3_4_4_1	1	1093472.300140603911132	14376.780762372731260	2197780.432401621248573	0.923000000000000	-649389.084389081224799	0.042000000000000
5_6_8_4_3_3_4_3_3_2_1_3_5_6_4_5_3_5_5_4_3_4_4_1	-1	-1.000000000000000	-1.000000000000000	-1.000000000000000	-1.000000000000000	-653149.025627904571593	0.061000000000000
6_6_7_4_3_3_4_3_3_2_1_3_5_6_4_5_3_5_5_4_3_4_4_1	-1	-1.000000000000000	-1.000000000000000	-1.000000000000000	-1.000000000000000	-658811.965186497895047	0.060000000000000
7_5_6_4_3_3_4_2_2_2_3_3_6_6_4_5_3_5_5_4_3_4_4_1	1	1100124.856135046808049	15371.892285718116909	2224713.229546039830893	1.495000000000000	-657601.751240647397935	0.061000000000000
6_6_8_4_3_3_4_3_3_2_1_3_5_6_4_5_3_4_5_4_3_4_4_1	-1	-1.000000000000000	-1.000000000000000	-1.000000000000000	-1.000000000000000	-653987.035543619305827	0.060000000000000
6_6_8_4_3_3_4_3_3_2_1_3_5_5_4_5_3_5_5_4_3_4_4_1	-1	-1.000000000000000	-1.000000000000000	-1.000000000000000	-1.000000000000000	-654023.226762557867914	0.050000000000000
7_5_8_4_3_3_4_3_2_2_1_3_5_6_4_5_3_5_5_4_3_4_4_1	1	1099130.293758493615314	14403.047321177829872	2204646.575439987704158	1.408000000000000	-654790.431081950780936	0.059000000000000
6_6_8_5_3_3_4_3_2_2_1_3_5_6_4_5_3_5_5_4_3_4_4_1	-1	-1.000000000000000	-1.000000000000000	-1.000000000000000	-1.000000000000000	-659511.629849006305449	0.093000000000000
8_5_7_3_3_3_4_2_2_2_3_3_5_6_4_5_4_5_5_4_3_4_4_1	-1	-1.000000000000000	-1.000000000000000	-1.000000000000000	-1.000000000000000	-659932.379850535071455	0.054000000000000
7_6_8_4_3_3_4_3_2_2_1_3_5_6_4_5_3_5_5_4_3_4_4_1	1	1095540.270712677622214	14234.305483831329184	2168357.302595624700189	1.517000000000000	-660644.721538177225739	0.055000000000000
6_6_6_2_3_3_4_3_2_2_3_3_5_8_4_5_3_6_5_4_3_4_4_1	-1	-1.000000000000000	-1.000000000000000	-1.000000000000000	-1.000000000000000	-652293.792668487410992	0.055000000000000
6_6_8_4_3_3_4_3_2_2_1_3_5_6_4_5_3_5_6_4_3_4_4_1	-1	-1.000000000000000	-1.000000000000000	-1.000000000000000	-1.000000000000000	-654985.359967576339841	0.056000000000000
7_5_7_3_3_3_4_2_2_2_3_3_5_7_4_5_3_5_6_4_3_4_4_1	-1	-1.000000000000000	-1.000000000000000	-1.000000000000000	-1.000000000000000	-662917.945320235914551	0.051000000000000
8_5_7_3_3_3_4_2_2_2_4_3_6_6_4_5_3_4_5_4_3_4_4_1	1	1104370.955408646259457	14599.367828388027192	2214874.392807353287935	0.807000000000000	-663219.467509860172868	0.064000000000000
6_5_6_3_3_3_4_2_2_2_3_3_5_8_4_6_3_6_5_4_3_4_4_1	-1	-1.000000000000000	-1.000000000000000	-1.000000000000000	-1.000000000000000	-655782.030400697956793	0.043000000000000
8_5_6_2_3_3_4_2_2_2_4_3_5_8_4_5_3_5_5_4_3_4_4_1	-1	-1.000000000000000	-1.000000000000000	-1.000000000000000	-1.000000000000000	-660725.375379398814403	0.058000000000000
6_5_6_4_3_3_4_2_2_2_3_3_5_8_4_5_3_6_5_4_3_4_4_1	-1	-1.000000000000000	-1.000000000000000	-1.000000000000000	-1.000000000000000	-662685.969048852100968	0.060000000000000
6_6_8_4_3_3_4_3_2_2_1_3_5_6_4_5_3_5_5_4_4_4_4_1	-1	-1.000000000000000	-1.000000000000000	-1.000000000000000	-1.000000000000000	-655427.985496007604524	0.054000000000000
7_5_7_3_3_3_4_2_2_2_3_3_5_7_4_5_3_5_5_4_4_4_4_1	-1	-1.000000000000000	-1.000000000000000	-1.000000000000000	-1.000000000000000	-663566.959091170807369	0.057000000000000
6_6_8_4_3_3_4_3_2_2_1_3_5_6_4_5_3_5_5_4_3_5_4_1	-1	-1.000000000000000	-1.000000000000000	-1.000000000000000	-1.000000000000000	-653658.575365731958300	0.056000000000000
7_5_7_3_3_3_4_2_2_2_3_3_5_7_4_5_3_5_5_4_3_5_4_1	-1	-1.000000000000000	-1.000000000000000	-1.000000000000000	-1.000000000000000	-663058.588307491736487	0.043000000000000
8_5_6_3_3_3_4_2_2_2_3_3_6_5_4_5_3_5_5_4_3_4_4_1	-1	-1.000000000000000	-1.000000000000000	-1.000000000000000	-1.000000000000000	-648509.317659844760783	0.043000000000000
8_5_6_2_3_3_4_2_2_2_3_3_5_8_4_5_3_6_5_4_3_4_4_1	1	1100808.500360108213499	14012.103899148369237	2230428.362316974904388	0.217000000000000	-661512.085561250569299	0.047000000000000
6_6_8_4_3_3_4_3_2_2_1_4_5_6_4_5_3_5_5_4_3_4_4_1	-1	-1.000000000000000	-1.000000000000000	-1.000000000000000	-1.000000000000000	-654985.359967576339841	0.051000000000000
7_5_6_4_3_3_4_2_2_2_3_3_5_8_4_5_3_5_5_4_3_4_4_1	-1	-1.000000000000000	-1.000000000000000	-1.000000000000000	-1.000000000000000	-666665.601068572374061	0.066000000000000
6_6_6_2_3_3_4_2_2_2_3_3_5_8_4_5_3_6_6_4_3_4_4_1	-1	-1.000000000000000	-1.000000000000000	-1.000000000000000	-1.000000000000000	-651599.816317731398158	0.056000000000000
6_7_8_4_3_3_4_3_2_2_1_3_5_6_4_5_3_5_5_4_3_4_4_1	-1	-1.000000000000000	-1.000000000000000	-1.000000000000000	-1.000000000000000	-657440.344166753347963	0.047000000000000
6_6_8_4_3_3_4_3_2_2_1_3_5_7_4_5_3_5_5_4_3_4_4_1	-1	-1.000000000000000	-1.000000000000000	-1.000000000000000	-1.000000000000000	-662476.883175928844139	0.048000000000000
7_5_7_3_3_3_4_2_2_2_3_3_5_6_4_5_3_5_5_4_3_4_4_1	1	1099258.469986426876858	14307.277992002153042	2245055.333439277485013	1.593000000000000	-655288.825595661182888	0.044000000000000
8_5_7_3_3_3_4_2_2_3_4_3_5_6_4_5_3_4_5_4_3_4_4_1	-1	-1.000000000000000	-1.000000000000000	-1.000000000000000	-1.000000000000000	-655831.325475489371456	0.093000000000000
6_6_8_4_3_3_4_3_2_2_1_3_5_6_4_5_3_5_5_5_3_4_4_1	-1	-1.000000000000000	-1.000000000000000	-1.000000000000000	-1.000000000000000	-655582.954737584805116	0.045000000000000
7_5_7_3_3_3_4_2_2_2_3_3_5_7_4_5_3_5_5_5_3_4_4_1	-1	-1.000000000000000	-1.000000000000000	-1.000000000000000	-1.000000000000000	-663815.207167727639899	0.043000000000000
6_6_8_4_3_3_4_3_2_2_1_3_5_6_4_5_3_5_5_4_3_4_5_1	-1	-1.000000000000000	-1.000000000000000	-1.000000000000000	-1.000000000000000	-653884.992172839120030	0.044000000000000
7_5_7_3_3_3_4_2_2_2_3_3_5_7_4_5_3_5_5_4_3_4_5_1	-1	-1.000000000000000	-1.000000000000000	-1.000000000000000	-1.000000000000000	-662846.260309100965969	0.068000000000000
6_6_9_4_3_3_4_3_2_2_1_3_5_6_4_5_3_5_5_4_3_4_4_1	-1	-1.000000000000000	-1.000000000000000	-1.000000000000000	-1.000000000000000	-657107.959199492586777	0.045000000000000
6_5_6_3_3_3_4_2_2_2_4_3_5_8_4_5_3_6_5_4_3_4_4_1	-1	-1.000000000000000	-1.000000000000000	-1.000000000000000	-1.000000000000000	-657906.537811754620634	0.065000000000000
7_5_6_2_3_3_4_2_2_2_3_3_5_8_4_5_4_6_5_4_3_4_4_1	-1	-1.000000000000000	-1.000000000000000	-1.000000000000000	-1.000000000000000	-655232.069414074067026	0.047000000000000
6_6_8_4_3_3_4_3_2_2_1_3_6_6_4_5_3_5_5_4_3_4_4_1	-1	-1.000000000000000	-1.000000000000000	-1.000000000000000	-1.000000000000000	-659022.833393010194413	0.045000000000000
8_5_6_2_3_3_4_2_3_2_3_3_6_8_4_5_3_4_5_4_3_4_4_1	-1	-1.000000000000000	-1.000000000000000	-1.000000000000000	-1.000000000000000	-653548.205040909931995	0.062000000000000
6_6_8_4_3_3_4_3_2_2_1_3_5_6_4_5_4_5_5_4_3_4_4_1	-1	-1.000000000000000	-1.000000000000000	-1.000000000000000	-1.000000000000000	-657304.127870020340197	0.043000000000000
7_5_7_3_3_3_4_2_2_2_3_3_5_7_4_5_4_5_5_4_3_4_4_1	-1	-1.000000000000000	-1.000000000000000	-1.000000000000000	-1.000000000000000	-662878.200510781258345	0.042000000000000
6_6_8_4_3_3_4_3_2_2_1_3_5_5_4_5_3_5_5_4_3_4_4_1	-1	-1.000000000000000	-1.000000000000000	-1.000000000000000	-1.000000000000000	-645720.996035338612273	0.046000000000000
8_5_7_3_3_3_4_2_2_2_3_3_5_6_4_5_3_5_5_4_3_4_5_1	-1	-1.000000000000000	-1.000000000000000	-1.000000000000000	-1.000000000000000	-658954.322964699123986	0.063000000000000
9_5_7_2_3_3_4_2_2_2_4_3_6_6_4_5_3_4_5_4_3_4_4_1	1	1108733.209881520131603	14483.098626000417426	2236826.768237811047584	0.905000000000000	-660367.946245806990191	0.061000000000000
5_6_8_4_3_3_4_3_2_2_1_3_5_6_4_5_3_5_5_4_3_4_4_1	-1	-1.000000000000000	-1.000000000000000	-1.000000000000000	-1.000000000000000	-644971.301650523440912	0.045000000000000
6_6_6_2_3_3_4_2_2_2_3_3_5_8_4_5_3_7_5_4_3_4_4_1	-1	-1.000000000000000	-1.000000000000000	-1.000000000000000	-1.000000000000000	-653484.138523921952583	0.050000000000000
6_6_8_3_3_3_4_3_2_2_1_3_5_6_4_5_3_5_5_4_3_4_4_1	1	1093517.285136098973453	14350.894539206059562	2206142.449310175608844	0.915000000000000	-646411.888359774253331	0.044000000000000
8_5_7_2_3_3_4_2_2_2_3_3_6_7_4_5_3_4_5_4_3_4_4_1	-1	-1.000000000000000	-1.000000000000000	-1.000000000000000	-1.000000000000000	-654724.788009476382285	0.075000000000000
6_5_8_4_3_3_4_3_2_2_2_3_5_6_4_5_3_5_5_4_3_4_4_1	1	1094986.936512073269114	14362.533413953635318	2208057.432846535462886	1.006000000000000	-655058.551286006229930	0.060000000000000
6_6_8_3_3_3_4_3_2_2_2_3_5_6_4_5_3_5_5_4_3_4_4_1	1	1093575.352351076900959	14350.925240152035258	2183171.804028083570302	0.822000000000000	-652587.626145447022282	0.063000000000000
6_6_7_4_3_3_4_3_2_2_2_3_5_6_4_5_3_5_5_4_3_4_4_1	-1	-1.000000000000000	-1.000000000000000	-1.000000000000000	-1.000000000000000	-656938.181355223408900	0.056000000000000
6_6_8_4_3_3_4_2_2_2_2_3_5_6_4_5_3_5_5_4_3_4_4_1	-1	-1.000000000000000	-1.000000000000000	-1.000000000000000	-1.000000000000000	-655796.851846839650534	0.048000000000000
7_5_6_2_3_3_4_2_2_2_3_3_5_7_4_5_3_6_5_4_3_4_4_1	1	1098214.145107185933739	14032.238486291254958	2272052.060343550052494	1.567000000000000	-650408.256982913590036	0.043000000000000
6_5_8_4_3_3_4_3_2_2_2_3_5_6_4_5_3_5_6_4_3_4_4_1	-1	-1.000000000000000	-1.000000000000000	-1.000000000000000	-1.000000000000000	-655058.551286006229930	0.058000000000000
6_5_8_4_3_3_4_3_2_2_2_3_5_6_4_5_4_5_5_4_3_4_4_1	-1	-1.000000000000000	-1.000000000000000	-1.000000000000000	-1.000000000000000	-655381.447940913611092	0.057000000000000
6_5_7_4_3_3_4_3_2_2_2_3_5_7_4_5_3_5_5_4_3_4_4_2	-1	-1.000000000000000	-1.000000000000000	-1.000000000000000	-1.000000000000000	-660207.852621564175934	0.044000000000000
6_5_8_4_3_3_4_3_2_2_2_3_5_6_4_5_3_5_5_4_3_4_5_1	-1	-1.000000000000000	-1.000000000000000	-1.000000000000000	-1.000000000000000	-654191.735747690661810	0.054000000000000
6_5_8_4_3_3_5_3_2_2_2_3_5_6_4_5_3_5_5_4_3_4_4_1	-1	-1.000000000000000	-1.000000000000000	-1.000000000000000	-1.000000000000000	-655058.551286006229930	0.048000000000000
6_5_8_4_3_3_4_3_2_2_2_3_5_6_4_5_3_5_5_4_3_4_4_2	-1	-1.000000000000000	-1.000000000000000	-1.000000000000000	-1.000000000000000	-656837.967352255247533	0.048000000000000
6_5_8_4_3_3_4_3_2_3_2_3_5_6_4_5_3_5_5_4_3_4_4_1	-1	-1.000000000000000	-1.000000000000000	-1.000000000000000	-1.000000000000000	-655058.551286006229930	0.047000000000000
8_5_8_2_3_3_4_2_2_2_3_3_6_6_4_5_3_5_5_4_3_4_4_1	-1	-1.000000000000000	-1.000000000000000	-1.000000000000000	-1.000000000000000	-659368.112670405535027	0.044000000000000
6_5_8_4_3_3_4_3_2_2_2_3_5_6_4_6_3_5_5_4_3_4_4_1	-1	-1.000000000000000	-1.000000000000000	-1.000000000000000	-1.000000000000000	-655058.551286006229930	0.048000000000000
6_6_7_4_3_3_4_2_2_2_3_3_5_6_4_5_4_5_5_4_3_4_4_1	-1	-1.000000000000000	-1.000000000000000	-1.000000000000000	-1.000000000000000	-661922.127761924173683	0.041000000000000
6_5_8_4_3_3_4_3_2_2_2_3_5_6_4_5_3_6_5_4_3_4_4_1	-1	-1.000000000000000	-1.000000000000000	-1.000000000000000	-1.000000000000000	-659290.157541598076932	0.044000000000000
8_5_6_3_3_3_4_2_2_2_3_3_6_6_4_6_3_5_5_4_3_4_4_1	-1	-1.000000000000000	-1.000000000000000	-1.000000000000000	-1.000000000000000	-657851.754940169281326	0.043000000000000
8_5_5_2_3_3_4_2_2_2_3_3_5_7_4_5_3_6_5_4_3_4_4_1	-1	-1.000000000000000	-1.000000000000000	-1.000000000000000	-1.000000000000000	-645530.323291673907079	0.040000000000000
6_5_8_4_3_3_4_3_2_2_2_3_5_6_4_5_3_5_5_4_4_4_4_1	-1	-1.000000000000000	-1.000000000000000	-1.000000000000000	-1.000000000000000	-655808.717890114407055	0.044000000000000
6_5_8_4_3_4_4_3_2_2_2_3_5_6_4_5_3_5_5_4_3_4_4_1	-1	-1.000000000000000	-1.000000000000000	-1.000000000000000	-1.000000000000000	-654912.236537425545976	0.043000000000000
7_5_8_4_3_3_4_3_2_2_2_3_5_6_4_5_3_5_5_4_3_4_4_1	1	1099188.360973471542820	14403.078022123809205	2181675.930157895665616	1.428000000000000	-661168.917884578579105	0.042000000000000
8_5_6_2_3_3_4_2_2_2_3_3_5_9_4_5_3_5_5_4_3_4_4_1	-1	-1.000000000000000	-1.000000000000000	-1.000000000000000	-1.000000000000000	-660582.404548644670285	0.068000000000000
6_5_8_4_4_3_4_3_2_2_2_3_5_6_4_5_3_5_5_4_3_4_4_1	-1	-1.000000000000000	-1.000000000000000	-1.000000000000000	-1.000000000000000	-654932.262144036940299	0.042000000000000
6_5_9_4_3_3_4_3_2_2_2_3_5_6_4_5_3_5_5_4_3_4_4_1	-1	-1.000000000000000	-1.000000000000000	-1.000000000000000	-1.000000000000000	-657554.556945691001602	0.042000000000000
6_5_8_4_3_3_4_3_2_2_2_4_5_6_4_5_3_5_5_4_3_4_4_1	-1	-1.000000000000000	-1.000000000000000	-1.000000000000000	-1.000000000000000	-655058.551286006229930	0.041000000000000
8_5_5_2_3_3_4_2_2_2_3_3_5_8_4_5_3_5_5_4_3_4_4_1	-1	-1.000000000000000	-1.000000000000000	-1.000000000000000	-1.000000000000000	-645541.950560877565295	0.061000000000000
6_6_7_4_3_3_4_2_2_3_3_3_5_6_4_5_3_5_5_4_3_4_4_1	-1	-1.000000000000000	-1.000000000000000	-1.000000000000000	-1.000000000000000	-661842.317544013145380	0.053000000000000
6_5_8_5_3_3_4_3_2_2_2_3_5_6_4_5_3_5_5_4_3_4_4_1	-1	-1.000000000000000	-1.000000000000000	-1.000000000000000	-1.000000000000000	-658255.126337560242973	0.041000000000000
6_5_8_4_3_3_4_3_2_2_2_3_5_6_5_5_3_5_5_4_3_4_4_1	-1	-1.000000000000000	-1.000000000000000	-1.000000000000000	-1.000000000000000	-655058.551286006229930	0.040000000000000
7_5_7_4_3_3_4_2_2_2_2_3_5_7_4_5_3_5_5_4_4_4_4_1	-1	-1.000000000000000	-1.000000000000000	-1.000000000000000	-1.000000000000000	-659336.675153832533397	0.057000000000000
6_5_8_4_3_3_4_2_2_2_3_3_5_7_4_5_3_5_5_4_3_4_4_1	1	1095034.976913809543476	14296.317236132967082	2179831.220297031104565	1.000000000000000	-667630.003722956404090	0.044000000000000
5_5_8_4_3_3_4_3_2_2_2_3_5_6_4_5_3_5_5_4_3_4_4_1	-1	-1.000000000000000	-1.000000000000000	-1.000000000000000	-1.000000000000000	-644150.084633660619147	0.047000000000000
6_5_8_4_3_3_4_3_2_2_2_3_5_5_4_5_3_5_5_4_3_4_4_1	-1	-1.000000000000000	-1.000000000000000	-1.000000000000000	-1.000000000000000	-645456.113811204675585	0.039000000000000
6_5_8_4_3_3_4_3_2_2_2_3_5_6_4_5_3_4_5_4_3_4_4_1	-1	-1.000000000000000	-1.000000000000000	-1.000000000000000	-1.000000000000000	-646257.044379855622537	0.039000000000000
8_5_6_2_3_3_4_2_3_2_3_3_5_8_4_5_3_5_5_4_3_4_4_1	-1	-1.000000000000000	-1.000000000000000	-1.000000000000000	-1.000000000000000	-656734.621062479098327	0.059000000000000
8_5_7_3_3_3_4_2_2_2_3_3_5_6_5_5_3_5_5_4_3_4_4_1	-1	-1.000000000000000	-1.000000000000000	-1.000000000000000	-1.000000000000000	-659802.685349848004989	0.056000000000000
6_5_8_3_3_3_4_3_2_2_2_3_5_6_4_5_3_5_5_4_3_4_4_1	1	1095203.197011086391285	14294.582078141116654	2232074.870642605703324	0.999000000000000	-647486.961171041126363	0.038000000000000
8_5_6_2_3_3_4_2_2_2_5_3_6_7_4_5_3_4_5_4_3_4_4_1	-1	-1.000000000000000	-1.000000000000000	-1.000000000000000	-1.000000000000000	-653767.691219392931089	0.059000000000000
6_5_7_4_3_3_4_3_2_2_2_3_5_6_4_5_3_5_5_4_3_4_4_1	1	1094880.819283237913623	14305.418066630398243	2244028.602935387287289	0.992000000000000	-650690.161897718673572	0.039000000000000
7_5_7_4_3_3_4_3_2_2_2_3_5_6_4_5_3_5_5_4_3_4_4_1	1	1099003.792565114097670	14630.737580681365216	2218113.200092383194715	1.289000000000000	-657210.054225938278250	0.056000000000000
7_5_7_2_3_3_4_2_2_2_4_3_6_7_4_5_3_4_5_4_3_4_4_1	1	1099111.098253498552367	14185.988805004340975	2244425.231274516787380	1.472000000000000	-651772.981090323301032	0.072000000000000
8_5_6_4_3_3_4_2_2_2_3_3_5_6_4_5_3_5_5_4_3_4_4_1	1	1101242.759543387917802	13888.220112504528515	2251416.307978515047580	0.263000000000000	-659049.173910658690147	0.075000000000000
6_5_8_4_3_3_4_2_2_2_2_3_5_7_4_5_3_5_5_4_3_4_4_1	-1	-1.000000000000000	-1.000000000000000	-1.000000000000000	-1.000000000000000	-657694.588482685503550	0.050000000000000
6_6_6_4_3_3_4_2_2_2_3_3_5_8_4_5_3_4_5_4_3_4_4_1	1	1093446.417241433402523	14156.251509734425781	2224854.141940313391387	0.953000000000000	-657124.106529391719960	0.051000000000000
6_5_8_4_3_3_4_3_2_2_1_3_5_7_4_5_3_5_5_4_3_4_4_1	-1	-1.000000000000000	-1.000000000000000	-1.000000000000000	-1.000000000000000	-656339.569572857697494	0.048000000000000
6_5_7_4_3_3_4_3_2_2_2_4_5_7_4_5_3_5_5_4_3_4_4_1	-1	-1.000000000000000	-1.000000000000000	-1.000000000000000	-1.000000000000000	-657984.040949183050543	0.052000000000000
8_5_7_2_3_3_4_2_2_2_4_3_6_6_4_5_3_3_5_4_3_4_4_1	-1	-1.000000000000000	-1.000000000000000	-1.000000000000000	-1.000000000000000	-641676.664386585471220	0.056000000000000
6_6_6_2_3_3_4_2_2_2_3_3_6_8_4_5_3_6_5_4_3_4_4_1	1	1092105.832295562839136	14080.831729562982218	2182416.122818371281028	1.110000000000000	-656395.071115508442745	0.055000000000000
7_5_6_3_3_3_4_2_2_2_3_3_5_7_4_5_3_5_5_4_3_4_4_1	1	1099293.921782072167844	14673.418611540640995	2258892.429227659013122	1.516000000000000	-656478.163195866276510	0.040000000000000
6_5_7_4_3_3_5_3_2_2_2_3_5_7_4_5_3_5_5_4_3_4_4_1	-1	-1.000000000000000	-1.000000000000000	-1.000000000000000	-1.000000000000000	-657984.040949183050543	0.051000000000000
6_5_7_4_3_3_4_2_2_2_3_3_5_6_4_5_3_5_5_4_3_4_4_1	1	1095119.874935464933515	14305.439944161891617	2247179.948544787243009	1.110000000000000	-655308.745711832423694	0.054000000000000
8_5_7_2_3_3_4_2_2_2_4_3_6_6_4_5_3_4_5_4_3_4_5_1	-1	-1.000000000000000	-1.000000000000000	-1.000000000000000	-1.000000000000000	-651774.220909364288673	0.056000000000000
8_5_7_2_3_3_4_2_2_2_3_3_6_6_4_5_3_5_5_4_3_4_4_2	-1	-1.000000000000000	-1.000000000000000	-1.000000000000000	-1.000000000000000	-656821.157417760463431	0.046000000000000
6_6_6_4_3_3_4_2_2_2_3_3_5_7_4_5_3_5_5_4_4_4_4_1	-1	-1.000000000000000	-1.000000000000000	-1.000000000000000	-1.000000000000000	-662375.057961607584730	0.049000000000000
6_5_7_4_3_3_4_2_2_2_3_3_5_7_4_5_3_5_5_5_3_4_4_1	-1	-1.000000000000000	-1.000000000000000	-1.000000000000000	-1.000000000000000	-663838.841196009772830	0.042000000000000
7_5_6_3_3_3_4_2_2_2_3_3_6_6_4_5_3_5_5_4_3_4_4_1	1	1099476.828396243974566	14790.325344927470724	2250476.398894531652331	1.571000000000000	-652491.636452212696895	0.045000000000000
6_5_7_4_3_3_4_3_2_2_2_3_5_7_5_5_3_5_5_4_3_4_4_1	-1	-1.000000000000000	-1.000000000000000	-1.000000000000000	-1.000000000000000	-657974.130295102717355	0.047000000000000
8_5_7_4_3_3_4_2_2_2_4_3_5_6_4_5_3_4_5_4_3_4_4_1	1	1101511.092988583957776	14218.173212282210443	2237846.892814126331359	0.255000000000000	-661404.129712124122307	0.099000000000000
6_5_7_5_3_3_4_3_2_2_2_3_5_7_4_5_3_5_5_4_3_4_4_1	-1	-1.000000000000000	-1.000000000000000	-1.000000000000000	-1.000000000000000	-660352.986904305871576	0.046000000000000
6_5_7_4_3_3_4_2_3_2_3_3_5_7_4_5_3_5_5_4_3_4_4_1	-1	-1.000000000000000	-1.000000000000000	-1.000000000000000	-1.000000000000000	-662670.685530040762387	0.042000000000000
6_6_6_4_3_3_4_2_2_2_3_3_5_7_4_5_4_5_5_4_3_4_4_1	-1	-1.000000000000000	-1.000000000000000	-1.000000000000000	-1.000000000000000	-661204.968832054175436	0.045000000000000
8_5_6_2_3_3_4_2_2_2_4_3_6_6_4_5_3_4_5_4_3_4_4_1	1	1103936.307980242185295	14402.771108511384227	2300345.641137614846230	0.610000000000000	-645595.800496251089498	0.064000000000000
6_5_7_4_3_3_4_3_2_2_3_3_5_7_4_5_3_5_5_4_3_4_4_1	1	1094712.455156220123172	14215.539505333072157	2201024.975768920034170	1.095000000000000	-662507.874894729233347	0.045000000000000
7_5_6_3_3_3_4_2_3_2_3_3_5_8_4_5_3_5_5_4_3_4_4_1	-1	-1.000000000000000	-1.000000000000000	-1.000000000000000	-1.000000000000000	-660944.459212719462812	0.053000000000000
6_5_7_4_3_3_4_3_2_2_2_3_5_7_4_5_4_5_5_4_3_4_4_1	-1	-1.000000000000000	-1.000000000000000	-1.000000000000000	-1.000000000000000	-658245.310178147279657	0.044000000000000
7_5_7_4_3_3_4_2_2_2_4_3_5_6_4_5_3_5_5_4_3_4_4_1	-1	-1.000000000000000	-1.000000000000000	-1.000000000000000	-1.000000000000000	-665238.246601543156430	0.074000000000000
7_5_7_4_3_3_4_2_2_2_3_3_5_5_4_5_3_5_5_4_3_4_4_1	-1	-1.000000000000000	-1.000000000000000	-1.000000000000000	-1.000000000000000	-652570.984193066484295	0.053000000000000
7_5_7_4_3_3_4_3_2_2_2_3_5_7_4_5_3_5_5_4_3_4_4_1	1	1098790.844513604883105	14539.571050712402212	2186900.871275172568858	1.358000000000000	-664796.515228545060381	0.046000000000000
6_5_7_4_3_3_4_3_2_2_2_3_6_7_4_5_3_5_5_4_3_4_4_1	-1	-1.000000000000000	-1.000000000000000	-1.000000000000000	-1.000000000000000	-660893.289785511558875	0.047000000000000
6_5_7_4_3_4_4_3_2_2_2_3_5_7_4_5_3_5_5_4_3_4_4_1	-1	-1.000000000000000	-1.000000000000000	-1.000000000000000	-1.000000000000000	-657880.494491192861460	0.044000000000000
6_5_7_4_3_3_4_3_2_2_2_3_5_7_4_5_3_5_5_4_4_4_4_1	-1	-1.000000000000000	-1.000000000000000	-1.000000000000000	-1.000000000000000	-658990.380169060197659	0.045000000000000
6_5_7_4_4_3_4_3_2_2_2_3_5_7_4_5_3_5_5_4_3_4_4_1	-1	-1.000000000000000	-1.000000000000000	-1.000000000000000	-1.000000000000000	-657898.489825704135001	0.045000000000000
9_5_6_3_3_3_4_2_2_2_3_3_6_6_4_5_3_5_5_4_3_4_4_1	-1	-1.000000000000000	-1.000000000000000	-1.000000000000000	-1.000000000000000	-661638.260540715651587	0.057000000000000
6_5_7_4_3_3_4_3_2_2_2_3_5_7_4_5_3_6_5_4_3_4_4_1	-1	-1.000000000000000	-1.000000000000000	-1.000000000000000	-1.000000000000000	-661747.960779197863303	0.043000000000000
6_6_7_4_3_3_4_2_2_2_3_3_5_6_5_5_3_5_5_4_3_4_4_1	-1	-1.000000000000000	-1.000000000000000	-1.000000000000000	-1.000000000000000	-661832.012001445749775	0.043000000000000
6_6_6_4_3_3_4_2_2_2_3_3_5_6_4_5_3_5_5_4_3_4_4_1	-1	-1.000000000000000	-1.000000000000000	-1.000000000000000	-1.000000000000000	-653955.456331461900845	0.038000000000000
6_5_7_4_3_3_4_3_2_2_2_3_5_7_4_6_3_5_5_4_3_4_4_1	-1	-1.000000000000000	-1.000000000000000	-1.000000000000000	-1.000000000000000	-657982.622860591276549	0.045000000000000
8_5_6_3_3_3_4_2_2_2_4_3_6_6_4_5_3_5_5_4_3_4_4_1	-1	-1.000000000000000	-1.000000000000000	-1.000000000000000	-1.000000000000000	-662703.638985482044518	0.045000000000000
6_5_7_4_3_3_4_3_3_2_2_3_5_7_4_5_3_5_5_4_3_4_4_1	-1	-1.000000000000000	-1.000000000000000	-1.000000000000000	-1.000000000000000	-659378.169997646939009	0.051000000000000
7_5_6_3_3_3_4_2_2_2_3_4_5_8_4_5_3_5_5_4_3_4_4_1	-1	-1.000000000000000	-1.000000000000000	-1.000000000000000	-1.000000000000000	-660944.459212719462812	0.061000000000000
6_5_7_4_3_3_4_3_2_2_2_3_5_8_4_5_3_5_5_4_3_4_4_1	-1	-1.000000000000000	-1.000000000000000	-1.000000000000000	-1.000000000000000	-662099.692964673042297	0.046000000000000
6_5_7_4_3_3_4_4_2_2_2_3_5_7_4_5_3_5_5_4_3_4_4_1	-1	-1.000000000000000	-1.000000000000000	-1.000000000000000	-1.000000000000000	-657734.371162509778515	0.063000000000000
6_5_7_4_3_3_4_3_2_2_2_3_5_7_4_5_3_4_5_4_3_4_4_1	-1	-1.000000000000000	-1.000000000000000	-1.000000000000000	-1.000000000000000	-649623.532851126743481	0.053000000000000
6_5_7_3_3_3_4_3_2_2_2_3_5_7_4_5_3_5_5_4_3_4_4_1	1	1094932.925043728668243	14215.517627801578783	2236847.443995526991785	1.128000000000000	-650358.095485210767947	0.051000000000000
8_5_5_2_3_3_4_2_2_2_4_3_6_7_4_5_3_4_5_4_3_4_4_1	-1	-1.000000000000000	-1.000000000000000	-1.000000000000000	-1.000000000000000	-641482.051323550054803	0.062000000000000
6_5_6_4_3_3_4_3_2_2_2_3_5_7_4_5_3_5_5_4_3_4_4_1	-1	-1.000000000000000	-1.000000000000000	-1.000000000000000	-1.000000000000000	-650318.611614690627903	0.053000000000000
6_5_7_4_3_3_4_2_2_2_3_3_5_7_4_5_3_5_5_4_3_4_4_1	1	1094910.132040339289233	14215.539505333072157	2215851.791109801270068	0.969000000000000	-662670.685530040762387	0.059000000000000
7_5_7_3_3_3_4_3_2_2_2_3_5_7_4_5_3_5_5_4_3_4_4_1	1	1098593.080887828953564	14212.418075437635707	2211343.568963703699410	1.258000000000000	-658325.756557422340848	0.055000000000000
7_5_6_4_3_3_4_3_2_2_2_3_5_7_4_5_3_5_5_4_3_4_4_1	-1	-1.000000000000000	-1.000000000000000	-1.000000000000000	-1.000000000000000	-656973.841223508468829	0.052000000000000
7_5_7_4_3_3_4_3_2_2_1_3_5_7_4_5_3_5_5_4_3_4_4_1	-1	-1.000000000000000	-1.000000000000000	-1.000000000000000	-1.000000000000000	-658438.900682687875815	0.053000000000000
8_5_7_4_3_3_4_2_2_2_2_3_5_7_4_5_3_5_5_4_3_4_4_1	-1	-1.000000000000000	-1.000000000000000	-1.000000000000000	-1.000000000000000	-662617.906414550496265	0.052000000000000
7_5_8_4_3_3_4_2_2_2_3_3_5_6_4_5_3_5_5_4_3_4_4_1	-1	-1.000000000000000	-1.000000000000000	-1.000000000000000	-1.000000000000000	-665885.299294013530016	0.058000000000000
7_5_7_4_3_4_4_2_2_2_2_3_5_7_4_5_3_5_5_4_3_4_4_1	-1	-1.000000000000000	-1.000000000000000	-1.000000000000000	-1.000000000000000	-658593.128066094126552	0.050000000000000
6_5_7_4_3_3_4_2_2_2_3_3_6_7_4_5_3_5_5_4_3_4_4_1	-1	-1.000000000000000	-1.000000000000000	-1.000000000000000	-1.000000000000000	-665660.564143414609134	0.041000000000000
7_5_7_4_3_3_5_2_2_2_2_3_5_7_4_5_3_5_5_4_3_4_4_1	-1	-1.000000000000000	-1.000000000000000	-1.000000000000000	-1.000000000000000	-662175.823361440561712	0.048000000000000
6_5_6_3_3_3_5_2_2_2_3_3_5_8_4_5_3_6_5_4_3_4_4_1	-1	-1.000000000000000	-1.000000000000000	-1.000000000000000	-1.000000000000000	-655860.463734572171234	0.046000000000000
7_5_7_3_3_3_4_2_2_2_3_3_6_6_4_5_4_5_5_4_3_4_4_1	-1	-1.000000000000000	-1.000000000000000	-1.000000000000000	-1.000000000000000	-659588.293812233023345	0.045000000000000
7_6_7_4_3_3_4_2_2_2_2_3_5_7_4_5_3_5_5_4_3_4_4_1	-1	-1.000000000000000	-1.000000000000000	-1.000000000000000	-1.000000000000000	-662837.372478233766742	0.047000000000000
7_5_7_4_3_3_4_2_2_2_2_3_5_7_5_5_3_5_5_4_3_4_4_1	-1	-1.000000000000000	-1.000000000000000	-1.000000000000000	-1.000000000000000	-658623.964197875116952	0.046000000000000
6_7_6_4_3_3_4_2_2_2_3_3_5_7_4_5_3_5_5_4_3_4_4_1	-1	-1.000000000000000	-1.000000000000000	-1.000000000000000	-1.000000000000000	-661477.637544816243462	0.041000000000000
7_5_7_4_4_3_4_2_2_2_2_3_5_7_4_5_3_5_5_4_3_4_4_1	-1	-1.000000000000000	-1.000000000000000	-1.000000000000000	-1.000000000000000	-658607.625129818334244	0.045000000000000
7_5_7_4_3_3_4_2_2_2_3_3_5_7_4_5_3_5_5_4_3_4_4_1	1	1099379.709855928085744	14516.649650953469973	2189071.178691114764661	1.399000000000000	-669524.366938250605017	0.042000000000000
7_5_6_2_3_3_4_2_2_2_3_3_5_8_4_5_3_5_5_4_3_4_4_1	-1	-1.000000000000000	-1.000000000000000	-1.000000000000000	-1.000000000000000	-650506.239156265277416	0.050000000000000
8_5_6_2_3_3_4_2_2_2_4_3_6_7_4_5_3_4_5_4_3_4_5_1	-1	-1.000000000000000	-1.000000000000000	-1.000000000000000	-1.000000000000000	-652389.656988579197787	0.054000000000000
6_5_6_3_3_3_4_2_2_2_3_3_5_9_4_5_3_6_5_4_3_4_4_1	1	1094514.057941413018852	14122.977922356603813	2212742.952085462398827	0.945000000000000	-659205.609972690348513	0.044000000000000
7_5_8_4_3_3_4_2_2_2_2_3_5_7_4_5_3_5_5_4_3_4_4_1	-1	-1.000000000000000	-1.000000000000000	-1.000000000000000	-1.000000000000000	-662559.747108661103994	0.041000000000000
7_5_6_2_3_3_4_2_2_2_2_3_5_8_4_5_3_6_5_4_3_4_4_1	1	1097970.411080645397305	13949.324544740851707	2258880.614526213612407	1.492000000000000	-644627.544001234695315	0.054000000000000
7_5_7_4_3_3_4_2_2_2_2_3_5_7_4_5_3_6_5_4_3_4_4_1	-1	-1.000000000000000	-1.000000000000000	-1.000000000000000	-1.000000000000000	-662670.929759731516242	0.042000000000000
7_5_7_3_3_3_4_2_2_2_3_4_5_7_4_5_3_5_5_4_3_4_4_1	-1	-1.000000000000000	-1.000000000000000	-1.000000000000000	-1.000000000000000	-662865.218590921256691	0.041000000000000
7_5_7_4_3_3_4_2_2_2_2_3_5_7_4_5_3_5_5_4_3_5_4_1	-1	-1.000000000000000	-1.000000000000000	-1.000000000000000	-1.000000000000000	-663364.073647787910886	0.041000000000000
7_5_7_4_3_3_4_2_2_2_2_3_5_7_4_5_3_5_5_4_3_4_4_2	-1	-1.000000000000000	-1.000000000000000	-1.000000000000000	-1.000000000000000	-660185.136981823365204	0.041000000000000
6_6_6_2_3_3_4_2_2_2_3_3_5_8_4_5_4_6_5_4_3_4_4_1	-1	-1.000000000000000	-1.000000000000000	-1.000000000000000	-1.000000000000000	-651548.031204262631945	0.048000000000000
7_5_7_4_3_3_4_2_2_2_2_3_5_7_4_6_3_5_5_4_3_4_4_1	-1	-1.000000000000000	-1.000000000000000	-1.000000000000000	-1.000000000000000	-658632.445595778874122	0.041000000000000
7_5_7_3_3_3_4_3_2_2_3_3_6_6_4_5_3_5_5_4_3_4_4_1	-1	-1.000000000000000	-1.000000000000000	-1.000000000000000	-1.000000000000000	-660508.905911695328541	0.046000000000000
7_5_7_4_3_3_4_2_2_2_2_3_5_7_4_5_3_5_5_4_3_4_5_1	-1	-1.000000000000000	-1.000000000000000	-1.000000000000000	-1.000000000000000	-662067.085873066796921	0.041000000000000
7_5_7_4_3_3_4_2_2_2_1_3_5_8_4_5_3_5_5_4_3_4_4_1	1	1099082.416677700355649	14433.228862169187778	2199282.323800611775368	1.458000000000000	-657174.742924052057788	0.066000000000000
8_5_7_2_3_3_4_2_2_2_4_3_6_6_4_5_3_4_5_4_3_4_4_1	1	1104213.529703813139349	14479.761510515005284	2254126.292463027406484	0.708000000000000	-652640.591238996479660	0.083000000000000
7_5_7_3_3_3_4_2_2_2_2_3_5_8_4_5_3_5_5_4_3_4_4_1	1	1098802.872379445470870	14134.041746337861696	2200727.740140991285443	1.537000000000000	-657156.778593812254258	0.060000000000000
7_5_6_4_3_3_4_2_2_2_3_3_5_7_4_5_3_5_5_4_3_4_4_1	1	1099934.771094765514135	15254.985552331287181	2233070.400574588682503	1.458000000000000	-661849.230615504086018	0.074000000000000
6_6_6_2_3_3_4_2_2_2_2_3_5_8_4_5_3_6_5_4_3_4_4_1	-1	-1.000000000000000	-1.000000000000000	-1.000000000000000	-1.000000000000000	-641373.571816363604739	0.046000000000000
7_5_7_3_3_3_4_2_2_2_3_3_5_8_4_5_3_5_5_4_3_4_4_1	1	1098843.863557858858258	14134.063623869355069	2189015.112630233634263	1.324000000000000	-668022.056875655311160	0.046000000000000
7_5_7_3_3_4_4_2_2_2_3_3_5_7_4_5_3_5_5_4_3_4_4_1	-1	-1.000000000000000	-1.000000000000000	-1.000000000000000	-1.000000000000000	-662862.632616415154189	0.046000000000000
8_5_7_3_3_3_4_3_2_2_4_3_5_6_4_5_3_4_5_4_3_4_4_1	-1	-1.000000000000000	-1.000000000000000	-1.000000000000000	-1.000000000000000	-655781.220928288530558	0.092000000000000
6_5_7_4_3_3_4_2_2_2_3_4_5_7_4_5_3_5_5_4_3_4_4_1	-1	-1.000000000000000	-1.000000000000000	-1.000000000000000	-1.000000000000000	-662670.685530040762387	0.041000000000000
7_5_7_3_3_3_4_2_2_3_3_3_5_7_4_5_3_5_5_4_3_4_4_1	-1	-1.000000000000000	-1.000000000000000	-1.000000000000000	-1.000000000000000	-662865.218590921256691	0.046000000000000
7_6_7_3_3_3_4_2_2_2_3_3_5_7_4_5_3_5_5_4_3_4_4_1	-1	-1.000000000000000	-1.000000000000000	-1.000000000000000	-1.000000000000000	-666708.355194114497863	0.044000000000000
8_5_7_3_4_3_4_2_2_2_4_3_5_6_4_5_3_4_5_4_3_4_4_1	-1	-1.000000000000000	-1.000000000000000	-1.000000000000000	-1.000000000000000	-655798.299584100954235	0.093000000000000
7_5_7_3_3_3_5_2_2_2_3_3_5_7_4_5_3_5_5_4_3_4_4_1	-1	-1.000000000000000	-1.000000000000000	-1.000000000000000	-1.000000000000000	-663138.660748943220824	0.042000000000000
7_5_7_2_3_3_4_2_2_2_3_3_5_7_4_5_3_5_5_4_3_4_4_1	-1	-1.000000000000000	-1.000000000000000	-1.000000000000000	-1.000000000000000	-650807.386255450779572	0.042000000000000
7_5_6_3_3_3_4_2_2_2_3_3_6_7_4_5_3_5_5_4_3_4_4_1	1	1099263.714004105189815	14698.096282970695029	2219400.104379405733198	1.501000000000000	-659829.504641591222025	0.086000000000000
6_5_7_3_3_3_4_2_2_2_3_3_5_8_4_5_3_5_5_4_3_4_4_1	-1	-1.000000000000000	-1.000000000000000	-1.000000000000000	-1.000000000000000	-659188.954752311576158	0.076000000000000
7_5_7_3_3_3_4_2_2_2_3_3_5_8_4_5_3_4_5_4_3_4_4_1	1	1099155.265008179005235	14151.463212999748066	2227426.192175504285842	1.535000000000000	-658987.893013746244833	0.079000000000000
7_5_6_3_3_3_4_2_2_2_3_3_5_8_4_5_3_5_5_4_4_4_4_1	-1	-1.000000000000000	-1.000000000000000	-1.000000000000000	-1.000000000000000	-662038.715064321993850	0.060000000000000
7_5_6_3_3_3_4_2_2_2_3_3_5_8_4_6_3_5_5_4_3_4_4_1	-1	-1.000000000000000	-1.000000000000000	-1.000000000000000	-1.000000000000000	-661227.015914759715088	0.070000000000000
7_5_6_3_3_3_4_2_2_2_3_3_5_8_4_5_3_5_5_4_3_4_4_2	-1	-1.000000000000000	-1.000000000000000	-1.000000000000000	-1.000000000000000	-663430.815195709816180	0.063000000000000
7_5_6_3_3_3_4_2_2_2_3_3_5_8_4_5_4_5_5_4_3_4_4_1	-1	-1.000000000000000	-1.000000000000000	-1.000000000000000	-1.000000000000000	-660944.459212719462812	0.062000000000000
8_5_5_2_3_3_4_2_2_2_3_3_6_8_4_5_3_4_5_4_3_4_4_1	1	1104313.976983041269705	15065.590151765598421	2310607.843851992394775	0.562000000000000	-642236.149736793595366	0.062000000000000
7_5_6_2_3_3_4_2_3_2_3_3_5_8_4_5_3_6_5_4_3_4_4_1	-1	-1.000000000000000	-1.000000000000000	-1.000000000000000	-1.000000000000000	-655232.069414074067026	0.054000000000000
7_6_6_3_3_3_4_2_2_2_3_3_5_8_4_5_3_5_5_4_3_4_4_1	-1	-1.000000000000000	-1.000000000000000	-1.000000000000000	-1.000000000000000	-664565.475823871674947	0.063000000000000
7_5_6_3_3_3_4_2_2_3_3_3_5_8_4_5_3_5_5_4_3_4_4_1	-1	-1.000000000000000	-1.000000000000000	-1.000000000000000	-1.000000000000000	-660944.459212719462812	0.059000000000000
7_5_7_3_3_3_4_2_3_2_3_3_6_6_4_5_3_5_5_4_3_4_4_1	-1	-1.000000000000000	-1.000000000000000	-1.000000000000000	-1.000000000000000	-659464.834019526490010	0.050000000000000
8_5_7_2_3_3_4_2_2_2_4_3_7_6_4_5_3_4_5_4_3_4_4_1	-1	-1.000000000000000	-1.000000000000000	-1.000000000000000	-1.000000000000000	-655224.699579929583706	0.073000000000000
7_5_6_3_3_3_5_2_2_2_3_3_5_8_4_5_3_5_5_4_3_4_4_1	-1	-1.000000000000000	-1.000000000000000	-1.000000000000000	-1.000000000000000	-661141.815654022968374	0.050000000000000
7_5_6_3_3_3_4_2_2_2_4_3_5_8_4_5_3_5_5_4_3_4_4_1	-1	-1.000000000000000	-1.000000000000000	-1.000000000000000	-1.000000000000000	-664529.319938158616424	0.054000000000000
9_5_7_2_3_3_4_2_2_2_3_3_6_6_4_5_3_5_5_4_3_4_4_1	1	1108386.877574257319793	14442.597978903548210	2206230.424091174732894	0.574000000000000	-661533.664518369827420	0.041000000000000
6_6_7_4_3_3_4_2_2_2_3_3_5_6_4_5_3_5_5_4_3_4_5_1	-1	-1.000000000000000	-1.000000000000000	-1.000000000000000	-1.000000000000000	-660947.410721373511478	0.041000000000000
8_5_6_3_3_3_4_2_2_2_3_3_5_8_4_5_3_5_5_4_3_4_4_1	1	1103456.425224415259436	14998.120486764524685	2213973.558163475245237	0.284000000000000	-665425.233690105495043	0.059000000000000
6_5_7_4_3_3_4_2_2_2_4_3_5_7_4_5_3_5_5_4_3_4_4_1	-1	-1.000000000000000	-1.000000000000000	-1.000000000000000	-1.000000000000000	-664311.514494983013719	0.043000000000000
7_5_6_3_3_3_4_2_2_2_3_3_5_8_4_5_3_5_6_4_3_4_4_1	-1	-1.000000000000000	-1.000000000000000	-1.000000000000000	-1.000000000000000	-660988.343693447532132	0.053000000000000
7_5_7_4_3_4_4_2_2_2_3_3_5_6_4_5_3_5_5_4_3_4_4_1	-1	-1.000000000000000	-1.000000000000000	-1.000000000000000	-1.000000000000000	-661871.548472947324626	0.055000000000000
7_5_6_3_4_3_4_2_2_2_3_3_5_8_4_5_3_5_5_4_3_4_4_1	-1	-1.000000000000000	-1.000000000000000	-1.000000000000000	-1.000000000000000	-660997.850204644142650	0.048000000000000
7_5_6_3_3_3_4_2_2_2_3_3_5_8_5_5_3_5_5_4_3_4_4_1	-1	-1.000000000000000	-1.000000000000000	-1.000000000000000	-1.000000000000000	-660891.193518471787684	0.052000000000000
6_6_7_4_3_3_4_2_2_2_3_3_5_5_4_5_3_5_5_4_3_4_4_1	-1	-1.000000000000000	-1.000000000000000	-1.000000000000000	-1.000000000000000	-652733.988310061278753	0.040000000000000
7_5_6_3_3_3_4_3_2_2_3_3_5_8_4_5_3_5_5_4_3_4_4_1	-1	-1.000000000000000	-1.000000000000000	-1.000000000000000	-1.000000000000000	-661731.894773627049290	0.051000000000000
8_5_6_2_3_3_4_2_2_2_3_3_5_8_4_6_3_5_5_4_3_4_4_1	-1	-1.000000000000000	-1.000000000000000	-1.000000000000000	-1.000000000000000	-656839.124609697493725	0.048000000000000
7_5_6_3_3_3_4_2_2_2_3_3_5_8_4_5_3_4_5_4_3_4_4_1	1	1099404.426654043607414	14654.239012240275770	2272641.723421923816204	1.542000000000000	-652474.385594106977805	0.053000000000000
8_5_6_2_3_3_4_2_2_2_4_3_7_7_4_5_3_4_5_4_3_4_4_1	-1	-1.000000000000000	-1.000000000000000	-1.000000000000000	-1.000000000000000	-655166.014896174310707	0.053000000000000
9_5_7_2_3_3_4_2_2_2_3_3_6_6_4_5_3_4_5_4_3_4_4_1	1	1108702.229132030857727	14483.082246046313230	2244542.389922508038580	0.631000000000000	-653286.302631768397987	0.059000000000000
8_5_6_3_3_3_4_2_2_2_3_3_5_8_4_5_3_4_5_4_3_4_4_1	1	1101250.838487502420321	14087.523679319812800	2257934.331513965968043	0.217000000000000	-656682.774411646416411	0.068000000000000
6_5_6_3_3_3_4_2_2_2_3_3_5_8_4_5_3_6_5_4_3_4_4_1	1	1094698.815537971910089	14199.483175444249355	2232920.255292502231896	0.986000000000000	-655781.071277881623246	0.067000000000000
8_5_5_3_3_3_4_2_2_2_3_3_5_8_4_5_3_5_5_4_3_4_4_1	-1	-1.000000000000000	-1.000000000000000	-1.000000000000000	-1.000000000000000	-652934.699971740948968	0.061000000000000
8_5_6_3_3_3_4_2_2_2_3_3_5_7_4_5_3_5_5_4_3_4_4_1	-1	-1.000000000000000	-1.000000000000000	-1.000000000000000	-1.000000000000000	-660162.608829645672813	0.057000000000000
8_5_6_2_3_3_4_2_2_2_3_3_5_8_4_5_3_5_5_4_3_4_5_1	-1	-1.000000000000000	-1.000000000000000	-1.000000000000000	-1.000000000000000	-656640.007944641052745	0.068000000000000
6_6_7_4_3_3_4_2_2_2_3_3_5_6_4_5_3_5_5_4_3_4_4_2	-1	-1.000000000000000	-1.000000000000000	-1.000000000000000	-1.000000000000000	-663145.440047746640630	0.050000000000000
8_5_6_2_3_3_4_2_2_2_3_3_5_8_4_5_3_5_5_4_4_4_4_1	-1	-1.000000000000000	-1.000000000000000	-1.000000000000000	-1.000000000000000	-657159.663958736462519	0.070000000000000
8_5_6_2_3_3_4_2_2_3_4_3_6_7_4_5_3_4_5_4_3_4_4_1	-1	-1.000000000000000	-1.000000000000000	-1.000000000000000	-1.000000000000000	-652817.442836327827536	0.056000000000000
8_5_6_2_3_3_4_2_2_2_3_3_5_8_4_5_3_5_6_4_3_4_4_1	-1	-1.000000000000000	-1.000000000000000	-1.000000000000000	-1.000000000000000	-656789.627312026103027	0.063000000000000
8_5_6_2_3_3_4_2_2_2_3_3_6_8_4_5_3_5_5_4_3_4_4_1	1	1101029.011199845932424	14047.039412177051418	2219304.782667125575244	0.176000000000000	-662244.688868013676256	0.048000000000000
8_5_7_2_3_3_4_2_2_2_3_3_5_8_4_5_3_5_5_4_3_4_4_1	-1	-1.000000000000000	-1.000000000000000	-1.000000000000000	-1.000000000000000	-662302.012300399248488	0.054000000000000
8_5_6_2_4_3_4_2_2_2_3_3_5_8_4_5_3_5_5_4_3_4_4_1	-1	-1.000000000000000	-1.000000000000000	-1.000000000000000	-1.000000000000000	-656827.735951687558554	0.071000000000000
8_5_7_2_3_3_4_2_2_2_4_3_6_6_4_5_3_4_5_4_3_5_4_1	-1	-1.000000000000000	-1.000000000000000	-1.000000000000000	-1.000000000000000	-651418.864586924784817	0.054000000000000
8_5_6_2_3_3_4_2_2_2_3_3_5_8_5_5_3_5_5_4_3_4_4_1	-1	-1.000000000000000	-1.000000000000000	-1.000000000000000	-1.000000000000000	-656704.837424803525209	0.059000000000000
7_5_7_3_3_3_4_2_2_2_3_3_6_6_4_5_3_5_5_4_3_4_4_2	-1	-1.000000000000000	-1.000000000000000	-1.000000000000000	-1.000000000000000	-660574.128447689465247	0.046000000000000
6_6_6_4_3_3_4_2_2_3_3_3_5_7_4_5_3_5_5_4_3_4_4_1	-1	-1.000000000000000	-1.000000000000000	-1.000000000000000	-1.000000000000000	-661204.968832054175436	0.049000000000000
8_5_6_2_3_3_4_2_2_3_3_3_5_8_4_5_3_5_5_4_3_4_4_1	-1	-1.000000000000000	-1.000000000000000	-1.000000000000000	-1.000000000000000	-656734.621062479098327	0.057000000000000
6_5_7_4_3_3_4_2_2_2_3_3_5_7_4_5_3_5_5_4_4_4_4_1	-1	-1.000000000000000	-1.000000000000000	-1.000000000000000	-1.000000000000000	-663572.620831948937848	0.043000000000000
6_5_6_3_3_3_4_2_3_2_3_3_5_8_4_5_3_6_5_4_3_4_4_1	-1	-1.000000000000000	-1.000000000000000	-1.000000000000000	-1.000000000000000	-655781.071277881623246	0.050000000000000
8_5_6_2_3_3_4_2_2_2_2_3_5_8_4_5_3_5_5_4_3_4_4_1	1	1101024.473680689465255	14047.017534645558044	2270471.225823353976011	0.221000000000000	-645711.566252642776817	0.058000000000000
8_5_6_2_3_3_4_2_2_2_3_3_6_8_4_5_3_4_5_4_3_4_4_1	1	1101344.221293849637732	14087.523679319812800	2257659.490904921665788	0.226000000000000	-653548.205040909931995	0.064000000000000
8_5_6_2_3_3_4_2_2_2_2_3_5_8_4_5_3_6_5_4_3_4_4_1	1	1100767.509181694826111	14012.082021616875863	2242140.989827732555568	0.228000000000000	-650316.856128396117128	0.082000000000000
8_5_5_2_3_3_4_2_2_2_3_3_6_8_4_5_3_5_5_4_3_4_4_1	-1	-1.000000000000000	-1.000000000000000	-1.000000000000000	-1.000000000000000	-650469.903691901476122	0.065000000000000
8_5_6_2_3_3_4_2_2_2_3_3_6_7_4_5_3_5_5_4_3_4_4_1	1	1101231.732142654946074	14132.278165524392534	2243810.194683101028204	0.228000000000000	-656836.369627860258333	0.074000000000000
7_5_6_2_3_3_4_2_2_2_3_3_6_8_4_5_3_5_5_4_3_4_4_1	-1	-1.000000000000000	-1.000000000000000	-1.000000000000000	-1.000000000000000	-655037.479795857565477	0.074000000000000
8_5_6_2_3_3_4_2_2_2_3_3_6_8_5_5_3_4_5_4_3_4_4_1	-1	-1.000000000000000	-1.000000000000000	-1.000000000000000	-1.000000000000000	-653222.848340539494529	0.060000000000000
8_5_6_2_3_3_4_2_3_2_3_3_5_7_4_5_3_6_5_4_3_4_4_1	-1	-1.000000000000000	-1.000000000000000	-1.000000000000000	-1.000000000000000	-656158.589977670228109	0.055000000000000
8_5_6_2_3_3_4_2_2_2_3_3_6_8_4_5_4_4_5_4_3_4_4_1	-1	-1.000000000000000	-1.000000000000000	-1.000000000000000	-1.000000000000000	-653548.205040909931995	0.056000000000000
8_5_7_3_3_3_4_2_3_2_4_3_5_6_4_5_3_4_5_4_3_4_4_1	-1	-1.000000000000000	-1.000000000000000	-1.000000000000000	-1.000000000000000	-655831.325475489371456	0.079000000000000
7_5_7_2_3_3_4_2_2_2_4_3_6_6_4_5_3_4_5_4_3_4_4_1	1	1099324.317251927452162	14274.369100157466164	2275657.107098520267755	1.956000000000000	-644369.216647586552426	0.069000000000000
6_6_7_4_3_3_4_3_2_2_3_3_5_6_4_5_3_5_5_4_3_4_4_1	-1	-1.000000000000000	-1.000000000000000	-1.000000000000000	-1.000000000000000	-661988.165463397861458	0.053000000000000
8_5_6_2_3_4_4_2_2_2_3_3_6_8_4_5_3_4_5_4_3_4_4_1	-1	-1.000000000000000	-1.000000000000000	-1.000000000000000	-1.000000000000000	-653647.026135642430745	0.069000000000000
8_5_6_2_3_3_4_3_2_2_3_3_6_8_4_5_3_4_5_4_3_4_4_1	-1	-1.000000000000000	-1.000000000000000	-1.000000000000000	-1.000000000000000	-654827.031710993382148	0.069000000000000
8_5_6_2_3_3_4_2_2_2_3_3_6_8_4_5_3_4_5_4_3_5_4_1	-1	-1.000000000000000	-1.000000000000000	-1.000000000000000	-1.000000000000000	-653820.793712313403375	0.057000000000000
8_5_6_2_3_3_4_2_2_2_3_3_6_7_4_5_3_5_5_4_3_5_4_1	-1	-1.000000000000000	-1.000000000000000	-1.000000000000000	-1.000000000000000	-657092.840401671011932	0.052000000000000
8_5_7_3_3_4_4_2_2_2_3_3_5_6_4_5_3_5_5_4_3_4_4_1	-1	-1.000000000000000	-1.000000000000000	-1.000000000000000	-1.000000000000000	-659837.830270627047867	0.066000000000000
8_5_6_2_3_3_4_2_2_2_3_3_6_8_4_5_3_4_6_4_3_4_4_1	-1	-1.000000000000000	-1.000000000000000	-1.000000000000000	-1.000000000000000	-653603.284780206857249	0.048000000000000
8_5_6_2_3_3_4_2_2_2_4_3_6_8_4_5_3_4_5_4_3_4_4_1	1	1101374.911850571399555	14087.540059273920633	2249916.048772589769214	0.177000000000000	-658924.995038377470337	0.066000000000000
8_5_7_3_3_3_4_2_2_2_4_3_5_6_4_5_3_5_5_4_3_4_4_1	1	1104085.420151873724535	14558.883561245265810	2216408.269994677044451	0.805000000000000	-664795.867925429367460	0.078000000000000
6_6_6_3_3_3_4_2_2_2_2_3_5_8_4_5_3_5_5_4_3_4_4_1	1	1093177.500267200404778	14115.745365060171025	2221889.091762289870530	1.557000000000000	-647507.421382987173274	0.042000000000000
8_5_6_2_3_3_4_2_2_2_3_4_6_8_4_5_3_4_5_4_3_4_4_1	-1	-1.000000000000000	-1.000000000000000	-1.000000000000000	-1.000000000000000	-653548.205040909931995	0.052000000000000
8_5_6_2_4_3_4_2_2_2_3_3_6_8_4_5_3_4_5_4_3_4_4_1	-1	-1.000000000000000	-1.000000000000000	-1.000000000000000	-1.000000000000000	-653649.832221392192878	0.060000000000000
7_5_7_4_3_3_4_2_2_2_3_3_6_6_4_5_3_5_5_4_3_4_4_1	-1	-1.000000000000000	-1.000000000000000	-1.000000000000000	-1.000000000000000	-665620.418242702842690	0.064000000000000
8_5_6_2_3_3_4_2_2_2_3_3_6_8_4_5_3_4_5_4_3_4_5_1	-1	-1.000000000000000	-1.000000000000000	-1.000000000000000	-1.000000000000000	-653426.503385544870980	0.053000000000000
6_6_5_3_3_3_4_2_2_2_3_3_5_8_4_5_3_5_5_4_3_4_4_1	-1	-1.000000000000000	-1.000000000000000	-1.000000000000000	-1.000000000000000	-646355.055137151852250	0.043000000000000
8_5_6_2_3_3_4_2_2_2_3_3_6_8_4_5_3_4_5_5_3_4_4_1	-1	-1.000000000000000	-1.000000000000000	-1.000000000000000	-1.000000000000000	-654987.486927881138399	0.064000000000000
6_5_6_3_3_3_4_2_2_2_3_3_5_8_4_5_3_6_6_4_3_4_4_1	-1	-1.000000000000000	-1.000000000000000	-1.000000000000000	-1.000000000000000	-655796.963863464654423	0.054000000000000
8_5_6_2_3_3_4_2_2_2_3_3_6_9_4_5_3_4_5_4_3_4_4_1	-1	-1.000000000000000	-1.000000000000000	-1.000000000000000	-1.000000000000000	-656939.437479810789227	0.049000000000000
8_5_6_2_3_3_4_2_2_3_3_3_6_8_4_5_3_4_5_4_3_4_4_1	-1	-1.000000000000000	-1.000000000000000	-1.000000000000000	-1.000000000000000	-653548.205040909931995	0.052000000000000
8_5_6_2_3_3_4_2_2_2_3_3_6_8_4_5_3_3_5_4_3_4_4_1	-1	-1.000000000000000	-1.000000000000000	-1.000000000000000	-1.000000000000000	-641791.544901373563334	0.058000000000000
7_5_6_2_3_3_4_2_2_2_3_3_6_8_4_5_3_4_5_4_3_4_4_1	-1	-1.000000000000000	-1.000000000000000	-1.000000000000000	-1.000000000000000	-646454.964546634349972	0.056000000000000
9_5_6_2_3_3_4_2_2_2_3_3_6_7_4_5_3_4_5_4_3_4_4_1	1	1104918.365707921795547	14594.737910748499417	2265831.053541256114841	0.215000000000000	-653209.056597192306072	0.065000000000000
8_5_6_2_3_3_4_2_2_2_4_3_5_8_4_5_3_4_5_4_3_4_4_1	-1	-1.000000000000000	-1.000000000000000	-1.000000000000000	-1.000000000000000	-652071.787957794265822	0.053000000000000
8_5_7_2_3_3_4_2_2_2_4_3_6_7_4_5_3_4_5_4_3_4_4_1	1	1103997.616569503210485	14394.182896687767425	2222998.626541136298329	0.744000000000000	-660049.843716656439938	0.065000000000000
9_5_6_2_3_3_4_2_2_2_4_3_6_7_4_5_3_4_5_4_3_4_4_1	1	1107578.334290753817186	15288.761961738673563	2252701.146858598571271	0.359000000000000	-658611.077123959898017	0.068000000000000
8_6_6_2_3_3_4_2_2_2_4_3_6_7_4_5_3_4_5_4_3_4_4_1	-1	-1.000000000000000	-1.000000000000000	-1.000000000000000	-1.000000000000000	-657985.652351865777746	0.055000000000000
8_5_6_2_3_3_5_2_2_2_4_3_6_7_4_5_3_4_5_4_3_4_4_1	-1	-1.000000000000000	-1.000000000000000	-1.000000000000000	-1.000000000000000	-652767.352324842591770	0.052000000000000
8_5_6_3_3_3_4_2_2_2_4_3_6_7_4_5_3_4_5_4_3_4_4_1	-1	-1.000000000000000	-1.000000000000000	-1.000000000000000	-1.000000000000000	-661854.225073917070404	0.054000000000000
7_5_7_4_3_3_5_2_2_2_3_3_5_6_4_5_3_5_5_4_3_4_4_1	-1	-1.000000000000000	-1.000000000000000	-1.000000000000000	-1.000000000000000	-662121.814000026439317	0.056000000000000
6_6_6_2_4_3_4_2_2_2_3_3_5_8_4_5_3_6_5_4_3_4_4_1	-1	-1.000000000000000	-1.000000000000000	-1.000000000000000	-1.000000000000000	-651611.456940757227130	0.058000000000000
8_5_6_2_4_3_4_2_2_2_4_3_6_7_4_5_3_4_5_4_3_4_4_1	-1	-1.000000000000000	-1.000000000000000	-1.000000000000000	-1.000000000000000	-652832.087771862628870	0.050000000000000
8_5_6_2_3_3_4_2_3_2_4_3_6_7_4_5_3_4_5_4_3_4_4_1	-1	-1.000000000000000	-1.000000000000000	-1.000000000000000	-1.000000000000000	-652817.442836327827536	0.049000000000000
8_5_6_2_3_3_4_2_2_2_4_3_6_7_4_5_3_5_5_4_3_4_4_1	-1	-1.000000000000000	-1.000000000000000	-1.000000000000000	-1.000000000000000	-661403.100585948443040	0.054000000000000
8_5_6_2_3_3_4_2_2_2_4_3_6_7_4_5_3_4_5_4_3_4_4_2	-1	-1.000000000000000	-1.000000000000000	-1.000000000000000	-1.000000000000000	-654740.717733156168833	0.052000000000000
8_5_6_2_3_3_4_2_2_2_4_3_5_7_4_5_3_4_5_4_3_4_4_1	-1	-1.000000000000000	-1.000000000000000	-1.000000000000000	-1.000000000000000	-646572.401977701112628	0.066000000000000
9_5_6_2_3_3_4_2_2_2_4_3_6_6_4_5_3_4_5_4_3_4_4_1	1	1107796.551150384591892	15377.657709387105569	2283804.283588198479265	0.356000000000000	-651174.157137291855179	0.076000000000000
8_5_7_2_3_3_4_2_2_2_4_3_5_7_4_5_3_4_5_4_3_4_4_1	-1	-1.000000000000000	-1.000000000000000	-1.000000000000000	-1.000000000000000	-652204.747625643736683	0.074000000000000
8_5_7_2_3_3_4_2_2_3_4_3_6_6_4_5_3_4_5_4_3_4_4_1	-1	-1.000000000000000	-1.000000000000000	-1.000000000000000	-1.000000000000000	-652640.591238996479660	0.065000000000000
8_5_7_2_3_4_4_2_2_2_4_3_6_6_4_5_3_4_5_4_3_4_4_1	-1	-1.000000000000000	-1.000000000000000	-1.000000000000000	-1.000000000000000	-652608.235469915089197	0.066000000000000
8_5_7_2_3_3_4_2_2_2_2_3_6_6_4_5_3_5_5_4_3_4_4_1	-1	-1.000000000000000	-1.000000000000000	-1.000000000000000	-1.000000000000000	-643890.200753853889182	0.040000000000000
8_5_6_2_3_3_4_2_2_3_3_3_6_7_4_5_3_5_5_4_3_4_4_1	-1	-1.000000000000000	-1.000000000000000	-1.000000000000000	-1.000000000000000	-656836.369627860258333	0.041000000000000
7_5_6_2_3_3_5_2_2_2_3_3_5_8_4_5_3_6_5_4_3_4_4_1	-1	-1.000000000000000	-1.000000000000000	-1.000000000000000	-1.000000000000000	-655495.308208088390529	0.045000000000000
8_5_8_2_3_3_4_2_2_2_4_3_6_6_4_5_3_4_5_4_3_4_4_1	-1	-1.000000000000000	-1.000000000000000	-1.000000000000000	-1.000000000000000	-655987.972061063628644	0.058000000000000
8_5_7_2_3_3_4_2_2_2_4_3_6_6_4_5_3_4_5_4_3_4_4_2	-1	-1.000000000000000	-1.000000000000000	-1.000000000000000	-1.000000000000000	-653242.707502945908345	0.071000000000000
8_5_6_3_3_3_4_2_2_2_3_3_6_7_4_5_3_5_5_4_3_4_4_1	1	1101113.655364393489435	14132.278165524392534	2204674.024137472268194	0.160000000000000	-664863.877708913874812	0.048000000000000
8_5_7_4_3_3_4_2_2_2_3_3_5_6_4_5_3_5_5_4_3_4_4_1	1	1101301.703238710062578	14373.266269701383862	2206887.450775350444019	0.201000000000000	-666712.550499850884080	0.058000000000000
6_6_6_4_3_3_4_2_2_2_3_3_5_7_4_5_3_5_5_5_3_4_4_1	-1	-1.000000000000000	-1.000000000000000	-1.000000000000000	-1.000000000000000	-662674.279427382512949	0.042000000000000
8_5_7_2_3_3_4_2_2_2_4_3_6_6_4_6_3_4_5_4_3_4_4_1	-1	-1.000000000000000	-1.000000000000000	-1.000000000000000	-1.000000000000000	-652217.923310323385522	0.054000000000000
6_5_6_3_3_3_4_2_2_2_2_3_5_8_4_5_3_6_5_4_3_4_4_1	1	1094657.824359558755532	14199.461297912755981	2244632.882803260348737	1.003000000000000	-646490.084828922757879	0.041000000000000
8_5_7_2_3_3_4_2_2_2_4_3_6_6_4_5_3_4_5_4_4_4_4_1	-1	-1.000000000000000	-1.000000000000000	-1.000000000000000	-1.000000000000000	-653079.160953481681645	0.056000000000000
6_5_7_4_3_3_4_2_2_2_3_3_5_7_4_6_3_5_5_4_3_4_4_1	-1	-1.000000000000000	-1.000000000000000	-1.000000000000000	-1.000000000000000	-662669.283244233694859	0.051000000000000
8_5_7_2_4_3_4_2_2_2_4_3_6_6_4_5_3_4_5_4_3_4_4_1	-1	-1.000000000000000	-1.000000000000000	-1.000000000000000	-1.000000000000000	-652620.329814599128440	0.053000000000000
8_6_7_2_3_3_4_2_2_2_4_3_6_6_4_5_3_4_5_4_3_4_4_1	-1	-1.000000000000000	-1.000000000000000	-1.000000000000000	-1.000000000000000	-659613.429223376559094	0.065000000000000
8_5_7_2_3_3_4_2_2_2_4_3_6_5_4_5_3_4_5_4_3_4_4_1	-1	-1.000000000000000	-1.000000000000000	-1.000000000000000	-1.000000000000000	-644295.946755369775929	0.073000000000000
6_6_6_2_3_3_4_2_2_2_3_3_5_8_4_5_3_6_5_4_4_4_4_1	-1	-1.000000000000000	-1.000000000000000	-1.000000000000000	-1.000000000000000	-653093.430588916991837	0.048000000000000
8_5_7_2_3_3_4_2_2_2_3_3_6_6_4_5_3_4_5_4_3_4_4_1	-1	-1.000000000000000	-1.000000000000000	-1.000000000000000	-1.000000000000000	-647321.627818952314556	0.069000000000000
8_5_7_3_3_3_4_2_2_2_4_3_5_6_4_5_3_4_5_4_3_4_4_1	1	1104394.883168033091351	14534.422139552038061	2254836.097516697831452	0.827000000000000	-655831.325475489371456	0.077000000000000
9_5_7_2_3_3_4_2_2_2_4_3_5_6_4_5_3_4_5_4_3_4_4_1	1	1108764.769436636008322	14483.098626000417426	2277044.596801165025681	0.786000000000000	-650839.641946725780144	0.076000000000000
8_5_6_3_3_3_4_2_2_2_4_3_6_6_4_5_3_4_5_4_3_4_4_1	-1	-1.000000000000000	-1.000000000000000	-1.000000000000000	-1.000000000000000	-654254.341065483400598	0.072000000000000
7_5_7_3_3_3_4_2_2_2_4_3_6_6_4_5_3_4_5_4_3_4_4_1	-1	-1.000000000000000	-1.000000000000000	-1.000000000000000	-1.000000000000000	-654376.480900909053162	0.068000000000000
8_5_7_3_3_3_4_2_2_2_4_3_6_6_4_5_3_3_5_4_3_4_4_1	-1	-1.000000000000000	-1.000000000000000	-1.000000000000000	-1.000000000000000	-651796.859820698387921	0.066000000000000
8_5_7_3_3_3_4_2_2_2_4_3_5_6_4_5_3_4_5_4_4_4_4_1	-1	-1.000000000000000	-1.000000000000000	-1.000000000000000	-1.000000000000000	-656283.737589099793695	0.078000000000000
8_5_7_3_3_3_4_2_2_2_4_3_5_6_4_5_3_4_5_4_3_4_4_2	-1	-1.000000000000000	-1.000000000000000	-1.000000000000000	-1.000000000000000	-656504.595637114252895	0.067000000000000
8_5_7_3_3_3_4_2_2_2_4_3_5_7_4_5_3_4_5_4_3_4_4_1	-1	-1.000000000000000	-1.000000000000000	-1.000000000000000	-1.000000000000000	-663050.709748618886806	0.065000000000000
6_6_7_4_3_3_4_2_2_2_3_4_5_6_4_5_3_5_5_4_3_4_4_1	-1	-1.000000000000000	-1.000000000000000	-1.000000000000000	-1.000000000000000	-661842.317544013145380	0.043000000000000
8_5_7_3_3_3_4_2_2_2_4_3_5_6_4_6_3_4_5_4_3_4_4_1	-1	-1.000000000000000	-1.000000000000000	-1.000000000000000	-1.000000000000000	-655443.516961698187515	0.068000000000000
8_5_7_3_3_4_4_2_2_2_4_3_5_6_4_5_3_4_5_4_3_4_4_1	-1	-1.000000000000000	-1.000000000000000	-1.000000000000000	-1.000000000000000	-655782.705114566837437	0.078000000000000
8_5_7_3_3_3_4_2_2_2_4_3_5_6_5_5_3_4_5_4_3_4_4_1	-1	-1.000000000000000	-1.000000000000000	-1.000000000000000	-1.000000000000000	-655635.523566779913381	0.082000000000000
8_5_7_3_3_3_4_2_2_2_4_3_5_5_4_5_3_4_5_4_3_4_4_1	-1	-1.000000000000000	-1.000000000000000	-1.000000000000000	-1.000000000000000	-647425.674979656236246	0.082000000000000
8_5_6_3_3_3_4_2_2_2_4_3_5_6_4_5_3_4_5_4_3_4_4_1	-1	-1.000000000000000	-1.000000000000000	-1.000000000000000	-1.000000000000000	-648369.384878898272291	0.063000000000000
8_5_7_3_3_3_4_2_2_2_3_3_5_6_4_5_3_5_5_4_3_4_4_1	1	1104054.439402384450659	14558.867181291157976	2224123.891679374035448	0.816000000000000	-659826.840694095124491	0.079000000000000
8_5_6_3_3_3_4_2_2_2_4_3_5_6_4_5_3_5_5_4_3_4_4_1	-1	-1.000000000000000	-1.000000000000000	-1.000000000000000	-1.000000000000000	-657125.230741510400549	0.090000000000000
7_5_7_3_3_3_4_2_2_2_4_3_5_6_4_5_3_5_5_4_3_4_4_1	1	1099289.450735916150734	14307.294371956260875	2237339.711754579562694	1.791000000000000	-658616.567975414916873	0.075000000000000
8_5_7_3_3_3_4_2_2_2_3_3_6_6_4_5_3_5_5_4_3_4_4_1	-1	-1.000000000000000	-1.000000000000000	-1.000000000000000	-1.000000000000000	-665951.483117462252267	0.076000000000000
8_5_7_3_3_3_4_2_2_2_3_3_5_6_4_5_3_5_5_5_3_4_4_1	-1	-1.000000000000000	-1.000000000000000	-1.000000000000000	-1.000000000000000	-660583.252712956978939	0.064000000000000
8_5_6_2_3_3_4_3_2_2_3_3_5_7_4_5_3_6_5_4_3_4_4_1	-1	-1.000000000000000	-1.000000000000000	-1.000000000000000	-1.000000000000000	-657201.650968342903070	0.048000000000000
8_6_7_3_3_3_4_2_2_2_3_3_5_6_4_5_3_5_5_4_3_4_4_1	-1	-1.000000000000000	-1.000000000000000	-1.000000000000000	-1.000000000000000	-662451.478003420750611	0.056000000000000
8_5_7_3_3_3_4_2_2_2_3_3_5_6_4_5_3_5_5_4_4_4_4_1	-1	-1.000000000000000	-1.000000000000000	-1.000000000000000	-1.000000000000000	-660298.987514911568724	0.063000000000000
8_5_7_3_3_3_4_2_2_2_3_3_5_6_4_5_3_5_5_4_3_5_4_1	-1	-1.000000000000000	-1.000000000000000	-1.000000000000000	-1.000000000000000	-658926.568750430829823	0.049000000000000
8_5_7_3_3_3_4_2_2_2_3_3_5_6_4_5_3_5_6_4_3_4_4_1	-1	-1.000000000000000	-1.000000000000000	-1.000000000000000	-1.000000000000000	-659875.346310107852332	0.049000000000000
6_6_7_4_3_3_4_2_2_2_3_3_5_6_4_5_3_5_6_4_3_4_4_1	-1	-1.000000000000000	-1.000000000000000	-1.000000000000000	-1.000000000000000	-661862.149309096857905	0.045000000000000
8_5_7_2_3_3_4_2_2_2_3_3_5_6_4_5_3_5_5_4_3_4_4_1	-1	-1.000000000000000	-1.000000000000000	-1.000000000000000	-1.000000000000000	-649060.859736381098628	0.063000000000000
8_5_6_3_3_3_4_2_2_2_3_3_5_6_4_5_3_6_5_4_3_4_4_1	1	1103622.722988487919793	15132.042831138478505	2241658.151637610979378	0.471000000000000	-657751.995096501428634	0.063000000000000
8_5_7_4_3_3_4_2_2_2_3_3_5_5_4_5_3_5_5_4_3_4_4_1	-1	-1.000000000000000	-1.000000000000000	-1.000000000000000	-1.000000000000000	-657252.675049950834364	0.076000000000000
6_5_7_4_3_3_4_2_2_2_3_3_5_7_4_5_3_5_5_4_3_4_5_1	-1	-1.000000000000000	-1.000000000000000	-1.000000000000000	-1.000000000000000	-662004.663482001982629	0.056000000000000
8_6_7_2_3_3_4_2_2_2_3_3_6_6_4_5_3_5_5_4_3_4_4_1	-1	-1.000000000000000	-1.000000000000000	-1.000000000000000	-1.000000000000000	-660960.500276396749541	0.044000000000000
7_5_7_3_3_3_4_2_2_2_3_3_6_6_4_5_3_5_5_4_3_5_4_1	-1	-1.000000000000000	-1.000000000000000	-1.000000000000000	-1.000000000000000	-659082.000285043963231	0.044000000000000
8_5_6_2_3_3_4_2_2_2_3_3_5_7_4_5_3_6_6_4_3_4_4_1	-1	-1.000000000000000	-1.000000000000000	-1.000000000000000	-1.000000000000000	-656213.018508100649342	0.045000000000000
7_5_7_4_3_3_4_2_2_2_3_3_5_6_4_5_3_5_5_5_3_4_4_1	-1	-1.000000000000000	-1.000000000000000	-1.000000000000000	-1.000000000000000	-662834.425290580140427	0.069000000000000
7_5_7_4_3_3_4_3_2_2_3_3_5_6_4_5_3_5_5_4_3_4_4_1	-1	-1.000000000000000	-1.000000000000000	-1.000000000000000	-1.000000000000000	-662629.278894918970764	0.050000000000000
7_5_6_2_3_3_4_2_2_2_3_3_5_9_4_5_3_6_5_4_3_4_4_1	-1	-1.000000000000000	-1.000000000000000	-1.000000000000000	-1.000000000000000	-658433.598260687547736	0.045000000000000
7_5_7_4_3_3_4_2_2_2_3_3_5_6_4_5_3_6_5_4_3_4_4_1	-1	-1.000000000000000	-1.000000000000000	-1.000000000000000	-1.000000000000000	-666339.666672545368783	0.068000000000000
7_5_7_4_3_3_4_2_2_2_3_4_5_6_4_5_3_5_5_4_3_4_4_1	-1	-1.000000000000000	-1.000000000000000	-1.000000000000000	-1.000000000000000	-661938.779838392511010	0.061000000000000
7_5_7_4_3_3_4_2_2_2_3_3_5_6_4_5_3_5_6_4_3_4_4_1	-1	-1.000000000000000	-1.000000000000000	-1.000000000000000	-1.000000000000000	-661968.501125814975239	0.052000000000000
7_5_7_4_3_3_4_2_2_2_3_3_5_6_4_5_3_5_5_4_3_4_5_1	-1	-1.000000000000000	-1.000000000000000	-1.000000000000000	-1.000000000000000	-661431.718341645784676	0.049000000000000
7_5_7_4_3_3_4_2_2_2_3_3_5_6_4_5_3_5_5_4_3_5_4_1	-1	-1.000000000000000	-1.000000000000000	-1.000000000000000	-1.000000000000000	-661506.365105434553698	0.049000000000000
6_6_7_4_3_3_4_2_2_2_3_3_5_6_4_6_3_5_5_4_3_4_4_1	-1	-1.000000000000000	-1.000000000000000	-1.000000000000000	-1.000000000000000	-661840.865563919534907	0.047000000000000
7_5_6_4_3_3_4_2_2_2_3_3_5_6_4_5_3_5_5_4_3_4_4_1	1	1100147.551649905042723	15346.444652705697081	2264354.325422526802868	1.452000000000000	-654492.242563762469217	0.054000000000000
7_5_7_4_3_3_4_2_2_2_3_3_5_6_4_5_3_4_5_4_3_4_4_1	-1	-1.000000000000000	-1.000000000000000	-1.000000000000000	-1.000000000000000	-652685.708537828642875	0.060000000000000
6_6_7_4_3_3_4_2_2_2_3_3_5_6_4_5_3_5_5_4_3_4_4_1	1	1093521.169101346284151	14408.428743281743664	2197942.661509191151708	0.898000000000000	-661842.317544013145380	0.059000000000000
8_5_7_2_3_3_4_2_2_2_3_3_6_6_5_5_3_5_5_4_3_4_4_1	-1	-1.000000000000000	-1.000000000000000	-1.000000000000000	-1.000000000000000	-655764.149003531434573	0.046000000000000
6_5_7_4_3_3_4_2_2_2_3_3_5_7_4_5_4_5_5_4_3_4_4_1	-1	-1.000000000000000	-1.000000000000000	-1.000000000000000	-1.000000000000000	-662683.708451695856638	0.054000000000000
6_5_7_4_4_3_4_2_2_2_3_3_5_7_4_5_3_5_5_4_3_4_4_1	-1	-1.000000000000000	-1.000000000000000	-1.000000000000000	-1.000000000000000	-662569.740569095942192	0.046000000000000
6_5_7_4_3_3_4_2_2_2_3_3_5_7_4_5_3_5_6_4_3_4_4_1	-1	-1.000000000000000	-1.000000000000000	-1.000000000000000	-1.000000000000000	-662656.322734845336527	0.045000000000000
6_5_7_5_3_3_4_2_2_2_3_3_5_7_4_5_3_5_5_4_3_4_4_1	-1	-1.000000000000000	-1.000000000000000	-1.000000000000000	-1.000000000000000	-664852.396617048769258	0.043000000000000
6_5_7_4_3_3_4_2_2_2_3_3_5_7_4_5_3_5_5_4_3_5_4_1	-1	-1.000000000000000	-1.000000000000000	-1.000000000000000	-1.000000000000000	-661927.854255538783036	0.042000000000000
8_5_6_3_3_3_4_2_3_2_3_3_6_6_4_5_3_5_5_4_3_4_4_1	-1	-1.000000000000000	-1.000000000000000	-1.000000000000000	-1.000000000000000	-657569.011183471884578	0.046000000000000
6_6_7_4_3_3_4_2_2_2_3_3_5_7_4_5_3_5_5_4_3_4_4_1	1	1093333.226156116463244	14340.115636522710702	2166904.297804241068661	0.777000000000000	-669251.983631912036799	0.041000000000000
6_5_7_4_3_3_4_2_2_2_3_3_5_7_4_5_3_5_5_4_3_4_4_2	-1	-1.000000000000000	-1.000000000000000	-1.000000000000000	-1.000000000000000	-664690.528179802931845	0.041000000000000
6_6_7_4_3_3_4_2_3_2_3_3_5_6_4_5_3_5_5_4_3_4_4_1	-1	-1.000000000000000	-1.000000000000000	-1.000000000000000	-1.000000000000000	-661842.317544013145380	0.043000000000000
6_5_7_4_3_3_4_2_2_2_3_3_5_7_4_5_3_6_5_4_3_4_4_1	-1	-1.000000000000000	-1.000000000000000	-1.000000000000000	-1.000000000000000	-666517.283973701181822	0.042000000000000
8_5_6_2_3_3_4_2_2_2_3_3_6_7_4_5_4_5_5_4_3_4_4_1	-1	-1.000000000000000	-1.000000000000000	-1.000000000000000	-1.000000000000000	-656853.391093228943646	0.045000000000000
6_5_7_4_3_3_4_2_2_2_3_3_5_7_4_5_3_4_5_4_3_4_4_1	1	1095218.442961886292323	14256.023772475833539	2254231.788599484134465	1.018000000000000	-654288.596784662338905	0.041000000000000
7_5_6_2_3_3_4_2_2_2_3_3_6_7_4_5_3_6_5_4_3_4_4_1	-1	-1.000000000000000	-1.000000000000000	-1.000000000000000	-1.000000000000000	-654998.869820496998727	0.050000000000000
6_6_6_4_3_3_4_2_2_2_3_3_5_7_4_5_3_5_5_4_3_4_4_1	1	1093328.534769695019349	14202.634436132408155	2210864.888973498716950	1.008000000000000	-661204.968832054175436	0.058000000000000
6_5_8_4_3_3_4_2_2_2_3_3_5_7_4_5_3_4_5_4_3_4_4_1	1	1095327.749461443861946	14310.553522417558270	2218196.866689282003790	1.069000000000000	-658711.740478327963501	0.071000000000000
5_6_7_4_3_3_4_2_2_2_3_3_5_7_4_5_3_5_5_4_3_4_4_1	-1	-1.000000000000000	-1.000000000000000	-1.000000000000000	-1.000000000000000	-658142.605410762480460	0.057000000000000
6_6_5_4_3_3_4_2_2_2_3_3_5_8_4_5_3_5_5_4_3_4_4_1	-1	-1.000000000000000	-1.000000000000000	-1.000000000000000	-1.000000000000000	-653501.111151304445229	0.058000000000000
6_6_7_4_3_3_4_2_2_2_3_3_5_7_4_5_3_4_5_4_3_4_4_1	1	1093624.139147329842672	14317.740983572020923	2205279.780666258186102	0.808000000000000	-660141.466246017836966	0.052000000000000
6_6_7_4_3_3_4_2_2_2_2_3_5_7_4_5_3_5_5_4_3_4_4_1	-1	-1.000000000000000	-1.000000000000000	-1.000000000000000	-1.000000000000000	-658794.746445887838490	0.049000000000000
6_6_7_3_3_3_4_2_2_2_3_3_5_7_4_5_3_5_5_4_3_4_4_1	-1	-1.000000000000000	-1.000000000000000	-1.000000000000000	-1.000000000000000	-660243.781999961123802	0.046000000000000
6_6_6_4_3_3_4_2_2_2_3_3_6_7_4_5_3_5_5_4_3_4_4_1	-1	-1.000000000000000	-1.000000000000000	-1.000000000000000	-1.000000000000000	-664787.087755398475565	0.055000000000000
6_6_6_4_3_3_4_2_2_2_3_3_5_7_4_5_3_5_6_4_3_4_4_1	-1	-1.000000000000000	-1.000000000000000	-1.000000000000000	-1.000000000000000	-661210.691839044913650	0.050000000000000
6_6_6_4_3_3_4_3_2_2_3_3_5_7_4_5_3_5_5_4_3_4_4_1	-1	-1.000000000000000	-1.000000000000000	-1.000000000000000	-1.000000000000000	-661501.782186254626140	0.046000000000000
8_5_7_2_3_3_4_2_2_2_3_3_6_6_4_5_3_5_5_5_3_4_4_1	-1	-1.000000000000000	-1.000000000000000	-1.000000000000000	-1.000000000000000	-656500.677058895467781	0.042000000000000
7_6_6_4_3_3_4_2_2_2_3_3_5_7_4_5_3_5_5_4_3_4_4_1	-1	-1.000000000000000	-1.000000000000000	-1.000000000000000	-1.000000000000000	-665707.099785796948709	0.042000000000000
6_6_6_5_3_3_4_2_2_2_3_3_5_7_4_5_3_5_5_4_3_4_4_1	-1	-1.000000000000000	-1.000000000000000	-1.000000000000000	-1.000000000000000	-664481.572918225196190	0.043000000000000
6_6_6_4_3_3_4_2_3_2_3_3_5_7_4_5_3_5_5_4_3_4_4_1	-1	-1.000000000000000	-1.000000000000000	-1.000000000000000	-1.000000000000000	-661204.968832054175436	0.043000000000000
6_6_6_4_3_3_4_2_2_2_3_3_5_7_4_5_3_5_5_4_3_4_4_2	-1	-1.000000000000000	-1.000000000000000	-1.000000000000000	-1.000000000000000	-663430.385028189863078	0.042000000000000
6_6_6_4_3_3_4_2_2_2_3_3_5_7_4_5_3_5_5_4_3_4_5_1	-1	-1.000000000000000	-1.000000000000000	-1.000000000000000	-1.000000000000000	-660890.791443776804954	0.041000000000000
6_6_6_4_3_3_4_2_2_2_3_3_5_7_4_5_3_5_5_4_3_5_4_1	-1	-1.000000000000000	-1.000000000000000	-1.000000000000000	-1.000000000000000	-660885.050281344796531	0.040000000000000
6_6_6_4_3_3_4_2_2_2_3_4_5_7_4_5_3_5_5_4_3_4_4_1	-1	-1.000000000000000	-1.000000000000000	-1.000000000000000	-1.000000000000000	-661204.968832054175436	0.042000000000000
8_5_7_2_3_3_4_2_2_2_3_4_6_6_4_5_3_5_5_4_3_4_4_1	-1	-1.000000000000000	-1.000000000000000	-1.000000000000000	-1.000000000000000	-655787.698608099832200	0.041000000000000
6_6_6_3_3_3_4_2_2_2_3_3_5_7_4_5_3_5_5_4_3_4_4_1	1	1093411.518756113713607	14202.634436132408155	2234705.992170025594532	0.985000000000000	-653157.291387175675482	0.039000000000000
6_6_6_4_3_3_4_2_2_2_2_3_5_7_4_5_3_5_5_4_3_4_4_1	-1	-1.000000000000000	-1.000000000000000	-1.000000000000000	-1.000000000000000	-650574.026836183154956	0.042000000000000
8_5_6_4_3_3_4_2_2_2_3_3_6_6_4_5_3_5_5_4_3_4_4_1	1	1101221.887595923151821	13888.220112504528515	2211814.136554381344467	0.195000000000000	-662867.961670322692953	0.047000000000000
6_6_5_4_3_3_4_2_2_2_3_3_5_7_4_5_3_5_5_4_3_4_4_1	-1	-1.000000000000000	-1.000000000000000	-1.000000000000000	-1.000000000000000	-649053.202984969946556	0.041000000000000
5_6_6_4_3_3_4_2_2_2_3_3_5_7_4_5_3_5_5_4_3_4_4_1	-1	-1.000000000000000	-1.000000000000000	-1.000000000000000	-1.000000000000000	-648420.564629522967152	0.043000000000000
6_6_6_2_3_3_4_2_2_2_4_3_5_8_4_5_3_6_5_4_3_4_4_1	-1	-1.000000000000000	-1.000000000000000	-1.000000000000000	-1.000000000000000	-654933.939692010404542	0.058000000000000
6_6_6_4_3_3_4_2_2_2_3_3_5_7_4_5_3_4_5_4_3_4_4_1	1	1093636.616462381323799	14243.118703275169537	2249252.382033284287900	1.033000000000000	-652539.693596233380958	0.040000000000000
6_6_6_3_3_3_4_2_2_2_3_3_5_8_4_5_3_5_5_4_3_4_4_1	1	1093218.491445613559335	14115.767242591664399	2210176.464251532685012	1.118000000000000	-657333.129177239141427	0.059000000000000
6_6_6_3_3_3_4_2_2_2_3_3_5_7_4_5_3_6_5_4_3_4_4_1	1	1093158.844506325433031	14199.435465335773188	2206435.371038429904729	1.025000000000000	-657153.434664525440894	0.059000000000000
6_6_6_4_3_3_4_2_2_2_2_3_5_8_4_5_3_5_5_4_3_4_4_1	-1	-1.000000000000000	-1.000000000000000	-1.000000000000000	-1.000000000000000	-654967.129941157530993	0.053000000000000
5_6_6_4_3_3_4_2_2_2_3_3_5_8_4_5_3_5_5_4_3_4_4_1	-1	-1.000000000000000	-1.000000000000000	-1.000000000000000	-1.000000000000000	-653027.382418726454489	0.047000000000000
6_5_6_4_3_3_4_2_2_2_3_3_5_8_4_5_3_5_5_4_3_4_4_1	-1	-1.000000000000000	-1.000000000000000	-1.000000000000000	-1.000000000000000	-658736.974306337418966	0.045000000000000
6_6_6_3_3_4_4_2_2_2_3_3_5_8_4_5_3_5_5_4_3_4_4_1	-1	-1.000000000000000	-1.000000000000000	-1.000000000000000	-1.000000000000000	-657336.120636928826571	0.057000000000000
8_5_6_3_3_3_4_2_2_2_3_3_6_6_4_5_3_5_5_4_3_4_5_1	-1	-1.000000000000000	-1.000000000000000	-1.000000000000000	-1.000000000000000	-656558.489869852433912	0.047000000000000
6_6_6_3_3_3_4_2_2_2_3_3_5_8_4_5_3_5_5_4_3_5_4_1	-1	-1.000000000000000	-1.000000000000000	-1.000000000000000	-1.000000000000000	-657274.132590471301228	0.060000000000000
6_6_6_3_3_3_4_2_3_2_3_3_5_8_4_5_3_5_5_4_3_4_4_1	-1	-1.000000000000000	-1.000000000000000	-1.000000000000000	-1.000000000000000	-657333.129177239141427	0.058000000000000
6_6_6_3_3_3_4_2_2_2_3_3_5_8_5_5_3_5_5_4_3_4_4_1	-1	-1.000000000000000	-1.000000000000000	-1.000000000000000	-1.000000000000000	-657278.826229932368733	0.053000000000000
6_6_6_3_3_3_5_2_2_2_3_3_5_8_4_5_3_5_5_4_3_4_4_1	-1	-1.000000000000000	-1.000000000000000	-1.000000000000000	-1.000000000000000	-657428.936944554792717	0.054000000000000
6_6_6_3_3_3_4_2_2_2_4_3_5_8_4_5_3_5_5_4_3_4_4_1	-1	-1.000000000000000	-1.000000000000000	-1.000000000000000	-1.000000000000000	-660556.376799433608539	0.050000000000000
6_6_6_3_3_3_4_2_2_2_3_4_5_8_4_5_3_5_5_4_3_4_4_1	-1	-1.000000000000000	-1.000000000000000	-1.000000000000000	-1.000000000000000	-657333.129177239141427	0.047000000000000
8_6_6_3_3_3_4_2_2_2_3_3_6_6_4_5_3_5_5_4_3_4_4_1	-1	-1.000000000000000	-1.000000000000000	-1.000000000000000	-1.000000000000000	-660881.537246144609526	0.044000000000000
6_6_6_3_4_3_4_2_2_2_3_3_5_8_4_5_3_5_5_4_3_4_4_1	-1	-1.000000000000000	-1.000000000000000	-1.000000000000000	-1.000000000000000	-657349.701116913929582	0.045000000000000
8_5_7_2_3_3_4_3_2_2_3_3_6_6_4_5_3_5_5_4_3_4_4_1	-1	-1.000000000000000	-1.000000000000000	-1.000000000000000	-1.000000000000000	-657379.225426623481326	0.041000000000000
6_6_6_3_3_3_4_2_2_2_3_3_5_8_4_5_3_5_5_5_3_4_4_1	-1	-1.000000000000000	-1.000000000000000	-1.000000000000000	-1.000000000000000	-658903.597984605468810	0.047000000000000
6_6_6_3_3_3_4_2_2_2_3_3_5_8_4_5_3_5_5_4_3_4_4_2	-1	-1.000000000000000	-1.000000000000000	-1.000000000000000	-1.000000000000000	-659820.967032463056967	0.046000000000000
6_6_6_3_3_3_4_2_2_2_3_3_5_8_4_5_3_5_5_4_3_4_5_1	-1	-1.000000000000000	-1.000000000000000	-1.000000000000000	-1.000000000000000	-657169.488744223723188	0.044000000000000
6_7_6_3_3_3_4_2_2_2_3_3_5_8_4_5_3_5_5_4_3_4_4_1	-1	-1.000000000000000	-1.000000000000000	-1.000000000000000	-1.000000000000000	-659092.503324544872157	0.043000000000000
6_6_6_3_3_3_4_2_2_2_3_3_6_8_4_5_3_5_5_4_3_4_4_1	1	1093185.853565601864830	14146.571510932164529	2171000.899253451731056	1.189000000000000	-661235.063433665898629	0.044000000000000
6_6_6_3_3_3_4_2_2_2_3_3_5_9_4_5_3_5_5_4_3_4_4_1	-1	-1.000000000000000	-1.000000000000000	-1.000000000000000	-1.000000000000000	-660922.149745724513195	0.044000000000000
5_6_6_3_3_3_4_2_2_2_3_3_5_8_4_5_3_5_5_4_3_4_4_1	-1	-1.000000000000000	-1.000000000000000	-1.000000000000000	-1.000000000000000	-646294.894843481131829	0.041000000000000
6_6_6_2_3_3_4_2_2_2_3_3_5_8_4_5_3_5_5_4_3_4_4_1	-1	-1.000000000000000	-1.000000000000000	-1.000000000000000	-1.000000000000000	-647019.611374916625209	0.042000000000000
6_6_6_3_3_3_4_2_2_2_3_3_6_8_4_5_3_4_5_4_3_4_4_1	1	1093498.319675399921834	14156.251509734425781	2209271.876245660241693	1.356000000000000	-652572.942092839046381	0.110000000000000
6_6_6_3_3_3_4_2_2_2_2_3_5_8_4_5_3_6_5_4_3_4_4_1	1	1092923.483742246869951	14111.614120371992612	2193637.121312923729420	1.290000000000000	-651318.955992084578611	0.060000000000000
6_6_5_3_3_3_4_2_2_2_3_3_5_8_4_5_3_6_5_4_3_4_4_1	-1	-1.000000000000000	-1.000000000000000	-1.000000000000000	-1.000000000000000	-650939.007402073475532	0.063000000000000
5_6_6_3_3_3_4_2_2_2_3_3_5_8_4_5_3_6_5_4_3_4_4_1	-1	-1.000000000000000	-1.000000000000000	-1.000000000000000	-1.000000000000000	-649957.302191448630765	0.070000000000000
6_6_6_2_3_3_4_2_2_2_3_3_5_8_4_5_3_6_5_4_3_4_4_1	1	1092150.768003388773650	14080.831729562982218	2221757.938255050219595	1.199000000000000	-651548.031204262631945	0.052000000000000
6_6_6_2_3_3_4_2_2_2_3_3_5_9_4_5_3_6_5_4_3_4_4_1	-1	-1.000000000000000	-1.000000000000000	-1.000000000000000	-1.000000000000000	-655222.808333159191534	0.052000000000000
6_5_6_3_4_3_4_2_2_2_3_3_5_8_4_5_3_6_5_4_3_4_4_1	-1	-1.000000000000000	-1.000000000000000	-1.000000000000000	-1.000000000000000	-655802.467372089275159	0.046000000000000
6_6_6_2_3_3_4_2_2_2_3_3_5_8_4_5_3_6_5_5_3_4_4_1	-1	-1.000000000000000	-1.000000000000000	-1.000000000000000	-1.000000000000000	-653442.240264244843274	0.051000000000000
8_5_6_2_3_3_4_2_2_2_3_3_6_7_4_5_3_5_5_5_3_4_4_1	-1	-1.000000000000000	-1.000000000000000	-1.000000000000000	-1.000000000000000	-657957.706267954781651	0.053000000000000
6_6_6_2_3_3_4_2_2_2_3_3_5_8_4_6_3_6_5_4_3_4_4_1	-1	-1.000000000000000	-1.000000000000000	-1.000000000000000	-1.000000000000000	-651549.022146487375721	0.049000000000000
6_6_7_2_3_3_4_2_2_2_3_3_5_8_4_5_3_6_5_4_3_4_4_1	-1	-1.000000000000000	-1.000000000000000	-1.000000000000000	-1.000000000000000	-658086.781247209291905	0.046000000000000
6_5_7_3_3_3_4_2_2_2_3_3_6_6_4_5_3_5_5_4_3_4_4_1	1	1095350.140135729918256	14305.439944161891617	2231571.332732184790075	1.066000000000000	-650615.332389672170393	0.041000000000000
6_6_6_2_3_3_4_2_3_2_3_3_5_8_4_5_3_6_5_4_3_4_4_1	-1	-1.000000000000000	-1.000000000000000	-1.000000000000000	-1.000000000000000	-651548.031204262631945	0.046000000000000
6_6_6_2_3_3_4_2_2_2_3_3_5_8_4_5_3_6_5_4_3_4_4_2	-1	-1.000000000000000	-1.000000000000000	-1.000000000000000	-1.000000000000000	-654266.394450710969977	0.048000000000000
6_6_8_4_3_3_4_2_2_2_3_3_5_6_4_5_3_5_5_4_3_4_4_1	-1	-1.000000000000000	-1.000000000000000	-1.000000000000000	-1.000000000000000	-666250.987577250809409	0.045000000000000
6_6_6_2_3_3_4_2_2_2_3_3_5_8_4_5_3_6_5_4_3_5_4_1	-1	-1.000000000000000	-1.000000000000000	-1.000000000000000	-1.000000000000000	-651973.173776881420054	0.045000000000000
6_6_6_2_3_3_4_2_2_2_3_3_5_8_4_5_3_6_5_4_3_4_5_1	-1	-1.000000000000000	-1.000000000000000	-1.000000000000000	-1.000000000000000	-651643.485564365866594	0.045000000000000
6_7_6_2_3_3_4_2_2_2_3_3_5_8_4_5_3_6_5_4_3_4_4_1	-1	-1.000000000000000	-1.000000000000000	-1.000000000000000	-1.000000000000000	-655814.215475682984106	0.045000000000000
6_6_6_2_3_3_4_2_2_3_3_3_5_8_4_5_3_6_5_4_3_4_4_1	-1	-1.000000000000000	-1.000000000000000	-1.000000000000000	-1.000000000000000	-651548.031204262631945	0.044000000000000
8_5_6_2_3_3_4_2_2_2_3_3_5_7_4_5_3_6_5_4_3_5_4_1	-1	-1.000000000000000	-1.000000000000000	-1.000000000000000	-1.000000000000000	-656417.916997495340183	0.045000000000000
5_6_6_2_3_3_4_2_2_2_3_3_5_8_4_5_3_6_5_4_3_4_4_1	-1	-1.000000000000000	-1.000000000000000	-1.000000000000000	-1.000000000000000	-639808.110004030633718	0.045000000000000
6_6_6_2_3_3_4_2_2_2_3_3_5_7_4_5_3_6_5_4_3_4_4_1	-1	-1.000000000000000	-1.000000000000000	-1.000000000000000	-1.000000000000000	-647512.236140838591382	0.048000000000000
6_5_6_2_3_3_4_2_2_2_3_3_5_8_4_5_3_6_5_4_3_4_4_1	1	1094847.578009742544964	13981.395572647757945	2273418.829601858276874	1.088000000000000	-644310.848716828390025	0.046000000000000
6_5_6_2_3_3_4_2_2_2_3_3_6_8_4_5_3_6_5_4_3_4_4_1	1	1094803.305063286563382	13981.395572647757945	2233983.423414339311421	1.019000000000000	-648550.465376445325091	0.060000000000000
7_6_6_2_3_3_4_2_2_2_3_3_5_7_4_5_3_6_5_4_3_4_4_1	-1	-1.000000000000000	-1.000000000000000	-1.000000000000000	-1.000000000000000	-655367.865807188209146	0.060000000000000
7_6_6_2_3_3_4_2_2_2_2_3_5_8_4_5_3_6_5_4_3_4_4_1	-1	-1.000000000000000	-1.000000000000000	-1.000000000000000	-1.000000000000000	-649664.734247373533435	0.048000000000000
7_5_6_2_3_3_4_2_2_2_3_3_5_8_4_5_3_6_6_4_3_4_4_1	-1	-1.000000000000000	-1.000000000000000	-1.000000000000000	-1.000000000000000	-655292.189606943982653	0.053000000000000
8_5_6_3_3_3_4_2_2_2_3_4_6_6_4_5_3_5_5_4_3_4_4_1	-1	-1.000000000000000	-1.000000000000000	-1.000000000000000	-1.000000000000000	-657569.011183471884578	0.047000000000000
7_5_6_2_3_3_4_2_2_2_3_3_6_8_4_5_3_6_5_4_3_4_4_1	-1	-1.000000000000000	-1.000000000000000	-1.000000000000000	-1.000000000000000	-659731.348321862285957	0.050000000000000
7_5_7_2_3_3_4_2_2_2_3_3_5_8_4_5_3_6_5_4_3_4_4_1	1	1098347.110883722081780	14052.958754815932480	2200485.063178806100041	1.520000000000000	-660102.093502177391201	0.051000000000000
7_5_6_2_3_3_4_2_2_2_3_3_5_8_4_6_3_6_5_4_3_4_4_1	-1	-1.000000000000000	-1.000000000000000	-1.000000000000000	-1.000000000000000	-655231.996180078596808	0.047000000000000
7_5_6_2_3_3_4_3_2_2_3_3_5_8_4_5_3_6_5_4_3_4_4_1	-1	-1.000000000000000	-1.000000000000000	-1.000000000000000	-1.000000000000000	-656195.188531381892972	0.045000000000000
6_5_6_3_3_3_4_2_2_2_3_3_5_8_5_5_3_6_5_4_3_4_4_1	-1	-1.000000000000000	-1.000000000000000	-1.000000000000000	-1.000000000000000	-655767.786952890688553	0.046000000000000
7_5_6_2_3_3_4_2_2_3_3_3_5_8_4_5_3_6_5_4_3_4_4_1	-1	-1.000000000000000	-1.000000000000000	-1.000000000000000	-1.000000000000000	-655232.069414074067026	0.046000000000000
7_5_6_2_3_3_4_2_2_2_3_3_5_8_4_5_3_6_5_4_3_5_4_1	-1	-1.000000000000000	-1.000000000000000	-1.000000000000000	-1.000000000000000	-655869.015272828051820	0.047000000000000
7_5_6_2_3_3_4_2_2_2_3_3_5_8_5_5_3_6_5_4_3_4_4_1	-1	-1.000000000000000	-1.000000000000000	-1.000000000000000	-1.000000000000000	-655176.591589063056745	0.047000000000000
7_5_6_2_3_3_4_2_2_2_4_3_5_8_4_5_3_6_5_4_3_4_4_1	-1	-1.000000000000000	-1.000000000000000	-1.000000000000000	-1.000000000000000	-658797.027816428570077	0.047000000000000
7_5_6_2_3_3_4_2_2_2_3_3_5_8_4_5_3_6_5_4_3_4_4_2	-1	-1.000000000000000	-1.000000000000000	-1.000000000000000	-1.000000000000000	-657100.431216337718070	0.045000000000000
7_5_6_2_4_3_4_2_2_2_3_3_5_8_4_5_3_6_5_4_3_4_4_1	-1	-1.000000000000000	-1.000000000000000	-1.000000000000000	-1.000000000000000	-655300.977653756272048	0.045000000000000
7_5_6_2_3_3_4_2_2_2_3_3_5_8_4_5_3_6_5_4_3_4_5_1	-1	-1.000000000000000	-1.000000000000000	-1.000000000000000	-1.000000000000000	-655501.302530626533553	0.045000000000000
7_5_6_2_3_3_4_2_2_2_3_4_5_8_4_5_3_6_5_4_3_4_4_1	-1	-1.000000000000000	-1.000000000000000	-1.000000000000000	-1.000000000000000	-655232.069414074067026	0.044000000000000
7_5_6_2_3_3_4_2_2_2_3_3_5_8_4_5_3_6_5_5_3_4_4_1	-1	-1.000000000000000	-1.000000000000000	-1.000000000000000	-1.000000000000000	-656557.890719138202257	0.044000000000000
8_5_6_2_3_3_4_2_2_2_3_3_5_7_4_5_3_6_5_4_3_4_4_1	1	1102442.498031749855727	14137.255280120036332	2251673.702475127298385	0.351000000000000	-656158.589977670228109	0.061000000000000
7_5_7_2_3_3_4_2_2_2_3_3_5_7_4_5_3_6_5_4_3_4_4_1	1	1098549.763763891998678	14134.309733449055784	2225297.011617598123848	1.482000000000000	-655246.649588352418505	0.063000000000000
8_5_5_2_3_3_4_2_2_2_3_3_5_8_4_5_3_6_5_4_3_4_4_1	1	1103828.045718511333689	15008.936125051910494	2283200.854166692122817	0.543000000000000	-650431.988692661165260	0.056000000000000
8_5_6_2_3_3_4_2_2_2_3_3_5_7_4_5_3_6_5_5_3_4_4_1	-1	-1.000000000000000	-1.000000000000000	-1.000000000000000	-1.000000000000000	-656996.937425873591565	0.043000000000000
8_5_6_2_3_3_5_2_2_2_3_3_5_7_4_5_3_6_5_4_3_4_4_1	-1	-1.000000000000000	-1.000000000000000	-1.000000000000000	-1.000000000000000	-656403.240629840875044	0.043000000000000
8_5_6_2_3_3_4_2_2_2_3_3_5_7_4_5_3_6_5_4_3_4_5_1	-1	-1.000000000000000	-1.000000000000000	-1.000000000000000	-1.000000000000000	-656123.730144522967748	0.047000000000000
8_5_6_2_3_3_4_2_2_2_3_3_5_7_5_5_3_6_5_4_3_4_4_1	-1	-1.000000000000000	-1.000000000000000	-1.000000000000000	-1.000000000000000	-656134.028957423171960	0.043000000000000
8_5_6_3_3_3_4_2_2_2_3_3_5_7_4_5_3_6_5_4_3_4_4_1	-1	-1.000000000000000	-1.000000000000000	-1.000000000000000	-1.000000000000000	-664875.196548493229784	0.042000000000000
8_5_7_2_3_3_4_2_2_2_3_3_5_7_4_5_3_6_5_4_3_4_4_1	1	1103430.960044873412699	14381.860168271779912	2203857.456053332891315	0.632000000000000	-661687.571451176889241	0.042000000000000
8_5_6_2_3_3_4_2_2_2_3_3_5_7_4_6_3_6_5_4_3_4_4_1	-1	-1.000000000000000	-1.000000000000000	-1.000000000000000	-1.000000000000000	-656158.516994676901959	0.042000000000000
8_5_6_2_4_3_4_2_2_2_3_3_5_7_4_5_3_6_5_4_3_4_4_1	-1	-1.000000000000000	-1.000000000000000	-1.000000000000000	-1.000000000000000	-656213.248392371344380	0.041000000000000
7_5_7_3_3_3_4_2_2_2_3_3_6_6_4_5_3_5_5_4_3_4_5_1	-1	-1.000000000000000	-1.000000000000000	-1.000000000000000	-1.000000000000000	-658999.211327396682464	0.046000000000000
8_5_6_2_3_3_4_2_2_2_3_3_6_7_4_5_3_6_5_4_3_4_4_1	1	1100970.374761727871373	13769.946221418464120	2215602.138047197367996	0.164000000000000	-662031.080516422982328	0.042000000000000
8_5_6_2_3_3_4_2_2_2_3_3_5_6_4_5_3_6_5_4_3_4_4_1	1	1102662.479751875856891	14225.529526804359193	2283180.790039515122771	0.337000000000000	-649047.150062695611268	0.041000000000000
8_5_7_2_3_3_4_2_2_2_3_3_5_7_4_5_3_5_5_4_3_4_4_1	1	1103687.251396023202688	14353.682249590898209	2232151.860254484694451	0.648000000000000	-656154.805133332614787	0.060000000000000
8_5_7_2_3_3_4_2_2_2_3_3_5_6_4_5_3_6_5_4_3_4_4_1	1	1103650.861093648476526	14469.271039225446657	2235292.969691035337746	0.666000000000000	-654450.912141188629903	0.058000000000000
8_5_6_2_3_3_4_2_2_2_2_3_6_7_4_5_3_6_5_4_3_4_4_1	-1	-1.000000000000000	-1.000000000000000	-1.000000000000000	-1.000000000000000	-650336.180536965257488	0.055000000000000
8_5_6_2_3_3_4_2_2_2_3_3_6_6_4_5_3_6_5_4_3_4_4_1	1	1102621.893282476114109	14225.529526804359193	2243203.701503076124936	0.302000000000000	-654857.680391052737832	0.052000000000000
8_5_6_2_3_3_4_2_3_2_3_3_6_7_4_5_3_5_5_4_3_4_4_1	-1	-1.000000000000000	-1.000000000000000	-1.000000000000000	-1.000000000000000	-656836.369627860258333	0.042000000000000
8_5_6_2_3_3_4_2_2_2_3_3_6_7_4_5_3_5_5_4_4_4_4_1	-1	-1.000000000000000	-1.000000000000000	-1.000000000000000	-1.000000000000000	-657588.371668836218305	0.041000000000000
8_5_7_2_3_3_4_2_2_2_3_3_6_7_4_5_3_5_5_4_3_4_4_1	1	1103651.498321295483038	14353.682249590898209	2192415.176054963376373	0.617000000000000	-663289.789061904069968	0.041000000000000
8_5_6_2_3_3_4_3_2_2_3_3_6_7_4_5_3_5_5_4_3_4_4_1	-1	-1.000000000000000	-1.000000000000000	-1.000000000000000	-1.000000000000000	-658044.681326680583879	0.040000000000000
8_5_6_2_3_3_5_2_2_2_3_3_6_7_4_5_3_5_5_4_3_4_4_1	-1	-1.000000000000000	-1.000000000000000	-1.000000000000000	-1.000000000000000	-657081.698810230009258	0.041000000000000
8_5_6_2_3_3_4_2_2_2_3_3_7_7_4_5_3_5_5_4_3_4_4_1	-1	-1.000000000000000	-1.000000000000000	-1.000000000000000	-1.000000000000000	-658328.215365568059497	0.041000000000000
8_5_6_2_3_3_4_2_2_2_3_3_6_7_4_5_3_5_5_4_3_4_5_1	-1	-1.000000000000000	-1.000000000000000	-1.000000000000000	-1.000000000000000	-656795.668607287225313	0.040000000000000
8_6_6_2_3_3_4_2_2_2_3_3_6_7_4_5_3_5_5_4_3_4_4_1	-1	-1.000000000000000	-1.000000000000000	-1.000000000000000	-1.000000000000000	-661723.752541639609262	0.039000000000000
8_5_6_2_3_3_4_2_2_2_3_3_6_7_4_5_3_5_5_4_3_4_4_2	-1	-1.000000000000000	-1.000000000000000	-1.000000000000000	-1.000000000000000	-658750.821192709961906	0.041000000000000
8_5_6_2_3_3_4_2_2_2_3_3_6_6_4_5_3_5_5_4_3_4_4_1	1	1102877.756548664066941	14260.465039833041374	2271432.680462433956563	0.326000000000000	-649575.229321970138699	0.039000000000000
8_5_5_2_3_3_4_2_2_2_3_3_6_7_4_5_3_5_5_4_3_4_4_1	-1	-1.000000000000000	-1.000000000000000	-1.000000000000000	-1.000000000000000	-645060.527223545010202	0.039000000000000
8_5_6_3_3_3_4_2_2_2_3_3_6_6_4_5_3_5_5_4_3_4_4_1	1	1101329.614694694988430	14225.488280835659680	2235655.237874894402921	0.215000000000000	-657569.011183471884578	0.059000000000000
8_5_5_3_3_3_4_2_2_2_3_3_6_7_4_5_3_5_5_4_3_4_4_1	-1	-1.000000000000000	-1.000000000000000	-1.000000000000000	-1.000000000000000	-652351.964655566611327	0.057000000000000
8_5_6_3_3_3_4_2_2_2_2_3_6_7_4_5_3_5_5_4_3_4_4_1	-1	-1.000000000000000	-1.000000000000000	-1.000000000000000	-1.000000000000000	-652841.359886189689860	0.049000000000000
8_5_6_3_3_3_4_2_2_2_3_3_6_6_4_5_3_6_5_4_3_4_4_1	-1	-1.000000000000000	-1.000000000000000	-1.000000000000000	-1.000000000000000	-662905.136637057410553	0.056000000000000
8_5_6_3_3_3_4_2_2_2_3_3_7_6_4_5_3_5_5_4_3_4_4_1	-1	-1.000000000000000	-1.000000000000000	-1.000000000000000	-1.000000000000000	-658754.471076133893803	0.051000000000000
8_5_6_3_3_3_4_2_2_2_3_3_6_6_5_5_3_5_5_4_3_4_4_1	-1	-1.000000000000000	-1.000000000000000	-1.000000000000000	-1.000000000000000	-657539.357904817210510	0.051000000000000
8_5_6_3_3_3_4_2_2_2_3_3_6_6_4_5_3_5_5_4_3_5_4_1	-1	-1.000000000000000	-1.000000000000000	-1.000000000000000	-1.000000000000000	-656404.949984187842347	0.045000000000000
8_5_6_3_4_3_4_2_2_2_3_3_6_6_4_5_3_5_5_4_3_4_4_1	-1	-1.000000000000000	-1.000000000000000	-1.000000000000000	-1.000000000000000	-657594.254977450706065	0.044000000000000
8_5_6_3_3_3_4_2_2_2_3_3_6_6_4_5_3_5_5_5_3_4_4_1	-1	-1.000000000000000	-1.000000000000000	-1.000000000000000	-1.000000000000000	-658810.537687266478315	0.044000000000000
8_5_6_3_3_3_4_2_2_3_3_3_6_6_4_5_3_5_5_4_3_4_4_1	-1	-1.000000000000000	-1.000000000000000	-1.000000000000000	-1.000000000000000	-657569.011183471884578	0.050000000000000
8_5_6_3_3_4_4_2_2_2_3_3_6_6_4_5_3_5_5_4_3_4_4_1	-1	-1.000000000000000	-1.000000000000000	-1.000000000000000	-1.000000000000000	-657585.055891189957038	0.045000000000000
8_5_7_2_3_3_4_2_2_2_3_3_6_6_4_5_3_5_5_4_3_4_5_1	-1	-1.000000000000000	-1.000000000000000	-1.000000000000000	-1.000000000000000	-655413.326883871341124	0.040000000000000
8_5_6_3_3_3_4_2_2_2_3_3_6_6_4_5_3_4_5_4_3_4_4_1	1	1104158.148305187933147	15207.462611309922067	2268460.778459600172937	0.359000000000000	-648971.365823791944422	0.044000000000000
8_5_6_3_3_3_4_2_2_2_2_3_6_6_4_5_3_5_5_4_3_4_4_1	-1	-1.000000000000000	-1.000000000000000	-1.000000000000000	-1.000000000000000	-645508.574860930675641	0.044000000000000
7_5_7_3_3_3_4_2_2_2_3_3_6_6_4_5_3_5_5_4_3_4_4_1	1	1099228.177307431120425	14307.277992002153042	2205215.510853334330022	1.562000000000000	-659464.834019526490010	0.062000000000000
7_5_7_3_3_3_5_2_2_2_3_3_6_6_4_5_3_5_5_4_3_4_4_1	-1	-1.000000000000000	-1.000000000000000	-1.000000000000000	-1.000000000000000	-659740.421063323388807	0.048000000000000
7_5_7_3_3_3_4_2_2_2_3_3_7_6_4_5_3_5_5_4_3_4_4_1	-1	-1.000000000000000	-1.000000000000000	-1.000000000000000	-1.000000000000000	-660259.256001692265272	0.047000000000000
7_5_7_3_3_3_4_2_2_2_3_3_6_6_4_5_3_5_6_4_3_4_4_1	-1	-1.000000000000000	-1.000000000000000	-1.000000000000000	-1.000000000000000	-659517.506888282252476	0.046000000000000
7_6_7_3_3_3_4_2_2_2_3_3_6_6_4_5_3_5_5_4_3_4_4_1	1	1096005.588927360950038	14241.574947335622710	2166125.549169348552823	1.190000000000000	-664858.319863625336438	0.047000000000000
7_5_7_3_3_3_4_2_2_2_3_3_6_6_4_5_3_5_5_4_4_4_4_1	-1	-1.000000000000000	-1.000000000000000	-1.000000000000000	-1.000000000000000	-660037.416855820221826	0.047000000000000
7_5_7_3_3_3_4_2_2_2_3_3_6_6_5_5_3_5_5_4_3_4_4_1	-1	-1.000000000000000	-1.000000000000000	-1.000000000000000	-1.000000000000000	-659439.922017015866004	0.045000000000000
7_5_7_3_3_3_4_2_2_2_4_3_6_6_4_5_3_5_5_4_3_4_4_1	-1	-1.000000000000000	-1.000000000000000	-1.000000000000000	-1.000000000000000	-663262.797301784506999	0.046000000000000
7_5_7_3_3_3_4_2_2_2_2_3_6_6_4_5_3_5_5_4_3_4_4_1	-1	-1.000000000000000	-1.000000000000000	-1.000000000000000	-1.000000000000000	-648495.526504040928558	0.043000000000000
7_5_7_3_3_3_4_2_2_2_3_3_6_5_4_5_3_5_5_4_3_4_4_1	-1	-1.000000000000000	-1.000000000000000	-1.000000000000000	-1.000000000000000	-650142.680134093272500	0.042000000000000
7_5_7_4_3_3_4_2_2_2_3_3_6_5_4_5_3_5_5_4_3_4_4_1	-1	-1.000000000000000	-1.000000000000000	-1.000000000000000	-1.000000000000000	-656140.397130830213428	0.075000000000000
7_5_7_4_3_3_4_2_2_2_3_3_6_6_4_5_3_4_5_4_3_4_4_1	-1	-1.000000000000000	-1.000000000000000	-1.000000000000000	-1.000000000000000	-656450.912152664386667	0.074000000000000
7_5_7_4_3_3_4_2_2_2_2_3_6_6_4_5_3_5_5_4_3_4_4_1	-1	-1.000000000000000	-1.000000000000000	-1.000000000000000	-1.000000000000000	-654450.662220711237751	0.057000000000000
6_5_7_4_3_3_4_2_2_2_3_3_5_6_4_5_3_6_5_4_3_4_4_1	1	1094868.510605962248519	14270.504431133209437	2218967.152307030279189	1.129000000000000	-659167.032509702956304	0.063000000000000
7_6_6_4_3_3_4_2_2_2_3_3_5_6_4_5_3_5_5_4_3_4_4_1	-1	-1.000000000000000	-1.000000000000000	-1.000000000000000	-1.000000000000000	-658475.532325610867701	0.069000000000000
7_6_7_4_3_3_4_2_2_2_3_3_5_5_4_5_3_5_5_4_3_4_4_1	1	1096009.081633402034640	14348.037491697665246	2224142.489990432746708	1.195000000000000	-657910.966323596425354	0.061000000000000
7_6_7_4_3_3_4_2_2_2_3_3_5_6_4_5_3_4_5_4_3_4_4_1	-1	-1.000000000000000	-1.000000000000000	-1.000000000000000	-1.000000000000000	-657452.271721370401792	0.051000000000000
6_6_7_4_3_3_4_2_2_2_3_3_5_6_4_5_3_5_5_4_3_5_4_1	-1	-1.000000000000000	-1.000000000000000	-1.000000000000000	-1.000000000000000	-660698.296020012814552	0.052000000000000
6_6_7_5_3_3_4_2_2_2_3_3_5_6_4_5_3_5_5_4_3_4_4_1	1	1093337.705362174659967	14398.350163577040803	2181569.143626597709954	0.830000000000000	-666298.756474898662418	0.045000000000000
6_6_7_4_3_4_4_2_2_2_3_3_5_6_4_5_3_5_5_4_3_4_4_1	-1	-1.000000000000000	-1.000000000000000	-1.000000000000000	-1.000000000000000	-661716.641036427114159	0.044000000000000
6_6_7_4_3_3_4_2_2_2_3_3_5_6_4_5_3_6_5_4_3_4_4_1	-1	-1.000000000000000	-1.000000000000000	-1.000000000000000	-1.000000000000000	-665728.229333197348751	0.042000000000000
6_6_7_4_3_3_4_2_2_2_3_3_5_6_4_5_3_5_5_5_3_4_4_1	-1	-1.000000000000000	-1.000000000000000	-1.000000000000000	-1.000000000000000	-662748.286096601746976	0.043000000000000
6_6_7_4_3_3_4_2_2_2_2_3_5_6_4_5_3_5_5_4_3_4_4_1	-1	-1.000000000000000	-1.000000000000000	-1.000000000000000	-1.000000000000000	-651664.934743755846284	0.041000000000000
5_6_7_4_3_3_4_2_2_2_3_3_5_6_4_5_3_5_5_4_3_4_4_1	-1	-1.000000000000000	-1.000000000000000	-1.000000000000000	-1.000000000000000	-650831.236821128288284	0.041000000000000
6_6_7_4_3_3_4_2_2_2_3_3_5_6_4_5_3_4_5_4_3_4_4_1	1	1093809.318339514080435	14382.950515143791563	2236337.239137203432620	0.944000000000000	-652784.319639545632526	0.041000000000000
6_6_6_5_3_3_4_2_2_2_3_3_5_6_4_5_3_5_5_4_3_4_4_1	1	1093988.917046682909131	14955.557960656300565	2224054.894604206085205	1.003000000000000	-657317.909078955766745	0.060000000000000
6_5_6_3_3_3_4_2_2_2_3_3_6_8_4_5_3_6_5_4_3_4_4_1	-1	-1.000000000000000	-1.000000000000000	-1.000000000000000	-1.000000000000000	-658747.572896880796179	0.050000000000000
6_5_6_3_3_4_4_2_2_2_3_3_5_8_4_5_3_6_5_4_3_4_4_1	-1	-1.000000000000000	-1.000000000000000	-1.000000000000000	-1.000000000000000	-655788.536906018038280	0.044000000000000
6_5_6_3_3_3_4_2_2_2_3_4_5_8_4_5_3_6_5_4_3_4_4_1	-1	-1.000000000000000	-1.000000000000000	-1.000000000000000	-1.000000000000000	-655781.071277881623246	0.045000000000000
6_5_6_3_3_3_4_2_2_2_3_3_5_8_4_5_4_6_5_4_3_4_4_1	-1	-1.000000000000000	-1.000000000000000	-1.000000000000000	-1.000000000000000	-655781.071277881623246	0.063000000000000
6_5_6_3_3_3_4_2_2_3_3_3_5_8_4_5_3_6_5_4_3_4_4_1	-1	-1.000000000000000	-1.000000000000000	-1.000000000000000	-1.000000000000000	-655781.071277881623246	0.058000000000000
6_5_6_3_3_3_4_2_2_2_3_3_5_8_4_5_3_6_5_4_3_5_4_1	-1	-1.000000000000000	-1.000000000000000	-1.000000000000000	-1.000000000000000	-655339.663950902177021	0.063000000000000
6_5_6_3_3_3_4_2_2_2_3_3_5_8_4_5_3_7_5_4_3_4_4_1	-1	-1.000000000000000	-1.000000000000000	-1.000000000000000	-1.000000000000000	-657372.307190493796952	0.043000000000000
6_5_6_3_3_3_4_2_2_2_3_3_5_7_4_5_3_6_5_4_3_4_4_1	-1	-1.000000000000000	-1.000000000000000	-1.000000000000000	-1.000000000000000	-651901.372567538870499	0.042000000000000
6_5_5_3_3_3_4_2_2_2_3_3_5_8_4_5_3_6_5_4_3_4_4_1	1	1095676.067014018539339	15069.708614552546351	2291166.348274020478129	0.999000000000000	-645231.108026963542216	0.042000000000000
7_5_6_3_3_3_4_2_2_2_2_3_5_8_4_5_3_6_5_4_3_4_4_1	1	1098798.911420759977773	14578.797354537338833	2217606.368671287782490	1.423000000000000	-654556.908349821227603	0.059000000000000
6_5_6_3_3_3_4_2_2_2_2_3_5_9_4_5_3_6_5_4_3_4_4_1	1	1094473.212983661098406	14122.956044825110439	2224469.597603203728795	0.982000000000000	-649311.508884663926437	0.057000000000000
7_5_6_3_3_3_4_2_2_2_3_3_5_7_4_5_3_6_5_4_3_4_4_1	-1	-1.000000000000000	-1.000000000000000	-1.000000000000000	-1.000000000000000	-660712.564413393847644	0.064000000000000
7_5_7_2_3_3_4_2_2_2_2_3_5_8_4_5_3_6_5_4_3_4_4_1	1	1098306.119705309160054	14052.936877284439106	2212197.690689563285559	1.424000000000000	-649684.089904762571678	0.056000000000000
8_6_6_2_3_3_4_2_2_2_3_3_6_6_4_5_3_5_5_4_3_4_4_1	1	1098791.916197698097676	14068.692546264133853	2230016.312673335894942	0.933000000000000	-654353.077489965595305	0.046000000000000
7_5_7_2_3_3_4_2_2_2_3_3_6_7_4_5_3_5_5_4_3_4_4_1	-1	-1.000000000000000	-1.000000000000000	-1.000000000000000	-1.000000000000000	-656048.419363223249093	0.060000000000000
8_5_7_2_3_3_4_2_2_2_2_3_6_7_4_5_3_5_5_4_3_4_4_1	-1	-1.000000000000000	-1.000000000000000	-1.000000000000000	-1.000000000000000	-651341.410047210403718	0.051000000000000
8_5_7_2_3_4_4_2_2_2_3_3_6_6_4_5_3_5_5_4_3_4_4_1	-1	-1.000000000000000	-1.000000000000000	-1.000000000000000	-1.000000000000000	-655806.456766867311671	0.041000000000000
8_5_7_2_3_3_4_2_2_2_3_3_6_6_4_6_3_5_5_4_3_4_4_1	-1	-1.000000000000000	-1.000000000000000	-1.000000000000000	-1.000000000000000	-655786.292361413943581	0.041000000000000
8_5_7_2_4_3_4_2_2_2_3_3_6_6_4_5_3_5_5_4_3_4_4_1	-1	-1.000000000000000	-1.000000000000000	-1.000000000000000	-1.000000000000000	-655813.570707368548028	0.040000000000000
8_5_7_2_3_3_4_2_2_2_3_3_7_6_4_5_3_5_5_4_3_4_4_1	-1	-1.000000000000000	-1.000000000000000	-1.000000000000000	-1.000000000000000	-658319.572163883945905	0.040000000000000
6_6_7_5_3_3_4_2_2_2_3_3_5_6_4_5_3_4_5_4_3_4_4_1	1	1093645.945157185196877	14438.834430719802185	2219858.926775354892015	0.835000000000000	-656975.436339084175415	0.050000000000000
6_5_5_3_3_3_4_2_2_2_3_3_5_9_4_5_3_6_5_4_3_4_4_1	1	1095449.903893797891214	14973.628057778452785	2270995.112847918644547	0.907000000000000	-648501.385004083276726	0.044000000000000
