ID	Type	Line	Tail	Head	Time
0	0	0	191	123	2
1	0	0	123	196	1
2	0	0	196	154	1
3	0	0	154	148	1
4	0	0	148	202	1
5	0	0	202	187	1
6	0	0	187	181	1
7	0	0	181	138	1
8	0	0	138	149	1
9	0	0	149	193	3
10	0	0	193	194	3
11	0	0	194	195	2
12	0	0	195	131	3
13	0	0	131	165	1
14	0	0	165	169	2
15	0	0	169	192	2
16	0	0	192	171	1
17	0	0	171	174	1
18	0	0	174	133	2
19	0	0	133	172	2
20	0	0	172	168	1
21	0	0	168	197	19
22	0	0	197	221	2
23	0	0	221	198	1
24	0	0	198	199	1
25	0	0	199	163	1
26	0	0	163	217	3
27	0	0	217	180	1
28	0	0	180	156	2
29	0	0	156	165	2
30	0	0	165	131	1
31	0	0	131	186	2
32	0	0	186	177	1
33	0	0	177	193	3
34	0	0	194	167	1
35	0	0	167	190	3
36	0	0	190	151	2
37	0	0	151	142	3
38	0	0	142	124	1
39	0	0	124	204	1
40	0	0	204	219	1
41	0	0	219	211	1
42	0	0	211	132	1
43	0	0	132	146	1
44	0	0	146	210	2
45	0	0	210	142	2
46	0	0	142	151	2
47	0	0	151	190	1
48	0	0	190	167	2
49	0	0	167	193	2
50	0	0	192	173	1
51	0	0	173	189	2
52	0	0	189	209	1
53	0	0	209	139	3
54	0	0	139	161	1
55	0	0	161	129	2
56	0	0	129	143	1
57	0	0	143	127	1
58	0	0	127	201	3
59	0	0	201	191	2
60	1	0	0	121	0
61	1	0	1	122	0
62	1	0	2	123	0
63	1	0	3	124	0
64	1	0	4	125	0
65	1	0	5	126	0
66	1	0	6	127	0
67	1	0	7	128	0
68	1	0	8	129	0
69	1	0	9	130	0
70	1	0	10	131	0
71	1	0	11	132	0
72	1	0	12	133	0
73	1	0	13	134	0
74	1	0	14	135	0
75	1	0	15	136	0
76	1	0	16	137	0
77	1	0	17	138	0
78	1	0	18	139	0
79	1	0	19	140	0
80	1	0	20	141	0
81	1	0	21	142	0
82	1	0	22	143	0
83	1	0	23	144	0
84	1	0	24	145	0
85	1	0	25	146	0
86	1	0	26	147	0
87	1	0	27	148	0
88	1	0	28	149	0
89	1	0	29	150	0
90	1	0	30	151	0
91	1	0	31	152	0
92	1	0	32	153	0
93	1	0	33	154	0
94	1	0	34	155	0
95	1	0	35	156	0
96	1	0	36	157	0
97	1	0	37	158	0
98	1	0	38	159	0
99	1	0	39	160	0
100	1	0	40	161	0
101	1	0	41	162	0
102	1	0	42	163	0
103	1	0	43	164	0
104	1	0	44	165	0
105	1	0	45	166	0
106	1	0	46	167	0
107	1	0	47	168	0
108	1	0	48	169	0
109	1	0	49	170	0
110	1	0	50	171	0
111	1	0	51	172	0
112	1	0	52	173	0
113	1	0	53	174	0
114	1	0	54	175	0
115	1	0	55	176	0
116	1	0	56	177	0
117	1	0	57	178	0
118	1	0	58	179	0
119	1	0	59	180	0
120	1	0	60	181	0
121	1	0	61	182	0
122	1	0	62	183	0
123	1	0	63	184	0
124	1	0	64	185	0
125	1	0	65	186	0
126	1	0	66	187	0
127	1	0	67	188	0
128	1	0	68	189	0
129	1	0	69	190	0
130	1	0	70	191	0
131	1	0	71	192	0
132	1	0	72	193	0
133	1	0	73	194	0
134	1	0	74	195	0
135	1	0	75	196	0
136	1	0	76	197	0
137	1	0	77	198	0
138	1	0	78	199	0
139	1	0	79	200	0
140	1	0	80	201	0
141	1	0	81	202	0
142	1	0	82	203	0
143	1	0	83	204	0
144	1	0	84	205	0
145	1	0	85	206	0
146	1	0	86	207	0
147	1	0	87	208	0
148	1	0	88	209	0
149	1	0	89	210	0
150	1	0	90	211	0
151	1	0	91	212	0
152	1	0	92	213	0
153	1	0	93	214	0
154	1	0	94	215	0
155	1	0	95	216	0
156	1	0	96	217	0
157	1	0	97	218	0
158	1	0	98	219	0
159	1	0	99	220	0
160	1	0	100	221	0
161	1	0	101	222	0
162	1	0	102	223	0
163	1	0	103	224	0
164	1	0	104	225	0
165	1	0	105	226	0
166	1	0	106	227	0
167	1	0	107	228	0
168	1	0	108	229	0
169	1	0	109	230	0
170	1	0	110	231	0
171	1	0	111	232	0
172	1	0	112	233	0
173	1	0	113	234	0
174	1	0	114	235	0
175	1	0	115	236	0
176	1	0	116	237	0
177	1	0	117	238	0
178	1	0	118	239	0
179	1	0	119	240	0
180	1	0	120	241	0
181	2	0	121	0	0
182	2	0	122	1	0
183	2	0	123	2	0
184	2	0	124	3	0
185	2	0	125	4	0
186	2	0	126	5	0
187	2	0	127	6	0
188	2	0	128	7	0
189	2	0	129	8	0
190	2	0	130	9	0
191	2	0	131	10	0
192	2	0	132	11	0
193	2	0	133	12	0
194	2	0	134	13	0
195	2	0	135	14	0
196	2	0	136	15	0
197	2	0	137	16	0
198	2	0	138	17	0
199	2	0	139	18	0
200	2	0	140	19	0
201	2	0	141	20	0
202	2	0	142	21	0
203	2	0	143	22	0
204	2	0	144	23	0
205	2	0	145	24	0
206	2	0	146	25	0
207	2	0	147	26	0
208	2	0	148	27	0
209	2	0	149	28	0
210	2	0	150	29	0
211	2	0	151	30	0
212	2	0	152	31	0
213	2	0	153	32	0
214	2	0	154	33	0
215	2	0	155	34	0
216	2	0	156	35	0
217	2	0	157	36	0
218	2	0	158	37	0
219	2	0	159	38	0
220	2	0	160	39	0
221	2	0	161	40	0
222	2	0	162	41	0
223	2	0	163	42	0
224	2	0	164	43	0
225	2	0	165	44	0
226	2	0	166	45	0
227	2	0	167	46	0
228	2	0	168	47	0
229	2	0	169	48	0
230	2	0	170	49	0
231	2	0	171	50	0
232	2	0	172	51	0
233	2	0	173	52	0
234	2	0	174	53	0
235	2	0	175	54	0
236	2	0	176	55	0
237	2	0	177	56	0
238	2	0	178	57	0
239	2	0	179	58	0
240	2	0	180	59	0
241	2	0	181	60	0
242	2	0	182	61	0
243	2	0	183	62	0
244	2	0	184	63	0
245	2	0	185	64	0
246	2	0	186	65	0
247	2	0	187	66	0
248	2	0	188	67	0
249	2	0	189	68	0
250	2	0	190	69	0
251	2	0	191	70	0
252	2	0	192	71	0
253	2	0	193	72	0
254	2	0	194	73	0
255	2	0	195	74	0
256	2	0	196	75	0
257	2	0	197	76	0
258	2	0	198	77	0
259	2	0	199	78	0
260	2	0	200	79	0
261	2	0	201	80	0
262	2	0	202	81	0
263	2	0	203	82	0
264	2	0	204	83	0
265	2	0	205	84	0
266	2	0	206	85	0
267	2	0	207	86	0
268	2	0	208	87	0
269	2	0	209	88	0
270	2	0	210	89	0
271	2	0	211	90	0
272	2	0	212	91	0
273	2	0	213	92	0
274	2	0	214	93	0
275	2	0	215	94	0
276	2	0	216	95	0
277	2	0	217	96	0
278	2	0	218	97	0
279	2	0	219	98	0
280	2	0	220	99	0
281	2	0	221	100	0
282	2	0	222	101	0
283	2	0	223	102	0
284	2	0	224	103	0
285	2	0	225	104	0
286	2	0	226	105	0
287	2	0	227	106	0
288	2	0	228	107	0
289	2	0	229	108	0
290	2	0	230	109	0
291	2	0	231	110	0
292	2	0	232	111	0
293	2	0	233	112	0
294	2	0	234	113	0
295	2	0	235	114	0
296	2	0	236	115	0
297	2	0	237	116	0
298	2	0	238	117	0
299	2	0	239	118	0
300	2	0	240	119	0
301	2	0	241	120	0
302	0	1	312	322	1
303	0	1	322	248	1
304	0	1	248	329	2
305	0	1	329	250	1
306	0	1	250	282	1
307	0	1	282	326	2
308	0	1	326	330	3
309	0	1	330	310	1
310	0	1	310	294	2
311	0	1	294	313	1
312	0	1	313	290	2
313	0	1	290	286	2
314	0	1	286	252	1
315	0	1	252	307	2
316	0	1	307	298	1
317	0	1	298	314	3
318	0	1	314	315	2
319	0	1	315	288	1
320	0	1	288	311	3
321	0	1	311	272	2
322	0	1	272	263	3
323	0	1	263	331	1
324	0	1	331	267	1
325	0	1	267	253	1
326	0	1	253	332	1
327	0	1	332	340	2
328	0	1	340	325	1
329	0	1	325	245	1
330	0	1	245	263	2
331	0	1	263	272	2
332	0	1	272	311	1
333	0	1	311	288	3
334	0	1	288	314	2
335	0	1	315	316	2
336	0	1	316	252	3
337	0	1	252	286	1
338	0	1	286	277	1
339	0	1	277	278	1
340	0	1	278	301	1
341	0	1	301	338	1
342	0	1	338	284	3
343	0	1	284	320	1
344	0	1	320	319	2
345	0	1	319	342	1
346	0	1	342	318	1
347	0	1	318	289	20
348	0	1	289	293	1
349	0	1	293	334	1
350	0	1	334	254	1
351	0	1	254	295	2
352	0	1	295	292	1
353	0	1	292	313	1
354	0	1	315	270	3
355	0	1	270	259	1
356	0	1	259	302	1
357	0	1	302	308	1
358	0	1	308	323	2
359	0	1	323	269	0
360	0	1	269	275	1
361	0	1	275	317	2
362	0	1	317	244	1
363	0	1	244	312	3
364	1	1	0	242	0
365	1	1	1	243	0
366	1	1	2	244	0
367	1	1	3	245	0
368	1	1	4	246	0
369	1	1	5	247	0
370	1	1	6	248	0
371	1	1	7	249	0
372	1	1	8	250	0
373	1	1	9	251	0
374	1	1	10	252	0
375	1	1	11	253	0
376	1	1	12	254	0
377	1	1	13	255	0
378	1	1	14	256	0
379	1	1	15	257	0
380	1	1	16	258	0
381	1	1	17	259	0
382	1	1	18	260	0
383	1	1	19	261	0
384	1	1	20	262	0
385	1	1	21	263	0
386	1	1	22	264	0
387	1	1	23	265	0
388	1	1	24	266	0
389	1	1	25	267	0
390	1	1	26	268	0
391	1	1	27	269	0
392	1	1	28	270	0
393	1	1	29	271	0
394	1	1	30	272	0
395	1	1	31	273	0
396	1	1	32	274	0
397	1	1	33	275	0
398	1	1	34	276	0
399	1	1	35	277	0
400	1	1	36	278	0
401	1	1	37	279	0
402	1	1	38	280	0
403	1	1	39	281	0
404	1	1	40	282	0
405	1	1	41	283	0
406	1	1	42	284	0
407	1	1	43	285	0
408	1	1	44	286	0
409	1	1	45	287	0
410	1	1	46	288	0
411	1	1	47	289	0
412	1	1	48	290	0
413	1	1	49	291	0
414	1	1	50	292	0
415	1	1	51	293	0
416	1	1	52	294	0
417	1	1	53	295	0
418	1	1	54	296	0
419	1	1	55	297	0
420	1	1	56	298	0
421	1	1	57	299	0
422	1	1	58	300	0
423	1	1	59	301	0
424	1	1	60	302	0
425	1	1	61	303	0
426	1	1	62	304	0
427	1	1	63	305	0
428	1	1	64	306	0
429	1	1	65	307	0
430	1	1	66	308	0
431	1	1	67	309	0
432	1	1	68	310	0
433	1	1	69	311	0
434	1	1	70	312	0
435	1	1	71	313	0
436	1	1	72	314	0
437	1	1	73	315	0
438	1	1	74	316	0
439	1	1	75	317	0
440	1	1	76	318	0
441	1	1	77	319	0
442	1	1	78	320	0
443	1	1	79	321	0
444	1	1	80	322	0
445	1	1	81	323	0
446	1	1	82	324	0
447	1	1	83	325	0
448	1	1	84	326	0
449	1	1	85	327	0
450	1	1	86	328	0
451	1	1	87	329	0
452	1	1	88	330	0
453	1	1	89	331	0
454	1	1	90	332	0
455	1	1	91	333	0
456	1	1	92	334	0
457	1	1	93	335	0
458	1	1	94	336	0
459	1	1	95	337	0
460	1	1	96	338	0
461	1	1	97	339	0
462	1	1	98	340	0
463	1	1	99	341	0
464	1	1	100	342	0
465	1	1	101	343	0
466	1	1	102	344	0
467	1	1	103	345	0
468	1	1	104	346	0
469	1	1	105	347	0
470	1	1	106	348	0
471	1	1	107	349	0
472	1	1	108	350	0
473	1	1	109	351	0
474	1	1	110	352	0
475	1	1	111	353	0
476	1	1	112	354	0
477	1	1	113	355	0
478	1	1	114	356	0
479	1	1	115	357	0
480	1	1	116	358	0
481	1	1	117	359	0
482	1	1	118	360	0
483	1	1	119	361	0
484	1	1	120	362	0
485	2	1	242	0	0
486	2	1	243	1	0
487	2	1	244	2	0
488	2	1	245	3	0
489	2	1	246	4	0
490	2	1	247	5	0
491	2	1	248	6	0
492	2	1	249	7	0
493	2	1	250	8	0
494	2	1	251	9	0
495	2	1	252	10	0
496	2	1	253	11	0
497	2	1	254	12	0
498	2	1	255	13	0
499	2	1	256	14	0
500	2	1	257	15	0
501	2	1	258	16	0
502	2	1	259	17	0
503	2	1	260	18	0
504	2	1	261	19	0
505	2	1	262	20	0
506	2	1	263	21	0
507	2	1	264	22	0
508	2	1	265	23	0
509	2	1	266	24	0
510	2	1	267	25	0
511	2	1	268	26	0
512	2	1	269	27	0
513	2	1	270	28	0
514	2	1	271	29	0
515	2	1	272	30	0
516	2	1	273	31	0
517	2	1	274	32	0
518	2	1	275	33	0
519	2	1	276	34	0
520	2	1	277	35	0
521	2	1	278	36	0
522	2	1	279	37	0
523	2	1	280	38	0
524	2	1	281	39	0
525	2	1	282	40	0
526	2	1	283	41	0
527	2	1	284	42	0
528	2	1	285	43	0
529	2	1	286	44	0
530	2	1	287	45	0
531	2	1	288	46	0
532	2	1	289	47	0
533	2	1	290	48	0
534	2	1	291	49	0
535	2	1	292	50	0
536	2	1	293	51	0
537	2	1	294	52	0
538	2	1	295	53	0
539	2	1	296	54	0
540	2	1	297	55	0
541	2	1	298	56	0
542	2	1	299	57	0
543	2	1	300	58	0
544	2	1	301	59	0
545	2	1	302	60	0
546	2	1	303	61	0
547	2	1	304	62	0
548	2	1	305	63	0
549	2	1	306	64	0
550	2	1	307	65	0
551	2	1	308	66	0
552	2	1	309	67	0
553	2	1	310	68	0
554	2	1	311	69	0
555	2	1	312	70	0
556	2	1	313	71	0
557	2	1	314	72	0
558	2	1	315	73	0
559	2	1	316	74	0
560	2	1	317	75	0
561	2	1	318	76	0
562	2	1	319	77	0
563	2	1	320	78	0
564	2	1	321	79	0
565	2	1	322	80	0
566	2	1	323	81	0
567	2	1	324	82	0
568	2	1	325	83	0
569	2	1	326	84	0
570	2	1	327	85	0
571	2	1	328	86	0
572	2	1	329	87	0
573	2	1	330	88	0
574	2	1	331	89	0
575	2	1	332	90	0
576	2	1	333	91	0
577	2	1	334	92	0
578	2	1	335	93	0
579	2	1	336	94	0
580	2	1	337	95	0
581	2	1	338	96	0
582	2	1	339	97	0
583	2	1	340	98	0
584	2	1	341	99	0
585	2	1	342	100	0
586	2	1	343	101	0
587	2	1	344	102	0
588	2	1	345	103	0
589	2	1	346	104	0
590	2	1	347	105	0
591	2	1	348	106	0
592	2	1	349	107	0
593	2	1	350	108	0
594	2	1	351	109	0
595	2	1	352	110	0
596	2	1	353	111	0
597	2	1	354	112	0
598	2	1	355	113	0
599	2	1	356	114	0
600	2	1	357	115	0
601	2	1	358	116	0
602	2	1	359	117	0
603	2	1	360	118	0
604	2	1	361	119	0
605	2	1	362	120	0
606	0	2	433	458	2
607	0	2	458	376	1
608	0	2	376	395	1
609	0	2	395	394	2
610	0	2	394	448	0
611	0	2	448	396	1
612	0	2	396	390	1
613	0	2	390	444	1
614	0	2	444	429	1
615	0	2	429	423	2
616	0	2	423	386	2
617	0	2	386	379	1
618	0	2	379	401	1
619	0	2	401	417	1
620	0	2	417	391	1
621	0	2	391	435	2
622	0	2	435	436	2
623	0	2	436	437	2
624	0	2	437	373	3
625	0	2	373	407	1
626	0	2	407	411	2
627	0	2	411	434	2
628	0	2	434	413	1
629	0	2	413	416	1
630	0	2	416	375	2
631	0	2	375	414	2
632	0	2	414	410	1
633	0	2	410	483	18
634	0	2	483	410	16
635	0	2	410	414	1
636	0	2	414	455	1
637	0	2	455	375	1
638	0	2	375	416	2
639	0	2	416	413	1
640	0	2	413	434	1
641	0	2	434	411	2
642	0	2	411	407	2
643	0	2	407	373	1
644	0	2	373	428	2
645	0	2	428	419	1
646	0	2	419	435	3
647	0	2	436	391	3
648	0	2	391	417	1
649	0	2	417	401	0
650	0	2	401	379	1
651	0	2	379	386	2
652	0	2	386	423	1
653	0	2	423	429	1
654	0	2	429	444	2
655	0	2	444	390	0
656	0	2	390	396	1
657	0	2	396	448	1
658	0	2	448	394	1
659	0	2	394	395	1
660	0	2	395	376	1
661	0	2	376	458	2
662	0	2	458	433	3
663	1	2	0	363	0
664	1	2	1	364	0
665	1	2	2	365	0
666	1	2	3	366	0
667	1	2	4	367	0
668	1	2	5	368	0
669	1	2	6	369	0
670	1	2	7	370	0
671	1	2	8	371	0
672	1	2	9	372	0
673	1	2	10	373	0
674	1	2	11	374	0
675	1	2	12	375	0
676	1	2	13	376	0
677	1	2	14	377	0
678	1	2	15	378	0
679	1	2	16	379	0
680	1	2	17	380	0
681	1	2	18	381	0
682	1	2	19	382	0
683	1	2	20	383	0
684	1	2	21	384	0
685	1	2	22	385	0
686	1	2	23	386	0
687	1	2	24	387	0
688	1	2	25	388	0
689	1	2	26	389	0
690	1	2	27	390	0
691	1	2	28	391	0
692	1	2	29	392	0
693	1	2	30	393	0
694	1	2	31	394	0
695	1	2	32	395	0
696	1	2	33	396	0
697	1	2	34	397	0
698	1	2	35	398	0
699	1	2	36	399	0
700	1	2	37	400	0
701	1	2	38	401	0
702	1	2	39	402	0
703	1	2	40	403	0
704	1	2	41	404	0
705	1	2	42	405	0
706	1	2	43	406	0
707	1	2	44	407	0
708	1	2	45	408	0
709	1	2	46	409	0
710	1	2	47	410	0
711	1	2	48	411	0
712	1	2	49	412	0
713	1	2	50	413	0
714	1	2	51	414	0
715	1	2	52	415	0
716	1	2	53	416	0
717	1	2	54	417	0
718	1	2	55	418	0
719	1	2	56	419	0
720	1	2	57	420	0
721	1	2	58	421	0
722	1	2	59	422	0
723	1	2	60	423	0
724	1	2	61	424	0
725	1	2	62	425	0
726	1	2	63	426	0
727	1	2	64	427	0
728	1	2	65	428	0
729	1	2	66	429	0
730	1	2	67	430	0
731	1	2	68	431	0
732	1	2	69	432	0
733	1	2	70	433	0
734	1	2	71	434	0
735	1	2	72	435	0
736	1	2	73	436	0
737	1	2	74	437	0
738	1	2	75	438	0
739	1	2	76	439	0
740	1	2	77	440	0
741	1	2	78	441	0
742	1	2	79	442	0
743	1	2	80	443	0
744	1	2	81	444	0
745	1	2	82	445	0
746	1	2	83	446	0
747	1	2	84	447	0
748	1	2	85	448	0
749	1	2	86	449	0
750	1	2	87	450	0
751	1	2	88	451	0
752	1	2	89	452	0
753	1	2	90	453	0
754	1	2	91	454	0
755	1	2	92	455	0
756	1	2	93	456	0
757	1	2	94	457	0
758	1	2	95	458	0
759	1	2	96	459	0
760	1	2	97	460	0
761	1	2	98	461	0
762	1	2	99	462	0
763	1	2	100	463	0
764	1	2	101	464	0
765	1	2	102	465	0
766	1	2	103	466	0
767	1	2	104	467	0
768	1	2	105	468	0
769	1	2	106	469	0
770	1	2	107	470	0
771	1	2	108	471	0
772	1	2	109	472	0
773	1	2	110	473	0
774	1	2	111	474	0
775	1	2	112	475	0
776	1	2	113	476	0
777	1	2	114	477	0
778	1	2	115	478	0
779	1	2	116	479	0
780	1	2	117	480	0
781	1	2	118	481	0
782	1	2	119	482	0
783	1	2	120	483	0
784	2	2	363	0	0
785	2	2	364	1	0
786	2	2	365	2	0
787	2	2	366	3	0
788	2	2	367	4	0
789	2	2	368	5	0
790	2	2	369	6	0
791	2	2	370	7	0
792	2	2	371	8	0
793	2	2	372	9	0
794	2	2	373	10	0
795	2	2	374	11	0
796	2	2	375	12	0
797	2	2	376	13	0
798	2	2	377	14	0
799	2	2	378	15	0
800	2	2	379	16	0
801	2	2	380	17	0
802	2	2	381	18	0
803	2	2	382	19	0
804	2	2	383	20	0
805	2	2	384	21	0
806	2	2	385	22	0
807	2	2	386	23	0
808	2	2	387	24	0
809	2	2	388	25	0
810	2	2	389	26	0
811	2	2	390	27	0
812	2	2	391	28	0
813	2	2	392	29	0
814	2	2	393	30	0
815	2	2	394	31	0
816	2	2	395	32	0
817	2	2	396	33	0
818	2	2	397	34	0
819	2	2	398	35	0
820	2	2	399	36	0
821	2	2	400	37	0
822	2	2	401	38	0
823	2	2	402	39	0
824	2	2	403	40	0
825	2	2	404	41	0
826	2	2	405	42	0
827	2	2	406	43	0
828	2	2	407	44	0
829	2	2	408	45	0
830	2	2	409	46	0
831	2	2	410	47	0
832	2	2	411	48	0
833	2	2	412	49	0
834	2	2	413	50	0
835	2	2	414	51	0
836	2	2	415	52	0
837	2	2	416	53	0
838	2	2	417	54	0
839	2	2	418	55	0
840	2	2	419	56	0
841	2	2	420	57	0
842	2	2	421	58	0
843	2	2	422	59	0
844	2	2	423	60	0
845	2	2	424	61	0
846	2	2	425	62	0
847	2	2	426	63	0
848	2	2	427	64	0
849	2	2	428	65	0
850	2	2	429	66	0
851	2	2	430	67	0
852	2	2	431	68	0
853	2	2	432	69	0
854	2	2	433	70	0
855	2	2	434	71	0
856	2	2	435	72	0
857	2	2	436	73	0
858	2	2	437	74	0
859	2	2	438	75	0
860	2	2	439	76	0
861	2	2	440	77	0
862	2	2	441	78	0
863	2	2	442	79	0
864	2	2	443	80	0
865	2	2	444	81	0
866	2	2	445	82	0
867	2	2	446	83	0
868	2	2	447	84	0
869	2	2	448	85	0
870	2	2	449	86	0
871	2	2	450	87	0
872	2	2	451	88	0
873	2	2	452	89	0
874	2	2	453	90	0
875	2	2	454	91	0
876	2	2	455	92	0
877	2	2	456	93	0
878	2	2	457	94	0
879	2	2	458	95	0
880	2	2	459	96	0
881	2	2	460	97	0
882	2	2	461	98	0
883	2	2	462	99	0
884	2	2	463	100	0
885	2	2	464	101	0
886	2	2	465	102	0
887	2	2	466	103	0
888	2	2	467	104	0
889	2	2	468	105	0
890	2	2	469	106	0
891	2	2	470	107	0
892	2	2	471	108	0
893	2	2	472	109	0
894	2	2	473	110	0
895	2	2	474	111	0
896	2	2	475	112	0
897	2	2	476	113	0
898	2	2	477	114	0
899	2	2	478	115	0
900	2	2	479	116	0
901	2	2	480	117	0
902	2	2	481	118	0
903	2	2	482	119	0
904	2	2	483	120	0
905	0	3	554	564	2
906	0	3	564	490	1
907	0	3	490	572	3
908	0	3	572	552	1
909	0	3	552	510	1
910	0	3	510	518	1
911	0	3	518	525	2
912	0	3	525	532	1
913	0	3	532	528	2
914	0	3	528	494	1
915	0	3	494	549	3
916	0	3	549	540	1
917	0	3	540	556	2
918	0	3	556	557	0
919	0	3	557	558	2
920	0	3	558	494	3
921	0	3	494	528	1
922	0	3	528	532	2
923	0	3	532	518	1
924	0	3	518	510	1
925	0	3	510	552	1
926	0	3	552	572	1
927	0	3	572	490	2
928	0	3	490	564	3
929	0	3	564	554	2
930	1	3	0	484	0
931	1	3	1	485	0
932	1	3	2	486	0
933	1	3	3	487	0
934	1	3	4	488	0
935	1	3	5	489	0
936	1	3	6	490	0
937	1	3	7	491	0
938	1	3	8	492	0
939	1	3	9	493	0
940	1	3	10	494	0
941	1	3	11	495	0
942	1	3	12	496	0
943	1	3	13	497	0
944	1	3	14	498	0
945	1	3	15	499	0
946	1	3	16	500	0
947	1	3	17	501	0
948	1	3	18	502	0
949	1	3	19	503	0
950	1	3	20	504	0
951	1	3	21	505	0
952	1	3	22	506	0
953	1	3	23	507	0
954	1	3	24	508	0
955	1	3	25	509	0
956	1	3	26	510	0
957	1	3	27	511	0
958	1	3	28	512	0
959	1	3	29	513	0
960	1	3	30	514	0
961	1	3	31	515	0
962	1	3	32	516	0
963	1	3	33	517	0
964	1	3	34	518	0
965	1	3	35	519	0
966	1	3	36	520	0
967	1	3	37	521	0
968	1	3	38	522	0
969	1	3	39	523	0
970	1	3	40	524	0
971	1	3	41	525	0
972	1	3	42	526	0
973	1	3	43	527	0
974	1	3	44	528	0
975	1	3	45	529	0
976	1	3	46	530	0
977	1	3	47	531	0
978	1	3	48	532	0
979	1	3	49	533	0
980	1	3	50	534	0
981	1	3	51	535	0
982	1	3	52	536	0
983	1	3	53	537	0
984	1	3	54	538	0
985	1	3	55	539	0
986	1	3	56	540	0
987	1	3	57	541	0
988	1	3	58	542	0
989	1	3	59	543	0
990	1	3	60	544	0
991	1	3	61	545	0
992	1	3	62	546	0
993	1	3	63	547	0
994	1	3	64	548	0
995	1	3	65	549	0
996	1	3	66	550	0
997	1	3	67	551	0
998	1	3	68	552	0
999	1	3	69	553	0
1000	1	3	70	554	0
1001	1	3	71	555	0
1002	1	3	72	556	0
1003	1	3	73	557	0
1004	1	3	74	558	0
1005	1	3	75	559	0
1006	1	3	76	560	0
1007	1	3	77	561	0
1008	1	3	78	562	0
1009	1	3	79	563	0
1010	1	3	80	564	0
1011	1	3	81	565	0
1012	1	3	82	566	0
1013	1	3	83	567	0
1014	1	3	84	568	0
1015	1	3	85	569	0
1016	1	3	86	570	0
1017	1	3	87	571	0
1018	1	3	88	572	0
1019	1	3	89	573	0
1020	1	3	90	574	0
1021	1	3	91	575	0
1022	1	3	92	576	0
1023	1	3	93	577	0
1024	1	3	94	578	0
1025	1	3	95	579	0
1026	1	3	96	580	0
1027	1	3	97	581	0
1028	1	3	98	582	0
1029	1	3	99	583	0
1030	1	3	100	584	0
1031	1	3	101	585	0
1032	1	3	102	586	0
1033	1	3	103	587	0
1034	1	3	104	588	0
1035	1	3	105	589	0
1036	1	3	106	590	0
1037	1	3	107	591	0
1038	1	3	108	592	0
1039	1	3	109	593	0
1040	1	3	110	594	0
1041	1	3	111	595	0
1042	1	3	112	596	0
1043	1	3	113	597	0
1044	1	3	114	598	0
1045	1	3	115	599	0
1046	1	3	116	600	0
1047	1	3	117	601	0
1048	1	3	118	602	0
1049	1	3	119	603	0
1050	1	3	120	604	0
1051	2	3	484	0	0
1052	2	3	485	1	0
1053	2	3	486	2	0
1054	2	3	487	3	0
1055	2	3	488	4	0
1056	2	3	489	5	0
1057	2	3	490	6	0
1058	2	3	491	7	0
1059	2	3	492	8	0
1060	2	3	493	9	0
1061	2	3	494	10	0
1062	2	3	495	11	0
1063	2	3	496	12	0
1064	2	3	497	13	0
1065	2	3	498	14	0
1066	2	3	499	15	0
1067	2	3	500	16	0
1068	2	3	501	17	0
1069	2	3	502	18	0
1070	2	3	503	19	0
1071	2	3	504	20	0
1072	2	3	505	21	0
1073	2	3	506	22	0
1074	2	3	507	23	0
1075	2	3	508	24	0
1076	2	3	509	25	0
1077	2	3	510	26	0
1078	2	3	511	27	0
1079	2	3	512	28	0
1080	2	3	513	29	0
1081	2	3	514	30	0
1082	2	3	515	31	0
1083	2	3	516	32	0
1084	2	3	517	33	0
1085	2	3	518	34	0
1086	2	3	519	35	0
1087	2	3	520	36	0
1088	2	3	521	37	0
1089	2	3	522	38	0
1090	2	3	523	39	0
1091	2	3	524	40	0
1092	2	3	525	41	0
1093	2	3	526	42	0
1094	2	3	527	43	0
1095	2	3	528	44	0
1096	2	3	529	45	0
1097	2	3	530	46	0
1098	2	3	531	47	0
1099	2	3	532	48	0
1100	2	3	533	49	0
1101	2	3	534	50	0
1102	2	3	535	51	0
1103	2	3	536	52	0
1104	2	3	537	53	0
1105	2	3	538	54	0
1106	2	3	539	55	0
1107	2	3	540	56	0
1108	2	3	541	57	0
1109	2	3	542	58	0
1110	2	3	543	59	0
1111	2	3	544	60	0
1112	2	3	545	61	0
1113	2	3	546	62	0
1114	2	3	547	63	0
1115	2	3	548	64	0
1116	2	3	549	65	0
1117	2	3	550	66	0
1118	2	3	551	67	0
1119	2	3	552	68	0
1120	2	3	553	69	0
1121	2	3	554	70	0
1122	2	3	555	71	0
1123	2	3	556	72	0
1124	2	3	557	73	0
1125	2	3	558	74	0
1126	2	3	559	75	0
1127	2	3	560	76	0
1128	2	3	561	77	0
1129	2	3	562	78	0
1130	2	3	563	79	0
1131	2	3	564	80	0
1132	2	3	565	81	0
1133	2	3	566	82	0
1134	2	3	567	83	0
1135	2	3	568	84	0
1136	2	3	569	85	0
1137	2	3	570	86	0
1138	2	3	571	87	0
1139	2	3	572	88	0
1140	2	3	573	89	0
1141	2	3	574	90	0
1142	2	3	575	91	0
1143	2	3	576	92	0
1144	2	3	577	93	0
1145	2	3	578	94	0
1146	2	3	579	95	0
1147	2	3	580	96	0
1148	2	3	581	97	0
1149	2	3	582	98	0
1150	2	3	583	99	0
1151	2	3	584	100	0
1152	2	3	585	101	0
1153	2	3	586	102	0
1154	2	3	587	103	0
1155	2	3	588	104	0
1156	2	3	589	105	0
1157	2	3	590	106	0
1158	2	3	591	107	0
1159	2	3	592	108	0
1160	2	3	593	109	0
1161	2	3	594	110	0
1162	2	3	595	111	0
1163	2	3	596	112	0
1164	2	3	597	113	0
1165	2	3	598	114	0
1166	2	3	599	115	0
1167	2	3	600	116	0
1168	2	3	601	117	0
1169	2	3	602	118	0
1170	2	3	603	119	0
1171	2	3	604	120	0
1172	0	4	678	651	1
1173	0	4	651	669	1
1174	0	4	669	654	2
1175	0	4	654	706	30
1176	0	4	706	654	28
1177	0	4	654	669	2
1178	0	4	669	651	2
1179	0	4	651	677	1
1180	1	4	0	605	0
1181	1	4	1	606	0
1182	1	4	2	607	0
1183	1	4	3	608	0
1184	1	4	4	609	0
1185	1	4	5	610	0
1186	1	4	6	611	0
1187	1	4	7	612	0
1188	1	4	8	613	0
1189	1	4	9	614	0
1190	1	4	10	615	0
1191	1	4	11	616	0
1192	1	4	12	617	0
1193	1	4	13	618	0
1194	1	4	14	619	0
1195	1	4	15	620	0
1196	1	4	16	621	0
1197	1	4	17	622	0
1198	1	4	18	623	0
1199	1	4	19	624	0
1200	1	4	20	625	0
1201	1	4	21	626	0
1202	1	4	22	627	0
1203	1	4	23	628	0
1204	1	4	24	629	0
1205	1	4	25	630	0
1206	1	4	26	631	0
1207	1	4	27	632	0
1208	1	4	28	633	0
1209	1	4	29	634	0
1210	1	4	30	635	0
1211	1	4	31	636	0
1212	1	4	32	637	0
1213	1	4	33	638	0
1214	1	4	34	639	0
1215	1	4	35	640	0
1216	1	4	36	641	0
1217	1	4	37	642	0
1218	1	4	38	643	0
1219	1	4	39	644	0
1220	1	4	40	645	0
1221	1	4	41	646	0
1222	1	4	42	647	0
1223	1	4	43	648	0
1224	1	4	44	649	0
1225	1	4	45	650	0
1226	1	4	46	651	0
1227	1	4	47	652	0
1228	1	4	48	653	0
1229	1	4	49	654	0
1230	1	4	50	655	0
1231	1	4	51	656	0
1232	1	4	52	657	0
1233	1	4	53	658	0
1234	1	4	54	659	0
1235	1	4	55	660	0
1236	1	4	56	661	0
1237	1	4	57	662	0
1238	1	4	58	663	0
1239	1	4	59	664	0
1240	1	4	60	665	0
1241	1	4	61	666	0
1242	1	4	62	667	0
1243	1	4	63	668	0
1244	1	4	64	669	0
1245	1	4	65	670	0
1246	1	4	66	671	0
1247	1	4	67	672	0
1248	1	4	68	673	0
1249	1	4	69	674	0
1250	1	4	70	675	0
1251	1	4	71	676	0
1252	1	4	72	677	0
1253	1	4	73	678	0
1254	1	4	74	679	0
1255	1	4	75	680	0
1256	1	4	76	681	0
1257	1	4	77	682	0
1258	1	4	78	683	0
1259	1	4	79	684	0
1260	1	4	80	685	0
1261	1	4	81	686	0
1262	1	4	82	687	0
1263	1	4	83	688	0
1264	1	4	84	689	0
1265	1	4	85	690	0
1266	1	4	86	691	0
1267	1	4	87	692	0
1268	1	4	88	693	0
1269	1	4	89	694	0
1270	1	4	90	695	0
1271	1	4	91	696	0
1272	1	4	92	697	0
1273	1	4	93	698	0
1274	1	4	94	699	0
1275	1	4	95	700	0
1276	1	4	96	701	0
1277	1	4	97	702	0
1278	1	4	98	703	0
1279	1	4	99	704	0
1280	1	4	100	705	0
1281	1	4	101	706	0
1282	1	4	102	707	0
1283	1	4	103	708	0
1284	1	4	104	709	0
1285	1	4	105	710	0
1286	1	4	106	711	0
1287	1	4	107	712	0
1288	1	4	108	713	0
1289	1	4	109	714	0
1290	1	4	110	715	0
1291	1	4	111	716	0
1292	1	4	112	717	0
1293	1	4	113	718	0
1294	1	4	114	719	0
1295	1	4	115	720	0
1296	1	4	116	721	0
1297	1	4	117	722	0
1298	1	4	118	723	0
1299	1	4	119	724	0
1300	1	4	120	725	0
1301	2	4	605	0	0
1302	2	4	606	1	0
1303	2	4	607	2	0
1304	2	4	608	3	0
1305	2	4	609	4	0
1306	2	4	610	5	0
1307	2	4	611	6	0
1308	2	4	612	7	0
1309	2	4	613	8	0
1310	2	4	614	9	0
1311	2	4	615	10	0
1312	2	4	616	11	0
1313	2	4	617	12	0
1314	2	4	618	13	0
1315	2	4	619	14	0
1316	2	4	620	15	0
1317	2	4	621	16	0
1318	2	4	622	17	0
1319	2	4	623	18	0
1320	2	4	624	19	0
1321	2	4	625	20	0
1322	2	4	626	21	0
1323	2	4	627	22	0
1324	2	4	628	23	0
1325	2	4	629	24	0
1326	2	4	630	25	0
1327	2	4	631	26	0
1328	2	4	632	27	0
1329	2	4	633	28	0
1330	2	4	634	29	0
1331	2	4	635	30	0
1332	2	4	636	31	0
1333	2	4	637	32	0
1334	2	4	638	33	0
1335	2	4	639	34	0
1336	2	4	640	35	0
1337	2	4	641	36	0
1338	2	4	642	37	0
1339	2	4	643	38	0
1340	2	4	644	39	0
1341	2	4	645	40	0
1342	2	4	646	41	0
1343	2	4	647	42	0
1344	2	4	648	43	0
1345	2	4	649	44	0
1346	2	4	650	45	0
1347	2	4	651	46	0
1348	2	4	652	47	0
1349	2	4	653	48	0
1350	2	4	654	49	0
1351	2	4	655	50	0
1352	2	4	656	51	0
1353	2	4	657	52	0
1354	2	4	658	53	0
1355	2	4	659	54	0
1356	2	4	660	55	0
1357	2	4	661	56	0
1358	2	4	662	57	0
1359	2	4	663	58	0
1360	2	4	664	59	0
1361	2	4	665	60	0
1362	2	4	666	61	0
1363	2	4	667	62	0
1364	2	4	668	63	0
1365	2	4	669	64	0
1366	2	4	670	65	0
1367	2	4	671	66	0
1368	2	4	672	67	0
1369	2	4	673	68	0
1370	2	4	674	69	0
1371	2	4	675	70	0
1372	2	4	676	71	0
1373	2	4	677	72	0
1374	2	4	678	73	0
1375	2	4	679	74	0
1376	2	4	680	75	0
1377	2	4	681	76	0
1378	2	4	682	77	0
1379	2	4	683	78	0
1380	2	4	684	79	0
1381	2	4	685	80	0
1382	2	4	686	81	0
1383	2	4	687	82	0
1384	2	4	688	83	0
1385	2	4	689	84	0
1386	2	4	690	85	0
1387	2	4	691	86	0
1388	2	4	692	87	0
1389	2	4	693	88	0
1390	2	4	694	89	0
1391	2	4	695	90	0
1392	2	4	696	91	0
1393	2	4	697	92	0
1394	2	4	698	93	0
1395	2	4	699	94	0
1396	2	4	700	95	0
1397	2	4	701	96	0
1398	2	4	702	97	0
1399	2	4	703	98	0
1400	2	4	704	99	0
1401	2	4	705	100	0
1402	2	4	706	101	0
1403	2	4	707	102	0
1404	2	4	708	103	0
1405	2	4	709	104	0
1406	2	4	710	105	0
1407	2	4	711	106	0
1408	2	4	712	107	0
1409	2	4	713	108	0
1410	2	4	714	109	0
1411	2	4	715	110	0
1412	2	4	716	111	0
1413	2	4	717	112	0
1414	2	4	718	113	0
1415	2	4	719	114	0
1416	2	4	720	115	0
1417	2	4	721	116	0
1418	2	4	722	117	0
1419	2	4	723	118	0
1420	2	4	724	119	0
1421	2	4	725	120	0
1422	0	5	799	772	1
1423	0	5	772	790	1
1424	0	5	790	775	2
1425	0	5	775	827	29
1426	0	5	827	775	27
1427	0	5	775	790	2
1428	0	5	790	772	2
1429	0	5	772	798	1
1430	1	5	0	726	0
1431	1	5	1	727	0
1432	1	5	2	728	0
1433	1	5	3	729	0
1434	1	5	4	730	0
1435	1	5	5	731	0
1436	1	5	6	732	0
1437	1	5	7	733	0
1438	1	5	8	734	0
1439	1	5	9	735	0
1440	1	5	10	736	0
1441	1	5	11	737	0
1442	1	5	12	738	0
1443	1	5	13	739	0
1444	1	5	14	740	0
1445	1	5	15	741	0
1446	1	5	16	742	0
1447	1	5	17	743	0
1448	1	5	18	744	0
1449	1	5	19	745	0
1450	1	5	20	746	0
1451	1	5	21	747	0
1452	1	5	22	748	0
1453	1	5	23	749	0
1454	1	5	24	750	0
1455	1	5	25	751	0
1456	1	5	26	752	0
1457	1	5	27	753	0
1458	1	5	28	754	0
1459	1	5	29	755	0
1460	1	5	30	756	0
1461	1	5	31	757	0
1462	1	5	32	758	0
1463	1	5	33	759	0
1464	1	5	34	760	0
1465	1	5	35	761	0
1466	1	5	36	762	0
1467	1	5	37	763	0
1468	1	5	38	764	0
1469	1	5	39	765	0
1470	1	5	40	766	0
1471	1	5	41	767	0
1472	1	5	42	768	0
1473	1	5	43	769	0
1474	1	5	44	770	0
1475	1	5	45	771	0
1476	1	5	46	772	0
1477	1	5	47	773	0
1478	1	5	48	774	0
1479	1	5	49	775	0
1480	1	5	50	776	0
1481	1	5	51	777	0
1482	1	5	52	778	0
1483	1	5	53	779	0
1484	1	5	54	780	0
1485	1	5	55	781	0
1486	1	5	56	782	0
1487	1	5	57	783	0
1488	1	5	58	784	0
1489	1	5	59	785	0
1490	1	5	60	786	0
1491	1	5	61	787	0
1492	1	5	62	788	0
1493	1	5	63	789	0
1494	1	5	64	790	0
1495	1	5	65	791	0
1496	1	5	66	792	0
1497	1	5	67	793	0
1498	1	5	68	794	0
1499	1	5	69	795	0
1500	1	5	70	796	0
1501	1	5	71	797	0
1502	1	5	72	798	0
1503	1	5	73	799	0
1504	1	5	74	800	0
1505	1	5	75	801	0
1506	1	5	76	802	0
1507	1	5	77	803	0
1508	1	5	78	804	0
1509	1	5	79	805	0
1510	1	5	80	806	0
1511	1	5	81	807	0
1512	1	5	82	808	0
1513	1	5	83	809	0
1514	1	5	84	810	0
1515	1	5	85	811	0
1516	1	5	86	812	0
1517	1	5	87	813	0
1518	1	5	88	814	0
1519	1	5	89	815	0
1520	1	5	90	816	0
1521	1	5	91	817	0
1522	1	5	92	818	0
1523	1	5	93	819	0
1524	1	5	94	820	0
1525	1	5	95	821	0
1526	1	5	96	822	0
1527	1	5	97	823	0
1528	1	5	98	824	0
1529	1	5	99	825	0
1530	1	5	100	826	0
1531	1	5	101	827	0
1532	1	5	102	828	0
1533	1	5	103	829	0
1534	1	5	104	830	0
1535	1	5	105	831	0
1536	1	5	106	832	0
1537	1	5	107	833	0
1538	1	5	108	834	0
1539	1	5	109	835	0
1540	1	5	110	836	0
1541	1	5	111	837	0
1542	1	5	112	838	0
1543	1	5	113	839	0
1544	1	5	114	840	0
1545	1	5	115	841	0
1546	1	5	116	842	0
1547	1	5	117	843	0
1548	1	5	118	844	0
1549	1	5	119	845	0
1550	1	5	120	846	0
1551	2	5	726	0	0
1552	2	5	727	1	0
1553	2	5	728	2	0
1554	2	5	729	3	0
1555	2	5	730	4	0
1556	2	5	731	5	0
1557	2	5	732	6	0
1558	2	5	733	7	0
1559	2	5	734	8	0
1560	2	5	735	9	0
1561	2	5	736	10	0
1562	2	5	737	11	0
1563	2	5	738	12	0
1564	2	5	739	13	0
1565	2	5	740	14	0
1566	2	5	741	15	0
1567	2	5	742	16	0
1568	2	5	743	17	0
1569	2	5	744	18	0
1570	2	5	745	19	0
1571	2	5	746	20	0
1572	2	5	747	21	0
1573	2	5	748	22	0
1574	2	5	749	23	0
1575	2	5	750	24	0
1576	2	5	751	25	0
1577	2	5	752	26	0
1578	2	5	753	27	0
1579	2	5	754	28	0
1580	2	5	755	29	0
1581	2	5	756	30	0
1582	2	5	757	31	0
1583	2	5	758	32	0
1584	2	5	759	33	0
1585	2	5	760	34	0
1586	2	5	761	35	0
1587	2	5	762	36	0
1588	2	5	763	37	0
1589	2	5	764	38	0
1590	2	5	765	39	0
1591	2	5	766	40	0
1592	2	5	767	41	0
1593	2	5	768	42	0
1594	2	5	769	43	0
1595	2	5	770	44	0
1596	2	5	771	45	0
1597	2	5	772	46	0
1598	2	5	773	47	0
1599	2	5	774	48	0
1600	2	5	775	49	0
1601	2	5	776	50	0
1602	2	5	777	51	0
1603	2	5	778	52	0
1604	2	5	779	53	0
1605	2	5	780	54	0
1606	2	5	781	55	0
1607	2	5	782	56	0
1608	2	5	783	57	0
1609	2	5	784	58	0
1610	2	5	785	59	0
1611	2	5	786	60	0
1612	2	5	787	61	0
1613	2	5	788	62	0
1614	2	5	789	63	0
1615	2	5	790	64	0
1616	2	5	791	65	0
1617	2	5	792	66	0
1618	2	5	793	67	0
1619	2	5	794	68	0
1620	2	5	795	69	0
1621	2	5	796	70	0
1622	2	5	797	71	0
1623	2	5	798	72	0
1624	2	5	799	73	0
1625	2	5	800	74	0
1626	2	5	801	75	0
1627	2	5	802	76	0
1628	2	5	803	77	0
1629	2	5	804	78	0
1630	2	5	805	79	0
1631	2	5	806	80	0
1632	2	5	807	81	0
1633	2	5	808	82	0
1634	2	5	809	83	0
1635	2	5	810	84	0
1636	2	5	811	85	0
1637	2	5	812	86	0
1638	2	5	813	87	0
1639	2	5	814	88	0
1640	2	5	815	89	0
1641	2	5	816	90	0
1642	2	5	817	91	0
1643	2	5	818	92	0
1644	2	5	819	93	0
1645	2	5	820	94	0
1646	2	5	821	95	0
1647	2	5	822	96	0
1648	2	5	823	97	0
1649	2	5	824	98	0
1650	2	5	825	99	0
1651	2	5	826	100	0
1652	2	5	827	101	0
1653	2	5	828	102	0
1654	2	5	829	103	0
1655	2	5	830	104	0
1656	2	5	831	105	0
1657	2	5	832	106	0
1658	2	5	833	107	0
1659	2	5	834	108	0
1660	2	5	835	109	0
1661	2	5	836	110	0
1662	2	5	837	111	0
1663	2	5	838	112	0
1664	2	5	839	113	0
1665	2	5	840	114	0
1666	2	5	841	115	0
1667	2	5	842	116	0
1668	2	5	843	117	0
1669	2	5	844	118	0
1670	2	5	845	119	0
1671	2	5	846	120	0
1672	0	6	920	933	3
1673	0	6	933	852	1
1674	0	6	852	949	61
1675	0	6	949	852	41
1676	0	6	852	933	1
1677	0	6	933	919	3
1678	1	6	0	847	0
1679	1	6	1	848	0
1680	1	6	2	849	0
1681	1	6	3	850	0
1682	1	6	4	851	0
1683	1	6	5	852	0
1684	1	6	6	853	0
1685	1	6	7	854	0
1686	1	6	8	855	0
1687	1	6	9	856	0
1688	1	6	10	857	0
1689	1	6	11	858	0
1690	1	6	12	859	0
1691	1	6	13	860	0
1692	1	6	14	861	0
1693	1	6	15	862	0
1694	1	6	16	863	0
1695	1	6	17	864	0
1696	1	6	18	865	0
1697	1	6	19	866	0
1698	1	6	20	867	0
1699	1	6	21	868	0
1700	1	6	22	869	0
1701	1	6	23	870	0
1702	1	6	24	871	0
1703	1	6	25	872	0
1704	1	6	26	873	0
1705	1	6	27	874	0
1706	1	6	28	875	0
1707	1	6	29	876	0
1708	1	6	30	877	0
1709	1	6	31	878	0
1710	1	6	32	879	0
1711	1	6	33	880	0
1712	1	6	34	881	0
1713	1	6	35	882	0
1714	1	6	36	883	0
1715	1	6	37	884	0
1716	1	6	38	885	0
1717	1	6	39	886	0
1718	1	6	40	887	0
1719	1	6	41	888	0
1720	1	6	42	889	0
1721	1	6	43	890	0
1722	1	6	44	891	0
1723	1	6	45	892	0
1724	1	6	46	893	0
1725	1	6	47	894	0
1726	1	6	48	895	0
1727	1	6	49	896	0
1728	1	6	50	897	0
1729	1	6	51	898	0
1730	1	6	52	899	0
1731	1	6	53	900	0
1732	1	6	54	901	0
1733	1	6	55	902	0
1734	1	6	56	903	0
1735	1	6	57	904	0
1736	1	6	58	905	0
1737	1	6	59	906	0
1738	1	6	60	907	0
1739	1	6	61	908	0
1740	1	6	62	909	0
1741	1	6	63	910	0
1742	1	6	64	911	0
1743	1	6	65	912	0
1744	1	6	66	913	0
1745	1	6	67	914	0
1746	1	6	68	915	0
1747	1	6	69	916	0
1748	1	6	70	917	0
1749	1	6	71	918	0
1750	1	6	72	919	0
1751	1	6	73	920	0
1752	1	6	74	921	0
1753	1	6	75	922	0
1754	1	6	76	923	0
1755	1	6	77	924	0
1756	1	6	78	925	0
1757	1	6	79	926	0
1758	1	6	80	927	0
1759	1	6	81	928	0
1760	1	6	82	929	0
1761	1	6	83	930	0
1762	1	6	84	931	0
1763	1	6	85	932	0
1764	1	6	86	933	0
1765	1	6	87	934	0
1766	1	6	88	935	0
1767	1	6	89	936	0
1768	1	6	90	937	0
1769	1	6	91	938	0
1770	1	6	92	939	0
1771	1	6	93	940	0
1772	1	6	94	941	0
1773	1	6	95	942	0
1774	1	6	96	943	0
1775	1	6	97	944	0
1776	1	6	98	945	0
1777	1	6	99	946	0
1778	1	6	100	947	0
1779	1	6	101	948	0
1780	1	6	102	949	0
1781	1	6	103	950	0
1782	1	6	104	951	0
1783	1	6	105	952	0
1784	1	6	106	953	0
1785	1	6	107	954	0
1786	1	6	108	955	0
1787	1	6	109	956	0
1788	1	6	110	957	0
1789	1	6	111	958	0
1790	1	6	112	959	0
1791	1	6	113	960	0
1792	1	6	114	961	0
1793	1	6	115	962	0
1794	1	6	116	963	0
1795	1	6	117	964	0
1796	1	6	118	965	0
1797	1	6	119	966	0
1798	1	6	120	967	0
1799	2	6	847	0	0
1800	2	6	848	1	0
1801	2	6	849	2	0
1802	2	6	850	3	0
1803	2	6	851	4	0
1804	2	6	852	5	0
1805	2	6	853	6	0
1806	2	6	854	7	0
1807	2	6	855	8	0
1808	2	6	856	9	0
1809	2	6	857	10	0
1810	2	6	858	11	0
1811	2	6	859	12	0
1812	2	6	860	13	0
1813	2	6	861	14	0
1814	2	6	862	15	0
1815	2	6	863	16	0
1816	2	6	864	17	0
1817	2	6	865	18	0
1818	2	6	866	19	0
1819	2	6	867	20	0
1820	2	6	868	21	0
1821	2	6	869	22	0
1822	2	6	870	23	0
1823	2	6	871	24	0
1824	2	6	872	25	0
1825	2	6	873	26	0
1826	2	6	874	27	0
1827	2	6	875	28	0
1828	2	6	876	29	0
1829	2	6	877	30	0
1830	2	6	878	31	0
1831	2	6	879	32	0
1832	2	6	880	33	0
1833	2	6	881	34	0
1834	2	6	882	35	0
1835	2	6	883	36	0
1836	2	6	884	37	0
1837	2	6	885	38	0
1838	2	6	886	39	0
1839	2	6	887	40	0
1840	2	6	888	41	0
1841	2	6	889	42	0
1842	2	6	890	43	0
1843	2	6	891	44	0
1844	2	6	892	45	0
1845	2	6	893	46	0
1846	2	6	894	47	0
1847	2	6	895	48	0
1848	2	6	896	49	0
1849	2	6	897	50	0
1850	2	6	898	51	0
1851	2	6	899	52	0
1852	2	6	900	53	0
1853	2	6	901	54	0
1854	2	6	902	55	0
1855	2	6	903	56	0
1856	2	6	904	57	0
1857	2	6	905	58	0
1858	2	6	906	59	0
1859	2	6	907	60	0
1860	2	6	908	61	0
1861	2	6	909	62	0
1862	2	6	910	63	0
1863	2	6	911	64	0
1864	2	6	912	65	0
1865	2	6	913	66	0
1866	2	6	914	67	0
1867	2	6	915	68	0
1868	2	6	916	69	0
1869	2	6	917	70	0
1870	2	6	918	71	0
1871	2	6	919	72	0
1872	2	6	920	73	0
1873	2	6	921	74	0
1874	2	6	922	75	0
1875	2	6	923	76	0
1876	2	6	924	77	0
1877	2	6	925	78	0
1878	2	6	926	79	0
1879	2	6	927	80	0
1880	2	6	928	81	0
1881	2	6	929	82	0
1882	2	6	930	83	0
1883	2	6	931	84	0
1884	2	6	932	85	0
1885	2	6	933	86	0
1886	2	6	934	87	0
1887	2	6	935	88	0
1888	2	6	936	89	0
1889	2	6	937	90	0
1890	2	6	938	91	0
1891	2	6	939	92	0
1892	2	6	940	93	0
1893	2	6	941	94	0
1894	2	6	942	95	0
1895	2	6	943	96	0
1896	2	6	944	97	0
1897	2	6	945	98	0
1898	2	6	946	99	0
1899	2	6	947	100	0
1900	2	6	948	101	0
1901	2	6	949	102	0
1902	2	6	950	103	0
1903	2	6	951	104	0
1904	2	6	952	105	0
1905	2	6	953	106	0
1906	2	6	954	107	0
1907	2	6	955	108	0
1908	2	6	956	109	0
1909	2	6	957	110	0
1910	2	6	958	111	0
1911	2	6	959	112	0
1912	2	6	960	113	0
1913	2	6	961	114	0
1914	2	6	962	115	0
1915	2	6	963	116	0
1916	2	6	964	117	0
1917	2	6	965	118	0
1918	2	6	966	119	0
1919	2	6	967	120	0
1920	0	7	1041	1054	3
1921	0	7	1054	973	1
1922	0	7	973	1071	23
1923	0	7	1071	973	25
1924	0	7	973	1054	1
1925	0	7	1054	1040	3
1926	1	7	0	968	0
1927	1	7	1	969	0
1928	1	7	2	970	0
1929	1	7	3	971	0
1930	1	7	4	972	0
1931	1	7	5	973	0
1932	1	7	6	974	0
1933	1	7	7	975	0
1934	1	7	8	976	0
1935	1	7	9	977	0
1936	1	7	10	978	0
1937	1	7	11	979	0
1938	1	7	12	980	0
1939	1	7	13	981	0
1940	1	7	14	982	0
1941	1	7	15	983	0
1942	1	7	16	984	0
1943	1	7	17	985	0
1944	1	7	18	986	0
1945	1	7	19	987	0
1946	1	7	20	988	0
1947	1	7	21	989	0
1948	1	7	22	990	0
1949	1	7	23	991	0
1950	1	7	24	992	0
1951	1	7	25	993	0
1952	1	7	26	994	0
1953	1	7	27	995	0
1954	1	7	28	996	0
1955	1	7	29	997	0
1956	1	7	30	998	0
1957	1	7	31	999	0
1958	1	7	32	1000	0
1959	1	7	33	1001	0
1960	1	7	34	1002	0
1961	1	7	35	1003	0
1962	1	7	36	1004	0
1963	1	7	37	1005	0
1964	1	7	38	1006	0
1965	1	7	39	1007	0
1966	1	7	40	1008	0
1967	1	7	41	1009	0
1968	1	7	42	1010	0
1969	1	7	43	1011	0
1970	1	7	44	1012	0
1971	1	7	45	1013	0
1972	1	7	46	1014	0
1973	1	7	47	1015	0
1974	1	7	48	1016	0
1975	1	7	49	1017	0
1976	1	7	50	1018	0
1977	1	7	51	1019	0
1978	1	7	52	1020	0
1979	1	7	53	1021	0
1980	1	7	54	1022	0
1981	1	7	55	1023	0
1982	1	7	56	1024	0
1983	1	7	57	1025	0
1984	1	7	58	1026	0
1985	1	7	59	1027	0
1986	1	7	60	1028	0
1987	1	7	61	1029	0
1988	1	7	62	1030	0
1989	1	7	63	1031	0
1990	1	7	64	1032	0
1991	1	7	65	1033	0
1992	1	7	66	1034	0
1993	1	7	67	1035	0
1994	1	7	68	1036	0
1995	1	7	69	1037	0
1996	1	7	70	1038	0
1997	1	7	71	1039	0
1998	1	7	72	1040	0
1999	1	7	73	1041	0
2000	1	7	74	1042	0
2001	1	7	75	1043	0
2002	1	7	76	1044	0
2003	1	7	77	1045	0
2004	1	7	78	1046	0
2005	1	7	79	1047	0
2006	1	7	80	1048	0
2007	1	7	81	1049	0
2008	1	7	82	1050	0
2009	1	7	83	1051	0
2010	1	7	84	1052	0
2011	1	7	85	1053	0
2012	1	7	86	1054	0
2013	1	7	87	1055	0
2014	1	7	88	1056	0
2015	1	7	89	1057	0
2016	1	7	90	1058	0
2017	1	7	91	1059	0
2018	1	7	92	1060	0
2019	1	7	93	1061	0
2020	1	7	94	1062	0
2021	1	7	95	1063	0
2022	1	7	96	1064	0
2023	1	7	97	1065	0
2024	1	7	98	1066	0
2025	1	7	99	1067	0
2026	1	7	100	1068	0
2027	1	7	101	1069	0
2028	1	7	102	1070	0
2029	1	7	103	1071	0
2030	1	7	104	1072	0
2031	1	7	105	1073	0
2032	1	7	106	1074	0
2033	1	7	107	1075	0
2034	1	7	108	1076	0
2035	1	7	109	1077	0
2036	1	7	110	1078	0
2037	1	7	111	1079	0
2038	1	7	112	1080	0
2039	1	7	113	1081	0
2040	1	7	114	1082	0
2041	1	7	115	1083	0
2042	1	7	116	1084	0
2043	1	7	117	1085	0
2044	1	7	118	1086	0
2045	1	7	119	1087	0
2046	1	7	120	1088	0
2047	2	7	968	0	0
2048	2	7	969	1	0
2049	2	7	970	2	0
2050	2	7	971	3	0
2051	2	7	972	4	0
2052	2	7	973	5	0
2053	2	7	974	6	0
2054	2	7	975	7	0
2055	2	7	976	8	0
2056	2	7	977	9	0
2057	2	7	978	10	0
2058	2	7	979	11	0
2059	2	7	980	12	0
2060	2	7	981	13	0
2061	2	7	982	14	0
2062	2	7	983	15	0
2063	2	7	984	16	0
2064	2	7	985	17	0
2065	2	7	986	18	0
2066	2	7	987	19	0
2067	2	7	988	20	0
2068	2	7	989	21	0
2069	2	7	990	22	0
2070	2	7	991	23	0
2071	2	7	992	24	0
2072	2	7	993	25	0
2073	2	7	994	26	0
2074	2	7	995	27	0
2075	2	7	996	28	0
2076	2	7	997	29	0
2077	2	7	998	30	0
2078	2	7	999	31	0
2079	2	7	1000	32	0
2080	2	7	1001	33	0
2081	2	7	1002	34	0
2082	2	7	1003	35	0
2083	2	7	1004	36	0
2084	2	7	1005	37	0
2085	2	7	1006	38	0
2086	2	7	1007	39	0
2087	2	7	1008	40	0
2088	2	7	1009	41	0
2089	2	7	1010	42	0
2090	2	7	1011	43	0
2091	2	7	1012	44	0
2092	2	7	1013	45	0
2093	2	7	1014	46	0
2094	2	7	1015	47	0
2095	2	7	1016	48	0
2096	2	7	1017	49	0
2097	2	7	1018	50	0
2098	2	7	1019	51	0
2099	2	7	1020	52	0
2100	2	7	1021	53	0
2101	2	7	1022	54	0
2102	2	7	1023	55	0
2103	2	7	1024	56	0
2104	2	7	1025	57	0
2105	2	7	1026	58	0
2106	2	7	1027	59	0
2107	2	7	1028	60	0
2108	2	7	1029	61	0
2109	2	7	1030	62	0
2110	2	7	1031	63	0
2111	2	7	1032	64	0
2112	2	7	1033	65	0
2113	2	7	1034	66	0
2114	2	7	1035	67	0
2115	2	7	1036	68	0
2116	2	7	1037	69	0
2117	2	7	1038	70	0
2118	2	7	1039	71	0
2119	2	7	1040	72	0
2120	2	7	1041	73	0
2121	2	7	1042	74	0
2122	2	7	1043	75	0
2123	2	7	1044	76	0
2124	2	7	1045	77	0
2125	2	7	1046	78	0
2126	2	7	1047	79	0
2127	2	7	1048	80	0
2128	2	7	1049	81	0
2129	2	7	1050	82	0
2130	2	7	1051	83	0
2131	2	7	1052	84	0
2132	2	7	1053	85	0
2133	2	7	1054	86	0
2134	2	7	1055	87	0
2135	2	7	1056	88	0
2136	2	7	1057	89	0
2137	2	7	1058	90	0
2138	2	7	1059	91	0
2139	2	7	1060	92	0
2140	2	7	1061	93	0
2141	2	7	1062	94	0
2142	2	7	1063	95	0
2143	2	7	1064	96	0
2144	2	7	1065	97	0
2145	2	7	1066	98	0
2146	2	7	1067	99	0
2147	2	7	1068	100	0
2148	2	7	1069	101	0
2149	2	7	1070	102	0
2150	2	7	1071	103	0
2151	2	7	1072	104	0
2152	2	7	1073	105	0
2153	2	7	1074	106	0
2154	2	7	1075	107	0
2155	2	7	1076	108	0
2156	2	7	1077	109	0
2157	2	7	1078	110	0
2158	2	7	1079	111	0
2159	2	7	1080	112	0
2160	2	7	1081	113	0
2161	2	7	1082	114	0
2162	2	7	1083	115	0
2163	2	7	1084	116	0
2164	2	7	1085	117	0
2165	2	7	1086	118	0
2166	2	7	1087	119	0
2167	2	7	1088	120	0
2168	0	8	1162	1146	4
2169	0	8	1146	1171	2
2170	0	8	1171	1144	2
2171	0	8	1144	1193	30
2172	0	8	1193	1144	27
2173	0	8	1144	1171	2
2174	0	8	1171	1146	2
2175	0	8	1146	1161	6
2176	1	8	0	1089	0
2177	1	8	1	1090	0
2178	1	8	2	1091	0
2179	1	8	3	1092	0
2180	1	8	4	1093	0
2181	1	8	5	1094	0
2182	1	8	6	1095	0
2183	1	8	7	1096	0
2184	1	8	8	1097	0
2185	1	8	9	1098	0
2186	1	8	10	1099	0
2187	1	8	11	1100	0
2188	1	8	12	1101	0
2189	1	8	13	1102	0
2190	1	8	14	1103	0
2191	1	8	15	1104	0
2192	1	8	16	1105	0
2193	1	8	17	1106	0
2194	1	8	18	1107	0
2195	1	8	19	1108	0
2196	1	8	20	1109	0
2197	1	8	21	1110	0
2198	1	8	22	1111	0
2199	1	8	23	1112	0
2200	1	8	24	1113	0
2201	1	8	25	1114	0
2202	1	8	26	1115	0
2203	1	8	27	1116	0
2204	1	8	28	1117	0
2205	1	8	29	1118	0
2206	1	8	30	1119	0
2207	1	8	31	1120	0
2208	1	8	32	1121	0
2209	1	8	33	1122	0
2210	1	8	34	1123	0
2211	1	8	35	1124	0
2212	1	8	36	1125	0
2213	1	8	37	1126	0
2214	1	8	38	1127	0
2215	1	8	39	1128	0
2216	1	8	40	1129	0
2217	1	8	41	1130	0
2218	1	8	42	1131	0
2219	1	8	43	1132	0
2220	1	8	44	1133	0
2221	1	8	45	1134	0
2222	1	8	46	1135	0
2223	1	8	47	1136	0
2224	1	8	48	1137	0
2225	1	8	49	1138	0
2226	1	8	50	1139	0
2227	1	8	51	1140	0
2228	1	8	52	1141	0
2229	1	8	53	1142	0
2230	1	8	54	1143	0
2231	1	8	55	1144	0
2232	1	8	56	1145	0
2233	1	8	57	1146	0
2234	1	8	58	1147	0
2235	1	8	59	1148	0
2236	1	8	60	1149	0
2237	1	8	61	1150	0
2238	1	8	62	1151	0
2239	1	8	63	1152	0
2240	1	8	64	1153	0
2241	1	8	65	1154	0
2242	1	8	66	1155	0
2243	1	8	67	1156	0
2244	1	8	68	1157	0
2245	1	8	69	1158	0
2246	1	8	70	1159	0
2247	1	8	71	1160	0
2248	1	8	72	1161	0
2249	1	8	73	1162	0
2250	1	8	74	1163	0
2251	1	8	75	1164	0
2252	1	8	76	1165	0
2253	1	8	77	1166	0
2254	1	8	78	1167	0
2255	1	8	79	1168	0
2256	1	8	80	1169	0
2257	1	8	81	1170	0
2258	1	8	82	1171	0
2259	1	8	83	1172	0
2260	1	8	84	1173	0
2261	1	8	85	1174	0
2262	1	8	86	1175	0
2263	1	8	87	1176	0
2264	1	8	88	1177	0
2265	1	8	89	1178	0
2266	1	8	90	1179	0
2267	1	8	91	1180	0
2268	1	8	92	1181	0
2269	1	8	93	1182	0
2270	1	8	94	1183	0
2271	1	8	95	1184	0
2272	1	8	96	1185	0
2273	1	8	97	1186	0
2274	1	8	98	1187	0
2275	1	8	99	1188	0
2276	1	8	100	1189	0
2277	1	8	101	1190	0
2278	1	8	102	1191	0
2279	1	8	103	1192	0
2280	1	8	104	1193	0
2281	1	8	105	1194	0
2282	1	8	106	1195	0
2283	1	8	107	1196	0
2284	1	8	108	1197	0
2285	1	8	109	1198	0
2286	1	8	110	1199	0
2287	1	8	111	1200	0
2288	1	8	112	1201	0
2289	1	8	113	1202	0
2290	1	8	114	1203	0
2291	1	8	115	1204	0
2292	1	8	116	1205	0
2293	1	8	117	1206	0
2294	1	8	118	1207	0
2295	1	8	119	1208	0
2296	1	8	120	1209	0
2297	2	8	1089	0	0
2298	2	8	1090	1	0
2299	2	8	1091	2	0
2300	2	8	1092	3	0
2301	2	8	1093	4	0
2302	2	8	1094	5	0
2303	2	8	1095	6	0
2304	2	8	1096	7	0
2305	2	8	1097	8	0
2306	2	8	1098	9	0
2307	2	8	1099	10	0
2308	2	8	1100	11	0
2309	2	8	1101	12	0
2310	2	8	1102	13	0
2311	2	8	1103	14	0
2312	2	8	1104	15	0
2313	2	8	1105	16	0
2314	2	8	1106	17	0
2315	2	8	1107	18	0
2316	2	8	1108	19	0
2317	2	8	1109	20	0
2318	2	8	1110	21	0
2319	2	8	1111	22	0
2320	2	8	1112	23	0
2321	2	8	1113	24	0
2322	2	8	1114	25	0
2323	2	8	1115	26	0
2324	2	8	1116	27	0
2325	2	8	1117	28	0
2326	2	8	1118	29	0
2327	2	8	1119	30	0
2328	2	8	1120	31	0
2329	2	8	1121	32	0
2330	2	8	1122	33	0
2331	2	8	1123	34	0
2332	2	8	1124	35	0
2333	2	8	1125	36	0
2334	2	8	1126	37	0
2335	2	8	1127	38	0
2336	2	8	1128	39	0
2337	2	8	1129	40	0
2338	2	8	1130	41	0
2339	2	8	1131	42	0
2340	2	8	1132	43	0
2341	2	8	1133	44	0
2342	2	8	1134	45	0
2343	2	8	1135	46	0
2344	2	8	1136	47	0
2345	2	8	1137	48	0
2346	2	8	1138	49	0
2347	2	8	1139	50	0
2348	2	8	1140	51	0
2349	2	8	1141	52	0
2350	2	8	1142	53	0
2351	2	8	1143	54	0
2352	2	8	1144	55	0
2353	2	8	1145	56	0
2354	2	8	1146	57	0
2355	2	8	1147	58	0
2356	2	8	1148	59	0
2357	2	8	1149	60	0
2358	2	8	1150	61	0
2359	2	8	1151	62	0
2360	2	8	1152	63	0
2361	2	8	1153	64	0
2362	2	8	1154	65	0
2363	2	8	1155	66	0
2364	2	8	1156	67	0
2365	2	8	1157	68	0
2366	2	8	1158	69	0
2367	2	8	1159	70	0
2368	2	8	1160	71	0
2369	2	8	1161	72	0
2370	2	8	1162	73	0
2371	2	8	1163	74	0
2372	2	8	1164	75	0
2373	2	8	1165	76	0
2374	2	8	1166	77	0
2375	2	8	1167	78	0
2376	2	8	1168	79	0
2377	2	8	1169	80	0
2378	2	8	1170	81	0
2379	2	8	1171	82	0
2380	2	8	1172	83	0
2381	2	8	1173	84	0
2382	2	8	1174	85	0
2383	2	8	1175	86	0
2384	2	8	1176	87	0
2385	2	8	1177	88	0
2386	2	8	1178	89	0
2387	2	8	1179	90	0
2388	2	8	1180	91	0
2389	2	8	1181	92	0
2390	2	8	1182	93	0
2391	2	8	1183	94	0
2392	2	8	1184	95	0
2393	2	8	1185	96	0
2394	2	8	1186	97	0
2395	2	8	1187	98	0
2396	2	8	1188	99	0
2397	2	8	1189	100	0
2398	2	8	1190	101	0
2399	2	8	1191	102	0
2400	2	8	1192	103	0
2401	2	8	1193	104	0
2402	2	8	1194	105	0
2403	2	8	1195	106	0
2404	2	8	1196	107	0
2405	2	8	1197	108	0
2406	2	8	1198	109	0
2407	2	8	1199	110	0
2408	2	8	1200	111	0
2409	2	8	1201	112	0
2410	2	8	1202	113	0
2411	2	8	1203	114	0
2412	2	8	1204	115	0
2413	2	8	1205	116	0
2414	2	8	1206	117	0
2415	2	8	1207	118	0
2416	2	8	1208	119	0
2417	2	8	1209	120	0
2418	0	9	1283	1267	4
2419	0	9	1267	1292	2
2420	0	9	1292	1265	1
2421	0	9	1265	1314	36
2422	0	9	1314	1265	33
2423	0	9	1265	1292	2
2424	0	9	1292	1267	2
2425	0	9	1267	1282	6
2426	1	9	0	1210	0
2427	1	9	1	1211	0
2428	1	9	2	1212	0
2429	1	9	3	1213	0
2430	1	9	4	1214	0
2431	1	9	5	1215	0
2432	1	9	6	1216	0
2433	1	9	7	1217	0
2434	1	9	8	1218	0
2435	1	9	9	1219	0
2436	1	9	10	1220	0
2437	1	9	11	1221	0
2438	1	9	12	1222	0
2439	1	9	13	1223	0
2440	1	9	14	1224	0
2441	1	9	15	1225	0
2442	1	9	16	1226	0
2443	1	9	17	1227	0
2444	1	9	18	1228	0
2445	1	9	19	1229	0
2446	1	9	20	1230	0
2447	1	9	21	1231	0
2448	1	9	22	1232	0
2449	1	9	23	1233	0
2450	1	9	24	1234	0
2451	1	9	25	1235	0
2452	1	9	26	1236	0
2453	1	9	27	1237	0
2454	1	9	28	1238	0
2455	1	9	29	1239	0
2456	1	9	30	1240	0
2457	1	9	31	1241	0
2458	1	9	32	1242	0
2459	1	9	33	1243	0
2460	1	9	34	1244	0
2461	1	9	35	1245	0
2462	1	9	36	1246	0
2463	1	9	37	1247	0
2464	1	9	38	1248	0
2465	1	9	39	1249	0
2466	1	9	40	1250	0
2467	1	9	41	1251	0
2468	1	9	42	1252	0
2469	1	9	43	1253	0
2470	1	9	44	1254	0
2471	1	9	45	1255	0
2472	1	9	46	1256	0
2473	1	9	47	1257	0
2474	1	9	48	1258	0
2475	1	9	49	1259	0
2476	1	9	50	1260	0
2477	1	9	51	1261	0
2478	1	9	52	1262	0
2479	1	9	53	1263	0
2480	1	9	54	1264	0
2481	1	9	55	1265	0
2482	1	9	56	1266	0
2483	1	9	57	1267	0
2484	1	9	58	1268	0
2485	1	9	59	1269	0
2486	1	9	60	1270	0
2487	1	9	61	1271	0
2488	1	9	62	1272	0
2489	1	9	63	1273	0
2490	1	9	64	1274	0
2491	1	9	65	1275	0
2492	1	9	66	1276	0
2493	1	9	67	1277	0
2494	1	9	68	1278	0
2495	1	9	69	1279	0
2496	1	9	70	1280	0
2497	1	9	71	1281	0
2498	1	9	72	1282	0
2499	1	9	73	1283	0
2500	1	9	74	1284	0
2501	1	9	75	1285	0
2502	1	9	76	1286	0
2503	1	9	77	1287	0
2504	1	9	78	1288	0
2505	1	9	79	1289	0
2506	1	9	80	1290	0
2507	1	9	81	1291	0
2508	1	9	82	1292	0
2509	1	9	83	1293	0
2510	1	9	84	1294	0
2511	1	9	85	1295	0
2512	1	9	86	1296	0
2513	1	9	87	1297	0
2514	1	9	88	1298	0
2515	1	9	89	1299	0
2516	1	9	90	1300	0
2517	1	9	91	1301	0
2518	1	9	92	1302	0
2519	1	9	93	1303	0
2520	1	9	94	1304	0
2521	1	9	95	1305	0
2522	1	9	96	1306	0
2523	1	9	97	1307	0
2524	1	9	98	1308	0
2525	1	9	99	1309	0
2526	1	9	100	1310	0
2527	1	9	101	1311	0
2528	1	9	102	1312	0
2529	1	9	103	1313	0
2530	1	9	104	1314	0
2531	1	9	105	1315	0
2532	1	9	106	1316	0
2533	1	9	107	1317	0
2534	1	9	108	1318	0
2535	1	9	109	1319	0
2536	1	9	110	1320	0
2537	1	9	111	1321	0
2538	1	9	112	1322	0
2539	1	9	113	1323	0
2540	1	9	114	1324	0
2541	1	9	115	1325	0
2542	1	9	116	1326	0
2543	1	9	117	1327	0
2544	1	9	118	1328	0
2545	1	9	119	1329	0
2546	1	9	120	1330	0
2547	2	9	1210	0	0
2548	2	9	1211	1	0
2549	2	9	1212	2	0
2550	2	9	1213	3	0
2551	2	9	1214	4	0
2552	2	9	1215	5	0
2553	2	9	1216	6	0
2554	2	9	1217	7	0
2555	2	9	1218	8	0
2556	2	9	1219	9	0
2557	2	9	1220	10	0
2558	2	9	1221	11	0
2559	2	9	1222	12	0
2560	2	9	1223	13	0
2561	2	9	1224	14	0
2562	2	9	1225	15	0
2563	2	9	1226	16	0
2564	2	9	1227	17	0
2565	2	9	1228	18	0
2566	2	9	1229	19	0
2567	2	9	1230	20	0
2568	2	9	1231	21	0
2569	2	9	1232	22	0
2570	2	9	1233	23	0
2571	2	9	1234	24	0
2572	2	9	1235	25	0
2573	2	9	1236	26	0
2574	2	9	1237	27	0
2575	2	9	1238	28	0
2576	2	9	1239	29	0
2577	2	9	1240	30	0
2578	2	9	1241	31	0
2579	2	9	1242	32	0
2580	2	9	1243	33	0
2581	2	9	1244	34	0
2582	2	9	1245	35	0
2583	2	9	1246	36	0
2584	2	9	1247	37	0
2585	2	9	1248	38	0
2586	2	9	1249	39	0
2587	2	9	1250	40	0
2588	2	9	1251	41	0
2589	2	9	1252	42	0
2590	2	9	1253	43	0
2591	2	9	1254	44	0
2592	2	9	1255	45	0
2593	2	9	1256	46	0
2594	2	9	1257	47	0
2595	2	9	1258	48	0
2596	2	9	1259	49	0
2597	2	9	1260	50	0
2598	2	9	1261	51	0
2599	2	9	1262	52	0
2600	2	9	1263	53	0
2601	2	9	1264	54	0
2602	2	9	1265	55	0
2603	2	9	1266	56	0
2604	2	9	1267	57	0
2605	2	9	1268	58	0
2606	2	9	1269	59	0
2607	2	9	1270	60	0
2608	2	9	1271	61	0
2609	2	9	1272	62	0
2610	2	9	1273	63	0
2611	2	9	1274	64	0
2612	2	9	1275	65	0
2613	2	9	1276	66	0
2614	2	9	1277	67	0
2615	2	9	1278	68	0
2616	2	9	1279	69	0
2617	2	9	1280	70	0
2618	2	9	1281	71	0
2619	2	9	1282	72	0
2620	2	9	1283	73	0
2621	2	9	1284	74	0
2622	2	9	1285	75	0
2623	2	9	1286	76	0
2624	2	9	1287	77	0
2625	2	9	1288	78	0
2626	2	9	1289	79	0
2627	2	9	1290	80	0
2628	2	9	1291	81	0
2629	2	9	1292	82	0
2630	2	9	1293	83	0
2631	2	9	1294	84	0
2632	2	9	1295	85	0
2633	2	9	1296	86	0
2634	2	9	1297	87	0
2635	2	9	1298	88	0
2636	2	9	1299	89	0
2637	2	9	1300	90	0
2638	2	9	1301	91	0
2639	2	9	1302	92	0
2640	2	9	1303	93	0
2641	2	9	1304	94	0
2642	2	9	1305	95	0
2643	2	9	1306	96	0
2644	2	9	1307	97	0
2645	2	9	1308	98	0
2646	2	9	1309	99	0
2647	2	9	1310	100	0
2648	2	9	1311	101	0
2649	2	9	1312	102	0
2650	2	9	1313	103	0
2651	2	9	1314	104	0
2652	2	9	1315	105	0
2653	2	9	1316	106	0
2654	2	9	1317	107	0
2655	2	9	1318	108	0
2656	2	9	1319	109	0
2657	2	9	1320	110	0
2658	2	9	1321	111	0
2659	2	9	1322	112	0
2660	2	9	1323	113	0
2661	2	9	1324	114	0
2662	2	9	1325	115	0
2663	2	9	1326	116	0
2664	2	9	1327	117	0
2665	2	9	1328	118	0
2666	2	9	1329	119	0
2667	2	9	1330	120	0
2668	0	10	1404	1388	5
2669	0	10	1388	1413	2
2670	0	10	1413	1386	1
2671	0	10	1386	1436	19
2672	0	10	1436	1386	19
2673	0	10	1386	1413	1
2674	0	10	1413	1388	2
2675	0	10	1388	1403	6
2676	1	10	0	1331	0
2677	1	10	1	1332	0
2678	1	10	2	1333	0
2679	1	10	3	1334	0
2680	1	10	4	1335	0
2681	1	10	5	1336	0
2682	1	10	6	1337	0
2683	1	10	7	1338	0
2684	1	10	8	1339	0
2685	1	10	9	1340	0
2686	1	10	10	1341	0
2687	1	10	11	1342	0
2688	1	10	12	1343	0
2689	1	10	13	1344	0
2690	1	10	14	1345	0
2691	1	10	15	1346	0
2692	1	10	16	1347	0
2693	1	10	17	1348	0
2694	1	10	18	1349	0
2695	1	10	19	1350	0
2696	1	10	20	1351	0
2697	1	10	21	1352	0
2698	1	10	22	1353	0
2699	1	10	23	1354	0
2700	1	10	24	1355	0
2701	1	10	25	1356	0
2702	1	10	26	1357	0
2703	1	10	27	1358	0
2704	1	10	28	1359	0
2705	1	10	29	1360	0
2706	1	10	30	1361	0
2707	1	10	31	1362	0
2708	1	10	32	1363	0
2709	1	10	33	1364	0
2710	1	10	34	1365	0
2711	1	10	35	1366	0
2712	1	10	36	1367	0
2713	1	10	37	1368	0
2714	1	10	38	1369	0
2715	1	10	39	1370	0
2716	1	10	40	1371	0
2717	1	10	41	1372	0
2718	1	10	42	1373	0
2719	1	10	43	1374	0
2720	1	10	44	1375	0
2721	1	10	45	1376	0
2722	1	10	46	1377	0
2723	1	10	47	1378	0
2724	1	10	48	1379	0
2725	1	10	49	1380	0
2726	1	10	50	1381	0
2727	1	10	51	1382	0
2728	1	10	52	1383	0
2729	1	10	53	1384	0
2730	1	10	54	1385	0
2731	1	10	55	1386	0
2732	1	10	56	1387	0
2733	1	10	57	1388	0
2734	1	10	58	1389	0
2735	1	10	59	1390	0
2736	1	10	60	1391	0
2737	1	10	61	1392	0
2738	1	10	62	1393	0
2739	1	10	63	1394	0
2740	1	10	64	1395	0
2741	1	10	65	1396	0
2742	1	10	66	1397	0
2743	1	10	67	1398	0
2744	1	10	68	1399	0
2745	1	10	69	1400	0
2746	1	10	70	1401	0
2747	1	10	71	1402	0
2748	1	10	72	1403	0
2749	1	10	73	1404	0
2750	1	10	74	1405	0
2751	1	10	75	1406	0
2752	1	10	76	1407	0
2753	1	10	77	1408	0
2754	1	10	78	1409	0
2755	1	10	79	1410	0
2756	1	10	80	1411	0
2757	1	10	81	1412	0
2758	1	10	82	1413	0
2759	1	10	83	1414	0
2760	1	10	84	1415	0
2761	1	10	85	1416	0
2762	1	10	86	1417	0
2763	1	10	87	1418	0
2764	1	10	88	1419	0
2765	1	10	89	1420	0
2766	1	10	90	1421	0
2767	1	10	91	1422	0
2768	1	10	92	1423	0
2769	1	10	93	1424	0
2770	1	10	94	1425	0
2771	1	10	95	1426	0
2772	1	10	96	1427	0
2773	1	10	97	1428	0
2774	1	10	98	1429	0
2775	1	10	99	1430	0
2776	1	10	100	1431	0
2777	1	10	101	1432	0
2778	1	10	102	1433	0
2779	1	10	103	1434	0
2780	1	10	104	1435	0
2781	1	10	105	1436	0
2782	1	10	106	1437	0
2783	1	10	107	1438	0
2784	1	10	108	1439	0
2785	1	10	109	1440	0
2786	1	10	110	1441	0
2787	1	10	111	1442	0
2788	1	10	112	1443	0
2789	1	10	113	1444	0
2790	1	10	114	1445	0
2791	1	10	115	1446	0
2792	1	10	116	1447	0
2793	1	10	117	1448	0
2794	1	10	118	1449	0
2795	1	10	119	1450	0
2796	1	10	120	1451	0
2797	2	10	1331	0	0
2798	2	10	1332	1	0
2799	2	10	1333	2	0
2800	2	10	1334	3	0
2801	2	10	1335	4	0
2802	2	10	1336	5	0
2803	2	10	1337	6	0
2804	2	10	1338	7	0
2805	2	10	1339	8	0
2806	2	10	1340	9	0
2807	2	10	1341	10	0
2808	2	10	1342	11	0
2809	2	10	1343	12	0
2810	2	10	1344	13	0
2811	2	10	1345	14	0
2812	2	10	1346	15	0
2813	2	10	1347	16	0
2814	2	10	1348	17	0
2815	2	10	1349	18	0
2816	2	10	1350	19	0
2817	2	10	1351	20	0
2818	2	10	1352	21	0
2819	2	10	1353	22	0
2820	2	10	1354	23	0
2821	2	10	1355	24	0
2822	2	10	1356	25	0
2823	2	10	1357	26	0
2824	2	10	1358	27	0
2825	2	10	1359	28	0
2826	2	10	1360	29	0
2827	2	10	1361	30	0
2828	2	10	1362	31	0
2829	2	10	1363	32	0
2830	2	10	1364	33	0
2831	2	10	1365	34	0
2832	2	10	1366	35	0
2833	2	10	1367	36	0
2834	2	10	1368	37	0
2835	2	10	1369	38	0
2836	2	10	1370	39	0
2837	2	10	1371	40	0
2838	2	10	1372	41	0
2839	2	10	1373	42	0
2840	2	10	1374	43	0
2841	2	10	1375	44	0
2842	2	10	1376	45	0
2843	2	10	1377	46	0
2844	2	10	1378	47	0
2845	2	10	1379	48	0
2846	2	10	1380	49	0
2847	2	10	1381	50	0
2848	2	10	1382	51	0
2849	2	10	1383	52	0
2850	2	10	1384	53	0
2851	2	10	1385	54	0
2852	2	10	1386	55	0
2853	2	10	1387	56	0
2854	2	10	1388	57	0
2855	2	10	1389	58	0
2856	2	10	1390	59	0
2857	2	10	1391	60	0
2858	2	10	1392	61	0
2859	2	10	1393	62	0
2860	2	10	1394	63	0
2861	2	10	1395	64	0
2862	2	10	1396	65	0
2863	2	10	1397	66	0
2864	2	10	1398	67	0
2865	2	10	1399	68	0
2866	2	10	1400	69	0
2867	2	10	1401	70	0
2868	2	10	1402	71	0
2869	2	10	1403	72	0
2870	2	10	1404	73	0
2871	2	10	1405	74	0
2872	2	10	1406	75	0
2873	2	10	1407	76	0
2874	2	10	1408	77	0
2875	2	10	1409	78	0
2876	2	10	1410	79	0
2877	2	10	1411	80	0
2878	2	10	1412	81	0
2879	2	10	1413	82	0
2880	2	10	1414	83	0
2881	2	10	1415	84	0
2882	2	10	1416	85	0
2883	2	10	1417	86	0
2884	2	10	1418	87	0
2885	2	10	1419	88	0
2886	2	10	1420	89	0
2887	2	10	1421	90	0
2888	2	10	1422	91	0
2889	2	10	1423	92	0
2890	2	10	1424	93	0
2891	2	10	1425	94	0
2892	2	10	1426	95	0
2893	2	10	1427	96	0
2894	2	10	1428	97	0
2895	2	10	1429	98	0
2896	2	10	1430	99	0
2897	2	10	1431	100	0
2898	2	10	1432	101	0
2899	2	10	1433	102	0
2900	2	10	1434	103	0
2901	2	10	1435	104	0
2902	2	10	1436	105	0
2903	2	10	1437	106	0
2904	2	10	1438	107	0
2905	2	10	1439	108	0
2906	2	10	1440	109	0
2907	2	10	1441	110	0
2908	2	10	1442	111	0
2909	2	10	1443	112	0
2910	2	10	1444	113	0
2911	2	10	1445	114	0
2912	2	10	1446	115	0
2913	2	10	1447	116	0
2914	2	10	1448	117	0
2915	2	10	1449	118	0
2916	2	10	1450	119	0
2917	2	10	1451	120	0
2918	0	11	1525	1498	1
2919	0	11	1498	1516	1
2920	0	11	1516	1501	1
2921	0	11	1501	1558	39
2922	0	11	1558	1501	38
2923	0	11	1501	1516	4
2924	0	11	1516	1498	3
2925	0	11	1498	1524	1
2926	1	11	0	1452	0
2927	1	11	1	1453	0
2928	1	11	2	1454	0
2929	1	11	3	1455	0
2930	1	11	4	1456	0
2931	1	11	5	1457	0
2932	1	11	6	1458	0
2933	1	11	7	1459	0
2934	1	11	8	1460	0
2935	1	11	9	1461	0
2936	1	11	10	1462	0
2937	1	11	11	1463	0
2938	1	11	12	1464	0
2939	1	11	13	1465	0
2940	1	11	14	1466	0
2941	1	11	15	1467	0
2942	1	11	16	1468	0
2943	1	11	17	1469	0
2944	1	11	18	1470	0
2945	1	11	19	1471	0
2946	1	11	20	1472	0
2947	1	11	21	1473	0
2948	1	11	22	1474	0
2949	1	11	23	1475	0
2950	1	11	24	1476	0
2951	1	11	25	1477	0
2952	1	11	26	1478	0
2953	1	11	27	1479	0
2954	1	11	28	1480	0
2955	1	11	29	1481	0
2956	1	11	30	1482	0
2957	1	11	31	1483	0
2958	1	11	32	1484	0
2959	1	11	33	1485	0
2960	1	11	34	1486	0
2961	1	11	35	1487	0
2962	1	11	36	1488	0
2963	1	11	37	1489	0
2964	1	11	38	1490	0
2965	1	11	39	1491	0
2966	1	11	40	1492	0
2967	1	11	41	1493	0
2968	1	11	42	1494	0
2969	1	11	43	1495	0
2970	1	11	44	1496	0
2971	1	11	45	1497	0
2972	1	11	46	1498	0
2973	1	11	47	1499	0
2974	1	11	48	1500	0
2975	1	11	49	1501	0
2976	1	11	50	1502	0
2977	1	11	51	1503	0
2978	1	11	52	1504	0
2979	1	11	53	1505	0
2980	1	11	54	1506	0
2981	1	11	55	1507	0
2982	1	11	56	1508	0
2983	1	11	57	1509	0
2984	1	11	58	1510	0
2985	1	11	59	1511	0
2986	1	11	60	1512	0
2987	1	11	61	1513	0
2988	1	11	62	1514	0
2989	1	11	63	1515	0
2990	1	11	64	1516	0
2991	1	11	65	1517	0
2992	1	11	66	1518	0
2993	1	11	67	1519	0
2994	1	11	68	1520	0
2995	1	11	69	1521	0
2996	1	11	70	1522	0
2997	1	11	71	1523	0
2998	1	11	72	1524	0
2999	1	11	73	1525	0
3000	1	11	74	1526	0
3001	1	11	75	1527	0
3002	1	11	76	1528	0
3003	1	11	77	1529	0
3004	1	11	78	1530	0
3005	1	11	79	1531	0
3006	1	11	80	1532	0
3007	1	11	81	1533	0
3008	1	11	82	1534	0
3009	1	11	83	1535	0
3010	1	11	84	1536	0
3011	1	11	85	1537	0
3012	1	11	86	1538	0
3013	1	11	87	1539	0
3014	1	11	88	1540	0
3015	1	11	89	1541	0
3016	1	11	90	1542	0
3017	1	11	91	1543	0
3018	1	11	92	1544	0
3019	1	11	93	1545	0
3020	1	11	94	1546	0
3021	1	11	95	1547	0
3022	1	11	96	1548	0
3023	1	11	97	1549	0
3024	1	11	98	1550	0
3025	1	11	99	1551	0
3026	1	11	100	1552	0
3027	1	11	101	1553	0
3028	1	11	102	1554	0
3029	1	11	103	1555	0
3030	1	11	104	1556	0
3031	1	11	105	1557	0
3032	1	11	106	1558	0
3033	1	11	107	1559	0
3034	1	11	108	1560	0
3035	1	11	109	1561	0
3036	1	11	110	1562	0
3037	1	11	111	1563	0
3038	1	11	112	1564	0
3039	1	11	113	1565	0
3040	1	11	114	1566	0
3041	1	11	115	1567	0
3042	1	11	116	1568	0
3043	1	11	117	1569	0
3044	1	11	118	1570	0
3045	1	11	119	1571	0
3046	1	11	120	1572	0
3047	2	11	1452	0	0
3048	2	11	1453	1	0
3049	2	11	1454	2	0
3050	2	11	1455	3	0
3051	2	11	1456	4	0
3052	2	11	1457	5	0
3053	2	11	1458	6	0
3054	2	11	1459	7	0
3055	2	11	1460	8	0
3056	2	11	1461	9	0
3057	2	11	1462	10	0
3058	2	11	1463	11	0
3059	2	11	1464	12	0
3060	2	11	1465	13	0
3061	2	11	1466	14	0
3062	2	11	1467	15	0
3063	2	11	1468	16	0
3064	2	11	1469	17	0
3065	2	11	1470	18	0
3066	2	11	1471	19	0
3067	2	11	1472	20	0
3068	2	11	1473	21	0
3069	2	11	1474	22	0
3070	2	11	1475	23	0
3071	2	11	1476	24	0
3072	2	11	1477	25	0
3073	2	11	1478	26	0
3074	2	11	1479	27	0
3075	2	11	1480	28	0
3076	2	11	1481	29	0
3077	2	11	1482	30	0
3078	2	11	1483	31	0
3079	2	11	1484	32	0
3080	2	11	1485	33	0
3081	2	11	1486	34	0
3082	2	11	1487	35	0
3083	2	11	1488	36	0
3084	2	11	1489	37	0
3085	2	11	1490	38	0
3086	2	11	1491	39	0
3087	2	11	1492	40	0
3088	2	11	1493	41	0
3089	2	11	1494	42	0
3090	2	11	1495	43	0
3091	2	11	1496	44	0
3092	2	11	1497	45	0
3093	2	11	1498	46	0
3094	2	11	1499	47	0
3095	2	11	1500	48	0
3096	2	11	1501	49	0
3097	2	11	1502	50	0
3098	2	11	1503	51	0
3099	2	11	1504	52	0
3100	2	11	1505	53	0
3101	2	11	1506	54	0
3102	2	11	1507	55	0
3103	2	11	1508	56	0
3104	2	11	1509	57	0
3105	2	11	1510	58	0
3106	2	11	1511	59	0
3107	2	11	1512	60	0
3108	2	11	1513	61	0
3109	2	11	1514	62	0
3110	2	11	1515	63	0
3111	2	11	1516	64	0
3112	2	11	1517	65	0
3113	2	11	1518	66	0
3114	2	11	1519	67	0
3115	2	11	1520	68	0
3116	2	11	1521	69	0
3117	2	11	1522	70	0
3118	2	11	1523	71	0
3119	2	11	1524	72	0
3120	2	11	1525	73	0
3121	2	11	1526	74	0
3122	2	11	1527	75	0
3123	2	11	1528	76	0
3124	2	11	1529	77	0
3125	2	11	1530	78	0
3126	2	11	1531	79	0
3127	2	11	1532	80	0
3128	2	11	1533	81	0
3129	2	11	1534	82	0
3130	2	11	1535	83	0
3131	2	11	1536	84	0
3132	2	11	1537	85	0
3133	2	11	1538	86	0
3134	2	11	1539	87	0
3135	2	11	1540	88	0
3136	2	11	1541	89	0
3137	2	11	1542	90	0
3138	2	11	1543	91	0
3139	2	11	1544	92	0
3140	2	11	1545	93	0
3141	2	11	1546	94	0
3142	2	11	1547	95	0
3143	2	11	1548	96	0
3144	2	11	1549	97	0
3145	2	11	1550	98	0
3146	2	11	1551	99	0
3147	2	11	1552	100	0
3148	2	11	1553	101	0
3149	2	11	1554	102	0
3150	2	11	1555	103	0
3151	2	11	1556	104	0
3152	2	11	1557	105	0
3153	2	11	1558	106	0
3154	2	11	1559	107	0
3155	2	11	1560	108	0
3156	2	11	1561	109	0
3157	2	11	1562	110	0
3158	2	11	1563	111	0
3159	2	11	1564	112	0
3160	2	11	1565	113	0
3161	2	11	1566	114	0
3162	2	11	1567	115	0
3163	2	11	1568	116	0
3164	2	11	1569	117	0
3165	2	11	1570	118	0
3166	2	11	1571	119	0
3167	2	11	1572	120	0
3168	0	12	1680	1653	16
3169	0	12	1653	1579	2
3170	0	12	1579	1652	1
3171	0	12	1652	1588	1
3172	0	12	1588	1582	1
3173	0	12	1582	1587	1
3174	0	12	1587	1592	2
3175	0	12	1592	1631	1
3176	0	12	1631	1638	1
3177	0	12	1638	1629	1
3178	0	12	1629	1645	2
3179	0	12	1645	1646	4
3180	0	12	1646	1619	1
3181	0	12	1619	1637	2
3182	0	12	1637	1574	1
3183	0	12	1574	1672	1
3184	0	12	1672	1681	25
3185	0	12	1681	1672	21
3186	0	12	1672	1574	2
3187	0	12	1574	1637	3
3188	0	12	1637	1619	2
3189	0	12	1619	1645	1
3190	0	12	1646	1647	1
3191	0	12	1647	1631	2
3192	0	12	1631	1592	2
3193	0	12	1592	1587	1
3194	0	12	1587	1582	2
3195	0	12	1582	1588	1
3196	0	12	1588	1652	1
3197	0	12	1652	1579	1
3198	0	12	1579	1653	1
3199	0	12	1653	1680	19
3200	1	12	0	1573	0
3201	1	12	1	1574	0
3202	1	12	2	1575	0
3203	1	12	3	1576	0
3204	1	12	4	1577	0
3205	1	12	5	1578	0
3206	1	12	6	1579	0
3207	1	12	7	1580	0
3208	1	12	8	1581	0
3209	1	12	9	1582	0
3210	1	12	10	1583	0
3211	1	12	11	1584	0
3212	1	12	12	1585	0
3213	1	12	13	1586	0
3214	1	12	14	1587	0
3215	1	12	15	1588	0
3216	1	12	16	1589	0
3217	1	12	17	1590	0
3218	1	12	18	1591	0
3219	1	12	19	1592	0
3220	1	12	20	1593	0
3221	1	12	21	1594	0
3222	1	12	22	1595	0
3223	1	12	23	1596	0
3224	1	12	24	1597	0
3225	1	12	25	1598	0
3226	1	12	26	1599	0
3227	1	12	27	1600	0
3228	1	12	28	1601	0
3229	1	12	29	1602	0
3230	1	12	30	1603	0
3231	1	12	31	1604	0
3232	1	12	32	1605	0
3233	1	12	33	1606	0
3234	1	12	34	1607	0
3235	1	12	35	1608	0
3236	1	12	36	1609	0
3237	1	12	37	1610	0
3238	1	12	38	1611	0
3239	1	12	39	1612	0
3240	1	12	40	1613	0
3241	1	12	41	1614	0
3242	1	12	42	1615	0
3243	1	12	43	1616	0
3244	1	12	44	1617	0
3245	1	12	45	1618	0
3246	1	12	46	1619	0
3247	1	12	47	1620	0
3248	1	12	48	1621	0
3249	1	12	49	1622	0
3250	1	12	50	1623	0
3251	1	12	51	1624	0
3252	1	12	52	1625	0
3253	1	12	53	1626	0
3254	1	12	54	1627	0
3255	1	12	55	1628	0
3256	1	12	56	1629	0
3257	1	12	57	1630	0
3258	1	12	58	1631	0
3259	1	12	59	1632	0
3260	1	12	60	1633	0
3261	1	12	61	1634	0
3262	1	12	62	1635	0
3263	1	12	63	1636	0
3264	1	12	64	1637	0
3265	1	12	65	1638	0
3266	1	12	66	1639	0
3267	1	12	67	1640	0
3268	1	12	68	1641	0
3269	1	12	69	1642	0
3270	1	12	70	1643	0
3271	1	12	71	1644	0
3272	1	12	72	1645	0
3273	1	12	73	1646	0
3274	1	12	74	1647	0
3275	1	12	75	1648	0
3276	1	12	76	1649	0
3277	1	12	77	1650	0
3278	1	12	78	1651	0
3279	1	12	79	1652	0
3280	1	12	80	1653	0
3281	1	12	81	1654	0
3282	1	12	82	1655	0
3283	1	12	83	1656	0
3284	1	12	84	1657	0
3285	1	12	85	1658	0
3286	1	12	86	1659	0
3287	1	12	87	1660	0
3288	1	12	88	1661	0
3289	1	12	89	1662	0
3290	1	12	90	1663	0
3291	1	12	91	1664	0
3292	1	12	92	1665	0
3293	1	12	93	1666	0
3294	1	12	94	1667	0
3295	1	12	95	1668	0
3296	1	12	96	1669	0
3297	1	12	97	1670	0
3298	1	12	98	1671	0
3299	1	12	99	1672	0
3300	1	12	100	1673	0
3301	1	12	101	1674	0
3302	1	12	102	1675	0
3303	1	12	103	1676	0
3304	1	12	104	1677	0
3305	1	12	105	1678	0
3306	1	12	106	1679	0
3307	1	12	107	1680	0
3308	1	12	108	1681	0
3309	1	12	109	1682	0
3310	1	12	110	1683	0
3311	1	12	111	1684	0
3312	1	12	112	1685	0
3313	1	12	113	1686	0
3314	1	12	114	1687	0
3315	1	12	115	1688	0
3316	1	12	116	1689	0
3317	1	12	117	1690	0
3318	1	12	118	1691	0
3319	1	12	119	1692	0
3320	1	12	120	1693	0
3321	2	12	1573	0	0
3322	2	12	1574	1	0
3323	2	12	1575	2	0
3324	2	12	1576	3	0
3325	2	12	1577	4	0
3326	2	12	1578	5	0
3327	2	12	1579	6	0
3328	2	12	1580	7	0
3329	2	12	1581	8	0
3330	2	12	1582	9	0
3331	2	12	1583	10	0
3332	2	12	1584	11	0
3333	2	12	1585	12	0
3334	2	12	1586	13	0
3335	2	12	1587	14	0
3336	2	12	1588	15	0
3337	2	12	1589	16	0
3338	2	12	1590	17	0
3339	2	12	1591	18	0
3340	2	12	1592	19	0
3341	2	12	1593	20	0
3342	2	12	1594	21	0
3343	2	12	1595	22	0
3344	2	12	1596	23	0
3345	2	12	1597	24	0
3346	2	12	1598	25	0
3347	2	12	1599	26	0
3348	2	12	1600	27	0
3349	2	12	1601	28	0
3350	2	12	1602	29	0
3351	2	12	1603	30	0
3352	2	12	1604	31	0
3353	2	12	1605	32	0
3354	2	12	1606	33	0
3355	2	12	1607	34	0
3356	2	12	1608	35	0
3357	2	12	1609	36	0
3358	2	12	1610	37	0
3359	2	12	1611	38	0
3360	2	12	1612	39	0
3361	2	12	1613	40	0
3362	2	12	1614	41	0
3363	2	12	1615	42	0
3364	2	12	1616	43	0
3365	2	12	1617	44	0
3366	2	12	1618	45	0
3367	2	12	1619	46	0
3368	2	12	1620	47	0
3369	2	12	1621	48	0
3370	2	12	1622	49	0
3371	2	12	1623	50	0
3372	2	12	1624	51	0
3373	2	12	1625	52	0
3374	2	12	1626	53	0
3375	2	12	1627	54	0
3376	2	12	1628	55	0
3377	2	12	1629	56	0
3378	2	12	1630	57	0
3379	2	12	1631	58	0
3380	2	12	1632	59	0
3381	2	12	1633	60	0
3382	2	12	1634	61	0
3383	2	12	1635	62	0
3384	2	12	1636	63	0
3385	2	12	1637	64	0
3386	2	12	1638	65	0
3387	2	12	1639	66	0
3388	2	12	1640	67	0
3389	2	12	1641	68	0
3390	2	12	1642	69	0
3391	2	12	1643	70	0
3392	2	12	1644	71	0
3393	2	12	1645	72	0
3394	2	12	1646	73	0
3395	2	12	1647	74	0
3396	2	12	1648	75	0
3397	2	12	1649	76	0
3398	2	12	1650	77	0
3399	2	12	1651	78	0
3400	2	12	1652	79	0
3401	2	12	1653	80	0
3402	2	12	1654	81	0
3403	2	12	1655	82	0
3404	2	12	1656	83	0
3405	2	12	1657	84	0
3406	2	12	1658	85	0
3407	2	12	1659	86	0
3408	2	12	1660	87	0
3409	2	12	1661	88	0
3410	2	12	1662	89	0
3411	2	12	1663	90	0
3412	2	12	1664	91	0
3413	2	12	1665	92	0
3414	2	12	1666	93	0
3415	2	12	1667	94	0
3416	2	12	1668	95	0
3417	2	12	1669	96	0
3418	2	12	1670	97	0
3419	2	12	1671	98	0
3420	2	12	1672	99	0
3421	2	12	1673	100	0
3422	2	12	1674	101	0
3423	2	12	1675	102	0
3424	2	12	1676	103	0
3425	2	12	1677	104	0
3426	2	12	1678	105	0
3427	2	12	1679	106	0
3428	2	12	1680	107	0
3429	2	12	1681	108	0
3430	2	12	1682	109	0
3431	2	12	1683	110	0
3432	2	12	1684	111	0
3433	2	12	1685	112	0
3434	2	12	1686	113	0
3435	2	12	1687	114	0
3436	2	12	1688	115	0
3437	2	12	1689	116	0
3438	2	12	1690	117	0
3439	2	12	1691	118	0
3440	2	12	1692	119	0
3441	2	12	1693	120	0
3442	0	13	1803	1785	20
3443	0	13	1785	1723	1
3444	0	13	1723	1701	2
3445	0	13	1701	1695	3
3446	0	13	1695	1758	1
3447	0	13	1758	1740	2
3448	0	13	1740	1766	1
3449	0	13	1766	1767	2
3450	0	13	1767	1768	2
3451	0	13	1768	1704	3
3452	0	13	1704	1738	1
3453	0	13	1738	1729	1
3454	0	13	1729	1756	2
3455	0	13	1756	1731	0
3456	0	13	1731	1736	2
3457	0	13	1736	1772	1
3458	0	13	1772	1771	1
3459	0	13	1771	1804	29
3460	0	13	1804	1771	27
3461	0	13	1771	1772	1
3462	0	13	1772	1736	1
3463	0	13	1736	1731	2
3464	0	13	1731	1756	0
3465	0	13	1756	1729	2
3466	0	13	1729	1738	1
3467	0	13	1738	1704	1
3468	0	13	1704	1759	2
3469	0	13	1759	1750	1
3470	0	13	1750	1766	3
3471	0	13	1767	1740	1
3472	0	13	1740	1758	1
3473	0	13	1758	1695	2
3474	0	13	1695	1694	2
3475	0	13	1694	1701	1
3476	0	13	1701	1723	1
3477	0	13	1723	1785	1
3478	0	13	1785	1803	20
3479	1	13	0	1694	0
3480	1	13	1	1695	0
3481	1	13	2	1696	0
3482	1	13	3	1697	0
3483	1	13	4	1698	0
3484	1	13	5	1699	0
3485	1	13	6	1700	0
3486	1	13	7	1701	0
3487	1	13	8	1702	0
3488	1	13	9	1703	0
3489	1	13	10	1704	0
3490	1	13	11	1705	0
3491	1	13	12	1706	0
3492	1	13	13	1707	0
3493	1	13	14	1708	0
3494	1	13	15	1709	0
3495	1	13	16	1710	0
3496	1	13	17	1711	0
3497	1	13	18	1712	0
3498	1	13	19	1713	0
3499	1	13	20	1714	0
3500	1	13	21	1715	0
3501	1	13	22	1716	0
3502	1	13	23	1717	0
3503	1	13	24	1718	0
3504	1	13	25	1719	0
3505	1	13	26	1720	0
3506	1	13	27	1721	0
3507	1	13	28	1722	0
3508	1	13	29	1723	0
3509	1	13	30	1724	0
3510	1	13	31	1725	0
3511	1	13	32	1726	0
3512	1	13	33	1727	0
3513	1	13	34	1728	0
3514	1	13	35	1729	0
3515	1	13	36	1730	0
3516	1	13	37	1731	0
3517	1	13	38	1732	0
3518	1	13	39	1733	0
3519	1	13	40	1734	0
3520	1	13	41	1735	0
3521	1	13	42	1736	0
3522	1	13	43	1737	0
3523	1	13	44	1738	0
3524	1	13	45	1739	0
3525	1	13	46	1740	0
3526	1	13	47	1741	0
3527	1	13	48	1742	0
3528	1	13	49	1743	0
3529	1	13	50	1744	0
3530	1	13	51	1745	0
3531	1	13	52	1746	0
3532	1	13	53	1747	0
3533	1	13	54	1748	0
3534	1	13	55	1749	0
3535	1	13	56	1750	0
3536	1	13	57	1751	0
3537	1	13	58	1752	0
3538	1	13	59	1753	0
3539	1	13	60	1754	0
3540	1	13	61	1755	0
3541	1	13	62	1756	0
3542	1	13	63	1757	0
3543	1	13	64	1758	0
3544	1	13	65	1759	0
3545	1	13	66	1760	0
3546	1	13	67	1761	0
3547	1	13	68	1762	0
3548	1	13	69	1763	0
3549	1	13	70	1764	0
3550	1	13	71	1765	0
3551	1	13	72	1766	0
3552	1	13	73	1767	0
3553	1	13	74	1768	0
3554	1	13	75	1769	0
3555	1	13	76	1770	0
3556	1	13	77	1771	0
3557	1	13	78	1772	0
3558	1	13	79	1773	0
3559	1	13	80	1774	0
3560	1	13	81	1775	0
3561	1	13	82	1776	0
3562	1	13	83	1777	0
3563	1	13	84	1778	0
3564	1	13	85	1779	0
3565	1	13	86	1780	0
3566	1	13	87	1781	0
3567	1	13	88	1782	0
3568	1	13	89	1783	0
3569	1	13	90	1784	0
3570	1	13	91	1785	0
3571	1	13	92	1786	0
3572	1	13	93	1787	0
3573	1	13	94	1788	0
3574	1	13	95	1789	0
3575	1	13	96	1790	0
3576	1	13	97	1791	0
3577	1	13	98	1792	0
3578	1	13	99	1793	0
3579	1	13	100	1794	0
3580	1	13	101	1795	0
3581	1	13	102	1796	0
3582	1	13	103	1797	0
3583	1	13	104	1798	0
3584	1	13	105	1799	0
3585	1	13	106	1800	0
3586	1	13	107	1801	0
3587	1	13	108	1802	0
3588	1	13	109	1803	0
3589	1	13	110	1804	0
3590	1	13	111	1805	0
3591	1	13	112	1806	0
3592	1	13	113	1807	0
3593	1	13	114	1808	0
3594	1	13	115	1809	0
3595	1	13	116	1810	0
3596	1	13	117	1811	0
3597	1	13	118	1812	0
3598	1	13	119	1813	0
3599	1	13	120	1814	0
3600	2	13	1694	0	0
3601	2	13	1695	1	0
3602	2	13	1696	2	0
3603	2	13	1697	3	0
3604	2	13	1698	4	0
3605	2	13	1699	5	0
3606	2	13	1700	6	0
3607	2	13	1701	7	0
3608	2	13	1702	8	0
3609	2	13	1703	9	0
3610	2	13	1704	10	0
3611	2	13	1705	11	0
3612	2	13	1706	12	0
3613	2	13	1707	13	0
3614	2	13	1708	14	0
3615	2	13	1709	15	0
3616	2	13	1710	16	0
3617	2	13	1711	17	0
3618	2	13	1712	18	0
3619	2	13	1713	19	0
3620	2	13	1714	20	0
3621	2	13	1715	21	0
3622	2	13	1716	22	0
3623	2	13	1717	23	0
3624	2	13	1718	24	0
3625	2	13	1719	25	0
3626	2	13	1720	26	0
3627	2	13	1721	27	0
3628	2	13	1722	28	0
3629	2	13	1723	29	0
3630	2	13	1724	30	0
3631	2	13	1725	31	0
3632	2	13	1726	32	0
3633	2	13	1727	33	0
3634	2	13	1728	34	0
3635	2	13	1729	35	0
3636	2	13	1730	36	0
3637	2	13	1731	37	0
3638	2	13	1732	38	0
3639	2	13	1733	39	0
3640	2	13	1734	40	0
3641	2	13	1735	41	0
3642	2	13	1736	42	0
3643	2	13	1737	43	0
3644	2	13	1738	44	0
3645	2	13	1739	45	0
3646	2	13	1740	46	0
3647	2	13	1741	47	0
3648	2	13	1742	48	0
3649	2	13	1743	49	0
3650	2	13	1744	50	0
3651	2	13	1745	51	0
3652	2	13	1746	52	0
3653	2	13	1747	53	0
3654	2	13	1748	54	0
3655	2	13	1749	55	0
3656	2	13	1750	56	0
3657	2	13	1751	57	0
3658	2	13	1752	58	0
3659	2	13	1753	59	0
3660	2	13	1754	60	0
3661	2	13	1755	61	0
3662	2	13	1756	62	0
3663	2	13	1757	63	0
3664	2	13	1758	64	0
3665	2	13	1759	65	0
3666	2	13	1760	66	0
3667	2	13	1761	67	0
3668	2	13	1762	68	0
3669	2	13	1763	69	0
3670	2	13	1764	70	0
3671	2	13	1765	71	0
3672	2	13	1766	72	0
3673	2	13	1767	73	0
3674	2	13	1768	74	0
3675	2	13	1769	75	0
3676	2	13	1770	76	0
3677	2	13	1771	77	0
3678	2	13	1772	78	0
3679	2	13	1773	79	0
3680	2	13	1774	80	0
3681	2	13	1775	81	0
3682	2	13	1776	82	0
3683	2	13	1777	83	0
3684	2	13	1778	84	0
3685	2	13	1779	85	0
3686	2	13	1780	86	0
3687	2	13	1781	87	0
3688	2	13	1782	88	0
3689	2	13	1783	89	0
3690	2	13	1784	90	0
3691	2	13	1785	91	0
3692	2	13	1786	92	0
3693	2	13	1787	93	0
3694	2	13	1788	94	0
3695	2	13	1789	95	0
3696	2	13	1790	96	0
3697	2	13	1791	97	0
3698	2	13	1792	98	0
3699	2	13	1793	99	0
3700	2	13	1794	100	0
3701	2	13	1795	101	0
3702	2	13	1796	102	0
3703	2	13	1797	103	0
3704	2	13	1798	104	0
3705	2	13	1799	105	0
3706	2	13	1800	106	0
3707	2	13	1801	107	0
3708	2	13	1802	108	0
3709	2	13	1803	109	0
3710	2	13	1804	110	0
3711	2	13	1805	111	0
3712	2	13	1806	112	0
3713	2	13	1807	113	0
3714	2	13	1808	114	0
3715	2	13	1809	115	0
3716	2	13	1810	116	0
3717	2	13	1811	117	0
3718	2	13	1812	118	0
3719	2	13	1813	119	0
3720	2	13	1814	120	0
3721	0	14	1888	1889	2
3722	0	14	1889	1825	3
3723	0	14	1825	1859	2
3724	0	14	1859	1860	2
3725	0	14	1860	1878	1
3726	0	14	1878	1827	2
3727	0	14	1827	1866	2
3728	0	14	1866	1862	1
3729	0	14	1862	1926	43
3730	0	14	1926	1862	41
3731	0	14	1862	1866	1
3732	0	14	1866	1907	1
3733	0	14	1907	1827	1
3734	0	14	1827	1878	2
3735	0	14	1878	1860	1
3736	0	14	1860	1859	2
3737	0	14	1859	1825	1
3738	0	14	1825	1880	4
3739	0	14	1880	1871	1
3740	0	14	1871	1887	3
3741	1	14	0	1815	0
3742	1	14	1	1816	0
3743	1	14	2	1817	0
3744	1	14	3	1818	0
3745	1	14	4	1819	0
3746	1	14	5	1820	0
3747	1	14	6	1821	0
3748	1	14	7	1822	0
3749	1	14	8	1823	0
3750	1	14	9	1824	0
3751	1	14	10	1825	0
3752	1	14	11	1826	0
3753	1	14	12	1827	0
3754	1	14	13	1828	0
3755	1	14	14	1829	0
3756	1	14	15	1830	0
3757	1	14	16	1831	0
3758	1	14	17	1832	0
3759	1	14	18	1833	0
3760	1	14	19	1834	0
3761	1	14	20	1835	0
3762	1	14	21	1836	0
3763	1	14	22	1837	0
3764	1	14	23	1838	0
3765	1	14	24	1839	0
3766	1	14	25	1840	0
3767	1	14	26	1841	0
3768	1	14	27	1842	0
3769	1	14	28	1843	0
3770	1	14	29	1844	0
3771	1	14	30	1845	0
3772	1	14	31	1846	0
3773	1	14	32	1847	0
3774	1	14	33	1848	0
3775	1	14	34	1849	0
3776	1	14	35	1850	0
3777	1	14	36	1851	0
3778	1	14	37	1852	0
3779	1	14	38	1853	0
3780	1	14	39	1854	0
3781	1	14	40	1855	0
3782	1	14	41	1856	0
3783	1	14	42	1857	0
3784	1	14	43	1858	0
3785	1	14	44	1859	0
3786	1	14	45	1860	0
3787	1	14	46	1861	0
3788	1	14	47	1862	0
3789	1	14	48	1863	0
3790	1	14	49	1864	0
3791	1	14	50	1865	0
3792	1	14	51	1866	0
3793	1	14	52	1867	0
3794	1	14	53	1868	0
3795	1	14	54	1869	0
3796	1	14	55	1870	0
3797	1	14	56	1871	0
3798	1	14	57	1872	0
3799	1	14	58	1873	0
3800	1	14	59	1874	0
3801	1	14	60	1875	0
3802	1	14	61	1876	0
3803	1	14	62	1877	0
3804	1	14	63	1878	0
3805	1	14	64	1879	0
3806	1	14	65	1880	0
3807	1	14	66	1881	0
3808	1	14	67	1882	0
3809	1	14	68	1883	0
3810	1	14	69	1884	0
3811	1	14	70	1885	0
3812	1	14	71	1886	0
3813	1	14	72	1887	0
3814	1	14	73	1888	0
3815	1	14	74	1889	0
3816	1	14	75	1890	0
3817	1	14	76	1891	0
3818	1	14	77	1892	0
3819	1	14	78	1893	0
3820	1	14	79	1894	0
3821	1	14	80	1895	0
3822	1	14	81	1896	0
3823	1	14	82	1897	0
3824	1	14	83	1898	0
3825	1	14	84	1899	0
3826	1	14	85	1900	0
3827	1	14	86	1901	0
3828	1	14	87	1902	0
3829	1	14	88	1903	0
3830	1	14	89	1904	0
3831	1	14	90	1905	0
3832	1	14	91	1906	0
3833	1	14	92	1907	0
3834	1	14	93	1908	0
3835	1	14	94	1909	0
3836	1	14	95	1910	0
3837	1	14	96	1911	0
3838	1	14	97	1912	0
3839	1	14	98	1913	0
3840	1	14	99	1914	0
3841	1	14	100	1915	0
3842	1	14	101	1916	0
3843	1	14	102	1917	0
3844	1	14	103	1918	0
3845	1	14	104	1919	0
3846	1	14	105	1920	0
3847	1	14	106	1921	0
3848	1	14	107	1922	0
3849	1	14	108	1923	0
3850	1	14	109	1924	0
3851	1	14	110	1925	0
3852	1	14	111	1926	0
3853	1	14	112	1927	0
3854	1	14	113	1928	0
3855	1	14	114	1929	0
3856	1	14	115	1930	0
3857	1	14	116	1931	0
3858	1	14	117	1932	0
3859	1	14	118	1933	0
3860	1	14	119	1934	0
3861	1	14	120	1935	0
3862	2	14	1815	0	0
3863	2	14	1816	1	0
3864	2	14	1817	2	0
3865	2	14	1818	3	0
3866	2	14	1819	4	0
3867	2	14	1820	5	0
3868	2	14	1821	6	0
3869	2	14	1822	7	0
3870	2	14	1823	8	0
3871	2	14	1824	9	0
3872	2	14	1825	10	0
3873	2	14	1826	11	0
3874	2	14	1827	12	0
3875	2	14	1828	13	0
3876	2	14	1829	14	0
3877	2	14	1830	15	0
3878	2	14	1831	16	0
3879	2	14	1832	17	0
3880	2	14	1833	18	0
3881	2	14	1834	19	0
3882	2	14	1835	20	0
3883	2	14	1836	21	0
3884	2	14	1837	22	0
3885	2	14	1838	23	0
3886	2	14	1839	24	0
3887	2	14	1840	25	0
3888	2	14	1841	26	0
3889	2	14	1842	27	0
3890	2	14	1843	28	0
3891	2	14	1844	29	0
3892	2	14	1845	30	0
3893	2	14	1846	31	0
3894	2	14	1847	32	0
3895	2	14	1848	33	0
3896	2	14	1849	34	0
3897	2	14	1850	35	0
3898	2	14	1851	36	0
3899	2	14	1852	37	0
3900	2	14	1853	38	0
3901	2	14	1854	39	0
3902	2	14	1855	40	0
3903	2	14	1856	41	0
3904	2	14	1857	42	0
3905	2	14	1858	43	0
3906	2	14	1859	44	0
3907	2	14	1860	45	0
3908	2	14	1861	46	0
3909	2	14	1862	47	0
3910	2	14	1863	48	0
3911	2	14	1864	49	0
3912	2	14	1865	50	0
3913	2	14	1866	51	0
3914	2	14	1867	52	0
3915	2	14	1868	53	0
3916	2	14	1869	54	0
3917	2	14	1870	55	0
3918	2	14	1871	56	0
3919	2	14	1872	57	0
3920	2	14	1873	58	0
3921	2	14	1874	59	0
3922	2	14	1875	60	0
3923	2	14	1876	61	0
3924	2	14	1877	62	0
3925	2	14	1878	63	0
3926	2	14	1879	64	0
3927	2	14	1880	65	0
3928	2	14	1881	66	0
3929	2	14	1882	67	0
3930	2	14	1883	68	0
3931	2	14	1884	69	0
3932	2	14	1885	70	0
3933	2	14	1886	71	0
3934	2	14	1887	72	0
3935	2	14	1888	73	0
3936	2	14	1889	74	0
3937	2	14	1890	75	0
3938	2	14	1891	76	0
3939	2	14	1892	77	0
3940	2	14	1893	78	0
3941	2	14	1894	79	0
3942	2	14	1895	80	0
3943	2	14	1896	81	0
3944	2	14	1897	82	0
3945	2	14	1898	83	0
3946	2	14	1899	84	0
3947	2	14	1900	85	0
3948	2	14	1901	86	0
3949	2	14	1902	87	0
3950	2	14	1903	88	0
3951	2	14	1904	89	0
3952	2	14	1905	90	0
3953	2	14	1906	91	0
3954	2	14	1907	92	0
3955	2	14	1908	93	0
3956	2	14	1909	94	0
3957	2	14	1910	95	0
3958	2	14	1911	96	0
3959	2	14	1912	97	0
3960	2	14	1913	98	0
3961	2	14	1914	99	0
3962	2	14	1915	100	0
3963	2	14	1916	101	0
3964	2	14	1917	102	0
3965	2	14	1918	103	0
3966	2	14	1919	104	0
3967	2	14	1920	105	0
3968	2	14	1921	106	0
3969	2	14	1922	107	0
3970	2	14	1923	108	0
3971	2	14	1924	109	0
3972	2	14	1925	110	0
3973	2	14	1926	111	0
3974	2	14	1927	112	0
3975	2	14	1928	113	0
3976	2	14	1929	114	0
3977	2	14	1930	115	0
3978	2	14	1931	116	0
3979	2	14	1932	117	0
3980	2	14	1933	118	0
3981	2	14	1934	119	0
3982	2	14	1935	120	0
3983	0	15	2009	2010	1
3984	0	15	2010	1994	1
3985	0	15	1994	1997	1
3986	0	15	1997	2029	2
3987	0	15	2029	1975	2
3988	0	15	1975	1981	2
3989	0	15	1981	1999	1
3990	0	15	1999	1948	2
3991	0	15	1948	1987	2
3992	0	15	1987	1983	1
3993	0	15	1983	2047	48
3994	0	15	2047	1983	45
3995	0	15	1983	1987	1
3996	0	15	1987	2028	1
3997	0	15	2028	1948	1
3998	0	15	1948	1999	1
3999	0	15	1999	1981	1
4000	0	15	1981	1975	2
4001	0	15	1975	2029	2
4002	0	15	2029	1997	1
4003	0	15	1997	1994	1
4004	0	15	1994	2001	1
4005	0	15	2001	1992	1
4006	0	15	1992	2008	4
4007	1	15	0	1936	0
4008	1	15	1	1937	0
4009	1	15	2	1938	0
4010	1	15	3	1939	0
4011	1	15	4	1940	0
4012	1	15	5	1941	0
4013	1	15	6	1942	0
4014	1	15	7	1943	0
4015	1	15	8	1944	0
4016	1	15	9	1945	0
4017	1	15	10	1946	0
4018	1	15	11	1947	0
4019	1	15	12	1948	0
4020	1	15	13	1949	0
4021	1	15	14	1950	0
4022	1	15	15	1951	0
4023	1	15	16	1952	0
4024	1	15	17	1953	0
4025	1	15	18	1954	0
4026	1	15	19	1955	0
4027	1	15	20	1956	0
4028	1	15	21	1957	0
4029	1	15	22	1958	0
4030	1	15	23	1959	0
4031	1	15	24	1960	0
4032	1	15	25	1961	0
4033	1	15	26	1962	0
4034	1	15	27	1963	0
4035	1	15	28	1964	0
4036	1	15	29	1965	0
4037	1	15	30	1966	0
4038	1	15	31	1967	0
4039	1	15	32	1968	0
4040	1	15	33	1969	0
4041	1	15	34	1970	0
4042	1	15	35	1971	0
4043	1	15	36	1972	0
4044	1	15	37	1973	0
4045	1	15	38	1974	0
4046	1	15	39	1975	0
4047	1	15	40	1976	0
4048	1	15	41	1977	0
4049	1	15	42	1978	0
4050	1	15	43	1979	0
4051	1	15	44	1980	0
4052	1	15	45	1981	0
4053	1	15	46	1982	0
4054	1	15	47	1983	0
4055	1	15	48	1984	0
4056	1	15	49	1985	0
4057	1	15	50	1986	0
4058	1	15	51	1987	0
4059	1	15	52	1988	0
4060	1	15	53	1989	0
4061	1	15	54	1990	0
4062	1	15	55	1991	0
4063	1	15	56	1992	0
4064	1	15	57	1993	0
4065	1	15	58	1994	0
4066	1	15	59	1995	0
4067	1	15	60	1996	0
4068	1	15	61	1997	0
4069	1	15	62	1998	0
4070	1	15	63	1999	0
4071	1	15	64	2000	0
4072	1	15	65	2001	0
4073	1	15	66	2002	0
4074	1	15	67	2003	0
4075	1	15	68	2004	0
4076	1	15	69	2005	0
4077	1	15	70	2006	0
4078	1	15	71	2007	0
4079	1	15	72	2008	0
4080	1	15	73	2009	0
4081	1	15	74	2010	0
4082	1	15	75	2011	0
4083	1	15	76	2012	0
4084	1	15	77	2013	0
4085	1	15	78	2014	0
4086	1	15	79	2015	0
4087	1	15	80	2016	0
4088	1	15	81	2017	0
4089	1	15	82	2018	0
4090	1	15	83	2019	0
4091	1	15	84	2020	0
4092	1	15	85	2021	0
4093	1	15	86	2022	0
4094	1	15	87	2023	0
4095	1	15	88	2024	0
4096	1	15	89	2025	0
4097	1	15	90	2026	0
4098	1	15	91	2027	0
4099	1	15	92	2028	0
4100	1	15	93	2029	0
4101	1	15	94	2030	0
4102	1	15	95	2031	0
4103	1	15	96	2032	0
4104	1	15	97	2033	0
4105	1	15	98	2034	0
4106	1	15	99	2035	0
4107	1	15	100	2036	0
4108	1	15	101	2037	0
4109	1	15	102	2038	0
4110	1	15	103	2039	0
4111	1	15	104	2040	0
4112	1	15	105	2041	0
4113	1	15	106	2042	0
4114	1	15	107	2043	0
4115	1	15	108	2044	0
4116	1	15	109	2045	0
4117	1	15	110	2046	0
4118	1	15	111	2047	0
4119	1	15	112	2048	0
4120	1	15	113	2049	0
4121	1	15	114	2050	0
4122	1	15	115	2051	0
4123	1	15	116	2052	0
4124	1	15	117	2053	0
4125	1	15	118	2054	0
4126	1	15	119	2055	0
4127	1	15	120	2056	0
4128	2	15	1936	0	0
4129	2	15	1937	1	0
4130	2	15	1938	2	0
4131	2	15	1939	3	0
4132	2	15	1940	4	0
4133	2	15	1941	5	0
4134	2	15	1942	6	0
4135	2	15	1943	7	0
4136	2	15	1944	8	0
4137	2	15	1945	9	0
4138	2	15	1946	10	0
4139	2	15	1947	11	0
4140	2	15	1948	12	0
4141	2	15	1949	13	0
4142	2	15	1950	14	0
4143	2	15	1951	15	0
4144	2	15	1952	16	0
4145	2	15	1953	17	0
4146	2	15	1954	18	0
4147	2	15	1955	19	0
4148	2	15	1956	20	0
4149	2	15	1957	21	0
4150	2	15	1958	22	0
4151	2	15	1959	23	0
4152	2	15	1960	24	0
4153	2	15	1961	25	0
4154	2	15	1962	26	0
4155	2	15	1963	27	0
4156	2	15	1964	28	0
4157	2	15	1965	29	0
4158	2	15	1966	30	0
4159	2	15	1967	31	0
4160	2	15	1968	32	0
4161	2	15	1969	33	0
4162	2	15	1970	34	0
4163	2	15	1971	35	0
4164	2	15	1972	36	0
4165	2	15	1973	37	0
4166	2	15	1974	38	0
4167	2	15	1975	39	0
4168	2	15	1976	40	0
4169	2	15	1977	41	0
4170	2	15	1978	42	0
4171	2	15	1979	43	0
4172	2	15	1980	44	0
4173	2	15	1981	45	0
4174	2	15	1982	46	0
4175	2	15	1983	47	0
4176	2	15	1984	48	0
4177	2	15	1985	49	0
4178	2	15	1986	50	0
4179	2	15	1987	51	0
4180	2	15	1988	52	0
4181	2	15	1989	53	0
4182	2	15	1990	54	0
4183	2	15	1991	55	0
4184	2	15	1992	56	0
4185	2	15	1993	57	0
4186	2	15	1994	58	0
4187	2	15	1995	59	0
4188	2	15	1996	60	0
4189	2	15	1997	61	0
4190	2	15	1998	62	0
4191	2	15	1999	63	0
4192	2	15	2000	64	0
4193	2	15	2001	65	0
4194	2	15	2002	66	0
4195	2	15	2003	67	0
4196	2	15	2004	68	0
4197	2	15	2005	69	0
4198	2	15	2006	70	0
4199	2	15	2007	71	0
4200	2	15	2008	72	0
4201	2	15	2009	73	0
4202	2	15	2010	74	0
4203	2	15	2011	75	0
4204	2	15	2012	76	0
4205	2	15	2013	77	0
4206	2	15	2014	78	0
4207	2	15	2015	79	0
4208	2	15	2016	80	0
4209	2	15	2017	81	0
4210	2	15	2018	82	0
4211	2	15	2019	83	0
4212	2	15	2020	84	0
4213	2	15	2021	85	0
4214	2	15	2022	86	0
4215	2	15	2023	87	0
4216	2	15	2024	88	0
4217	2	15	2025	89	0
4218	2	15	2026	90	0
4219	2	15	2027	91	0
4220	2	15	2028	92	0
4221	2	15	2029	93	0
4222	2	15	2030	94	0
4223	2	15	2031	95	0
4224	2	15	2032	96	0
4225	2	15	2033	97	0
4226	2	15	2034	98	0
4227	2	15	2035	99	0
4228	2	15	2036	100	0
4229	2	15	2037	101	0
4230	2	15	2038	102	0
4231	2	15	2039	103	0
4232	2	15	2040	104	0
4233	2	15	2041	105	0
4234	2	15	2042	106	0
4235	2	15	2043	107	0
4236	2	15	2044	108	0
4237	2	15	2045	109	0
4238	2	15	2046	110	0
4239	2	15	2047	111	0
4240	2	15	2048	112	0
4241	2	15	2049	113	0
4242	2	15	2050	114	0
4243	2	15	2051	115	0
4244	2	15	2052	116	0
4245	2	15	2053	117	0
4246	2	15	2054	118	0
4247	2	15	2055	119	0
4248	2	15	2056	120	0
4249	0	16	2148	2112	1
4250	0	16	2112	2139	1
4251	0	16	2139	2114	2
4252	0	16	2114	2129	6
4253	0	16	2129	2130	2
4254	0	16	2130	2131	1
4255	0	16	2131	2115	1
4256	0	16	2115	2118	1
4257	0	16	2118	2150	2
4258	0	16	2150	2096	2
4259	0	16	2096	2102	1
4260	0	16	2102	2120	1
4261	0	16	2120	2069	1
4262	0	16	2069	2108	2
4263	0	16	2108	2104	2
4264	0	16	2104	2168	43
4265	0	16	2168	2104	41
4266	0	16	2104	2108	0
4267	0	16	2108	2149	1
4268	0	16	2149	2069	1
4269	0	16	2069	2120	1
4270	0	16	2120	2102	1
4271	0	16	2102	2096	2
4272	0	16	2096	2150	2
4273	0	16	2150	2118	1
4274	0	16	2118	2115	1
4275	0	16	2115	2122	1
4276	0	16	2122	2113	1
4277	0	16	2113	2129	2
4278	0	16	2130	2114	5
4279	0	16	2114	2139	3
4280	0	16	2139	2112	1
4281	0	16	2112	2148	1
4282	1	16	0	2057	0
4283	1	16	1	2058	0
4284	1	16	2	2059	0
4285	1	16	3	2060	0
4286	1	16	4	2061	0
4287	1	16	5	2062	0
4288	1	16	6	2063	0
4289	1	16	7	2064	0
4290	1	16	8	2065	0
4291	1	16	9	2066	0
4292	1	16	10	2067	0
4293	1	16	11	2068	0
4294	1	16	12	2069	0
4295	1	16	13	2070	0
4296	1	16	14	2071	0
4297	1	16	15	2072	0
4298	1	16	16	2073	0
4299	1	16	17	2074	0
4300	1	16	18	2075	0
4301	1	16	19	2076	0
4302	1	16	20	2077	0
4303	1	16	21	2078	0
4304	1	16	22	2079	0
4305	1	16	23	2080	0
4306	1	16	24	2081	0
4307	1	16	25	2082	0
4308	1	16	26	2083	0
4309	1	16	27	2084	0
4310	1	16	28	2085	0
4311	1	16	29	2086	0
4312	1	16	30	2087	0
4313	1	16	31	2088	0
4314	1	16	32	2089	0
4315	1	16	33	2090	0
4316	1	16	34	2091	0
4317	1	16	35	2092	0
4318	1	16	36	2093	0
4319	1	16	37	2094	0
4320	1	16	38	2095	0
4321	1	16	39	2096	0
4322	1	16	40	2097	0
4323	1	16	41	2098	0
4324	1	16	42	2099	0
4325	1	16	43	2100	0
4326	1	16	44	2101	0
4327	1	16	45	2102	0
4328	1	16	46	2103	0
4329	1	16	47	2104	0
4330	1	16	48	2105	0
4331	1	16	49	2106	0
4332	1	16	50	2107	0
4333	1	16	51	2108	0
4334	1	16	52	2109	0
4335	1	16	53	2110	0
4336	1	16	54	2111	0
4337	1	16	55	2112	0
4338	1	16	56	2113	0
4339	1	16	57	2114	0
4340	1	16	58	2115	0
4341	1	16	59	2116	0
4342	1	16	60	2117	0
4343	1	16	61	2118	0
4344	1	16	62	2119	0
4345	1	16	63	2120	0
4346	1	16	64	2121	0
4347	1	16	65	2122	0
4348	1	16	66	2123	0
4349	1	16	67	2124	0
4350	1	16	68	2125	0
4351	1	16	69	2126	0
4352	1	16	70	2127	0
4353	1	16	71	2128	0
4354	1	16	72	2129	0
4355	1	16	73	2130	0
4356	1	16	74	2131	0
4357	1	16	75	2132	0
4358	1	16	76	2133	0
4359	1	16	77	2134	0
4360	1	16	78	2135	0
4361	1	16	79	2136	0
4362	1	16	80	2137	0
4363	1	16	81	2138	0
4364	1	16	82	2139	0
4365	1	16	83	2140	0
4366	1	16	84	2141	0
4367	1	16	85	2142	0
4368	1	16	86	2143	0
4369	1	16	87	2144	0
4370	1	16	88	2145	0
4371	1	16	89	2146	0
4372	1	16	90	2147	0
4373	1	16	91	2148	0
4374	1	16	92	2149	0
4375	1	16	93	2150	0
4376	1	16	94	2151	0
4377	1	16	95	2152	0
4378	1	16	96	2153	0
4379	1	16	97	2154	0
4380	1	16	98	2155	0
4381	1	16	99	2156	0
4382	1	16	100	2157	0
4383	1	16	101	2158	0
4384	1	16	102	2159	0
4385	1	16	103	2160	0
4386	1	16	104	2161	0
4387	1	16	105	2162	0
4388	1	16	106	2163	0
4389	1	16	107	2164	0
4390	1	16	108	2165	0
4391	1	16	109	2166	0
4392	1	16	110	2167	0
4393	1	16	111	2168	0
4394	1	16	112	2169	0
4395	1	16	113	2170	0
4396	1	16	114	2171	0
4397	1	16	115	2172	0
4398	1	16	116	2173	0
4399	1	16	117	2174	0
4400	1	16	118	2175	0
4401	1	16	119	2176	0
4402	1	16	120	2177	0
4403	2	16	2057	0	0
4404	2	16	2058	1	0
4405	2	16	2059	2	0
4406	2	16	2060	3	0
4407	2	16	2061	4	0
4408	2	16	2062	5	0
4409	2	16	2063	6	0
4410	2	16	2064	7	0
4411	2	16	2065	8	0
4412	2	16	2066	9	0
4413	2	16	2067	10	0
4414	2	16	2068	11	0
4415	2	16	2069	12	0
4416	2	16	2070	13	0
4417	2	16	2071	14	0
4418	2	16	2072	15	0
4419	2	16	2073	16	0
4420	2	16	2074	17	0
4421	2	16	2075	18	0
4422	2	16	2076	19	0
4423	2	16	2077	20	0
4424	2	16	2078	21	0
4425	2	16	2079	22	0
4426	2	16	2080	23	0
4427	2	16	2081	24	0
4428	2	16	2082	25	0
4429	2	16	2083	26	0
4430	2	16	2084	27	0
4431	2	16	2085	28	0
4432	2	16	2086	29	0
4433	2	16	2087	30	0
4434	2	16	2088	31	0
4435	2	16	2089	32	0
4436	2	16	2090	33	0
4437	2	16	2091	34	0
4438	2	16	2092	35	0
4439	2	16	2093	36	0
4440	2	16	2094	37	0
4441	2	16	2095	38	0
4442	2	16	2096	39	0
4443	2	16	2097	40	0
4444	2	16	2098	41	0
4445	2	16	2099	42	0
4446	2	16	2100	43	0
4447	2	16	2101	44	0
4448	2	16	2102	45	0
4449	2	16	2103	46	0
4450	2	16	2104	47	0
4451	2	16	2105	48	0
4452	2	16	2106	49	0
4453	2	16	2107	50	0
4454	2	16	2108	51	0
4455	2	16	2109	52	0
4456	2	16	2110	53	0
4457	2	16	2111	54	0
4458	2	16	2112	55	0
4459	2	16	2113	56	0
4460	2	16	2114	57	0
4461	2	16	2115	58	0
4462	2	16	2116	59	0
4463	2	16	2117	60	0
4464	2	16	2118	61	0
4465	2	16	2119	62	0
4466	2	16	2120	63	0
4467	2	16	2121	64	0
4468	2	16	2122	65	0
4469	2	16	2123	66	0
4470	2	16	2124	67	0
4471	2	16	2125	68	0
4472	2	16	2126	69	0
4473	2	16	2127	70	0
4474	2	16	2128	71	0
4475	2	16	2129	72	0
4476	2	16	2130	73	0
4477	2	16	2131	74	0
4478	2	16	2132	75	0
4479	2	16	2133	76	0
4480	2	16	2134	77	0
4481	2	16	2135	78	0
4482	2	16	2136	79	0
4483	2	16	2137	80	0
4484	2	16	2138	81	0
4485	2	16	2139	82	0
4486	2	16	2140	83	0
4487	2	16	2141	84	0
4488	2	16	2142	85	0
4489	2	16	2143	86	0
4490	2	16	2144	87	0
4491	2	16	2145	88	0
4492	2	16	2146	89	0
4493	2	16	2147	90	0
4494	2	16	2148	91	0
4495	2	16	2149	92	0
4496	2	16	2150	93	0
4497	2	16	2151	94	0
4498	2	16	2152	95	0
4499	2	16	2153	96	0
4500	2	16	2154	97	0
4501	2	16	2155	98	0
4502	2	16	2156	99	0
4503	2	16	2157	100	0
4504	2	16	2158	101	0
4505	2	16	2159	102	0
4506	2	16	2160	103	0
4507	2	16	2161	104	0
4508	2	16	2162	105	0
4509	2	16	2163	106	0
4510	2	16	2164	107	0
4511	2	16	2165	108	0
4512	2	16	2166	109	0
4513	2	16	2167	110	0
4514	2	16	2168	111	0
4515	2	16	2169	112	0
4516	2	16	2170	113	0
4517	2	16	2171	114	0
4518	2	16	2172	115	0
4519	2	16	2173	116	0
4520	2	16	2174	117	0
4521	2	16	2175	118	0
4522	2	16	2176	119	0
4523	2	16	2177	120	0
4524	0	17	2251	2252	1
4525	0	17	2252	2236	2
4526	0	17	2236	2239	1
4527	0	17	2239	2271	1
4528	0	17	2271	2217	1
4529	0	17	2217	2223	2
4530	0	17	2223	2241	0
4531	0	17	2241	2190	2
4532	0	17	2190	2275	2
4533	0	17	2275	2182	1
4534	0	17	2182	2245	1
4535	0	17	2245	2198	2
4536	0	17	2198	2272	1
4537	0	17	2272	2290	23
4538	0	17	2290	2272	28
4539	0	17	2272	2198	1
4540	0	17	2198	2245	2
4541	0	17	2245	2182	1
4542	0	17	2182	2275	2
4543	0	17	2275	2270	2
4544	0	17	2270	2190	1
4545	0	17	2190	2241	1
4546	0	17	2241	2223	1
4547	0	17	2223	2217	2
4548	0	17	2217	2271	1
4549	0	17	2271	2239	1
4550	0	17	2239	2236	0
4551	0	17	2236	2243	1
4552	0	17	2243	2234	1
4553	0	17	2234	2250	4
4554	1	17	0	2178	0
4555	1	17	1	2179	0
4556	1	17	2	2180	0
4557	1	17	3	2181	0
4558	1	17	4	2182	0
4559	1	17	5	2183	0
4560	1	17	6	2184	0
4561	1	17	7	2185	0
4562	1	17	8	2186	0
4563	1	17	9	2187	0
4564	1	17	10	2188	0
4565	1	17	11	2189	0
4566	1	17	12	2190	0
4567	1	17	13	2191	0
4568	1	17	14	2192	0
4569	1	17	15	2193	0
4570	1	17	16	2194	0
4571	1	17	17	2195	0
4572	1	17	18	2196	0
4573	1	17	19	2197	0
4574	1	17	20	2198	0
4575	1	17	21	2199	0
4576	1	17	22	2200	0
4577	1	17	23	2201	0
4578	1	17	24	2202	0
4579	1	17	25	2203	0
4580	1	17	26	2204	0
4581	1	17	27	2205	0
4582	1	17	28	2206	0
4583	1	17	29	2207	0
4584	1	17	30	2208	0
4585	1	17	31	2209	0
4586	1	17	32	2210	0
4587	1	17	33	2211	0
4588	1	17	34	2212	0
4589	1	17	35	2213	0
4590	1	17	36	2214	0
4591	1	17	37	2215	0
4592	1	17	38	2216	0
4593	1	17	39	2217	0
4594	1	17	40	2218	0
4595	1	17	41	2219	0
4596	1	17	42	2220	0
4597	1	17	43	2221	0
4598	1	17	44	2222	0
4599	1	17	45	2223	0
4600	1	17	46	2224	0
4601	1	17	47	2225	0
4602	1	17	48	2226	0
4603	1	17	49	2227	0
4604	1	17	50	2228	0
4605	1	17	51	2229	0
4606	1	17	52	2230	0
4607	1	17	53	2231	0
4608	1	17	54	2232	0
4609	1	17	55	2233	0
4610	1	17	56	2234	0
4611	1	17	57	2235	0
4612	1	17	58	2236	0
4613	1	17	59	2237	0
4614	1	17	60	2238	0
4615	1	17	61	2239	0
4616	1	17	62	2240	0
4617	1	17	63	2241	0
4618	1	17	64	2242	0
4619	1	17	65	2243	0
4620	1	17	66	2244	0
4621	1	17	67	2245	0
4622	1	17	68	2246	0
4623	1	17	69	2247	0
4624	1	17	70	2248	0
4625	1	17	71	2249	0
4626	1	17	72	2250	0
4627	1	17	73	2251	0
4628	1	17	74	2252	0
4629	1	17	75	2253	0
4630	1	17	76	2254	0
4631	1	17	77	2255	0
4632	1	17	78	2256	0
4633	1	17	79	2257	0
4634	1	17	80	2258	0
4635	1	17	81	2259	0
4636	1	17	82	2260	0
4637	1	17	83	2261	0
4638	1	17	84	2262	0
4639	1	17	85	2263	0
4640	1	17	86	2264	0
4641	1	17	87	2265	0
4642	1	17	88	2266	0
4643	1	17	89	2267	0
4644	1	17	90	2268	0
4645	1	17	91	2269	0
4646	1	17	92	2270	0
4647	1	17	93	2271	0
4648	1	17	94	2272	0
4649	1	17	95	2273	0
4650	1	17	96	2274	0
4651	1	17	97	2275	0
4652	1	17	98	2276	0
4653	1	17	99	2277	0
4654	1	17	100	2278	0
4655	1	17	101	2279	0
4656	1	17	102	2280	0
4657	1	17	103	2281	0
4658	1	17	104	2282	0
4659	1	17	105	2283	0
4660	1	17	106	2284	0
4661	1	17	107	2285	0
4662	1	17	108	2286	0
4663	1	17	109	2287	0
4664	1	17	110	2288	0
4665	1	17	111	2289	0
4666	1	17	112	2290	0
4667	1	17	113	2291	0
4668	1	17	114	2292	0
4669	1	17	115	2293	0
4670	1	17	116	2294	0
4671	1	17	117	2295	0
4672	1	17	118	2296	0
4673	1	17	119	2297	0
4674	1	17	120	2298	0
4675	2	17	2178	0	0
4676	2	17	2179	1	0
4677	2	17	2180	2	0
4678	2	17	2181	3	0
4679	2	17	2182	4	0
4680	2	17	2183	5	0
4681	2	17	2184	6	0
4682	2	17	2185	7	0
4683	2	17	2186	8	0
4684	2	17	2187	9	0
4685	2	17	2188	10	0
4686	2	17	2189	11	0
4687	2	17	2190	12	0
4688	2	17	2191	13	0
4689	2	17	2192	14	0
4690	2	17	2193	15	0
4691	2	17	2194	16	0
4692	2	17	2195	17	0
4693	2	17	2196	18	0
4694	2	17	2197	19	0
4695	2	17	2198	20	0
4696	2	17	2199	21	0
4697	2	17	2200	22	0
4698	2	17	2201	23	0
4699	2	17	2202	24	0
4700	2	17	2203	25	0
4701	2	17	2204	26	0
4702	2	17	2205	27	0
4703	2	17	2206	28	0
4704	2	17	2207	29	0
4705	2	17	2208	30	0
4706	2	17	2209	31	0
4707	2	17	2210	32	0
4708	2	17	2211	33	0
4709	2	17	2212	34	0
4710	2	17	2213	35	0
4711	2	17	2214	36	0
4712	2	17	2215	37	0
4713	2	17	2216	38	0
4714	2	17	2217	39	0
4715	2	17	2218	40	0
4716	2	17	2219	41	0
4717	2	17	2220	42	0
4718	2	17	2221	43	0
4719	2	17	2222	44	0
4720	2	17	2223	45	0
4721	2	17	2224	46	0
4722	2	17	2225	47	0
4723	2	17	2226	48	0
4724	2	17	2227	49	0
4725	2	17	2228	50	0
4726	2	17	2229	51	0
4727	2	17	2230	52	0
4728	2	17	2231	53	0
4729	2	17	2232	54	0
4730	2	17	2233	55	0
4731	2	17	2234	56	0
4732	2	17	2235	57	0
4733	2	17	2236	58	0
4734	2	17	2237	59	0
4735	2	17	2238	60	0
4736	2	17	2239	61	0
4737	2	17	2240	62	0
4738	2	17	2241	63	0
4739	2	17	2242	64	0
4740	2	17	2243	65	0
4741	2	17	2244	66	0
4742	2	17	2245	67	0
4743	2	17	2246	68	0
4744	2	17	2247	69	0
4745	2	17	2248	70	0
4746	2	17	2249	71	0
4747	2	17	2250	72	0
4748	2	17	2251	73	0
4749	2	17	2252	74	0
4750	2	17	2253	75	0
4751	2	17	2254	76	0
4752	2	17	2255	77	0
4753	2	17	2256	78	0
4754	2	17	2257	79	0
4755	2	17	2258	80	0
4756	2	17	2259	81	0
4757	2	17	2260	82	0
4758	2	17	2261	83	0
4759	2	17	2262	84	0
4760	2	17	2263	85	0
4761	2	17	2264	86	0
4762	2	17	2265	87	0
4763	2	17	2266	88	0
4764	2	17	2267	89	0
4765	2	17	2268	90	0
4766	2	17	2269	91	0
4767	2	17	2270	92	0
4768	2	17	2271	93	0
4769	2	17	2272	94	0
4770	2	17	2273	95	0
4771	2	17	2274	96	0
4772	2	17	2275	97	0
4773	2	17	2276	98	0
4774	2	17	2277	99	0
4775	2	17	2278	100	0
4776	2	17	2279	101	0
4777	2	17	2280	102	0
4778	2	17	2281	103	0
4779	2	17	2282	104	0
4780	2	17	2283	105	0
4781	2	17	2284	106	0
4782	2	17	2285	107	0
4783	2	17	2286	108	0
4784	2	17	2287	109	0
4785	2	17	2288	110	0
4786	2	17	2289	111	0
4787	2	17	2290	112	0
4788	2	17	2291	113	0
4789	2	17	2292	114	0
4790	2	17	2293	115	0
4791	2	17	2294	116	0
4792	2	17	2295	117	0
4793	2	17	2296	118	0
4794	2	17	2297	119	0
4795	2	17	2298	120	0
4796	0	18	2372	2385	3
4797	0	18	2385	2304	1
4798	0	18	2304	2412	70
4799	0	18	2412	2304	72
4800	0	18	2304	2385	1
4801	0	18	2385	2371	3
4802	1	18	0	2299	0
4803	1	18	1	2300	0
4804	1	18	2	2301	0
4805	1	18	3	2302	0
4806	1	18	4	2303	0
4807	1	18	5	2304	0
4808	1	18	6	2305	0
4809	1	18	7	2306	0
4810	1	18	8	2307	0
4811	1	18	9	2308	0
4812	1	18	10	2309	0
4813	1	18	11	2310	0
4814	1	18	12	2311	0
4815	1	18	13	2312	0
4816	1	18	14	2313	0
4817	1	18	15	2314	0
4818	1	18	16	2315	0
4819	1	18	17	2316	0
4820	1	18	18	2317	0
4821	1	18	19	2318	0
4822	1	18	20	2319	0
4823	1	18	21	2320	0
4824	1	18	22	2321	0
4825	1	18	23	2322	0
4826	1	18	24	2323	0
4827	1	18	25	2324	0
4828	1	18	26	2325	0
4829	1	18	27	2326	0
4830	1	18	28	2327	0
4831	1	18	29	2328	0
4832	1	18	30	2329	0
4833	1	18	31	2330	0
4834	1	18	32	2331	0
4835	1	18	33	2332	0
4836	1	18	34	2333	0
4837	1	18	35	2334	0
4838	1	18	36	2335	0
4839	1	18	37	2336	0
4840	1	18	38	2337	0
4841	1	18	39	2338	0
4842	1	18	40	2339	0
4843	1	18	41	2340	0
4844	1	18	42	2341	0
4845	1	18	43	2342	0
4846	1	18	44	2343	0
4847	1	18	45	2344	0
4848	1	18	46	2345	0
4849	1	18	47	2346	0
4850	1	18	48	2347	0
4851	1	18	49	2348	0
4852	1	18	50	2349	0
4853	1	18	51	2350	0
4854	1	18	52	2351	0
4855	1	18	53	2352	0
4856	1	18	54	2353	0
4857	1	18	55	2354	0
4858	1	18	56	2355	0
4859	1	18	57	2356	0
4860	1	18	58	2357	0
4861	1	18	59	2358	0
4862	1	18	60	2359	0
4863	1	18	61	2360	0
4864	1	18	62	2361	0
4865	1	18	63	2362	0
4866	1	18	64	2363	0
4867	1	18	65	2364	0
4868	1	18	66	2365	0
4869	1	18	67	2366	0
4870	1	18	68	2367	0
4871	1	18	69	2368	0
4872	1	18	70	2369	0
4873	1	18	71	2370	0
4874	1	18	72	2371	0
4875	1	18	73	2372	0
4876	1	18	74	2373	0
4877	1	18	75	2374	0
4878	1	18	76	2375	0
4879	1	18	77	2376	0
4880	1	18	78	2377	0
4881	1	18	79	2378	0
4882	1	18	80	2379	0
4883	1	18	81	2380	0
4884	1	18	82	2381	0
4885	1	18	83	2382	0
4886	1	18	84	2383	0
4887	1	18	85	2384	0
4888	1	18	86	2385	0
4889	1	18	87	2386	0
4890	1	18	88	2387	0
4891	1	18	89	2388	0
4892	1	18	90	2389	0
4893	1	18	91	2390	0
4894	1	18	92	2391	0
4895	1	18	93	2392	0
4896	1	18	94	2393	0
4897	1	18	95	2394	0
4898	1	18	96	2395	0
4899	1	18	97	2396	0
4900	1	18	98	2397	0
4901	1	18	99	2398	0
4902	1	18	100	2399	0
4903	1	18	101	2400	0
4904	1	18	102	2401	0
4905	1	18	103	2402	0
4906	1	18	104	2403	0
4907	1	18	105	2404	0
4908	1	18	106	2405	0
4909	1	18	107	2406	0
4910	1	18	108	2407	0
4911	1	18	109	2408	0
4912	1	18	110	2409	0
4913	1	18	111	2410	0
4914	1	18	112	2411	0
4915	1	18	113	2412	0
4916	1	18	114	2413	0
4917	1	18	115	2414	0
4918	1	18	116	2415	0
4919	1	18	117	2416	0
4920	1	18	118	2417	0
4921	1	18	119	2418	0
4922	1	18	120	2419	0
4923	2	18	2299	0	0
4924	2	18	2300	1	0
4925	2	18	2301	2	0
4926	2	18	2302	3	0
4927	2	18	2303	4	0
4928	2	18	2304	5	0
4929	2	18	2305	6	0
4930	2	18	2306	7	0
4931	2	18	2307	8	0
4932	2	18	2308	9	0
4933	2	18	2309	10	0
4934	2	18	2310	11	0
4935	2	18	2311	12	0
4936	2	18	2312	13	0
4937	2	18	2313	14	0
4938	2	18	2314	15	0
4939	2	18	2315	16	0
4940	2	18	2316	17	0
4941	2	18	2317	18	0
4942	2	18	2318	19	0
4943	2	18	2319	20	0
4944	2	18	2320	21	0
4945	2	18	2321	22	0
4946	2	18	2322	23	0
4947	2	18	2323	24	0
4948	2	18	2324	25	0
4949	2	18	2325	26	0
4950	2	18	2326	27	0
4951	2	18	2327	28	0
4952	2	18	2328	29	0
4953	2	18	2329	30	0
4954	2	18	2330	31	0
4955	2	18	2331	32	0
4956	2	18	2332	33	0
4957	2	18	2333	34	0
4958	2	18	2334	35	0
4959	2	18	2335	36	0
4960	2	18	2336	37	0
4961	2	18	2337	38	0
4962	2	18	2338	39	0
4963	2	18	2339	40	0
4964	2	18	2340	41	0
4965	2	18	2341	42	0
4966	2	18	2342	43	0
4967	2	18	2343	44	0
4968	2	18	2344	45	0
4969	2	18	2345	46	0
4970	2	18	2346	47	0
4971	2	18	2347	48	0
4972	2	18	2348	49	0
4973	2	18	2349	50	0
4974	2	18	2350	51	0
4975	2	18	2351	52	0
4976	2	18	2352	53	0
4977	2	18	2353	54	0
4978	2	18	2354	55	0
4979	2	18	2355	56	0
4980	2	18	2356	57	0
4981	2	18	2357	58	0
4982	2	18	2358	59	0
4983	2	18	2359	60	0
4984	2	18	2360	61	0
4985	2	18	2361	62	0
4986	2	18	2362	63	0
4987	2	18	2363	64	0
4988	2	18	2364	65	0
4989	2	18	2365	66	0
4990	2	18	2366	67	0
4991	2	18	2367	68	0
4992	2	18	2368	69	0
4993	2	18	2369	70	0
4994	2	18	2370	71	0
4995	2	18	2371	72	0
4996	2	18	2372	73	0
4997	2	18	2373	74	0
4998	2	18	2374	75	0
4999	2	18	2375	76	0
5000	2	18	2376	77	0
5001	2	18	2377	78	0
5002	2	18	2378	79	0
5003	2	18	2379	80	0
5004	2	18	2380	81	0
5005	2	18	2381	82	0
5006	2	18	2382	83	0
5007	2	18	2383	84	0
5008	2	18	2384	85	0
5009	2	18	2385	86	0
5010	2	18	2386	87	0
5011	2	18	2387	88	0
5012	2	18	2388	89	0
5013	2	18	2389	90	0
5014	2	18	2390	91	0
5015	2	18	2391	92	0
5016	2	18	2392	93	0
5017	2	18	2393	94	0
5018	2	18	2394	95	0
5019	2	18	2395	96	0
5020	2	18	2396	97	0
5021	2	18	2397	98	0
5022	2	18	2398	99	0
5023	2	18	2399	100	0
5024	2	18	2400	101	0
5025	2	18	2401	102	0
5026	2	18	2402	103	0
5027	2	18	2403	104	0
5028	2	18	2404	105	0
5029	2	18	2405	106	0
5030	2	18	2406	107	0
5031	2	18	2407	108	0
5032	2	18	2408	109	0
5033	2	18	2409	110	0
5034	2	18	2410	111	0
5035	2	18	2411	112	0
5036	2	18	2412	113	0
5037	2	18	2413	114	0
5038	2	18	2414	115	0
5039	2	18	2415	116	0
5040	2	18	2416	117	0
5041	2	18	2417	118	0
5042	2	18	2418	119	0
5043	2	18	2419	120	0
5044	0	19	2493	2466	1
5045	0	19	2466	2450	3
5046	0	19	2450	2463	2
5047	0	19	2463	2534	40
5048	0	19	2534	2463	39
5049	0	19	2463	2450	2
5050	0	19	2450	2466	6
5051	0	19	2466	2492	1
5052	1	19	0	2420	0
5053	1	19	1	2421	0
5054	1	19	2	2422	0
5055	1	19	3	2423	0
5056	1	19	4	2424	0
5057	1	19	5	2425	0
5058	1	19	6	2426	0
5059	1	19	7	2427	0
5060	1	19	8	2428	0
5061	1	19	9	2429	0
5062	1	19	10	2430	0
5063	1	19	11	2431	0
5064	1	19	12	2432	0
5065	1	19	13	2433	0
5066	1	19	14	2434	0
5067	1	19	15	2435	0
5068	1	19	16	2436	0
5069	1	19	17	2437	0
5070	1	19	18	2438	0
5071	1	19	19	2439	0
5072	1	19	20	2440	0
5073	1	19	21	2441	0
5074	1	19	22	2442	0
5075	1	19	23	2443	0
5076	1	19	24	2444	0
5077	1	19	25	2445	0
5078	1	19	26	2446	0
5079	1	19	27	2447	0
5080	1	19	28	2448	0
5081	1	19	29	2449	0
5082	1	19	30	2450	0
5083	1	19	31	2451	0
5084	1	19	32	2452	0
5085	1	19	33	2453	0
5086	1	19	34	2454	0
5087	1	19	35	2455	0
5088	1	19	36	2456	0
5089	1	19	37	2457	0
5090	1	19	38	2458	0
5091	1	19	39	2459	0
5092	1	19	40	2460	0
5093	1	19	41	2461	0
5094	1	19	42	2462	0
5095	1	19	43	2463	0
5096	1	19	44	2464	0
5097	1	19	45	2465	0
5098	1	19	46	2466	0
5099	1	19	47	2467	0
5100	1	19	48	2468	0
5101	1	19	49	2469	0
5102	1	19	50	2470	0
5103	1	19	51	2471	0
5104	1	19	52	2472	0
5105	1	19	53	2473	0
5106	1	19	54	2474	0
5107	1	19	55	2475	0
5108	1	19	56	2476	0
5109	1	19	57	2477	0
5110	1	19	58	2478	0
5111	1	19	59	2479	0
5112	1	19	60	2480	0
5113	1	19	61	2481	0
5114	1	19	62	2482	0
5115	1	19	63	2483	0
5116	1	19	64	2484	0
5117	1	19	65	2485	0
5118	1	19	66	2486	0
5119	1	19	67	2487	0
5120	1	19	68	2488	0
5121	1	19	69	2489	0
5122	1	19	70	2490	0
5123	1	19	71	2491	0
5124	1	19	72	2492	0
5125	1	19	73	2493	0
5126	1	19	74	2494	0
5127	1	19	75	2495	0
5128	1	19	76	2496	0
5129	1	19	77	2497	0
5130	1	19	78	2498	0
5131	1	19	79	2499	0
5132	1	19	80	2500	0
5133	1	19	81	2501	0
5134	1	19	82	2502	0
5135	1	19	83	2503	0
5136	1	19	84	2504	0
5137	1	19	85	2505	0
5138	1	19	86	2506	0
5139	1	19	87	2507	0
5140	1	19	88	2508	0
5141	1	19	89	2509	0
5142	1	19	90	2510	0
5143	1	19	91	2511	0
5144	1	19	92	2512	0
5145	1	19	93	2513	0
5146	1	19	94	2514	0
5147	1	19	95	2515	0
5148	1	19	96	2516	0
5149	1	19	97	2517	0
5150	1	19	98	2518	0
5151	1	19	99	2519	0
5152	1	19	100	2520	0
5153	1	19	101	2521	0
5154	1	19	102	2522	0
5155	1	19	103	2523	0
5156	1	19	104	2524	0
5157	1	19	105	2525	0
5158	1	19	106	2526	0
5159	1	19	107	2527	0
5160	1	19	108	2528	0
5161	1	19	109	2529	0
5162	1	19	110	2530	0
5163	1	19	111	2531	0
5164	1	19	112	2532	0
5165	1	19	113	2533	0
5166	1	19	114	2534	0
5167	1	19	115	2535	0
5168	1	19	116	2536	0
5169	1	19	117	2537	0
5170	1	19	118	2538	0
5171	1	19	119	2539	0
5172	1	19	120	2540	0
5173	2	19	2420	0	0
5174	2	19	2421	1	0
5175	2	19	2422	2	0
5176	2	19	2423	3	0
5177	2	19	2424	4	0
5178	2	19	2425	5	0
5179	2	19	2426	6	0
5180	2	19	2427	7	0
5181	2	19	2428	8	0
5182	2	19	2429	9	0
5183	2	19	2430	10	0
5184	2	19	2431	11	0
5185	2	19	2432	12	0
5186	2	19	2433	13	0
5187	2	19	2434	14	0
5188	2	19	2435	15	0
5189	2	19	2436	16	0
5190	2	19	2437	17	0
5191	2	19	2438	18	0
5192	2	19	2439	19	0
5193	2	19	2440	20	0
5194	2	19	2441	21	0
5195	2	19	2442	22	0
5196	2	19	2443	23	0
5197	2	19	2444	24	0
5198	2	19	2445	25	0
5199	2	19	2446	26	0
5200	2	19	2447	27	0
5201	2	19	2448	28	0
5202	2	19	2449	29	0
5203	2	19	2450	30	0
5204	2	19	2451	31	0
5205	2	19	2452	32	0
5206	2	19	2453	33	0
5207	2	19	2454	34	0
5208	2	19	2455	35	0
5209	2	19	2456	36	0
5210	2	19	2457	37	0
5211	2	19	2458	38	0
5212	2	19	2459	39	0
5213	2	19	2460	40	0
5214	2	19	2461	41	0
5215	2	19	2462	42	0
5216	2	19	2463	43	0
5217	2	19	2464	44	0
5218	2	19	2465	45	0
5219	2	19	2466	46	0
5220	2	19	2467	47	0
5221	2	19	2468	48	0
5222	2	19	2469	49	0
5223	2	19	2470	50	0
5224	2	19	2471	51	0
5225	2	19	2472	52	0
5226	2	19	2473	53	0
5227	2	19	2474	54	0
5228	2	19	2475	55	0
5229	2	19	2476	56	0
5230	2	19	2477	57	0
5231	2	19	2478	58	0
5232	2	19	2479	59	0
5233	2	19	2480	60	0
5234	2	19	2481	61	0
5235	2	19	2482	62	0
5236	2	19	2483	63	0
5237	2	19	2484	64	0
5238	2	19	2485	65	0
5239	2	19	2486	66	0
5240	2	19	2487	67	0
5241	2	19	2488	68	0
5242	2	19	2489	69	0
5243	2	19	2490	70	0
5244	2	19	2491	71	0
5245	2	19	2492	72	0
5246	2	19	2493	73	0
5247	2	19	2494	74	0
5248	2	19	2495	75	0
5249	2	19	2496	76	0
5250	2	19	2497	77	0
5251	2	19	2498	78	0
5252	2	19	2499	79	0
5253	2	19	2500	80	0
5254	2	19	2501	81	0
5255	2	19	2502	82	0
5256	2	19	2503	83	0
5257	2	19	2504	84	0
5258	2	19	2505	85	0
5259	2	19	2506	86	0
5260	2	19	2507	87	0
5261	2	19	2508	88	0
5262	2	19	2509	89	0
5263	2	19	2510	90	0
5264	2	19	2511	91	0
5265	2	19	2512	92	0
5266	2	19	2513	93	0
5267	2	19	2514	94	0
5268	2	19	2515	95	0
5269	2	19	2516	96	0
5270	2	19	2517	97	0
5271	2	19	2518	98	0
5272	2	19	2519	99	0
5273	2	19	2520	100	0
5274	2	19	2521	101	0
5275	2	19	2522	102	0
5276	2	19	2523	103	0
5277	2	19	2524	104	0
5278	2	19	2525	105	0
5279	2	19	2526	106	0
5280	2	19	2527	107	0
5281	2	19	2528	108	0
5282	2	19	2529	109	0
5283	2	19	2530	110	0
5284	2	19	2531	111	0
5285	2	19	2532	112	0
5286	2	19	2533	113	0
5287	2	19	2534	114	0
5288	2	19	2535	115	0
5289	2	19	2536	116	0
5290	2	19	2537	117	0
5291	2	19	2538	118	0
5292	2	19	2539	119	0
5293	2	19	2540	120	0
5294	0	20	2614	2587	1
5295	0	20	2587	2571	3
5296	0	20	2571	2584	2
5297	0	20	2584	2656	33
5298	0	20	2656	2584	33
5299	0	20	2584	2571	2
5300	0	20	2571	2587	4
5301	0	20	2587	2613	1
5302	1	20	0	2541	0
5303	1	20	1	2542	0
5304	1	20	2	2543	0
5305	1	20	3	2544	0
5306	1	20	4	2545	0
5307	1	20	5	2546	0
5308	1	20	6	2547	0
5309	1	20	7	2548	0
5310	1	20	8	2549	0
5311	1	20	9	2550	0
5312	1	20	10	2551	0
5313	1	20	11	2552	0
5314	1	20	12	2553	0
5315	1	20	13	2554	0
5316	1	20	14	2555	0
5317	1	20	15	2556	0
5318	1	20	16	2557	0
5319	1	20	17	2558	0
5320	1	20	18	2559	0
5321	1	20	19	2560	0
5322	1	20	20	2561	0
5323	1	20	21	2562	0
5324	1	20	22	2563	0
5325	1	20	23	2564	0
5326	1	20	24	2565	0
5327	1	20	25	2566	0
5328	1	20	26	2567	0
5329	1	20	27	2568	0
5330	1	20	28	2569	0
5331	1	20	29	2570	0
5332	1	20	30	2571	0
5333	1	20	31	2572	0
5334	1	20	32	2573	0
5335	1	20	33	2574	0
5336	1	20	34	2575	0
5337	1	20	35	2576	0
5338	1	20	36	2577	0
5339	1	20	37	2578	0
5340	1	20	38	2579	0
5341	1	20	39	2580	0
5342	1	20	40	2581	0
5343	1	20	41	2582	0
5344	1	20	42	2583	0
5345	1	20	43	2584	0
5346	1	20	44	2585	0
5347	1	20	45	2586	0
5348	1	20	46	2587	0
5349	1	20	47	2588	0
5350	1	20	48	2589	0
5351	1	20	49	2590	0
5352	1	20	50	2591	0
5353	1	20	51	2592	0
5354	1	20	52	2593	0
5355	1	20	53	2594	0
5356	1	20	54	2595	0
5357	1	20	55	2596	0
5358	1	20	56	2597	0
5359	1	20	57	2598	0
5360	1	20	58	2599	0
5361	1	20	59	2600	0
5362	1	20	60	2601	0
5363	1	20	61	2602	0
5364	1	20	62	2603	0
5365	1	20	63	2604	0
5366	1	20	64	2605	0
5367	1	20	65	2606	0
5368	1	20	66	2607	0
5369	1	20	67	2608	0
5370	1	20	68	2609	0
5371	1	20	69	2610	0
5372	1	20	70	2611	0
5373	1	20	71	2612	0
5374	1	20	72	2613	0
5375	1	20	73	2614	0
5376	1	20	74	2615	0
5377	1	20	75	2616	0
5378	1	20	76	2617	0
5379	1	20	77	2618	0
5380	1	20	78	2619	0
5381	1	20	79	2620	0
5382	1	20	80	2621	0
5383	1	20	81	2622	0
5384	1	20	82	2623	0
5385	1	20	83	2624	0
5386	1	20	84	2625	0
5387	1	20	85	2626	0
5388	1	20	86	2627	0
5389	1	20	87	2628	0
5390	1	20	88	2629	0
5391	1	20	89	2630	0
5392	1	20	90	2631	0
5393	1	20	91	2632	0
5394	1	20	92	2633	0
5395	1	20	93	2634	0
5396	1	20	94	2635	0
5397	1	20	95	2636	0
5398	1	20	96	2637	0
5399	1	20	97	2638	0
5400	1	20	98	2639	0
5401	1	20	99	2640	0
5402	1	20	100	2641	0
5403	1	20	101	2642	0
5404	1	20	102	2643	0
5405	1	20	103	2644	0
5406	1	20	104	2645	0
5407	1	20	105	2646	0
5408	1	20	106	2647	0
5409	1	20	107	2648	0
5410	1	20	108	2649	0
5411	1	20	109	2650	0
5412	1	20	110	2651	0
5413	1	20	111	2652	0
5414	1	20	112	2653	0
5415	1	20	113	2654	0
5416	1	20	114	2655	0
5417	1	20	115	2656	0
5418	1	20	116	2657	0
5419	1	20	117	2658	0
5420	1	20	118	2659	0
5421	1	20	119	2660	0
5422	1	20	120	2661	0
5423	2	20	2541	0	0
5424	2	20	2542	1	0
5425	2	20	2543	2	0
5426	2	20	2544	3	0
5427	2	20	2545	4	0
5428	2	20	2546	5	0
5429	2	20	2547	6	0
5430	2	20	2548	7	0
5431	2	20	2549	8	0
5432	2	20	2550	9	0
5433	2	20	2551	10	0
5434	2	20	2552	11	0
5435	2	20	2553	12	0
5436	2	20	2554	13	0
5437	2	20	2555	14	0
5438	2	20	2556	15	0
5439	2	20	2557	16	0
5440	2	20	2558	17	0
5441	2	20	2559	18	0
5442	2	20	2560	19	0
5443	2	20	2561	20	0
5444	2	20	2562	21	0
5445	2	20	2563	22	0
5446	2	20	2564	23	0
5447	2	20	2565	24	0
5448	2	20	2566	25	0
5449	2	20	2567	26	0
5450	2	20	2568	27	0
5451	2	20	2569	28	0
5452	2	20	2570	29	0
5453	2	20	2571	30	0
5454	2	20	2572	31	0
5455	2	20	2573	32	0
5456	2	20	2574	33	0
5457	2	20	2575	34	0
5458	2	20	2576	35	0
5459	2	20	2577	36	0
5460	2	20	2578	37	0
5461	2	20	2579	38	0
5462	2	20	2580	39	0
5463	2	20	2581	40	0
5464	2	20	2582	41	0
5465	2	20	2583	42	0
5466	2	20	2584	43	0
5467	2	20	2585	44	0
5468	2	20	2586	45	0
5469	2	20	2587	46	0
5470	2	20	2588	47	0
5471	2	20	2589	48	0
5472	2	20	2590	49	0
5473	2	20	2591	50	0
5474	2	20	2592	51	0
5475	2	20	2593	52	0
5476	2	20	2594	53	0
5477	2	20	2595	54	0
5478	2	20	2596	55	0
5479	2	20	2597	56	0
5480	2	20	2598	57	0
5481	2	20	2599	58	0
5482	2	20	2600	59	0
5483	2	20	2601	60	0
5484	2	20	2602	61	0
5485	2	20	2603	62	0
5486	2	20	2604	63	0
5487	2	20	2605	64	0
5488	2	20	2606	65	0
5489	2	20	2607	66	0
5490	2	20	2608	67	0
5491	2	20	2609	68	0
5492	2	20	2610	69	0
5493	2	20	2611	70	0
5494	2	20	2612	71	0
5495	2	20	2613	72	0
5496	2	20	2614	73	0
5497	2	20	2615	74	0
5498	2	20	2616	75	0
5499	2	20	2617	76	0
5500	2	20	2618	77	0
5501	2	20	2619	78	0
5502	2	20	2620	79	0
5503	2	20	2621	80	0
5504	2	20	2622	81	0
5505	2	20	2623	82	0
5506	2	20	2624	83	0
5507	2	20	2625	84	0
5508	2	20	2626	85	0
5509	2	20	2627	86	0
5510	2	20	2628	87	0
5511	2	20	2629	88	0
5512	2	20	2630	89	0
5513	2	20	2631	90	0
5514	2	20	2632	91	0
5515	2	20	2633	92	0
5516	2	20	2634	93	0
5517	2	20	2635	94	0
5518	2	20	2636	95	0
5519	2	20	2637	96	0
5520	2	20	2638	97	0
5521	2	20	2639	98	0
5522	2	20	2640	99	0
5523	2	20	2641	100	0
5524	2	20	2642	101	0
5525	2	20	2643	102	0
5526	2	20	2644	103	0
5527	2	20	2645	104	0
5528	2	20	2646	105	0
5529	2	20	2647	106	0
5530	2	20	2648	107	0
5531	2	20	2649	108	0
5532	2	20	2650	109	0
5533	2	20	2651	110	0
5534	2	20	2652	111	0
5535	2	20	2653	112	0
5536	2	20	2654	113	0
5537	2	20	2655	114	0
5538	2	20	2656	115	0
5539	2	20	2657	116	0
5540	2	20	2658	117	0
5541	2	20	2659	118	0
5542	2	20	2660	119	0
5543	2	20	2661	120	0
5544	0	21	2778	2667	17
5545	0	21	2667	2748	1
5546	0	21	2748	2734	4
5547	0	21	2734	2735	2
5548	0	21	2735	2708	1
5549	0	21	2708	2686	3
5550	0	21	2686	2724	2
5551	0	21	2724	2697	3
5552	0	21	2697	2733	3
5553	0	21	2733	2779	17
5554	0	21	2779	2733	17
5555	0	21	2733	2697	3
5556	0	21	2697	2724	2
5557	0	21	2724	2686	2
5558	0	21	2686	2708	2
5559	0	21	2708	2734	2
5560	0	21	2735	2748	3
5561	0	21	2748	2667	1
5562	0	21	2667	2778	17
5563	1	21	0	2662	0
5564	1	21	1	2663	0
5565	1	21	2	2664	0
5566	1	21	3	2665	0
5567	1	21	4	2666	0
5568	1	21	5	2667	0
5569	1	21	6	2668	0
5570	1	21	7	2669	0
5571	1	21	8	2670	0
5572	1	21	9	2671	0
5573	1	21	10	2672	0
5574	1	21	11	2673	0
5575	1	21	12	2674	0
5576	1	21	13	2675	0
5577	1	21	14	2676	0
5578	1	21	15	2677	0
5579	1	21	16	2678	0
5580	1	21	17	2679	0
5581	1	21	18	2680	0
5582	1	21	19	2681	0
5583	1	21	20	2682	0
5584	1	21	21	2683	0
5585	1	21	22	2684	0
5586	1	21	23	2685	0
5587	1	21	24	2686	0
5588	1	21	25	2687	0
5589	1	21	26	2688	0
5590	1	21	27	2689	0
5591	1	21	28	2690	0
5592	1	21	29	2691	0
5593	1	21	30	2692	0
5594	1	21	31	2693	0
5595	1	21	32	2694	0
5596	1	21	33	2695	0
5597	1	21	34	2696	0
5598	1	21	35	2697	0
5599	1	21	36	2698	0
5600	1	21	37	2699	0
5601	1	21	38	2700	0
5602	1	21	39	2701	0
5603	1	21	40	2702	0
5604	1	21	41	2703	0
5605	1	21	42	2704	0
5606	1	21	43	2705	0
5607	1	21	44	2706	0
5608	1	21	45	2707	0
5609	1	21	46	2708	0
5610	1	21	47	2709	0
5611	1	21	48	2710	0
5612	1	21	49	2711	0
5613	1	21	50	2712	0
5614	1	21	51	2713	0
5615	1	21	52	2714	0
5616	1	21	53	2715	0
5617	1	21	54	2716	0
5618	1	21	55	2717	0
5619	1	21	56	2718	0
5620	1	21	57	2719	0
5621	1	21	58	2720	0
5622	1	21	59	2721	0
5623	1	21	60	2722	0
5624	1	21	61	2723	0
5625	1	21	62	2724	0
5626	1	21	63	2725	0
5627	1	21	64	2726	0
5628	1	21	65	2727	0
5629	1	21	66	2728	0
5630	1	21	67	2729	0
5631	1	21	68	2730	0
5632	1	21	69	2731	0
5633	1	21	70	2732	0
5634	1	21	71	2733	0
5635	1	21	72	2734	0
5636	1	21	73	2735	0
5637	1	21	74	2736	0
5638	1	21	75	2737	0
5639	1	21	76	2738	0
5640	1	21	77	2739	0
5641	1	21	78	2740	0
5642	1	21	79	2741	0
5643	1	21	80	2742	0
5644	1	21	81	2743	0
5645	1	21	82	2744	0
5646	1	21	83	2745	0
5647	1	21	84	2746	0
5648	1	21	85	2747	0
5649	1	21	86	2748	0
5650	1	21	87	2749	0
5651	1	21	88	2750	0
5652	1	21	89	2751	0
5653	1	21	90	2752	0
5654	1	21	91	2753	0
5655	1	21	92	2754	0
5656	1	21	93	2755	0
5657	1	21	94	2756	0
5658	1	21	95	2757	0
5659	1	21	96	2758	0
5660	1	21	97	2759	0
5661	1	21	98	2760	0
5662	1	21	99	2761	0
5663	1	21	100	2762	0
5664	1	21	101	2763	0
5665	1	21	102	2764	0
5666	1	21	103	2765	0
5667	1	21	104	2766	0
5668	1	21	105	2767	0
5669	1	21	106	2768	0
5670	1	21	107	2769	0
5671	1	21	108	2770	0
5672	1	21	109	2771	0
5673	1	21	110	2772	0
5674	1	21	111	2773	0
5675	1	21	112	2774	0
5676	1	21	113	2775	0
5677	1	21	114	2776	0
5678	1	21	115	2777	0
5679	1	21	116	2778	0
5680	1	21	117	2779	0
5681	1	21	118	2780	0
5682	1	21	119	2781	0
5683	1	21	120	2782	0
5684	2	21	2662	0	0
5685	2	21	2663	1	0
5686	2	21	2664	2	0
5687	2	21	2665	3	0
5688	2	21	2666	4	0
5689	2	21	2667	5	0
5690	2	21	2668	6	0
5691	2	21	2669	7	0
5692	2	21	2670	8	0
5693	2	21	2671	9	0
5694	2	21	2672	10	0
5695	2	21	2673	11	0
5696	2	21	2674	12	0
5697	2	21	2675	13	0
5698	2	21	2676	14	0
5699	2	21	2677	15	0
5700	2	21	2678	16	0
5701	2	21	2679	17	0
5702	2	21	2680	18	0
5703	2	21	2681	19	0
5704	2	21	2682	20	0
5705	2	21	2683	21	0
5706	2	21	2684	22	0
5707	2	21	2685	23	0
5708	2	21	2686	24	0
5709	2	21	2687	25	0
5710	2	21	2688	26	0
5711	2	21	2689	27	0
5712	2	21	2690	28	0
5713	2	21	2691	29	0
5714	2	21	2692	30	0
5715	2	21	2693	31	0
5716	2	21	2694	32	0
5717	2	21	2695	33	0
5718	2	21	2696	34	0
5719	2	21	2697	35	0
5720	2	21	2698	36	0
5721	2	21	2699	37	0
5722	2	21	2700	38	0
5723	2	21	2701	39	0
5724	2	21	2702	40	0
5725	2	21	2703	41	0
5726	2	21	2704	42	0
5727	2	21	2705	43	0
5728	2	21	2706	44	0
5729	2	21	2707	45	0
5730	2	21	2708	46	0
5731	2	21	2709	47	0
5732	2	21	2710	48	0
5733	2	21	2711	49	0
5734	2	21	2712	50	0
5735	2	21	2713	51	0
5736	2	21	2714	52	0
5737	2	21	2715	53	0
5738	2	21	2716	54	0
5739	2	21	2717	55	0
5740	2	21	2718	56	0
5741	2	21	2719	57	0
5742	2	21	2720	58	0
5743	2	21	2721	59	0
5744	2	21	2722	60	0
5745	2	21	2723	61	0
5746	2	21	2724	62	0
5747	2	21	2725	63	0
5748	2	21	2726	64	0
5749	2	21	2727	65	0
5750	2	21	2728	66	0
5751	2	21	2729	67	0
5752	2	21	2730	68	0
5753	2	21	2731	69	0
5754	2	21	2732	70	0
5755	2	21	2733	71	0
5756	2	21	2734	72	0
5757	2	21	2735	73	0
5758	2	21	2736	74	0
5759	2	21	2737	75	0
5760	2	21	2738	76	0
5761	2	21	2739	77	0
5762	2	21	2740	78	0
5763	2	21	2741	79	0
5764	2	21	2742	80	0
5765	2	21	2743	81	0
5766	2	21	2744	82	0
5767	2	21	2745	83	0
5768	2	21	2746	84	0
5769	2	21	2747	85	0
5770	2	21	2748	86	0
5771	2	21	2749	87	0
5772	2	21	2750	88	0
5773	2	21	2751	89	0
5774	2	21	2752	90	0
5775	2	21	2753	91	0
5776	2	21	2754	92	0
5777	2	21	2755	93	0
5778	2	21	2756	94	0
5779	2	21	2757	95	0
5780	2	21	2758	96	0
5781	2	21	2759	97	0
5782	2	21	2760	98	0
5783	2	21	2761	99	0
5784	2	21	2762	100	0
5785	2	21	2763	101	0
5786	2	21	2764	102	0
5787	2	21	2765	103	0
5788	2	21	2766	104	0
5789	2	21	2767	105	0
5790	2	21	2768	106	0
5791	2	21	2769	107	0
5792	2	21	2770	108	0
5793	2	21	2771	109	0
5794	2	21	2772	110	0
5795	2	21	2773	111	0
5796	2	21	2774	112	0
5797	2	21	2775	113	0
5798	2	21	2776	114	0
5799	2	21	2777	115	0
5800	2	21	2778	116	0
5801	2	21	2779	117	0
5802	2	21	2780	118	0
5803	2	21	2781	119	0
5804	2	21	2782	120	0
5805	0	22	2900	2854	17
5806	0	22	2854	2818	3
5807	0	22	2818	2845	2
5808	0	22	2845	2807	2
5809	0	22	2807	2829	2
5810	0	22	2829	2855	2
5811	0	22	2855	2856	2
5812	0	22	2856	2869	3
5813	0	22	2869	2788	1
5814	0	22	2788	2901	20
5815	0	22	2901	2788	20
5816	0	22	2788	2869	1
5817	0	22	2869	2855	4
5818	0	22	2856	2829	1
5819	0	22	2829	2807	3
5820	0	22	2807	2845	2
5821	0	22	2845	2818	3
5822	0	22	2818	2854	3
5823	0	22	2854	2900	17
5824	1	22	0	2783	0
5825	1	22	1	2784	0
5826	1	22	2	2785	0
5827	1	22	3	2786	0
5828	1	22	4	2787	0
5829	1	22	5	2788	0
5830	1	22	6	2789	0
5831	1	22	7	2790	0
5832	1	22	8	2791	0
5833	1	22	9	2792	0
5834	1	22	10	2793	0
5835	1	22	11	2794	0
5836	1	22	12	2795	0
5837	1	22	13	2796	0
5838	1	22	14	2797	0
5839	1	22	15	2798	0
5840	1	22	16	2799	0
5841	1	22	17	2800	0
5842	1	22	18	2801	0
5843	1	22	19	2802	0
5844	1	22	20	2803	0
5845	1	22	21	2804	0
5846	1	22	22	2805	0
5847	1	22	23	2806	0
5848	1	22	24	2807	0
5849	1	22	25	2808	0
5850	1	22	26	2809	0
5851	1	22	27	2810	0
5852	1	22	28	2811	0
5853	1	22	29	2812	0
5854	1	22	30	2813	0
5855	1	22	31	2814	0
5856	1	22	32	2815	0
5857	1	22	33	2816	0
5858	1	22	34	2817	0
5859	1	22	35	2818	0
5860	1	22	36	2819	0
5861	1	22	37	2820	0
5862	1	22	38	2821	0
5863	1	22	39	2822	0
5864	1	22	40	2823	0
5865	1	22	41	2824	0
5866	1	22	42	2825	0
5867	1	22	43	2826	0
5868	1	22	44	2827	0
5869	1	22	45	2828	0
5870	1	22	46	2829	0
5871	1	22	47	2830	0
5872	1	22	48	2831	0
5873	1	22	49	2832	0
5874	1	22	50	2833	0
5875	1	22	51	2834	0
5876	1	22	52	2835	0
5877	1	22	53	2836	0
5878	1	22	54	2837	0
5879	1	22	55	2838	0
5880	1	22	56	2839	0
5881	1	22	57	2840	0
5882	1	22	58	2841	0
5883	1	22	59	2842	0
5884	1	22	60	2843	0
5885	1	22	61	2844	0
5886	1	22	62	2845	0
5887	1	22	63	2846	0
5888	1	22	64	2847	0
5889	1	22	65	2848	0
5890	1	22	66	2849	0
5891	1	22	67	2850	0
5892	1	22	68	2851	0
5893	1	22	69	2852	0
5894	1	22	70	2853	0
5895	1	22	71	2854	0
5896	1	22	72	2855	0
5897	1	22	73	2856	0
5898	1	22	74	2857	0
5899	1	22	75	2858	0
5900	1	22	76	2859	0
5901	1	22	77	2860	0
5902	1	22	78	2861	0
5903	1	22	79	2862	0
5904	1	22	80	2863	0
5905	1	22	81	2864	0
5906	1	22	82	2865	0
5907	1	22	83	2866	0
5908	1	22	84	2867	0
5909	1	22	85	2868	0
5910	1	22	86	2869	0
5911	1	22	87	2870	0
5912	1	22	88	2871	0
5913	1	22	89	2872	0
5914	1	22	90	2873	0
5915	1	22	91	2874	0
5916	1	22	92	2875	0
5917	1	22	93	2876	0
5918	1	22	94	2877	0
5919	1	22	95	2878	0
5920	1	22	96	2879	0
5921	1	22	97	2880	0
5922	1	22	98	2881	0
5923	1	22	99	2882	0
5924	1	22	100	2883	0
5925	1	22	101	2884	0
5926	1	22	102	2885	0
5927	1	22	103	2886	0
5928	1	22	104	2887	0
5929	1	22	105	2888	0
5930	1	22	106	2889	0
5931	1	22	107	2890	0
5932	1	22	108	2891	0
5933	1	22	109	2892	0
5934	1	22	110	2893	0
5935	1	22	111	2894	0
5936	1	22	112	2895	0
5937	1	22	113	2896	0
5938	1	22	114	2897	0
5939	1	22	115	2898	0
5940	1	22	116	2899	0
5941	1	22	117	2900	0
5942	1	22	118	2901	0
5943	1	22	119	2902	0
5944	1	22	120	2903	0
5945	2	22	2783	0	0
5946	2	22	2784	1	0
5947	2	22	2785	2	0
5948	2	22	2786	3	0
5949	2	22	2787	4	0
5950	2	22	2788	5	0
5951	2	22	2789	6	0
5952	2	22	2790	7	0
5953	2	22	2791	8	0
5954	2	22	2792	9	0
5955	2	22	2793	10	0
5956	2	22	2794	11	0
5957	2	22	2795	12	0
5958	2	22	2796	13	0
5959	2	22	2797	14	0
5960	2	22	2798	15	0
5961	2	22	2799	16	0
5962	2	22	2800	17	0
5963	2	22	2801	18	0
5964	2	22	2802	19	0
5965	2	22	2803	20	0
5966	2	22	2804	21	0
5967	2	22	2805	22	0
5968	2	22	2806	23	0
5969	2	22	2807	24	0
5970	2	22	2808	25	0
5971	2	22	2809	26	0
5972	2	22	2810	27	0
5973	2	22	2811	28	0
5974	2	22	2812	29	0
5975	2	22	2813	30	0
5976	2	22	2814	31	0
5977	2	22	2815	32	0
5978	2	22	2816	33	0
5979	2	22	2817	34	0
5980	2	22	2818	35	0
5981	2	22	2819	36	0
5982	2	22	2820	37	0
5983	2	22	2821	38	0
5984	2	22	2822	39	0
5985	2	22	2823	40	0
5986	2	22	2824	41	0
5987	2	22	2825	42	0
5988	2	22	2826	43	0
5989	2	22	2827	44	0
5990	2	22	2828	45	0
5991	2	22	2829	46	0
5992	2	22	2830	47	0
5993	2	22	2831	48	0
5994	2	22	2832	49	0
5995	2	22	2833	50	0
5996	2	22	2834	51	0
5997	2	22	2835	52	0
5998	2	22	2836	53	0
5999	2	22	2837	54	0
6000	2	22	2838	55	0
6001	2	22	2839	56	0
6002	2	22	2840	57	0
6003	2	22	2841	58	0
6004	2	22	2842	59	0
6005	2	22	2843	60	0
6006	2	22	2844	61	0
6007	2	22	2845	62	0
6008	2	22	2846	63	0
6009	2	22	2847	64	0
6010	2	22	2848	65	0
6011	2	22	2849	66	0
6012	2	22	2850	67	0
6013	2	22	2851	68	0
6014	2	22	2852	69	0
6015	2	22	2853	70	0
6016	2	22	2854	71	0
6017	2	22	2855	72	0
6018	2	22	2856	73	0
6019	2	22	2857	74	0
6020	2	22	2858	75	0
6021	2	22	2859	76	0
6022	2	22	2860	77	0
6023	2	22	2861	78	0
6024	2	22	2862	79	0
6025	2	22	2863	80	0
6026	2	22	2864	81	0
6027	2	22	2865	82	0
6028	2	22	2866	83	0
6029	2	22	2867	84	0
6030	2	22	2868	85	0
6031	2	22	2869	86	0
6032	2	22	2870	87	0
6033	2	22	2871	88	0
6034	2	22	2872	89	0
6035	2	22	2873	90	0
6036	2	22	2874	91	0
6037	2	22	2875	92	0
6038	2	22	2876	93	0
6039	2	22	2877	94	0
6040	2	22	2878	95	0
6041	2	22	2879	96	0
6042	2	22	2880	97	0
6043	2	22	2881	98	0
6044	2	22	2882	99	0
6045	2	22	2883	100	0
6046	2	22	2884	101	0
6047	2	22	2885	102	0
6048	2	22	2886	103	0
6049	2	22	2887	104	0
6050	2	22	2888	105	0
6051	2	22	2889	106	0
6052	2	22	2890	107	0
6053	2	22	2891	108	0
6054	2	22	2892	109	0
6055	2	22	2893	110	0
6056	2	22	2894	111	0
6057	2	22	2895	112	0
6058	2	22	2896	113	0
6059	2	22	2897	114	0
6060	2	22	2898	115	0
6061	2	22	2899	116	0
6062	2	22	2900	117	0
6063	2	22	2901	118	0
6064	2	22	2902	119	0
6065	2	22	2903	120	0
6066	0	23	2977	2950	1
6067	0	23	2950	2934	3
6068	0	23	2934	2947	2
6069	0	23	2947	3023	9
6070	0	23	3023	2947	8
6071	0	23	2947	2934	2
6072	0	23	2934	2950	4
6073	0	23	2950	2976	1
6074	1	23	0	2904	0
6075	1	23	1	2905	0
6076	1	23	2	2906	0
6077	1	23	3	2907	0
6078	1	23	4	2908	0
6079	1	23	5	2909	0
6080	1	23	6	2910	0
6081	1	23	7	2911	0
6082	1	23	8	2912	0
6083	1	23	9	2913	0
6084	1	23	10	2914	0
6085	1	23	11	2915	0
6086	1	23	12	2916	0
6087	1	23	13	2917	0
6088	1	23	14	2918	0
6089	1	23	15	2919	0
6090	1	23	16	2920	0
6091	1	23	17	2921	0
6092	1	23	18	2922	0
6093	1	23	19	2923	0
6094	1	23	20	2924	0
6095	1	23	21	2925	0
6096	1	23	22	2926	0
6097	1	23	23	2927	0
6098	1	23	24	2928	0
6099	1	23	25	2929	0
6100	1	23	26	2930	0
6101	1	23	27	2931	0
6102	1	23	28	2932	0
6103	1	23	29	2933	0
6104	1	23	30	2934	0
6105	1	23	31	2935	0
6106	1	23	32	2936	0
6107	1	23	33	2937	0
6108	1	23	34	2938	0
6109	1	23	35	2939	0
6110	1	23	36	2940	0
6111	1	23	37	2941	0
6112	1	23	38	2942	0
6113	1	23	39	2943	0
6114	1	23	40	2944	0
6115	1	23	41	2945	0
6116	1	23	42	2946	0
6117	1	23	43	2947	0
6118	1	23	44	2948	0
6119	1	23	45	2949	0
6120	1	23	46	2950	0
6121	1	23	47	2951	0
6122	1	23	48	2952	0
6123	1	23	49	2953	0
6124	1	23	50	2954	0
6125	1	23	51	2955	0
6126	1	23	52	2956	0
6127	1	23	53	2957	0
6128	1	23	54	2958	0
6129	1	23	55	2959	0
6130	1	23	56	2960	0
6131	1	23	57	2961	0
6132	1	23	58	2962	0
6133	1	23	59	2963	0
6134	1	23	60	2964	0
6135	1	23	61	2965	0
6136	1	23	62	2966	0
6137	1	23	63	2967	0
6138	1	23	64	2968	0
6139	1	23	65	2969	0
6140	1	23	66	2970	0
6141	1	23	67	2971	0
6142	1	23	68	2972	0
6143	1	23	69	2973	0
6144	1	23	70	2974	0
6145	1	23	71	2975	0
6146	1	23	72	2976	0
6147	1	23	73	2977	0
6148	1	23	74	2978	0
6149	1	23	75	2979	0
6150	1	23	76	2980	0
6151	1	23	77	2981	0
6152	1	23	78	2982	0
6153	1	23	79	2983	0
6154	1	23	80	2984	0
6155	1	23	81	2985	0
6156	1	23	82	2986	0
6157	1	23	83	2987	0
6158	1	23	84	2988	0
6159	1	23	85	2989	0
6160	1	23	86	2990	0
6161	1	23	87	2991	0
6162	1	23	88	2992	0
6163	1	23	89	2993	0
6164	1	23	90	2994	0
6165	1	23	91	2995	0
6166	1	23	92	2996	0
6167	1	23	93	2997	0
6168	1	23	94	2998	0
6169	1	23	95	2999	0
6170	1	23	96	3000	0
6171	1	23	97	3001	0
6172	1	23	98	3002	0
6173	1	23	99	3003	0
6174	1	23	100	3004	0
6175	1	23	101	3005	0
6176	1	23	102	3006	0
6177	1	23	103	3007	0
6178	1	23	104	3008	0
6179	1	23	105	3009	0
6180	1	23	106	3010	0
6181	1	23	107	3011	0
6182	1	23	108	3012	0
6183	1	23	109	3013	0
6184	1	23	110	3014	0
6185	1	23	111	3015	0
6186	1	23	112	3016	0
6187	1	23	113	3017	0
6188	1	23	114	3018	0
6189	1	23	115	3019	0
6190	1	23	116	3020	0
6191	1	23	117	3021	0
6192	1	23	118	3022	0
6193	1	23	119	3023	0
6194	1	23	120	3024	0
6195	2	23	2904	0	0
6196	2	23	2905	1	0
6197	2	23	2906	2	0
6198	2	23	2907	3	0
6199	2	23	2908	4	0
6200	2	23	2909	5	0
6201	2	23	2910	6	0
6202	2	23	2911	7	0
6203	2	23	2912	8	0
6204	2	23	2913	9	0
6205	2	23	2914	10	0
6206	2	23	2915	11	0
6207	2	23	2916	12	0
6208	2	23	2917	13	0
6209	2	23	2918	14	0
6210	2	23	2919	15	0
6211	2	23	2920	16	0
6212	2	23	2921	17	0
6213	2	23	2922	18	0
6214	2	23	2923	19	0
6215	2	23	2924	20	0
6216	2	23	2925	21	0
6217	2	23	2926	22	0
6218	2	23	2927	23	0
6219	2	23	2928	24	0
6220	2	23	2929	25	0
6221	2	23	2930	26	0
6222	2	23	2931	27	0
6223	2	23	2932	28	0
6224	2	23	2933	29	0
6225	2	23	2934	30	0
6226	2	23	2935	31	0
6227	2	23	2936	32	0
6228	2	23	2937	33	0
6229	2	23	2938	34	0
6230	2	23	2939	35	0
6231	2	23	2940	36	0
6232	2	23	2941	37	0
6233	2	23	2942	38	0
6234	2	23	2943	39	0
6235	2	23	2944	40	0
6236	2	23	2945	41	0
6237	2	23	2946	42	0
6238	2	23	2947	43	0
6239	2	23	2948	44	0
6240	2	23	2949	45	0
6241	2	23	2950	46	0
6242	2	23	2951	47	0
6243	2	23	2952	48	0
6244	2	23	2953	49	0
6245	2	23	2954	50	0
6246	2	23	2955	51	0
6247	2	23	2956	52	0
6248	2	23	2957	53	0
6249	2	23	2958	54	0
6250	2	23	2959	55	0
6251	2	23	2960	56	0
6252	2	23	2961	57	0
6253	2	23	2962	58	0
6254	2	23	2963	59	0
6255	2	23	2964	60	0
6256	2	23	2965	61	0
6257	2	23	2966	62	0
6258	2	23	2967	63	0
6259	2	23	2968	64	0
6260	2	23	2969	65	0
6261	2	23	2970	66	0
6262	2	23	2971	67	0
6263	2	23	2972	68	0
6264	2	23	2973	69	0
6265	2	23	2974	70	0
6266	2	23	2975	71	0
6267	2	23	2976	72	0
6268	2	23	2977	73	0
6269	2	23	2978	74	0
6270	2	23	2979	75	0
6271	2	23	2980	76	0
6272	2	23	2981	77	0
6273	2	23	2982	78	0
6274	2	23	2983	79	0
6275	2	23	2984	80	0
6276	2	23	2985	81	0
6277	2	23	2986	82	0
6278	2	23	2987	83	0
6279	2	23	2988	84	0
6280	2	23	2989	85	0
6281	2	23	2990	86	0
6282	2	23	2991	87	0
6283	2	23	2992	88	0
6284	2	23	2993	89	0
6285	2	23	2994	90	0
6286	2	23	2995	91	0
6287	2	23	2996	92	0
6288	2	23	2997	93	0
6289	2	23	2998	94	0
6290	2	23	2999	95	0
6291	2	23	3000	96	0
6292	2	23	3001	97	0
6293	2	23	3002	98	0
6294	2	23	3003	99	0
6295	2	23	3004	100	0
6296	2	23	3005	101	0
6297	2	23	3006	102	0
6298	2	23	3007	103	0
6299	2	23	3008	104	0
6300	2	23	3009	105	0
6301	2	23	3010	106	0
6302	2	23	3011	107	0
6303	2	23	3012	108	0
6304	2	23	3013	109	0
6305	2	23	3014	110	0
6306	2	23	3015	111	0
6307	2	23	3016	112	0
6308	2	23	3017	113	0
6309	2	23	3018	114	0
6310	2	23	3019	115	0
6311	2	23	3020	116	0
6312	2	23	3021	117	0
6313	2	23	3022	118	0
6314	2	23	3023	119	0
6315	2	23	3024	120	0
6316	3	-1	40	8	3.128916722287387
6317	3	-1	8	40	3.128916722287387
6318	3	-1	44	35	1.8746880153111452
6319	3	-1	35	44	1.8746880153111452
6320	3	-1	48	41	3.5834013929602317
6321	3	-1	41	48	3.5834013929602317
6322	3	-1	57	54	3.3414365034890365
6323	3	-1	54	57	3.3414365034890365
6324	3	-1	61	58	3.722149236569216
6325	3	-1	58	61	3.722149236569216
6326	3	-1	62	36	3.2492512481256473
6327	3	-1	36	62	3.2492512481256473
6328	3	-1	64	0	3.649381216001736
6329	3	-1	0	64	3.649381216001736
6330	3	-1	65	56	3.3625214019167555
6331	3	-1	56	65	3.3625214019167555
6332	3	-1	73	72	0.0
6333	3	-1	72	73	0.0
6334	3	-1	74	56	3.0443785497543394
6335	3	-1	56	74	3.0443785497543394
6336	3	-1	74	65	2.2088282091162275
6337	3	-1	65	74	2.2088282091162275
6338	3	-1	78	77	0.0
6339	3	-1	77	78	0.0
6340	3	-1	81	27	2.3737822570439118
6341	3	-1	27	81	2.3737822570439118
6342	3	-1	82	5	3.1309894016959348
6343	3	-1	5	82	3.1309894016959348
6344	3	-1	84	18	2.9068669436007917
6345	3	-1	18	84	2.9068669436007917
6346	3	-1	86	38	1.932551270656996
6347	3	-1	38	86	1.932551270656996
6348	3	-1	87	22	1.3134192757933365
6349	3	-1	22	87	1.3134192757933365
6350	3	-1	100	98	0.0
6351	3	-1	98	100	0.0
6352	4	-1	3025	10	4.853834673903378
6353	4	-1	10	3025	4.853834673903378
6354	4	-1	3025	35	6.120713004148179
6355	4	-1	35	3025	6.120713004148179
6356	4	-1	3025	39	5.52929796910782
6357	4	-1	39	3025	5.52929796910782
6358	4	-1	3025	44	4.523076953767835
6359	4	-1	44	3025	4.523076953767835
6360	4	-1	3026	24	7.297774020515998
6361	4	-1	24	3026	7.297774020515998
6362	4	-1	3026	62	4.417670203785354
6363	4	-1	62	3026	4.417670203785354
6364	4	-1	3027	53	3.372489148082016
6365	4	-1	53	3027	3.372489148082016
6366	4	-1	3028	97	3.009354445367115
6367	4	-1	97	3028	3.009354445367115
6368	4	-1	3029	76	2.334921923280056
6369	4	-1	76	3029	2.334921923280056
6370	4	-1	3030	30	3.7287113608700104
6371	4	-1	30	3030	3.7287113608700104
6372	4	-1	3031	83	4.867690811980616
6373	4	-1	83	3031	4.867690811980616
6374	4	-1	3032	25	5.332727939108604
6375	4	-1	25	3032	5.332727939108604
6376	4	-1	3032	89	3.931820248961259
6377	4	-1	89	3032	3.931820248961259
6378	4	-1	3033	68	0.6103381793457793
6379	4	-1	68	3033	0.6103381793457793
6380	4	-1	3034	50	14.206310246746591
6381	4	-1	50	3034	14.206310246746591
6382	4	-1	3034	94	14.31901319372159
6383	4	-1	94	3034	14.31901319372159
6384	4	-1	3035	18	20.359962704369966
6385	4	-1	18	3035	20.359962704369966
6386	4	-1	3035	40	22.965769650619478
6387	4	-1	40	3035	22.965769650619478
6388	4	-1	3035	52	28.992378883650563
6389	4	-1	52	3035	28.992378883650563
6390	4	-1	3035	68	28.22482764057565
6391	4	-1	68	3035	28.22482764057565
6392	4	-1	3036	22	1.1888544060818145
6393	4	-1	22	3036	1.1888544060818145
6394	4	-1	3036	87	0.7831567094375155
6395	4	-1	87	3036	0.7831567094375155
6396	4	-1	3037	13	3.7058832152795156
6397	4	-1	13	3037	3.7058832152795156
6398	4	-1	3038	16	2.58646207102085
6399	4	-1	16	3038	2.58646207102085
6400	4	-1	3038	23	3.271917590550922
6401	4	-1	23	3038	3.271917590550922
6402	4	-1	3039	82	7.197114461996539
6403	4	-1	82	3039	7.197114461996539
6404	4	-1	3040	1	2.123699076084419
6405	4	-1	1	3040	2.123699076084419
6406	4	-1	3041	14	2.4474421126667685
6407	4	-1	14	3041	2.4474421126667685
6408	4	-1	3042	93	1.504699285112354
6409	4	-1	93	3042	1.504699285112354
6410	4	-1	3043	48	3.32441485269133
6411	4	-1	48	3043	3.32441485269133
6412	4	-1	3044	75	2.2339008620093104
6413	4	-1	75	3044	2.2339008620093104
6414	4	-1	3045	88	2.495469077604178
6415	4	-1	88	3045	2.495469077604178
6416	4	-1	3046	36	3.7191712737656326
6417	4	-1	36	3046	3.7191712737656326
6418	4	-1	3046	59	0.07752133945118761
6419	4	-1	59	3046	0.07752133945118761
6420	4	-1	3047	28	2.214819564747477
6421	4	-1	28	3047	2.214819564747477
6422	4	-1	3048	39	1.4285847220487375
6423	4	-1	39	3048	1.4285847220487375
6424	4	-1	3049	48	2.215385728163894
6425	4	-1	48	3049	2.215385728163894
6426	4	-1	3050	24	9.391622568000281
6427	4	-1	24	3050	9.391622568000281
6428	4	-1	3050	30	7.855218815902677
6429	4	-1	30	3050	7.855218815902677
6430	4	-1	3050	37	7.7176203116702045
6431	4	-1	37	3050	7.7176203116702045
6432	4	-1	3050	42	13.05462177818174
6433	4	-1	42	3050	13.05462177818174
6434	4	-1	3050	43	13.227287379029406
6435	4	-1	43	3050	13.227287379029406
6436	4	-1	3050	62	7.874586503647267
6437	4	-1	62	3050	7.874586503647267
6438	4	-1	3051	97	1.7442488929600866
6439	4	-1	97	3051	1.7442488929600866
6440	4	-1	3052	42	2.852858273740453
6441	4	-1	42	3052	2.852858273740453
6442	4	-1	3053	36	3.7191712737656326
6443	4	-1	36	3053	3.7191712737656326
6444	4	-1	3053	59	0.07752133945118761
6445	4	-1	59	3053	0.07752133945118761
6446	4	-1	3054	49	0.8087719142492925
6447	4	-1	49	3054	0.8087719142492925
6448	4	-1	3055	60	2.8678168734096925
6449	4	-1	60	3055	2.8678168734096925
6450	4	-1	3056	36	3.7191712737656326
6451	4	-1	36	3056	3.7191712737656326
6452	4	-1	3056	59	0.07752133945118761
6453	4	-1	59	3056	0.07752133945118761
6454	4	-1	3057	2	1.1756671453488754
6455	4	-1	2	3057	1.1756671453488754
6456	4	-1	3058	25	1.895600859214858
6457	4	-1	25	3058	1.895600859214858
6458	4	-1	3059	15	0.8668444403098207
6459	4	-1	15	3059	0.8668444403098207
6460	4	-1	3060	1	1.4873086770603736
6461	4	-1	1	3060	1.4873086770603736
6462	4	-1	3061	1	1.4873086770603736
6463	4	-1	1	3061	1.4873086770603736
6464	4	-1	3062	28	2.214819564747477
6465	4	-1	28	3062	2.214819564747477
6466	4	-1	3063	45	6.578638927950015
6467	4	-1	45	3063	6.578638927950015
6468	4	-1	3063	48	5.5014528622986605
6469	4	-1	48	3063	5.5014528622986605
6470	4	-1	3063	50	7.006892416242827
6471	4	-1	50	3063	7.006892416242827
6472	4	-1	3063	53	7.426797819312769
6473	4	-1	53	3063	7.426797819312769
6474	4	-1	3064	53	2.634646541457972
6475	4	-1	53	3064	2.634646541457972
6476	4	-1	3065	71	2.3605904118137655
6477	4	-1	71	3065	2.3605904118137655
6478	4	-1	3066	90	2.6830139482943554
6479	4	-1	90	3066	2.6830139482943554
6480	4	-1	3067	48	1.9842995547249627
6481	4	-1	48	3067	1.9842995547249627
6482	4	-1	3068	42	2.852858273740453
6483	4	-1	42	3068	2.852858273740453
6484	4	-1	3069	8	0.6219111947399292
6485	4	-1	8	3069	0.6219111947399292
6486	4	-1	3069	40	3.7220498011580245
6487	4	-1	40	3069	3.7220498011580245
6488	4	-1	3070	15	1.499911543764211
6489	4	-1	15	3070	1.499911543764211
6490	4	-1	3071	3	3.0301953678822953
6491	4	-1	3	3071	3.0301953678822953
6492	4	-1	3072	42	2.852858273740453
6493	4	-1	42	3072	2.852858273740453
6494	4	-1	3073	37	5.117753905233768
6495	4	-1	37	3073	5.117753905233768
6496	4	-1	3073	42	3.8346873056125217
6497	4	-1	42	3073	3.8346873056125217
6498	4	-1	3074	36	3.7191712737656326
6499	4	-1	36	3074	3.7191712737656326
6500	4	-1	3074	59	0.07752133945118761
6501	4	-1	59	3074	0.07752133945118761
6502	4	-1	3075	61	2.187148225012895
6503	4	-1	61	3075	2.187148225012895
6504	4	-1	3076	26	3.121875239117826
6505	4	-1	26	3076	3.121875239117826
6506	4	-1	3076	68	2.0332595924345744
6507	4	-1	68	3076	2.0332595924345744
6508	4	-1	3077	42	6.867885487523441
6509	4	-1	42	3077	6.867885487523441
