Iteration	Obj_Current	Obj_Best	New_Best	Case	SA_Prob	Jump	Nonimp_In	Nonimp_Out	Tenure	Temperature	ADD	DROP	Obj_Lookups	Con_Lookups	Obj_Evals	Con_Evals	ADD_First	DROP_First	ADD_Second	DROP_Second	SWAPs	Total_Time	Solution
0	-154343.344241086917464	-154343.344241086917464	1	-1	-1	0	0	0	6.000000000000000	10000000000000000.000000000000000	-1	-1	0	0	0	0	0	0	0	0	0	0.000000000000000	5_5_4_2_3_3_4_2_2_2_1_3_5_5_4_5_3_3_10_4_3_7_8_2
1	-154343.344241086917464	-154343.344241086917464	0	2	1.000000000000000	0	0	1	6.899999999999999	9990000000000000.000000000000000	-1	18	0	0	4	3	0	4	0	2	0	4.664000000000000	5_5_4_2_3_3_4_2_2_2_1_3_5_5_4_5_3_3_9_4_3_7_8_2
2	-157597.549110866792034	-157597.549110866792034	1	1	-1.000000000000000	0	0	0	6.000000000000000	9980010000000000.000000000000000	13	-1	1	0	29	7	23	4	2	2	2	10.250000000000000	5_5_4_2_3_3_4_2_2_2_1_3_5_6_4_5_3_3_9_4_3_7_8_2
3	-158376.198491930961609	-158376.198491930961609	1	1	-1.000000000000000	0	0	0	6.000000000000000	9970029990000000.000000000000000	-1	23	2	1	3	1	0	4	0	2	0	1.370000000000000	5_5_4_2_3_3_4_2_2_2_1_3_5_6_4_5_3_3_9_4_3_7_8_1
4	-159966.815206063241931	-159966.815206063241931	1	1	-1.000000000000000	0	0	0	6.000000000000000	9960059960010000.000000000000000	13	-1	2	1	28	6	22	3	2	2	2	10.170000000000000	5_5_4_2_3_3_4_2_2_2_1_3_5_7_4_5_3_3_9_4_3_7_8_1
5	-159966.815206063241931	-159966.815206063241931	0	2	1.000000000000000	0	0	1	6.899999999999999	9950099900049990.000000000000000	-1	18	2	1	2	1	0	3	0	2	0	2.860000000000000	5_5_4_2_3_3_4_2_2_2_1_3_5_7_4_5_3_3_8_4_3_7_8_1
6	-161928.966375153744593	-161928.966375153744593	1	1	-1.000000000000000	0	0	0	6.000000000000000	9940149800149940.000000000000000	0	-1	2	0	28	6	23	3	2	2	2	13.353000000000000	6_5_4_2_3_3_4_2_2_2_1_3_5_7_4_5_3_3_8_4_3_7_8_1
7	-161928.966375153744593	-161928.966375153744593	0	2	1.000000000000000	0	0	1	6.899999999999999	9930209650349790.000000000000000	-1	18	3	1	2	1	0	3	0	2	0	1.452000000000000	6_5_4_2_3_3_4_2_2_2_1_3_5_7_4_5_3_3_7_4_3_7_8_1
8	-164126.734675434476230	-164126.734675434476230	1	1	-1.000000000000000	0	0	0	6.000000000000000	9920279440699440.000000000000000	2	-1	2	0	29	6	22	3	2	2	2	7.490000000000000	6_5_5_2_3_3_4_2_2_2_1_3_5_7_4_5_3_3_7_4_3_7_8_1
9	-164126.734675434476230	-164126.734675434476230	0	2	1.000000000000000	0	0	1	6.899999999999999	9910359161258740.000000000000000	-1	18	2	1	4	1	0	3	0	2	0	1.246000000000000	6_5_5_2_3_3_4_2_2_2_1_3_5_7_4_5_3_3_6_4_3_7_8_1
10	-166201.214015512552578	-166201.214015512552578	1	1	-1.000000000000000	0	0	0	6.000000000000000	9900448802097482.000000000000000	13	-1	2	0	30	6	23	4	2	2	2	7.170000000000000	6_5_5_2_3_3_4_2_2_2_1_3_5_8_4_5_3_3_6_4_3_7_8_1
11	-166201.214015512552578	-166201.214015512552578	0	2	1.000000000000000	0	0	1	6.899999999999999	9890548353295384.000000000000000	-1	18	3	1	3	1	0	3	0	2	0	1.116000000000000	6_5_5_2_3_3_4_2_2_2_1_3_5_8_4_5_3_3_5_4_3_7_8_1
12	-166832.536759452108527	-166832.536759452108527	1	1	-1.000000000000000	0	0	0	6.000000000000000	9880657804942088.000000000000000	1	-1	2	0	29	6	23	3	2	2	2	7.395000000000000	6_6_5_2_3_3_4_2_2_2_1_3_5_8_4_5_3_3_5_4_3_7_8_1
13	-166832.536759452108527	-166832.536759452108527	0	2	1.000000000000000	0	0	1	6.899999999999999	9870777147137146.000000000000000	-1	21	3	1	3	1	0	3	0	2	0	1.191000000000000	6_6_5_2_3_3_4_2_2_2_1_3_5_8_4_5_3_3_5_4_3_6_8_1
14	-167421.253988886193838	-167421.253988886193838	1	1	-1.000000000000000	0	0	0	6.000000000000000	9860906369990008.000000000000000	0	-1	2	0	30	6	22	4	2	2	2	8.303000000000001	7_6_5_2_3_3_4_2_2_2_1_3_5_8_4_5_3_3_5_4_3_6_8_1
15	-167421.253988886193838	-167421.253988886193838	0	2	1.000000000000000	0	0	1	6.899999999999999	9851045463620018.000000000000000	-1	21	2	1	4	1	0	3	0	2	0	1.744000000000000	7_6_5_2_3_3_4_2_2_2_1_3_5_8_4_5_3_3_5_4_3_5_8_1
16	-169291.933260276389774	-169291.933260276389774	1	1	-1.000000000000000	0	0	0	6.000000000000000	9841194418156398.000000000000000	13	-1	2	0	30	6	22	4	2	2	2	10.468000000000000	7_6_5_2_3_3_4_2_2_2_1_3_5_9_4_5_3_3_5_4_3_5_8_1
17	-169291.933260276389774	-169291.933260276389774	0	2	1.000000000000000	0	0	1	6.899999999999999	9831353223738242.000000000000000	-1	21	2	1	4	1	0	3	0	2	0	1.676000000000000	7_6_5_2_3_3_4_2_2_2_1_3_5_9_4_5_3_3_5_4_3_4_8_1
18	-170855.172266612644307	-170855.172266612644307	1	1	-1.000000000000000	0	0	0	6.000000000000000	9821521870514504.000000000000000	2	-1	2	0	29	6	23	3	2	2	2	9.265000000000001	7_6_6_2_3_3_4_2_2_2_1_3_5_9_4_5_3_3_5_4_3_4_8_1
19	-169815.116459201992257	-170855.172266612644307	0	2	0.999999999999894	0	0	1	6.899999999999999	9811700348643990.000000000000000	-1	22	3	1	2	1	0	2	0	2	0	1.426000000000000	7_6_6_2_3_3_4_2_2_2_1_3_5_9_4_5_3_3_5_4_3_4_7_1
20	-170715.872894662781619	-170855.172266612644307	0	1	-1.000000000000000	0	0	0	6.000000000000000	9801888648295346.000000000000000	13	-1	2	0	29	6	22	3	2	2	2	9.547000000000001	7_6_6_2_3_3_4_2_2_2_1_3_5_10_4_5_3_3_5_4_3_4_7_1
21	-170434.599045752314851	-170855.172266612644307	0	2	0.999999999999971	0	0	1	6.899999999999999	9792086759647050.000000000000000	-1	22	2	1	3	1	0	3	0	2	0	1.502000000000000	7_6_6_2_3_3_4_2_2_2_1_3_5_10_4_5_3_3_5_4_3_4_6_1
22	-172078.421087916591205	-172078.421087916591205	1	1	-1.000000000000000	0	0	0	6.000000000000000	9782294672887402.000000000000000	2	-1	2	0	29	6	22	3	2	2	2	8.699999999999999	7_6_7_2_3_3_4_2_2_2_1_3_5_10_4_5_3_3_5_4_3_4_6_1
23	-172022.033154443779495	-172078.421087916591205	0	2	0.999999999999994	0	0	1	6.899999999999999	9772512378214514.000000000000000	-1	22	3	1	2	1	0	3	0	2	0	1.641000000000000	7_6_7_2_3_3_4_2_2_2_1_3_5_10_4_5_3_3_5_4_3_4_5_1
24	-172982.084826312027872	-172982.084826312027872	1	1	-1.000000000000000	0	0	0	6.000000000000000	9762739865836300.000000000000000	1	22	2	0	29	6	23	3	2	2	2	10.762000000000000	7_7_7_2_3_3_4_2_2_2_1_3_5_10_4_5_3_3_5_4_3_4_4_1
25	-174160.086164228181588	-174160.086164228181588	1	1	-1.000000000000000	0	0	0	6.000000000000000	9752977125970464.000000000000000	1	-1	2	0	27	4	23	1	2	1	1	5.466000000000000	7_8_7_2_3_3_4_2_2_2_1_3_5_10_4_5_3_3_5_4_3_4_4_1
26	-172409.785384203220019	-174160.086164228181588	0	2	0.999999999999821	0	0	1	6.899999999999999	9743224148844494.000000000000000	-1	13	2	1	2	1	0	2	0	2	0	1.050000000000000	7_8_7_2_3_3_4_2_2_2_1_3_5_9_4_5_3_3_5_4_3_4_4_1
27	-172435.708592056529596	-174160.086164228181588	0	1	-1.000000000000000	0	0	0	6.000000000000000	9733480924695650.000000000000000	23	-1	2	0	28	6	22	2	2	2	2	5.919000000000000	7_8_7_2_3_3_4_2_2_2_1_3_5_9_4_5_3_3_5_4_3_4_4_2
28	-171049.025240323098842	-174160.086164228181588	0	2	0.999999999999858	0	0	1	6.899999999999999	9723747443770954.000000000000000	-1	0	2	1	3	1	0	3	0	2	0	0.987000000000000	6_8_7_2_3_3_4_2_2_2_1_3_5_9_4_5_3_3_5_4_3_4_4_2
29	-172241.713949864526512	-174160.086164228181588	0	1	-1.000000000000000	0	0	0	6.000000000000000	9714023696327184.000000000000000	23	-1	2	0	29	6	21	3	2	2	2	9.653000000000000	6_8_7_2_3_3_4_2_2_2_1_3_5_9_4_5_3_3_5_4_3_4_4_3
30	-170571.222700322367018	-174160.086164228181588	0	2	0.999999999999828	0	0	1	6.899999999999999	9704309672630856.000000000000000	-1	2	2	1	3	1	0	3	0	2	0	1.370000000000000	6_8_6_2_3_3_4_2_2_2_1_3_5_9_4_5_3_3_5_4_3_4_4_3
31	-170571.222700322367018	-174160.086164228181588	0	2	1.000000000000000	0	0	2	7.934999999999999	9694605362958226.000000000000000	6	-1	2	0	29	6	21	4	2	2	2	7.240000000000000	6_8_6_2_3_3_5_2_2_2_1_3_5_9_4_5_3_3_5_4_3_4_4_3
32	-169833.070422058983240	-174160.086164228181588	0	2	0.999999999999924	0	0	3	9.125249999999998	9684910757595268.000000000000000	-1	1	3	1	3	1	0	4	0	2	0	1.037000000000000	6_7_6_2_3_3_5_2_2_2_1_3_5_9_4_5_3_3_5_4_3_4_4_3
33	-169961.852725926524727	-174160.086164228181588	0	1	-1.000000000000000	0	0	0	6.000000000000000	9675225846837672.000000000000000	13	-1	2	0	30	6	21	4	2	2	2	9.215000000000000	6_7_6_2_3_3_5_2_2_2_1_3_5_10_4_5_3_3_5_4_3_4_4_3
34	-168746.451116249721963	-174160.086164228181588	0	2	0.999999999999874	0	0	1	6.899999999999999	9665550620990834.000000000000000	-1	1	2	1	4	1	0	3	0	2	0	1.381000000000000	6_6_6_2_3_3_5_2_2_2_1_3_5_10_4_5_3_3_5_4_3_4_4_3
35	-170626.937862393620890	-174160.086164228181588	0	1	-1.000000000000000	0	0	0	6.000000000000000	9655885070369844.000000000000000	0	23	2	0	30	6	22	4	2	2	2	8.355000000000000	7_6_6_2_3_3_5_2_2_2_1_3_5_10_4_5_3_3_5_4_3_4_4_2
36	-170667.754881292785285	-174160.086164228181588	0	1	-1.000000000000000	0	0	0	6.000000000000000	9646229185299474.000000000000000	6	23	2	0	30	6	21	3	2	2	2	11.523000000000000	7_6_6_2_3_3_6_2_2_2_1_3_5_10_4_5_3_3_5_4_3_4_4_1
37	-172051.045602920465171	-174160.086164228181588	0	1	-1.000000000000000	0	0	0	6.000000000000000	9636582956114174.000000000000000	2	-1	2	0	29	6	22	2	2	2	2	9.584000000000000	7_6_7_2_3_3_6_2_2_2_1_3_5_10_4_5_3_3_5_4_3_4_4_1
38	-170715.792046684451634	-174160.086164228181588	0	2	0.999999999999861	0	0	1	6.899999999999999	9626946373158060.000000000000000	-1	1	6	2	3	0	0	2	0	3	0	0.025000000000000	7_5_7_2_3_3_6_2_2_2_1_3_5_10_4_5_3_3_5_4_3_4_4_1
39	-170947.778843632491771	-174160.086164228181588	0	1	-1.000000000000000	0	0	0	6.000000000000000	9617319426784902.000000000000000	19	-1	2	0	28	5	22	1	2	1	2	7.486000000000000	7_5_7_2_3_3_6_2_2_2_1_3_5_10_4_5_3_3_5_5_3_4_4_1
40	-169101.085990132560255	-174160.086164228181588	0	2	0.999999999999808	0	0	1	6.899999999999999	9607702107358118.000000000000000	-1	13	2	1	3	1	0	2	0	2	0	1.554000000000000	7_5_7_2_3_3_6_2_2_2_1_3_5_9_4_5_3_3_5_5_3_4_4_1
41	-169269.025070747244172	-174160.086164228181588	0	1	-1.000000000000000	0	0	0	6.000000000000000	9598094405250760.000000000000000	19	-1	2	0	29	6	22	3	2	2	2	12.257000000000000	7_5_7_2_3_3_6_2_2_2_1_3_5_9_4_5_3_3_5_6_3_4_4_1
42	-169269.025070747244172	-174160.086164228181588	0	2	1.000000000000000	0	0	1	6.899999999999999	9588496310845510.000000000000000	-1	6	2	1	3	1	0	4	0	2	0	1.551000000000000	7_5_7_2_3_3_5_2_2_2_1_3_5_9_4_5_3_3_5_6_3_4_4_1
43	-169369.625711675500497	-174160.086164228181588	0	1	-1.000000000000000	0	0	0	6.000000000000000	9578907814534664.000000000000000	19	-1	2	0	29	6	21	4	2	2	2	12.132000000000000	7_5_7_2_3_3_5_2_2_2_1_3_5_9_4_5_3_3_5_7_3_4_4_1
44	-169369.625711675500497	-174160.086164228181588	0	2	1.000000000000000	0	0	1	6.899999999999999	9569328906720130.000000000000000	-1	6	2	1	3	1	0	4	0	2	0	1.902000000000000	7_5_7_2_3_3_4_2_2_2_1_3_5_9_4_5_3_3_5_7_3_4_4_1
45	-170970.000345103442669	-174160.086164228181588	0	1	-1.000000000000000	0	0	0	6.000000000000000	9559759577813410.000000000000000	1	-1	2	0	28	6	22	3	2	2	2	10.228000000000000	7_6_7_2_3_3_4_2_2_2_1_3_5_9_4_5_3_3_5_7_3_4_4_1
46	-169094.752528022101615	-174160.086164228181588	0	2	0.999999999999804	0	0	1	6.899999999999999	9550199818235596.000000000000000	-1	2	2	1	3	1	0	3	0	2	0	1.423000000000000	7_6_6_2_3_3_4_2_2_2_1_3_5_9_4_5_3_3_5_7_3_4_4_1
47	-170476.972366267000325	-174160.086164228181588	0	1	-1.000000000000000	0	0	0	6.000000000000000	9540649618417360.000000000000000	13	-1	2	0	29	6	22	3	2	2	2	11.183999999999999	7_6_6_2_3_3_4_2_2_2_1_3_5_10_4_5_3_3_5_7_3_4_4_1
48	-168195.362718716409290	-174160.086164228181588	0	2	0.999999999999761	0	0	1	6.899999999999999	9531108968798942.000000000000000	-1	0	2	1	3	1	0	2	0	2	0	2.406000000000000	6_6_6_2_3_3_4_2_2_2_1_3_5_10_4_5_3_3_5_7_3_4_4_1
49	-169562.204261190956458	-174160.086164228181588	0	1	-1.000000000000000	0	0	0	6.000000000000000	9521577859830144.000000000000000	1	-1	2	0	29	6	21	3	2	2	2	9.553000000000001	6_7_6_2_3_3_4_2_2_2_1_3_5_10_4_5_3_3_5_7_3_4_4_1
50	-169194.596087509300560	-174160.086164228181588	0	2	0.999999999999961	0	0	1	6.899999999999999	9512056281970314.000000000000000	-1	19	3	1	2	1	0	3	0	2	0	1.418000000000000	6_7_6_2_3_3_4_2_2_2_1_3_5_10_4_5_3_3_5_6_3_4_4_1
51	-170251.829659624141641	-174160.086164228181588	0	1	-1.000000000000000	0	0	0	6.000000000000000	9502544225688344.000000000000000	1	-1	2	0	29	6	21	3	2	2	2	12.358000000000001	6_8_6_2_3_3_4_2_2_2_1_3_5_10_4_5_3_3_5_6_3_4_4_1
52	-169776.074376338743605	-174160.086164228181588	0	2	0.999999999999950	0	0	1	6.899999999999999	9493041681462656.000000000000000	-1	19	2	1	3	1	0	3	0	2	0	1.247000000000000	6_8_6_2_3_3_4_2_2_2_1_3_5_10_4_5_3_3_5_5_3_4_4_1
53	-171424.048012756218668	-174160.086164228181588	0	1	-1.000000000000000	0	0	0	6.000000000000000	9483548639781194.000000000000000	2	-1	3	1	28	5	22	4	2	2	2	6.094000000000000	6_8_7_2_3_3_4_2_2_2_1_3_5_10_4_5_3_3_5_5_3_4_4_1
54	-171059.062162166374037	-174160.086164228181588	0	2	0.999999999999961	0	0	1	6.899999999999999	9474065091141412.000000000000000	-1	19	2	1	3	1	0	3	0	2	0	1.009000000000000	6_8_7_2_3_3_4_2_2_2_1_3_5_10_4_5_3_3_5_4_3_4_4_1
55	-174160.086164228181588	-174160.086164228181588	0	1	-1.000000000000000	0	0	0	6.000000000000000	9464591026050270.000000000000000	0	-1	8	5	23	2	23	2	2	2	3	1.782000000000000	7_8_7_2_3_3_4_2_2_2_1_3_5_10_4_5_3_3_5_4_3_4_4_1
56	-172982.084826312027872	-174160.086164228181588	0	2	0.999999999999876	0	0	1	6.899999999999999	9455126435024220.000000000000000	-1	1	7	2	0	0	0	2	0	3	0	0.016000000000000	7_7_7_2_3_3_4_2_2_2_1_3_5_10_4_5_3_3_5_4_3_4_4_1
57	-173412.600697897840291	-174160.086164228181588	0	1	-1.000000000000000	0	0	0	6.000000000000000	9445671308589196.000000000000000	0	-1	29	5	1	1	22	2	2	2	2	3.567000000000000	8_7_7_2_3_3_4_2_2_2_1_3_5_10_4_5_3_3_5_4_3_4_4_1
58	-172585.050531801738543	-174160.086164228181588	0	2	0.999999999999912	0	0	1	6.899999999999999	9436225637280606.000000000000000	-1	1	2	1	2	1	0	3	0	2	0	0.317000000000000	8_6_7_2_3_3_4_2_2_2_1_3_5_10_4_5_3_3_5_4_3_4_4_1
59	-172725.209896749001928	-174160.086164228181588	0	1	-1.000000000000000	0	0	0	6.000000000000000	9426789411643326.000000000000000	13	-1	3	0	27	6	22	3	2	2	2	3.826000000000000	8_6_7_2_3_3_4_2_2_2_1_3_5_11_4_5_3_3_5_4_3_4_4_1
60	-171301.335168720135698	-174160.086164228181588	0	2	0.999999999999849	0	0	1	6.899999999999999	9417362622231682.000000000000000	-1	1	2	1	2	1	0	2	0	2	0	1.642000000000000	8_5_7_2_3_3_4_2_2_2_1_3_5_11_4_5_3_3_5_4_3_4_4_1
61	-172344.601885861484334	-174160.086164228181588	0	1	-1.000000000000000	0	0	0	6.000000000000000	9407945259609450.000000000000000	3	-1	2	0	27	5	23	1	2	1	2	2.794000000000000	8_5_7_3_3_3_4_2_2_2_1_3_5_11_4_5_3_3_5_4_3_4_4_1
62	-170576.922368603234645	-174160.086164228181588	0	2	0.999999999999812	0	0	1	6.899999999999999	9398537314349840.000000000000000	-1	0	5	2	2	0	0	2	0	3	0	0.017000000000000	7_5_7_3_3_3_4_2_2_2_1_3_5_11_4_5_3_3_5_4_3_4_4_1
63	-171042.740630226908252	-174160.086164228181588	0	1	-1.000000000000000	0	0	0	6.000000000000000	9389138777035490.000000000000000	23	-1	2	0	28	6	22	2	2	2	2	13.847000000000000	7_5_7_3_3_3_4_2_2_2_1_3_5_11_4_5_3_3_5_4_3_4_4_2
64	-170740.702381472598063	-174160.086164228181588	0	2	0.999999999999968	0	0	1	6.899999999999999	9379749638258454.000000000000000	-1	13	2	1	3	1	0	3	0	2	0	2.017000000000000	7_5_7_3_3_3_4_2_2_2_1_3_5_10_4_5_3_3_5_4_3_4_4_2
65	-170740.702381472598063	-174160.086164228181588	0	2	1.000000000000000	0	0	2	7.934999999999999	9370369888620196.000000000000000	6	-1	2	0	29	6	21	3	2	2	2	10.728000000000000	7_5_7_3_3_3_5_2_2_2_1_3_5_10_4_5_3_3_5_4_3_4_4_2
66	-170900.222407904046122	-174160.086164228181588	0	1	-1.000000000000000	0	0	0	6.000000000000000	9360999518731576.000000000000000	-1	3	2	1	4	1	0	4	0	2	0	1.528000000000000	7_5_7_2_3_3_5_2_2_2_1_3_5_10_4_5_3_3_5_4_3_4_4_2
67	-172483.848938473442104	-174160.086164228181588	0	1	-1.000000000000000	0	0	0	6.000000000000000	9351638519212844.000000000000000	1	-1	7	4	24	2	21	3	2	2	2	3.180000000000000	7_6_7_2_3_3_5_2_2_2_1_3_5_10_4_5_3_3_5_4_3_4_4_2
68	-170828.126541058503790	-174160.086164228181588	0	2	0.999999999999823	0	0	1	6.899999999999999	9342286880693632.000000000000000	-1	13	3	1	3	1	0	3	0	2	0	4.263000000000000	7_6_7_2_3_3_5_2_2_2_1_3_5_9_4_5_3_3_5_4_3_4_4_2
69	-171524.877629168913700	-174160.086164228181588	0	1	-1.000000000000000	0	0	0	6.000000000000000	9332944593812938.000000000000000	1	-1	3	1	29	5	22	4	2	2	2	8.366000000000000	7_7_7_2_3_3_5_2_2_2_1_3_5_9_4_5_3_3_5_4_3_4_4_2
70	-171250.016972771554720	-174160.086164228181588	0	2	0.999999999999971	0	0	1	6.899999999999999	9323611649219126.000000000000000	-1	23	3	1	3	1	0	4	0	2	0	1.059000000000000	7_7_7_2_3_3_5_2_2_2_1_3_5_9_4_5_3_3_5_4_3_4_4_1
71	-172409.785384203220019	-174160.086164228181588	0	1	-1.000000000000000	0	0	0	6.000000000000000	9314288037569906.000000000000000	1	-1	5	1	26	5	21	3	2	2	2	3.537000000000000	7_8_7_2_3_3_5_2_2_2_1_3_5_9_4_5_3_3_5_4_3_4_4_1
72	-170369.667688316374552	-174160.086164228181588	0	2	0.999999999999781	0	0	1	6.899999999999999	9304973749532336.000000000000000	-1	13	4	2	1	0	0	3	0	2	0	0.009000000000000	7_8_7_2_3_3_5_2_2_2_1_3_5_8_4_5_3_3_5_4_3_4_4_1
73	-170464.264129896910163	-174160.086164228181588	0	1	-1.000000000000000	0	0	0	6.000000000000000	9295668775782804.000000000000000	19	-1	3	1	28	5	22	4	2	2	2	4.411000000000000	7_8_7_2_3_3_5_2_2_2_1_3_5_8_4_5_3_3_5_5_3_4_4_1
74	-170464.264129896910163	-174160.086164228181588	0	2	1.000000000000000	0	0	1	6.899999999999999	9286373107007022.000000000000000	-1	6	2	1	4	1	0	4	0	2	0	0.910000000000000	7_8_7_2_3_3_4_2_2_2_1_3_5_8_4_5_3_3_5_5_3_4_4_1
75	-170591.589352247829083	-174160.086164228181588	0	1	-1.000000000000000	0	0	0	6.000000000000000	9277086733900014.000000000000000	19	-1	3	0	28	6	21	3	2	2	2	8.385000000000000	7_8_7_2_3_3_4_2_2_2_1_3_5_8_4_5_3_3_5_6_3_4_4_1
76	-168918.513843102089595	-174160.086164228181588	0	2	0.999999999999820	0	0	1	6.899999999999999	9267809647166114.000000000000000	-1	0	2	1	3	1	0	3	0	2	0	1.166000000000000	6_8_7_2_3_3_4_2_2_2_1_3_5_8_4_5_3_3_5_6_3_4_4_1
77	-169734.936600741813891	-174160.086164228181588	0	1	-1.000000000000000	0	0	0	6.000000000000000	9258541837518948.000000000000000	19	-1	2	0	29	6	21	4	2	2	2	6.346000000000000	6_8_7_2_3_3_4_2_2_2_1_3_5_8_4_5_3_3_5_7_3_4_4_1
78	-168540.807455597183434	-174160.086164228181588	0	2	0.999999999999871	0	0	1	6.899999999999999	9249283295681430.000000000000000	-1	2	2	1	3	1	0	4	0	2	0	0.974000000000000	6_8_6_2_3_3_4_2_2_2_1_3_5_8_4_5_3_3_5_7_3_4_4_1
79	-170473.991614555299748	-174160.086164228181588	0	1	-1.000000000000000	0	0	0	6.000000000000000	9240034012385748.000000000000000	13	-1	3	1	28	5	21	4	2	2	2	8.478000000000000	6_8_6_2_3_3_4_2_2_2_1_3_5_9_4_5_3_3_5_7_3_4_4_1
80	-169673.706139733607415	-174160.086164228181588	0	2	0.999999999999913	0	0	1	6.899999999999999	9230793978373362.000000000000000	-1	1	3	1	2	1	0	3	0	2	0	1.906000000000000	6_7_6_2_3_3_4_2_2_2_1_3_5_9_4_5_3_3_5_7_3_4_4_1
81	-169784.321640654612565	-174160.086164228181588	0	1	-1.000000000000000	0	0	0	6.000000000000000	9221563184394988.000000000000000	19	-1	6	1	25	5	21	3	2	2	2	7.751000000000000	6_7_6_2_3_3_4_2_2_2_1_3_5_9_4_5_3_3_5_8_3_4_4_1
82	-168697.866400489408989	-174160.086164228181588	0	2	0.999999999999882	0	0	1	6.899999999999999	9212341621210594.000000000000000	-1	1	3	1	2	1	0	3	0	2	0	1.209000000000000	6_6_6_2_3_3_4_2_2_2_1_3_5_9_4_5_3_3_5_8_3_4_4_1
83	-169203.729329332272755	-174160.086164228181588	0	1	-1.000000000000000	0	0	0	6.000000000000000	9203129279589384.000000000000000	0	-1	5	2	26	4	22	3	2	2	2	4.557000000000000	7_6_6_2_3_3_4_2_2_2_1_3_5_9_4_5_3_3_5_8_3_4_4_1
84	-167868.775715233350638	-174160.086164228181588	0	2	0.999999999999855	0	0	1	6.899999999999999	9193926150309794.000000000000000	-1	1	3	1	2	1	0	2	0	2	0	1.298000000000000	7_5_6_2_3_3_4_2_2_2_1_3_5_9_4_5_3_3_5_8_3_4_4_1
85	-169504.517909762158524	-174160.086164228181588	0	1	-1.000000000000000	0	0	0	6.000000000000000	9184732224159484.000000000000000	2	-1	4	1	26	5	23	2	2	2	2	12.249000000000001	7_5_7_2_3_3_4_2_2_2_1_3_5_9_4_5_3_3_5_8_3_4_4_1
86	-169369.625711675500497	-174160.086164228181588	0	2	0.999999999999985	0	0	1	6.899999999999999	9175547491935324.000000000000000	-1	19	6	2	1	0	0	2	0	3	0	0.015000000000000	7_5_7_2_3_3_4_2_2_2_1_3_5_9_4_5_3_3_5_7_3_4_4_1
87	-171032.521114433126058	-174160.086164228181588	0	1	-1.000000000000000	0	0	0	6.000000000000000	9166371944443388.000000000000000	13	-1	30	5	1	2	22	2	2	2	2	4.005000000000000	7_5_7_2_3_3_4_2_2_2_1_3_5_10_4_5_3_3_5_7_3_4_4_1
88	-170936.661831512610661	-174160.086164228181588	0	2	0.999999999999990	0	0	1	6.899999999999999	9157205572498944.000000000000000	-1	19	3	1	1	1	0	2	0	2	0	1.261000000000000	7_5_7_2_3_3_4_2_2_2_1_3_5_10_4_5_3_3_5_6_3_4_4_1
89	-171172.822116071765777	-174160.086164228181588	0	1	-1.000000000000000	0	0	0	6.000000000000000	9148048366926446.000000000000000	13	-1	4	1	27	6	22	2	2	2	2	11.752000000000001	7_5_7_2_3_3_4_2_2_2_1_3_5_11_4_5_3_3_5_6_3_4_4_1
90	-170993.035486581327859	-174160.086164228181588	0	2	0.999999999999980	0	0	1	6.899999999999999	9138900318559520.000000000000000	-1	19	2	1	2	1	0	3	0	2	0	1.854000000000000	7_5_7_2_3_3_4_2_2_2_1_3_5_11_4_5_3_3_5_5_3_4_4_1
91	-172244.481633626477560	-174160.086164228181588	0	1	-1.000000000000000	0	0	0	6.000000000000000	9129761418240960.000000000000000	1	-1	7	3	24	4	23	3	2	2	2	5.319000000000000	7_6_7_2_3_3_4_2_2_2_1_3_5_11_4_5_3_3_5_5_3_4_4_1
92	-171959.760502484918106	-174160.086164228181588	0	2	0.999999999999969	0	0	1	6.899999999999999	9120631656822720.000000000000000	-1	19	2	1	3	1	0	3	0	2	0	1.526000000000000	7_6_7_2_3_3_4_2_2_2_1_3_5_11_4_5_3_3_5_4_3_4_4_1
93	-172725.209896749001928	-174160.086164228181588	0	1	-1.000000000000000	0	0	0	6.000000000000000	9111511025165898.000000000000000	0	-1	8	3	22	3	23	2	2	2	2	3.735000000000000	8_6_7_2_3_3_4_2_2_2_1_3_5_11_4_5_3_3_5_4_3_4_4_1
94	-172585.050531801738543	-174160.086164228181588	0	2	0.999999999999985	0	0	1	6.899999999999999	9102399514140732.000000000000000	-1	13	7	2	0	0	0	2	0	3	0	0.003000000000000	8_6_7_2_3_3_4_2_2_2_1_3_5_10_4_5_3_3_5_4_3_4_4_1
95	-173412.600697897840291	-174160.086164228181588	0	1	-1.000000000000000	0	0	0	6.000000000000000	9093297114626592.000000000000000	1	-1	29	5	1	1	22	2	2	2	2	1.389000000000000	8_7_7_2_3_3_4_2_2_2_1_3_5_10_4_5_3_3_5_4_3_4_4_1
96	-171576.353270708932541	-174160.086164228181588	0	2	0.999999999999798	0	0	1	6.899999999999999	9084203817511966.000000000000000	-1	13	4	2	0	0	0	2	0	2	0	0.003000000000000	8_7_7_2_3_3_4_2_2_2_1_3_5_9_4_5_3_3_5_4_3_4_4_1
97	-171600.523659670987399	-174160.086164228181588	0	1	-1.000000000000000	0	0	0	6.000000000000000	9075119613694454.000000000000000	23	-1	5	1	25	5	22	2	2	2	2	3.210000000000000	8_7_7_2_3_3_4_2_2_2_1_3_5_9_4_5_3_3_5_4_3_4_4_2
98	-171524.877629168913700	-174160.086164228181588	0	2	0.999999999999992	0	0	1	6.899999999999999	9066044494080760.000000000000000	-1	0	3	2	2	0	0	3	0	2	0	0.161000000000000	7_7_7_2_3_3_4_2_2_2_1_3_5_9_4_5_3_3_5_4_3_4_4_2
99	-172435.708592056529596	-174160.086164228181588	0	1	-1.000000000000000	0	0	0	6.000000000000000	9056978449586680.000000000000000	1	-1	10	4	22	3	22	3	2	2	2	3.975000000000000	7_8_7_2_3_3_4_2_2_2_1_3_5_9_4_5_3_3_5_4_3_4_4_2
100	-171049.025240323098842	-174160.086164228181588	0	2	0.999999999999847	0	0	1	6.899999999999999	9047921471137094.000000000000000	-1	0	5	2	0	0	0	3	0	2	0	0.002000000000000	6_8_7_2_3_3_4_2_2_2_1_3_5_9_4_5_3_3_5_4_3_4_4_2
101	-172241.713949864526512	-174160.086164228181588	0	1	-1.000000000000000	0	0	0	6.000000000000000	9038873549665956.000000000000000	23	-1	31	6	1	1	22	3	2	2	3	1.369000000000000	6_8_7_2_3_3_4_2_2_2_1_3_5_9_4_5_3_3_5_4_3_4_4_3
102	-170571.222700322367018	-174160.086164228181588	0	2	0.999999999999815	0	0	1	6.899999999999999	9029834676116290.000000000000000	-1	2	5	2	0	0	0	3	0	2	0	0.003000000000000	6_8_6_2_3_3_4_2_2_2_1_3_5_9_4_5_3_3_5_4_3_4_4_3
103	-170706.784947397361975	-174160.086164228181588	0	1	-1.000000000000000	0	0	0	6.000000000000000	9020804841440174.000000000000000	13	-1	31	5	0	1	22	3	2	2	1	1.564000000000000	6_8_6_2_3_3_4_2_2_2_1_3_5_10_4_5_3_3_5_4_3_4_4_3
104	-168037.256677415076410	-174160.086164228181588	0	2	0.999999999999704	0	0	1	6.899999999999999	9011784036598734.000000000000000	-1	2	3	0	2	2	0	2	0	2	0	2.308000000000000	6_8_5_2_3_3_4_2_2_2_1_3_5_10_4_5_3_3_5_4_3_4_4_3
105	-168910.383208714425564	-174160.086164228181588	0	1	-1.000000000000000	0	0	0	6.000000000000000	9002772252562135.000000000000000	7	-1	2	0	29	6	22	3	2	2	2	6.643000000000000	6_8_5_2_3_3_4_3_2_2_1_3_5_10_4_5_3_3_5_4_3_4_4_3
106	-168230.389322214876302	-174160.086164228181588	0	2	0.999999999999925	0	0	1	6.899999999999999	8993769480309573.000000000000000	-1	1	2	1	4	1	0	3	0	2	0	0.944000000000000	6_7_5_2_3_3_4_3_2_2_1_3_5_10_4_5_3_3_5_4_3_4_4_3
107	-169480.513312117807800	-174160.086164228181588	0	1	-1.000000000000000	0	0	0	6.000000000000000	8984775710829263.000000000000000	7	-1	2	0	30	6	22	4	2	2	2	10.128000000000000	6_7_5_2_3_3_4_4_2_2_1_3_5_10_4_5_3_3_5_4_3_4_4_3
108	-168612.739342444343492	-174160.086164228181588	0	2	0.999999999999903	0	0	1	6.899999999999999	8975790935118434.000000000000000	-1	23	2	1	4	1	0	4	0	2	0	1.261000000000000	6_7_5_2_3_3_4_4_2_2_1_3_5_10_4_5_3_3_5_4_3_4_4_2
109	-169974.227868782298174	-174160.086164228181588	0	1	-1.000000000000000	0	0	0	6.000000000000000	8966815144183316.000000000000000	0	-1	2	0	30	6	21	5	2	2	2	6.416000000000000	7_7_5_2_3_3_4_4_2_2_1_3_5_10_4_5_3_3_5_4_3_4_4_2
110	-170275.203059837978799	-174160.086164228181588	0	1	-1.000000000000000	0	0	0	6.000000000000000	8957848329039133.000000000000000	-1	23	2	0	4	2	0	4	0	2	0	2.523000000000000	7_7_5_2_3_3_4_4_2_2_1_3_5_10_4_5_3_3_5_4_3_4_4_1
111	-172387.085708907688968	-174160.086164228181588	0	1	-1.000000000000000	0	0	0	6.000000000000000	8948890480710094.000000000000000	2	-1	2	0	29	6	22	3	2	2	2	10.686000000000000	7_7_6_2_3_3_4_4_2_2_1_3_5_10_4_5_3_3_5_4_3_4_4_1
112	-171653.900049421354197	-174160.086164228181588	0	2	0.999999999999918	0	0	1	6.899999999999999	8939941590229384.000000000000000	-1	1	2	1	3	1	0	2	0	2	0	1.399000000000000	7_6_6_2_3_3_4_4_2_2_1_3_5_10_4_5_3_3_5_4_3_4_4_1
113	-172513.975213651603553	-174160.086164228181588	0	1	-1.000000000000000	0	0	0	6.000000000000000	8931001648639155.000000000000000	7	-1	2	0	29	6	22	3	2	2	2	8.914000000000000	7_6_6_2_3_3_4_5_2_2_1_3_5_10_4_5_3_3_5_4_3_4_4_1
114	-171207.756694586831145	-174160.086164228181588	0	2	0.999999999999854	0	0	1	6.899999999999999	8922070646990516.000000000000000	-1	1	2	0	3	2	0	2	0	2	0	2.276000000000000	7_5_6_2_3_3_4_5_2_2_1_3_5_10_4_5_3_3_5_4_3_4_4_1
115	-171745.786036444042111	-174160.086164228181588	0	1	-1.000000000000000	0	0	0	6.000000000000000	8913148576343525.000000000000000	7	-1	2	0	28	6	22	2	2	2	2	11.718999999999999	7_5_6_2_3_3_4_6_2_2_1_3_5_10_4_5_3_3_5_4_3_4_4_1
116	-169795.141401347995270	-174160.086164228181588	0	2	0.999999999999781	0	0	1	6.899999999999999	8904235427767181.000000000000000	-1	13	2	1	2	1	0	2	0	2	0	1.266000000000000	7_5_6_2_3_3_4_6_2_2_1_3_5_9_4_5_3_3_5_4_3_4_4_1
117	-170089.100704475247767	-174160.086164228181588	0	1	-1.000000000000000	0	0	0	6.000000000000000	8895331192339414.000000000000000	7	-1	2	0	28	6	22	3	2	2	2	8.645000000000000	7_5_6_2_3_3_4_7_2_2_1_3_5_9_4_5_3_3_5_4_3_4_4_1
118	-168876.241651439195266	-174160.086164228181588	0	2	0.999999999999864	0	0	1	6.899999999999999	8886435861147075.000000000000000	-1	2	2	1	2	1	0	3	0	2	0	1.172000000000000	7_5_5_2_3_3_4_7_2_2_1_3_5_9_4_5_3_3_5_4_3_4_4_1
119	-169158.824790802696953	-174160.086164228181588	0	1	-1.000000000000000	0	0	0	6.000000000000000	8877549425285928.000000000000000	7	-1	2	0	28	6	21	3	2	2	2	11.766000000000000	7_5_5_2_3_3_4_8_2_2_1_3_5_9_4_5_3_3_5_4_3_4_4_1
120	-167950.055840788292699	-174160.086164228181588	0	2	0.999999999999864	0	0	1	6.899999999999999	8868671875860642.000000000000000	-1	0	2	1	2	1	0	3	0	2	0	1.621000000000000	6_5_5_2_3_3_4_8_2_2_1_3_5_9_4_5_3_3_5_4_3_4_4_1
121	-168959.513350843568332	-174160.086164228181588	0	1	-1.000000000000000	0	0	0	6.000000000000000	8859803203984781.000000000000000	23	-1	2	0	28	7	21	3	2	2	2	7.713000000000000	6_5_5_2_3_3_4_8_2_2_1_3_5_9_4_5_3_3_5_4_3_4_4_2
122	-166865.013990587991429	-174160.086164228181588	0	2	0.999999999999764	0	0	1	6.899999999999999	8850943400780796.000000000000000	-1	13	2	1	3	1	0	3	0	2	0	0.928000000000000	6_5_5_2_3_3_4_8_2_2_1_3_5_8_4_5_3_3_5_4_3_4_4_2
123	-167684.622801592457108	-174160.086164228181588	0	1	-1.000000000000000	0	0	0	6.000000000000000	8842092457380015.000000000000000	23	-1	2	0	29	6	21	3	2	2	2	10.241000000000000	6_5_5_2_3_3_4_8_2_2_1_3_5_8_4_5_3_3_5_4_3_4_4_3
124	-165427.179299022129271	-174160.086164228181588	0	2	0.999999999999745	0	0	1	6.899999999999999	8833250364922635.000000000000000	-1	13	2	1	3	1	0	3	0	2	0	1.242000000000000	6_5_5_2_3_3_4_8_2_2_1_3_5_7_4_5_3_3_5_4_3_4_4_3
125	-166320.162205730710411	-174160.086164228181588	0	1	-1.000000000000000	0	0	0	6.000000000000000	8824417114557712.000000000000000	1	-1	2	0	29	6	22	4	2	2	2	6.810000000000000	6_6_5_2_3_3_4_8_2_2_1_3_5_7_4_5_3_3_5_4_3_4_4_3
126	-165983.036405542516150	-174160.086164228181588	0	2	0.999999999999962	0	0	1	6.899999999999999	8815592697443154.000000000000000	-1	7	2	1	4	1	0	4	0	2	0	0.988000000000000	6_6_5_2_3_3_4_7_2_2_1_3_5_7_4_5_3_3_5_4_3_4_4_3
127	-166714.463670923491009	-174160.086164228181588	0	1	-1.000000000000000	0	0	0	6.000000000000000	8806777104745711.000000000000000	1	-1	2	0	30	6	22	4	2	2	2	9.727000000000000	6_7_5_2_3_3_4_7_2_2_1_3_5_7_4_5_3_3_5_4_3_4_4_3
128	-166283.526506330294069	-174160.086164228181588	0	2	0.999999999999951	0	0	1	6.899999999999999	8797970327640965.000000000000000	-1	7	2	1	4	1	0	4	0	2	0	1.020000000000000	6_7_5_2_3_3_4_6_2_2_1_3_5_7_4_5_3_3_5_4_3_4_4_3
129	-167951.026010237517767	-174160.086164228181588	0	1	-1.000000000000000	0	0	0	6.000000000000000	8789172357313324.000000000000000	2	-1	2	0	30	6	22	5	2	2	2	6.458000000000000	6_7_6_2_3_3_4_6_2_2_1_3_5_7_4_5_3_3_5_4_3_4_4_3
130	-167757.023769705439918	-174160.086164228181588	0	2	0.999999999999978	0	0	1	6.899999999999999	8780383184956011.000000000000000	-1	7	3	1	3	1	0	4	0	2	0	0.932000000000000	6_7_6_2_3_3_4_5_2_2_1_3_5_7_4_5_3_3_5_4_3_4_4_3
131	-170015.514743316365639	-174160.086164228181588	0	1	-1.000000000000000	0	0	0	6.000000000000000	8771602801771055.000000000000000	13	-1	2	0	30	6	23	4	2	2	2	10.990000000000000	6_7_6_2_3_3_4_5_2_2_1_3_5_8_4_5_3_3_5_4_3_4_4_3
132	-169112.391058545443229	-174160.086164228181588	0	2	0.999999999999897	0	0	1	6.899999999999999	8762831198969284.000000000000000	-1	7	2	1	4	1	0	3	0	2	0	1.746000000000000	6_7_6_2_3_3_4_4_2_2_1_3_5_8_4_5_3_3_5_4_3_4_4_3
133	-171092.737114830466453	-174160.086164228181588	0	1	-1.000000000000000	0	0	0	6.000000000000000	8754068367770315.000000000000000	13	-1	2	0	30	6	23	4	2	2	2	9.602000000000000	6_7_6_2_3_3_4_4_2_2_1_3_5_9_4_5_3_3_5_4_3_4_4_3
134	-170348.166499534505419	-174160.086164228181588	0	2	0.999999999999915	0	0	1	6.899999999999999	8745314299402545.000000000000000	-1	23	4	1	2	1	0	4	0	2	0	1.096000000000000	6_7_6_2_3_3_4_4_2_2_1_3_5_9_4_5_3_3_5_4_3_4_4_2
135	-170645.886314073635731	-174160.086164228181588	0	1	-1.000000000000000	0	0	0	6.000000000000000	8736568985103142.000000000000000	1	-1	4	0	28	6	22	5	2	2	2	7.493000000000000	6_8_6_2_3_3_4_4_2_2_1_3_5_9_4_5_3_3_5_4_3_4_4_2
136	-169822.937822634296026	-174160.086164228181588	0	2	0.999999999999906	0	0	1	6.899999999999999	8727832416118039.000000000000000	-1	7	3	1	3	1	0	4	0	2	0	1.374000000000000	6_8_6_2_3_3_4_3_2_2_1_3_5_9_4_5_3_3_5_4_3_4_4_2
137	-171049.025240323098842	-174160.086164228181588	0	1	-1.000000000000000	0	0	0	6.000000000000000	8719104583701921.000000000000000	2	-1	7	4	26	3	22	4	2	2	3	3.703000000000000	6_8_7_2_3_3_4_3_2_2_1_3_5_9_4_5_3_3_5_4_3_4_4_2
138	-171049.025240323098842	-174160.086164228181588	0	2	1.000000000000000	0	0	1	6.899999999999999	8710385479118219.000000000000000	-1	7	2	1	4	1	0	3	0	2	0	1.168000000000000	6_8_7_2_3_3_4_2_2_2_1_3_5_9_4_5_3_3_5_4_3_4_4_2
139	-172435.708592056529596	-174160.086164228181588	0	1	-1.000000000000000	0	0	0	6.000000000000000	8701675093639101.000000000000000	0	-1	31	6	0	0	22	3	2	2	2	0.007000000000000	7_8_7_2_3_3_4_2_2_2_1_3_5_9_4_5_3_3_5_4_3_4_4_2
140	-172409.785384203220019	-174160.086164228181588	0	2	0.999999999999997	0	0	1	6.899999999999999	8692973418545462.000000000000000	-1	23	5	2	0	0	0	2	0	2	0	0.003000000000000	7_8_7_2_3_3_4_2_2_2_1_3_5_9_4_5_3_3_5_4_3_4_4_1
141	-174160.086164228181588	-174160.086164228181588	0	1	-1.000000000000000	0	0	0	6.000000000000000	8684280445126917.000000000000000	13	-1	31	7	0	0	22	2	2	2	3	0.006000000000000	7_8_7_2_3_3_4_2_2_2_1_3_5_10_4_5_3_3_5_4_3_4_4_1
142	-172982.084826312027872	-174160.086164228181588	0	2	0.999999999999864	0	0	1	6.899999999999999	8675596164681790.000000000000000	-1	1	7	2	0	0	0	2	0	3	0	0.002000000000000	7_7_7_2_3_3_4_2_2_2_1_3_5_10_4_5_3_3_5_4_3_4_4_1
143	-173412.600697897840291	-174160.086164228181588	0	1	-1.000000000000000	0	0	0	6.000000000000000	8666920568517108.000000000000000	0	-1	30	5	1	2	21	2	2	2	2	2.462000000000000	8_7_7_2_3_3_4_2_2_2_1_3_5_10_4_5_3_3_5_4_3_4_4_1
144	-172585.050531801738543	-174160.086164228181588	0	2	0.999999999999905	0	0	1	6.899999999999999	8658253647948591.000000000000000	-1	1	4	2	0	0	0	2	0	2	0	0.002000000000000	8_6_7_2_3_3_4_2_2_2_1_3_5_10_4_5_3_3_5_4_3_4_4_1
145	-172725.209896749001928	-174160.086164228181588	0	1	-1.000000000000000	0	0	0	6.000000000000000	8649595394300642.000000000000000	13	-1	30	6	1	1	22	2	2	2	3	1.391000000000000	8_6_7_2_3_3_4_2_2_2_1_3_5_11_4_5_3_3_5_4_3_4_4_1
146	-171301.335168720135698	-174160.086164228181588	0	2	0.999999999999835	0	0	1	6.899999999999999	8640945798906341.000000000000000	-1	1	4	2	0	0	0	2	0	2	0	0.003000000000000	8_5_7_2_3_3_4_2_2_2_1_3_5_11_4_5_3_3_5_4_3_4_4_1
147	-172344.601885861484334	-174160.086164228181588	0	1	-1.000000000000000	0	0	0	6.000000000000000	8632304853107435.000000000000000	3	-1	29	5	0	0	23	1	2	1	2	0.005000000000000	8_5_7_3_3_3_4_2_2_2_1_3_5_11_4_5_3_3_5_4_3_4_4_1
148	-170576.922368603234645	-174160.086164228181588	0	2	0.999999999999795	0	0	1	6.899999999999999	8623672548254328.000000000000000	-1	0	7	2	0	0	0	2	0	3	0	0.003000000000000	7_5_7_3_3_3_4_2_2_2_1_3_5_11_4_5_3_3_5_4_3_4_4_1
149	-171042.740630226908252	-174160.086164228181588	0	1	-1.000000000000000	0	0	0	6.000000000000000	8615048875706074.000000000000000	23	-1	30	6	1	1	22	2	2	2	3	1.127000000000000	7_5_7_3_3_3_4_2_2_2_1_3_5_11_4_5_3_3_5_4_3_4_4_2
150	-170740.702381472598063	-174160.086164228181588	0	2	0.999999999999965	0	0	1	6.899999999999999	8606433826830368.000000000000000	-1	13	5	2	0	0	0	3	0	2	0	0.003000000000000	7_5_7_3_3_3_4_2_2_2_1_3_5_10_4_5_3_3_5_4_3_4_4_2
151	-170740.702381472598063	-174160.086164228181588	0	2	1.000000000000000	0	0	2	7.934999999999999	8597827393003538.000000000000000	6	-1	31	6	1	1	21	3	2	2	3	1.430000000000000	7_5_7_3_3_3_5_2_2_2_1_3_5_10_4_5_3_3_5_4_3_4_4_2
152	-170900.222407904046122	-174160.086164228181588	0	1	-1.000000000000000	0	0	0	6.000000000000000	8589229565610534.000000000000000	-1	3	6	2	0	0	0	4	0	2	0	0.002000000000000	7_5_7_2_3_3_5_2_2_2_1_3_5_10_4_5_3_3_5_4_3_4_4_2
153	-172483.848938473442104	-174160.086164228181588	0	1	-1.000000000000000	0	0	0	6.000000000000000	8580640336044923.000000000000000	1	-1	31	6	1	1	21	3	2	2	3	1.506000000000000	7_6_7_2_3_3_5_2_2_2_1_3_5_10_4_5_3_3_5_4_3_4_4_2
154	-170828.126541058503790	-174160.086164228181588	0	2	0.999999999999807	0	0	1	6.899999999999999	8572059695708878.000000000000000	-1	13	6	2	0	0	0	3	0	2	0	0.001000000000000	7_6_7_2_3_3_5_2_2_2_1_3_5_9_4_5_3_3_5_4_3_4_4_2
155	-171524.877629168913700	-174160.086164228181588	0	1	-1.000000000000000	0	0	0	6.000000000000000	8563487636013169.000000000000000	1	-1	32	6	0	0	22	4	2	2	2	0.005000000000000	7_7_7_2_3_3_5_2_2_2_1_3_5_9_4_5_3_3_5_4_3_4_4_2
156	-171250.016972771554720	-174160.086164228181588	0	2	0.999999999999968	0	0	1	6.899999999999999	8554924148377156.000000000000000	-1	23	6	2	0	0	0	4	0	2	0	0.002000000000000	7_7_7_2_3_3_5_2_2_2_1_3_5_9_4_5_3_3_5_4_3_4_4_1
157	-172409.785384203220019	-174160.086164228181588	0	1	-1.000000000000000	0	0	0	6.000000000000000	8546369224228779.000000000000000	1	-1	32	7	0	0	21	3	2	2	3	0.007000000000000	7_8_7_2_3_3_5_2_2_2_1_3_5_9_4_5_3_3_5_4_3_4_4_1
158	-170369.667688316374552	-174160.086164228181588	0	2	0.999999999999761	0	0	1	6.899999999999999	8537822855004550.000000000000000	-1	13	5	2	0	0	0	3	0	2	0	0.002000000000000	7_8_7_2_3_3_5_2_2_2_1_3_5_8_4_5_3_3_5_4_3_4_4_1
159	-170464.264129896910163	-174160.086164228181588	0	1	-1.000000000000000	0	0	0	6.000000000000000	8529285032149545.000000000000000	19	-1	31	6	1	1	22	4	2	2	3	0.825000000000000	7_8_7_2_3_3_5_2_2_2_1_3_5_8_4_5_3_3_5_5_3_4_4_1
160	-170464.264129896910163	-174160.086164228181588	0	2	1.000000000000000	0	0	1	6.899999999999999	8520755747117395.000000000000000	-1	6	6	2	0	0	0	4	0	2	0	0.002000000000000	7_8_7_2_3_3_4_2_2_2_1_3_5_8_4_5_3_3_5_5_3_4_4_1
161	-170591.589352247829083	-174160.086164228181588	0	1	-1.000000000000000	0	0	0	6.000000000000000	8512234991370278.000000000000000	19	-1	31	6	1	1	21	3	2	2	3	0.817000000000000	7_8_7_2_3_3_4_2_2_2_1_3_5_8_4_5_3_3_5_6_3_4_4_1
162	-168918.513843102089595	-174160.086164228181588	0	2	0.999999999999803	0	0	1	6.899999999999999	8503722756378908.000000000000000	-1	0	5	2	0	0	0	3	0	2	0	0.002000000000000	6_8_7_2_3_3_4_2_2_2_1_3_5_8_4_5_3_3_5_6_3_4_4_1
163	-169734.936600741813891	-174160.086164228181588	0	1	-1.000000000000000	0	0	0	6.000000000000000	8495219033622529.000000000000000	19	-1	31	6	1	1	21	4	2	2	3	1.329000000000000	6_8_7_2_3_3_4_2_2_2_1_3_5_8_4_5_3_3_5_7_3_4_4_1
164	-168540.807455597183434	-174160.086164228181588	0	2	0.999999999999859	0	0	1	6.899999999999999	8486723814588906.000000000000000	-1	2	5	2	0	0	0	4	0	2	0	0.014000000000000	6_8_6_2_3_3_4_2_2_2_1_3_5_8_4_5_3_3_5_7_3_4_4_1
165	-170473.991614555299748	-174160.086164228181588	0	1	-1.000000000000000	0	0	0	6.000000000000000	8478237090774317.000000000000000	13	-1	31	6	1	1	21	4	2	2	3	2.038000000000000	6_8_6_2_3_3_4_2_2_2_1_3_5_9_4_5_3_3_5_7_3_4_4_1
166	-169673.706139733607415	-174160.086164228181588	0	2	0.999999999999906	0	0	1	6.899999999999999	8469758853683543.000000000000000	-1	1	5	2	0	0	0	3	0	2	0	0.002000000000000	6_7_6_2_3_3_4_2_2_2_1_3_5_9_4_5_3_3_5_7_3_4_4_1
167	-169784.321640654612565	-174160.086164228181588	0	1	-1.000000000000000	0	0	0	6.000000000000000	8461289094829859.000000000000000	19	-1	31	6	1	1	21	3	2	2	3	1.310000000000000	6_7_6_2_3_3_4_2_2_2_1_3_5_9_4_5_3_3_5_8_3_4_4_1
168	-168697.866400489408989	-174160.086164228181588	0	2	0.999999999999872	0	0	1	6.899999999999999	8452827805735029.000000000000000	-1	1	5	2	0	0	0	3	0	2	0	0.002000000000000	6_6_6_2_3_3_4_2_2_2_1_3_5_9_4_5_3_3_5_8_3_4_4_1
169	-169203.729329332272755	-174160.086164228181588	0	1	-1.000000000000000	0	0	0	6.000000000000000	8444374977929294.000000000000000	0	-1	31	6	1	1	22	3	2	2	3	1.525000000000000	7_6_6_2_3_3_4_2_2_2_1_3_5_9_4_5_3_3_5_8_3_4_4_1
170	-167868.775715233350638	-174160.086164228181588	0	2	0.999999999999842	0	0	1	6.899999999999999	8435930602951365.000000000000000	-1	1	5	2	0	0	0	2	0	2	0	0.002000000000000	7_5_6_2_3_3_4_2_2_2_1_3_5_9_4_5_3_3_5_8_3_4_4_1
171	-169504.517909762158524	-174160.086164228181588	0	1	-1.000000000000000	0	0	0	6.000000000000000	8427494672348414.000000000000000	2	-1	30	6	0	0	23	2	2	2	2	0.007000000000000	7_5_7_2_3_3_4_2_2_2_1_3_5_9_4_5_3_3_5_8_3_4_4_1
172	-169369.625711675500497	-174160.086164228181588	0	2	0.999999999999984	0	0	1	6.899999999999999	8419067177676066.000000000000000	-1	19	7	2	0	0	0	2	0	3	0	0.004000000000000	7_5_7_2_3_3_4_2_2_2_1_3_5_9_4_5_3_3_5_7_3_4_4_1
173	-171032.521114433126058	-174160.086164228181588	0	1	-1.000000000000000	0	0	0	6.000000000000000	8410648110498390.000000000000000	13	-1	31	7	0	0	22	2	2	2	3	0.008000000000000	7_5_7_2_3_3_4_2_2_2_1_3_5_10_4_5_3_3_5_7_3_4_4_1
174	-170936.661831512610661	-174160.086164228181588	0	2	0.999999999999989	0	0	1	6.899999999999999	8402237462387892.000000000000000	-1	19	4	2	0	0	0	2	0	2	0	0.002000000000000	7_5_7_2_3_3_4_2_2_2_1_3_5_10_4_5_3_3_5_6_3_4_4_1
175	-171172.822116071765777	-174160.086164228181588	0	1	-1.000000000000000	0	0	0	6.000000000000000	8393835224925504.000000000000000	13	-1	31	7	0	0	22	2	2	2	3	0.007000000000000	7_5_7_2_3_3_4_2_2_2_1_3_5_11_4_5_3_3_5_6_3_4_4_1
176	-170993.035486581327859	-174160.086164228181588	0	2	0.999999999999979	0	0	1	6.899999999999999	8385441389700578.000000000000000	-1	19	4	2	0	0	0	3	0	2	0	0.002000000000000	7_5_7_2_3_3_4_2_2_2_1_3_5_11_4_5_3_3_5_5_3_4_4_1
177	-172244.481633626477560	-174160.086164228181588	0	1	-1.000000000000000	0	0	0	6.000000000000000	8377055948310877.000000000000000	1	-1	31	7	0	0	23	3	2	2	3	0.007000000000000	7_6_7_2_3_3_4_2_2_2_1_3_5_11_4_5_3_3_5_5_3_4_4_1
178	-171959.760502484918106	-174160.086164228181588	0	2	0.999999999999966	0	0	1	6.899999999999999	8368678892362566.000000000000000	-1	19	5	2	0	0	0	3	0	2	0	0.002000000000000	7_6_7_2_3_3_4_2_2_2_1_3_5_11_4_5_3_3_5_4_3_4_4_1
179	-172725.209896749001928	-174160.086164228181588	0	1	-1.000000000000000	0	0	0	6.000000000000000	8360310213470203.000000000000000	0	-1	30	6	1	1	23	2	2	2	3	1.269000000000000	8_6_7_2_3_3_4_2_2_2_1_3_5_11_4_5_3_3_5_4_3_4_4_1
180	-172585.050531801738543	-174160.086164228181588	0	2	0.999999999999983	0	0	1	6.899999999999999	8351949903256733.000000000000000	-1	13	7	2	0	0	0	2	0	3	0	0.002000000000000	8_6_7_2_3_3_4_2_2_2_1_3_5_10_4_5_3_3_5_4_3_4_4_1
181	-173412.600697897840291	-174160.086164228181588	0	1	-1.000000000000000	0	0	0	6.000000000000000	8343597953353476.000000000000000	1	-1	31	7	0	0	22	2	2	2	3	0.006000000000000	8_7_7_2_3_3_4_2_2_2_1_3_5_10_4_5_3_3_5_4_3_4_4_1
182	-171576.353270708932541	-174160.086164228181588	0	2	0.999999999999780	0	0	1	6.899999999999999	8335254355400123.000000000000000	-1	13	4	2	0	0	0	2	0	2	0	0.003000000000000	8_7_7_2_3_3_4_2_2_2_1_3_5_9_4_5_3_3_5_4_3_4_4_1
183	-171600.523659670987399	-174160.086164228181588	0	1	-1.000000000000000	0	0	0	6.000000000000000	8326919101044723.000000000000000	23	-1	31	7	0	0	22	2	2	2	3	0.005000000000000	8_7_7_2_3_3_4_2_2_2_1_3_5_9_4_5_3_3_5_4_3_4_4_2
184	-171524.877629168913700	-174160.086164228181588	0	2	0.999999999999991	0	0	1	6.899999999999999	8318592181943678.000000000000000	-1	0	5	2	0	0	0	3	0	2	0	0.002000000000000	7_7_7_2_3_3_4_2_2_2_1_3_5_9_4_5_3_3_5_4_3_4_4_2
185	-172435.708592056529596	-174160.086164228181588	0	1	-1.000000000000000	0	0	0	6.000000000000000	8310273589761734.000000000000000	1	-1	32	7	0	0	22	3	2	2	3	0.006000000000000	7_8_7_2_3_3_4_2_2_2_1_3_5_9_4_5_3_3_5_4_3_4_4_2
186	-171049.025240323098842	-174160.086164228181588	0	2	0.999999999999833	0	0	1	6.899999999999999	8301963316171972.000000000000000	-1	0	5	2	0	0	0	3	0	2	0	0.002000000000000	6_8_7_2_3_3_4_2_2_2_1_3_5_9_4_5_3_3_5_4_3_4_4_2
187	-172241.713949864526512	-174160.086164228181588	0	1	-1.000000000000000	0	0	0	6.000000000000000	8293661352855800.000000000000000	23	-1	32	7	0	0	22	3	2	2	3	0.005000000000000	6_8_7_2_3_3_4_2_2_2_1_3_5_9_4_5_3_3_5_4_3_4_4_3
188	-170571.222700322367018	-174160.086164228181588	0	2	0.999999999999799	0	0	1	6.899999999999999	8285367691502944.000000000000000	-1	2	5	2	0	0	0	3	0	2	0	0.002000000000000	6_8_6_2_3_3_4_2_2_2_1_3_5_9_4_5_3_3_5_4_3_4_4_3
189	-170706.784947397361975	-174160.086164228181588	0	1	-1.000000000000000	0	0	0	6.000000000000000	8277082323811441.000000000000000	13	-1	31	6	0	0	22	3	2	2	2	0.006000000000000	6_8_6_2_3_3_4_2_2_2_1_3_5_10_4_5_3_3_5_4_3_4_4_3
190	-168037.256677415076410	-174160.086164228181588	0	2	0.999999999999677	0	0	1	6.899999999999999	8268805241487630.000000000000000	-1	2	5	2	0	0	0	2	0	2	0	0.003000000000000	6_8_5_2_3_3_4_2_2_2_1_3_5_10_4_5_3_3_5_4_3_4_4_3
191	-168910.383208714425564	-174160.086164228181588	0	1	-1.000000000000000	0	0	0	6.000000000000000	8260536436246142.000000000000000	7	-1	31	6	0	0	22	3	2	2	2	0.006000000000000	6_8_5_2_3_3_4_3_2_2_1_3_5_10_4_5_3_3_5_4_3_4_4_3
192	-168230.389322214876302	-174160.086164228181588	0	2	0.999999999999918	0	0	1	6.899999999999999	8252275899809896.000000000000000	-1	1	6	2	0	0	0	3	0	2	0	0.003000000000000	6_7_5_2_3_3_4_3_2_2_1_3_5_10_4_5_3_3_5_4_3_4_4_3
193	-169480.513312117807800	-174160.086164228181588	0	1	-1.000000000000000	0	0	0	6.000000000000000	8244023623910086.000000000000000	7	-1	32	6	1	1	22	4	2	2	3	1.158000000000000	6_7_5_2_3_3_4_4_2_2_1_3_5_10_4_5_3_3_5_4_3_4_4_3
194	-168612.739342444343492	-174160.086164228181588	0	2	0.999999999999895	0	0	1	6.899999999999999	8235779600286176.000000000000000	-1	23	6	2	0	0	0	4	0	2	0	0.002000000000000	6_7_5_2_3_3_4_4_2_2_1_3_5_10_4_5_3_3_5_4_3_4_4_2
195	-169974.227868782298174	-174160.086164228181588	0	1	-1.000000000000000	0	0	0	6.000000000000000	8227543820685890.000000000000000	0	-1	32	6	1	1	21	5	2	2	3	1.339000000000000	7_7_5_2_3_3_4_4_2_2_1_3_5_10_4_5_3_3_5_4_3_4_4_2
196	-170275.203059837978799	-174160.086164228181588	0	1	-1.000000000000000	0	0	0	6.000000000000000	8219316276865204.000000000000000	-1	23	6	2	0	0	0	4	0	2	0	0.003000000000000	7_7_5_2_3_3_4_4_2_2_1_3_5_10_4_5_3_3_5_4_3_4_4_1
197	-172387.085708907688968	-174160.086164228181588	0	1	-1.000000000000000	0	0	0	6.000000000000000	8211096960588339.000000000000000	2	-1	31	6	1	1	22	3	2	2	3	0.934000000000000	7_7_6_2_3_3_4_4_2_2_1_3_5_10_4_5_3_3_5_4_3_4_4_1
198	-171653.900049421354197	-174160.086164228181588	0	2	0.999999999999911	0	0	1	6.899999999999999	8202885863627751.000000000000000	-1	1	5	2	0	0	0	2	0	2	0	0.004000000000000	7_6_6_2_3_3_4_4_2_2_1_3_5_10_4_5_3_3_5_4_3_4_4_1
199	-172513.975213651603553	-174160.086164228181588	0	1	-1.000000000000000	0	0	0	6.000000000000000	8194682977764123.000000000000000	7	-1	31	6	0	0	22	3	2	2	2	0.008000000000000	7_6_6_2_3_3_4_5_2_2_1_3_5_10_4_5_3_3_5_4_3_4_4_1
200	-171207.756694586831145	-174160.086164228181588	0	2	0.999999999999841	0	0	1	6.899999999999999	8186488294786359.000000000000000	-1	1	5	2	0	0	0	2	0	2	0	0.002000000000000	7_5_6_2_3_3_4_5_2_2_1_3_5_10_4_5_3_3_5_4_3_4_4_1
201	-171745.786036444042111	-174160.086164228181588	0	1	-1.000000000000000	0	0	0	6.000000000000000	8178301806491573.000000000000000	7	-1	30	6	1	1	22	2	2	2	3	0.887000000000000	7_5_6_2_3_3_4_6_2_2_1_3_5_10_4_5_3_3_5_4_3_4_4_1
202	-169795.141401347995270	-174160.086164228181588	0	2	0.999999999999762	0	0	1	6.899999999999999	8170123504685081.000000000000000	-1	13	4	2	0	0	0	2	0	2	0	0.003000000000000	7_5_6_2_3_3_4_6_2_2_1_3_5_9_4_5_3_3_5_4_3_4_4_1
203	-170089.100704475247767	-174160.086164228181588	0	1	-1.000000000000000	0	0	0	6.000000000000000	8161953381180396.000000000000000	7	-1	30	6	1	1	22	3	2	2	3	1.332000000000000	7_5_6_2_3_3_4_7_2_2_1_3_5_9_4_5_3_3_5_4_3_4_4_1
204	-168876.241651439195266	-174160.086164228181588	0	2	0.999999999999851	0	0	1	6.899999999999999	8153791427799216.000000000000000	-1	2	4	2	0	0	0	3	0	2	0	0.002000000000000	7_5_5_2_3_3_4_7_2_2_1_3_5_9_4_5_3_3_5_4_3_4_4_1
205	-169158.824790802696953	-174160.086164228181588	0	1	-1.000000000000000	0	0	0	6.000000000000000	8145637636371417.000000000000000	7	-1	30	6	1	1	21	3	2	2	3	1.296000000000000	7_5_5_2_3_3_4_8_2_2_1_3_5_9_4_5_3_3_5_4_3_4_4_1
206	-167950.055840788292699	-174160.086164228181588	0	2	0.999999999999852	0	0	1	6.899999999999999	8137491998735046.000000000000000	-1	0	4	2	0	0	0	3	0	2	0	0.002000000000000	6_5_5_2_3_3_4_8_2_2_1_3_5_9_4_5_3_3_5_4_3_4_4_1
207	-168959.513350843568332	-174160.086164228181588	0	1	-1.000000000000000	0	0	0	6.000000000000000	8129354506736311.000000000000000	23	-1	30	7	1	1	21	2	2	2	3	0.818000000000000	6_5_5_2_3_3_4_8_2_2_1_3_5_9_4_5_3_3_5_4_3_4_4_2
208	-166865.013990587991429	-174160.086164228181588	0	2	0.999999999999742	0	0	1	6.899999999999999	8121225152229575.000000000000000	-1	13	5	2	0	0	0	3	0	2	0	0.001000000000000	6_5_5_2_3_3_4_8_2_2_1_3_5_8_4_5_3_3_5_4_3_4_4_2
209	-167684.622801592457108	-174160.086164228181588	0	1	-1.000000000000000	0	0	0	6.000000000000000	8113103927077345.000000000000000	23	-1	32	6	0	1	21	3	2	2	2	0.930000000000000	6_5_5_2_3_3_4_8_2_2_1_3_5_8_4_5_3_3_5_4_3_4_4_3
210	-165427.179299022129271	-174160.086164228181588	0	2	0.999999999999722	0	0	1	6.899999999999999	8104990823150268.000000000000000	-1	13	5	2	0	0	0	3	0	2	0	0.002000000000000	6_5_5_2_3_3_4_8_2_2_1_3_5_7_4_5_3_3_5_4_3_4_4_3
211	-166320.162205730710411	-174160.086164228181588	0	1	-1.000000000000000	0	0	0	6.000000000000000	8096885832327118.000000000000000	1	-1	31	6	1	1	22	4	2	2	3	3.519000000000000	6_6_5_2_3_3_4_8_2_2_1_3_5_7_4_5_3_3_5_4_3_4_4_3
212	-165983.036405542516150	-174160.086164228181588	0	2	0.999999999999958	0	0	1	6.899999999999999	8088788946494791.000000000000000	-1	7	6	2	0	0	0	4	0	2	0	0.004000000000000	6_6_5_2_3_3_4_7_2_2_1_3_5_7_4_5_3_3_5_4_3_4_4_3
213	-166714.463670923491009	-174160.086164228181588	0	1	-1.000000000000000	0	0	0	6.000000000000000	8080700157548296.000000000000000	1	-1	32	6	1	1	22	4	2	2	3	1.814000000000000	6_7_5_2_3_3_4_7_2_2_1_3_5_7_4_5_3_3_5_4_3_4_4_3
214	-166283.526506330294069	-174160.086164228181588	0	2	0.999999999999947	0	0	1	6.899999999999999	8072619457390748.000000000000000	-1	7	6	2	0	0	0	4	0	2	0	0.002000000000000	6_7_5_2_3_3_4_6_2_2_1_3_5_7_4_5_3_3_5_4_3_4_4_3
215	-167951.026010237517767	-174160.086164228181588	0	1	-1.000000000000000	0	0	0	6.000000000000000	8064546837933357.000000000000000	2	-1	32	6	1	1	22	5	2	2	3	0.884000000000000	6_7_6_2_3_3_4_6_2_2_1_3_5_7_4_5_3_3_5_4_3_4_4_3
216	-167757.023769705439918	-174160.086164228181588	0	2	0.999999999999976	0	0	1	6.899999999999999	8056482291095424.000000000000000	-1	7	6	2	0	0	0	4	0	2	0	0.003000000000000	6_7_6_2_3_3_4_5_2_2_1_3_5_7_4_5_3_3_5_4_3_4_4_3
217	-170015.514743316365639	-174160.086164228181588	0	1	-1.000000000000000	0	0	0	6.000000000000000	8048425808804329.000000000000000	13	-1	32	6	1	1	23	4	2	2	3	1.398000000000000	6_7_6_2_3_3_4_5_2_2_1_3_5_8_4_5_3_3_5_4_3_4_4_3
218	-169112.391058545443229	-174160.086164228181588	0	2	0.999999999999888	0	0	1	6.899999999999999	8040377382995525.000000000000000	-1	7	6	2	0	0	0	3	0	2	0	0.003000000000000	6_7_6_2_3_3_4_4_2_2_1_3_5_8_4_5_3_3_5_4_3_4_4_3
219	-171092.737114830466453	-174160.086164228181588	0	1	-1.000000000000000	0	0	0	6.000000000000000	8032337005612529.000000000000000	13	-1	32	6	0	0	23	4	2	2	2	0.007000000000000	6_7_6_2_3_3_4_4_2_2_1_3_5_9_4_5_3_3_5_4_3_4_4_3
220	-170348.166499534505419	-174160.086164228181588	0	2	0.999999999999907	0	0	1	6.899999999999999	8024304668606916.000000000000000	-1	23	6	2	0	0	0	4	0	2	0	0.002000000000000	6_7_6_2_3_3_4_4_2_2_1_3_5_9_4_5_3_3_5_4_3_4_4_2
221	-170645.886314073635731	-174160.086164228181588	0	1	-1.000000000000000	0	0	0	6.000000000000000	8016280363938309.000000000000000	1	-1	33	7	0	0	22	5	2	2	3	0.007000000000000	6_8_6_2_3_3_4_4_2_2_1_3_5_9_4_5_3_3_5_4_3_4_4_2
222	-169822.937822634296026	-174160.086164228181588	0	2	0.999999999999897	0	0	1	6.899999999999999	8008264083574371.000000000000000	-1	7	6	2	0	0	0	4	0	2	0	0.002000000000000	6_8_6_2_3_3_4_3_2_2_1_3_5_9_4_5_3_3_5_4_3_4_4_2
223	-171049.025240323098842	-174160.086164228181588	0	1	-1.000000000000000	0	0	0	6.000000000000000	8000255819490797.000000000000000	2	-1	33	7	0	0	22	4	2	2	3	0.008000000000000	6_8_7_2_3_3_4_3_2_2_1_3_5_9_4_5_3_3_5_4_3_4_4_2
224	-171049.025240323098842	-174160.086164228181588	0	2	1.000000000000000	0	0	1	6.899999999999999	7992255563671306.000000000000000	-1	7	6	2	0	0	0	3	0	2	0	0.003000000000000	6_8_7_2_3_3_4_2_2_2_1_3_5_9_4_5_3_3_5_4_3_4_4_2
225	-172435.708592056529596	-174160.086164228181588	0	1	-1.000000000000000	0	0	0	6.000000000000000	7984263308107635.000000000000000	0	-1	31	6	0	0	22	3	2	2	2	0.007000000000000	7_8_7_2_3_3_4_2_2_2_1_3_5_9_4_5_3_3_5_4_3_4_4_2
226	-172409.785384203220019	-174160.086164228181588	0	2	0.999999999999997	0	0	1	6.899999999999999	7976279044799527.000000000000000	-1	23	5	2	0	0	0	2	0	2	0	0.002000000000000	7_8_7_2_3_3_4_2_2_2_1_3_5_9_4_5_3_3_5_4_3_4_4_1
227	-174160.086164228181588	-174160.086164228181588	0	1	-1.000000000000000	0	0	0	6.000000000000000	7968302765754727.000000000000000	13	-1	31	7	0	0	22	2	2	2	3	0.006000000000000	7_8_7_2_3_3_4_2_2_2_1_3_5_10_4_5_3_3_5_4_3_4_4_1
228	-172982.084826312027872	-174160.086164228181588	0	2	0.999999999999852	0	0	1	6.899999999999999	7960334462988972.000000000000000	-1	1	7	2	0	0	0	2	0	3	0	0.003000000000000	7_7_7_2_3_3_4_2_2_2_1_3_5_10_4_5_3_3_5_4_3_4_4_1
229	-173412.600697897840291	-174160.086164228181588	0	1	-1.000000000000000	0	0	0	6.000000000000000	7952374128525983.000000000000000	0	-1	31	7	0	0	21	2	2	2	3	0.007000000000000	8_7_7_2_3_3_4_2_2_2_1_3_5_10_4_5_3_3_5_4_3_4_4_1
230	-172585.050531801738543	-174160.086164228181588	0	2	0.999999999999896	0	0	1	6.899999999999999	7944421754397457.000000000000000	-1	1	4	2	0	0	0	2	0	2	0	0.002000000000000	8_6_7_2_3_3_4_2_2_2_1_3_5_10_4_5_3_3_5_4_3_4_4_1
231	-172725.209896749001928	-174160.086164228181588	0	1	-1.000000000000000	0	0	0	6.000000000000000	7936477332643060.000000000000000	13	-1	31	7	0	0	22	2	2	2	3	0.007000000000000	8_6_7_2_3_3_4_2_2_2_1_3_5_11_4_5_3_3_5_4_3_4_4_1
232	-171301.335168720135698	-174160.086164228181588	0	2	0.999999999999821	0	0	1	6.899999999999999	7928540855310417.000000000000000	-1	1	4	2	0	0	0	2	0	2	0	0.002000000000000	8_5_7_2_3_3_4_2_2_2_1_3_5_11_4_5_3_3_5_4_3_4_4_1
233	-172344.601885861484334	-174160.086164228181588	0	1	-1.000000000000000	0	0	0	6.000000000000000	7920612314455107.000000000000000	3	-1	29	5	0	0	23	1	2	1	2	0.005000000000000	8_5_7_3_3_3_4_2_2_2_1_3_5_11_4_5_3_3_5_4_3_4_4_1
234	-170576.922368603234645	-174160.086164228181588	0	2	0.999999999999777	0	0	1	6.899999999999999	7912691702140652.000000000000000	-1	0	7	2	0	0	0	2	0	3	0	0.003000000000000	7_5_7_3_3_3_4_2_2_2_1_3_5_11_4_5_3_3_5_4_3_4_4_1
235	-171042.740630226908252	-174160.086164228181588	0	1	-1.000000000000000	0	0	0	6.000000000000000	7904779010438511.000000000000000	23	-1	31	7	0	0	22	2	2	2	3	0.008000000000000	7_5_7_3_3_3_4_2_2_2_1_3_5_11_4_5_3_3_5_4_3_4_4_2
236	-170740.702381472598063	-174160.086164228181588	0	2	0.999999999999962	0	0	1	6.899999999999999	7896874231428072.000000000000000	-1	13	5	2	0	0	0	3	0	2	0	0.004000000000000	7_5_7_3_3_3_4_2_2_2_1_3_5_10_4_5_3_3_5_4_3_4_4_2
237	-170740.702381472598063	-174160.086164228181588	0	2	1.000000000000000	0	0	2	7.934999999999999	7888977357196644.000000000000000	6	-1	32	7	0	0	21	3	2	2	3	0.005000000000000	7_5_7_3_3_3_5_2_2_2_1_3_5_10_4_5_3_3_5_4_3_4_4_2
238	-170900.222407904046122	-174160.086164228181588	0	1	-1.000000000000000	0	0	0	6.000000000000000	7881088379839447.000000000000000	-1	3	6	2	0	0	0	4	0	2	0	0.003000000000000	7_5_7_2_3_3_5_2_2_2_1_3_5_10_4_5_3_3_5_4_3_4_4_2
239	-172483.848938473442104	-174160.086164228181588	0	1	-1.000000000000000	0	0	0	6.000000000000000	7873207291459608.000000000000000	1	-1	32	7	0	0	21	3	2	2	3	0.007000000000000	7_6_7_2_3_3_5_2_2_2_1_3_5_10_4_5_3_3_5_4_3_4_4_2
240	-170828.126541058503790	-174160.086164228181588	0	2	0.999999999999790	0	0	1	6.899999999999999	7865334084168148.000000000000000	-1	13	6	2	0	0	0	3	0	2	0	0.002000000000000	7_6_7_2_3_3_5_2_2_2_1_3_5_9_4_5_3_3_5_4_3_4_4_2
241	-171524.877629168913700	-174160.086164228181588	0	1	-1.000000000000000	0	0	0	6.000000000000000	7857468750083980.000000000000000	1	-1	32	6	0	0	22	4	2	2	2	0.006000000000000	7_7_7_2_3_3_5_2_2_2_1_3_5_9_4_5_3_3_5_4_3_4_4_2
242	-171250.016972771554720	-174160.086164228181588	0	2	0.999999999999965	0	0	1	6.899999999999999	7849611281333896.000000000000000	-1	23	6	2	0	0	0	4	0	2	0	0.003000000000000	7_7_7_2_3_3_5_2_2_2_1_3_5_9_4_5_3_3_5_4_3_4_4_1
243	-172409.785384203220019	-174160.086164228181588	0	1	-1.000000000000000	0	0	0	6.000000000000000	7841761670052562.000000000000000	1	-1	32	7	0	0	21	3	2	2	3	0.007000000000000	7_8_7_2_3_3_5_2_2_2_1_3_5_9_4_5_3_3_5_4_3_4_4_1
244	-170369.667688316374552	-174160.086164228181588	0	2	0.999999999999740	0	0	1	6.899999999999999	7833919908382509.000000000000000	-1	13	5	2	0	0	0	3	0	2	0	0.003000000000000	7_8_7_2_3_3_5_2_2_2_1_3_5_8_4_5_3_3_5_4_3_4_4_1
245	-170464.264129896910163	-174160.086164228181588	0	1	-1.000000000000000	0	0	0	6.000000000000000	7826085988474126.000000000000000	19	-1	32	7	0	0	22	4	2	2	3	0.008000000000000	7_8_7_2_3_3_5_2_2_2_1_3_5_8_4_5_3_3_5_5_3_4_4_1
246	-170464.264129896910163	-174160.086164228181588	0	2	1.000000000000000	0	0	1	6.899999999999999	7818259902485652.000000000000000	-1	6	6	2	0	0	0	4	0	2	0	0.003000000000000	7_8_7_2_3_3_4_2_2_2_1_3_5_8_4_5_3_3_5_5_3_4_4_1
247	-170591.589352247829083	-174160.086164228181588	0	1	-1.000000000000000	0	0	0	6.000000000000000	7810441642583166.000000000000000	19	-1	32	7	0	0	21	3	2	2	3	0.005000000000000	7_8_7_2_3_3_4_2_2_2_1_3_5_8_4_5_3_3_5_6_3_4_4_1
248	-168918.513843102089595	-174160.086164228181588	0	2	0.999999999999786	0	0	1	6.899999999999999	7802631200940583.000000000000000	-1	0	5	2	0	0	0	3	0	2	0	0.003000000000000	6_8_7_2_3_3_4_2_2_2_1_3_5_8_4_5_3_3_5_6_3_4_4_1
249	-169734.936600741813891	-174160.086164228181588	0	1	-1.000000000000000	0	0	0	6.000000000000000	7794828569739642.000000000000000	19	-1	32	7	0	0	21	4	2	2	3	0.006000000000000	6_8_7_2_3_3_4_2_2_2_1_3_5_8_4_5_3_3_5_7_3_4_4_1
250	-168540.807455597183434	-174160.086164228181588	0	2	0.999999999999847	0	0	1	6.899999999999999	7787033741169902.000000000000000	-1	2	5	2	0	0	0	4	0	2	0	0.003000000000000	6_8_6_2_3_3_4_2_2_2_1_3_5_8_4_5_3_3_5_7_3_4_4_1
251	-170473.991614555299748	-174160.086164228181588	0	1	-1.000000000000000	0	0	0	6.000000000000000	7779246707428732.000000000000000	13	-1	32	7	0	0	21	4	2	2	3	0.006000000000000	6_8_6_2_3_3_4_2_2_2_1_3_5_9_4_5_3_3_5_7_3_4_4_1
252	-169673.706139733607415	-174160.086164228181588	0	2	0.999999999999897	0	0	1	6.899999999999999	7771467460721303.000000000000000	-1	1	5	2	0	0	0	3	0	2	0	0.002000000000000	6_7_6_2_3_3_4_2_2_2_1_3_5_9_4_5_3_3_5_7_3_4_4_1
253	-169784.321640654612565	-174160.086164228181588	0	1	-1.000000000000000	0	0	0	6.000000000000000	7763695993260582.000000000000000	19	-1	32	7	0	0	21	3	2	2	3	0.005000000000000	6_7_6_2_3_3_4_2_2_2_1_3_5_9_4_5_3_3_5_8_3_4_4_1
254	-168697.866400489408989	-174160.086164228181588	0	2	0.999999999999860	0	0	1	6.899999999999999	7755932297267321.000000000000000	-1	1	5	2	0	0	0	3	0	2	0	0.003000000000000	6_6_6_2_3_3_4_2_2_2_1_3_5_9_4_5_3_3_5_8_3_4_4_1
255	-169203.729329332272755	-174160.086164228181588	0	1	-1.000000000000000	0	0	0	6.000000000000000	7748176364970054.000000000000000	0	-1	32	7	0	0	22	3	2	2	3	0.006000000000000	7_6_6_2_3_3_4_2_2_2_1_3_5_9_4_5_3_3_5_8_3_4_4_1
256	-167868.775715233350638	-174160.086164228181588	0	2	0.999999999999828	0	0	1	6.899999999999999	7740428188605084.000000000000000	-1	1	5	2	0	0	0	2	0	2	0	0.003000000000000	7_5_6_2_3_3_4_2_2_2_1_3_5_9_4_5_3_3_5_8_3_4_4_1
257	-169504.517909762158524	-174160.086164228181588	0	1	-1.000000000000000	0	0	0	6.000000000000000	7732687760416479.000000000000000	2	-1	30	6	0	0	23	2	2	2	2	0.005000000000000	7_5_7_2_3_3_4_2_2_2_1_3_5_9_4_5_3_3_5_8_3_4_4_1
258	-169369.625711675500497	-174160.086164228181588	0	2	0.999999999999983	0	0	1	6.899999999999999	7724955072656063.000000000000000	-1	19	7	2	0	0	0	2	0	3	0	0.003000000000000	7_5_7_2_3_3_4_2_2_2_1_3_5_9_4_5_3_3_5_7_3_4_4_1
259	-171032.521114433126058	-174160.086164228181588	0	1	-1.000000000000000	0	0	0	6.000000000000000	7717230117583407.000000000000000	13	-1	31	7	0	0	22	2	2	2	3	0.006000000000000	7_5_7_2_3_3_4_2_2_2_1_3_5_10_4_5_3_3_5_7_3_4_4_1
260	-170936.661831512610661	-174160.086164228181588	0	2	0.999999999999988	0	0	1	6.899999999999999	7709512887465824.000000000000000	-1	19	4	2	0	0	0	2	0	2	0	0.003000000000000	7_5_7_2_3_3_4_2_2_2_1_3_5_10_4_5_3_3_5_6_3_4_4_1
261	-171172.822116071765777	-174160.086164228181588	0	1	-1.000000000000000	0	0	0	6.000000000000000	7701803374578358.000000000000000	13	-1	31	7	0	0	22	2	2	2	3	0.007000000000000	7_5_7_2_3_3_4_2_2_2_1_3_5_11_4_5_3_3_5_6_3_4_4_1
262	-170993.035486581327859	-174160.086164228181588	0	2	0.999999999999977	0	0	1	6.899999999999999	7694101571203780.000000000000000	-1	19	4	2	0	0	0	3	0	2	0	0.002000000000000	7_5_7_2_3_3_4_2_2_2_1_3_5_11_4_5_3_3_5_5_3_4_4_1
263	-172244.481633626477560	-174160.086164228181588	0	1	-1.000000000000000	0	0	0	6.000000000000000	7686407469632576.000000000000000	1	-1	31	7	0	0	23	3	2	2	3	0.006000000000000	7_6_7_2_3_3_4_2_2_2_1_3_5_11_4_5_3_3_5_5_3_4_4_1
264	-171959.760502484918106	-174160.086164228181588	0	2	0.999999999999963	0	0	1	6.899999999999999	7678721062162943.000000000000000	-1	19	5	2	0	0	0	3	0	2	0	0.003000000000000	7_6_7_2_3_3_4_2_2_2_1_3_5_11_4_5_3_3_5_4_3_4_4_1
265	-172725.209896749001928	-174160.086164228181588	0	1	-1.000000000000000	0	0	0	6.000000000000000	7671042341100780.000000000000000	0	-1	31	7	0	0	23	2	2	2	3	0.008000000000000	8_6_7_2_3_3_4_2_2_2_1_3_5_11_4_5_3_3_5_4_3_4_4_1
266	-172585.050531801738543	-174160.086164228181588	0	2	0.999999999999982	0	0	1	6.899999999999999	7663371298759679.000000000000000	-1	13	7	2	0	0	0	2	0	3	0	0.002000000000000	8_6_7_2_3_3_4_2_2_2_1_3_5_10_4_5_3_3_5_4_3_4_4_1
267	-173412.600697897840291	-174160.086164228181588	0	1	-1.000000000000000	0	0	0	6.000000000000000	7655707927460919.000000000000000	1	-1	31	7	0	0	22	2	2	2	3	0.004000000000000	8_7_7_2_3_3_4_2_2_2_1_3_5_10_4_5_3_3_5_4_3_4_4_1
268	-171576.353270708932541	-174160.086164228181588	0	2	0.999999999999760	0	0	1	6.899999999999999	7648052219533458.000000000000000	-1	13	4	2	0	0	0	2	0	2	0	0.002000000000000	8_7_7_2_3_3_4_2_2_2_1_3_5_9_4_5_3_3_5_4_3_4_4_1
269	-171600.523659670987399	-174160.086164228181588	0	1	-1.000000000000000	0	0	0	6.000000000000000	7640404167313925.000000000000000	23	-1	31	7	0	0	22	2	2	2	3	0.006000000000000	8_7_7_2_3_3_4_2_2_2_1_3_5_9_4_5_3_3_5_4_3_4_4_2
270	-171524.877629168913700	-174160.086164228181588	0	2	0.999999999999990	0	0	1	6.899999999999999	7632763763146611.000000000000000	-1	0	5	2	0	0	0	3	0	2	0	0.002000000000000	7_7_7_2_3_3_4_2_2_2_1_3_5_9_4_5_3_3_5_4_3_4_4_2
271	-172435.708592056529596	-174160.086164228181588	0	1	-1.000000000000000	0	0	0	6.000000000000000	7625130999383464.000000000000000	1	-1	32	7	0	0	22	3	2	2	3	0.006000000000000	7_8_7_2_3_3_4_2_2_2_1_3_5_9_4_5_3_3_5_4_3_4_4_2
272	-171049.025240323098842	-174160.086164228181588	0	2	0.999999999999818	0	0	1	6.899999999999999	7617505868384081.000000000000000	-1	0	5	2	0	0	0	3	0	2	0	0.002000000000000	6_8_7_2_3_3_4_2_2_2_1_3_5_9_4_5_3_3_5_4_3_4_4_2
273	-172241.713949864526512	-174160.086164228181588	0	1	-1.000000000000000	0	0	0	6.000000000000000	7609888362515697.000000000000000	23	-1	32	7	0	0	22	3	2	2	3	0.005000000000000	6_8_7_2_3_3_4_2_2_2_1_3_5_9_4_5_3_3_5_4_3_4_4_3
274	-170571.222700322367018	-174160.086164228181588	0	2	0.999999999999781	0	0	1	6.899999999999999	7602278474153181.000000000000000	-1	2	5	2	0	0	0	3	0	2	0	0.003000000000000	6_8_6_2_3_3_4_2_2_2_1_3_5_9_4_5_3_3_5_4_3_4_4_3
275	-170706.784947397361975	-174160.086164228181588	0	1	-1.000000000000000	0	0	0	6.000000000000000	7594676195679028.000000000000000	13	-1	31	6	0	0	22	3	2	2	2	0.005000000000000	6_8_6_2_3_3_4_2_2_2_1_3_5_10_4_5_3_3_5_4_3_4_4_3
276	-168037.256677415076410	-174160.086164228181588	0	2	0.999999999999649	0	0	1	6.899999999999999	7587081519483349.000000000000000	-1	2	5	2	0	0	0	2	0	2	0	0.002000000000000	6_8_5_2_3_3_4_2_2_2_1_3_5_10_4_5_3_3_5_4_3_4_4_3
277	-168910.383208714425564	-174160.086164228181588	0	1	-1.000000000000000	0	0	0	6.000000000000000	7579494437963866.000000000000000	7	-1	31	6	0	0	22	3	2	2	2	0.006000000000000	6_8_5_2_3_3_4_3_2_2_1_3_5_10_4_5_3_3_5_4_3_4_4_3
278	-168230.389322214876302	-174160.086164228181588	0	2	0.999999999999910	0	0	1	6.899999999999999	7571914943525902.000000000000000	-1	1	6	2	0	0	0	3	0	2	0	0.002000000000000	6_7_5_2_3_3_4_3_2_2_1_3_5_10_4_5_3_3_5_4_3_4_4_3
279	-169480.513312117807800	-174160.086164228181588	0	1	-1.000000000000000	0	0	0	6.000000000000000	7564343028582376.000000000000000	7	-1	33	7	0	0	22	4	2	2	3	0.007000000000000	6_7_5_2_3_3_4_4_2_2_1_3_5_10_4_5_3_3_5_4_3_4_4_3
280	-168612.739342444343492	-174160.086164228181588	0	2	0.999999999999885	0	0	1	6.899999999999999	7556778685553794.000000000000000	-1	23	6	2	0	0	0	4	0	2	0	0.002000000000000	6_7_5_2_3_3_4_4_2_2_1_3_5_10_4_5_3_3_5_4_3_4_4_2
281	-169974.227868782298174	-174160.086164228181588	0	1	-1.000000000000000	0	0	0	6.000000000000000	7549221906868240.000000000000000	0	-1	33	7	0	0	21	5	2	2	3	0.006000000000000	7_7_5_2_3_3_4_4_2_2_1_3_5_10_4_5_3_3_5_4_3_4_4_2
282	-170275.203059837978799	-174160.086164228181588	0	1	-1.000000000000000	0	0	0	6.000000000000000	7541672684961372.000000000000000	-1	23	6	2	0	0	0	4	0	2	0	0.002000000000000	7_7_5_2_3_3_4_4_2_2_1_3_5_10_4_5_3_3_5_4_3_4_4_1
283	-172387.085708907688968	-174160.086164228181588	0	1	-1.000000000000000	0	0	0	6.000000000000000	7534131012276411.000000000000000	2	-1	32	7	0	0	22	3	2	2	3	0.006000000000000	7_7_6_2_3_3_4_4_2_2_1_3_5_10_4_5_3_3_5_4_3_4_4_1
284	-171653.900049421354197	-174160.086164228181588	0	2	0.999999999999903	0	0	1	6.899999999999999	7526596881264135.000000000000000	-1	1	5	2	0	0	0	2	0	2	0	0.002000000000000	7_6_6_2_3_3_4_4_2_2_1_3_5_10_4_5_3_3_5_4_3_4_4_1
285	-172513.975213651603553	-174160.086164228181588	0	1	-1.000000000000000	0	0	0	6.000000000000000	7519070284382871.000000000000000	7	-1	31	6	0	0	22	3	2	2	2	0.005000000000000	7_6_6_2_3_3_4_5_2_2_1_3_5_10_4_5_3_3_5_4_3_4_4_1
286	-171207.756694586831145	-174160.086164228181588	0	2	0.999999999999826	0	0	1	6.899999999999999	7511551214098488.000000000000000	-1	1	5	2	0	0	0	2	0	2	0	0.003000000000000	7_5_6_2_3_3_4_5_2_2_1_3_5_10_4_5_3_3_5_4_3_4_4_1
287	-171745.786036444042111	-174160.086164228181588	0	1	-1.000000000000000	0	0	0	6.000000000000000	7504039662884390.000000000000000	7	-1	31	7	0	0	22	2	2	2	3	0.005000000000000	7_5_6_2_3_3_4_6_2_2_1_3_5_10_4_5_3_3_5_4_3_4_4_1
288	-169795.141401347995270	-174160.086164228181588	0	2	0.999999999999740	0	0	1	6.899999999999999	7496535623221506.000000000000000	-1	13	4	2	0	0	0	2	0	2	0	0.002000000000000	7_5_6_2_3_3_4_6_2_2_1_3_5_9_4_5_3_3_5_4_3_4_4_1
289	-170089.100704475247767	-174160.086164228181588	0	1	-1.000000000000000	0	0	0	6.000000000000000	7489039087598284.000000000000000	7	-1	31	7	0	0	22	3	2	2	3	0.006000000000000	7_5_6_2_3_3_4_7_2_2_1_3_5_9_4_5_3_3_5_4_3_4_4_1
290	-168876.241651439195266	-174160.086164228181588	0	2	0.999999999999838	0	0	1	6.899999999999999	7481550048510686.000000000000000	-1	2	4	2	0	0	0	3	0	2	0	0.002000000000000	7_5_5_2_3_3_4_7_2_2_1_3_5_9_4_5_3_3_5_4_3_4_4_1
291	-169158.824790802696953	-174160.086164228181588	0	1	-1.000000000000000	0	0	0	6.000000000000000	7474068498462175.000000000000000	7	-1	31	7	0	0	21	3	2	2	3	0.007000000000000	7_5_5_2_3_3_4_8_2_2_1_3_5_9_4_5_3_3_5_4_3_4_4_1
292	-167950.055840788292699	-174160.086164228181588	0	2	0.999999999999838	0	0	1	6.899999999999999	7466594429963713.000000000000000	-1	0	4	2	0	0	0	3	0	2	0	0.003000000000000	6_5_5_2_3_3_4_8_2_2_1_3_5_9_4_5_3_3_5_4_3_4_4_1
293	-168959.513350843568332	-174160.086164228181588	0	1	-1.000000000000000	0	0	0	6.000000000000000	7459127835533749.000000000000000	23	-1	31	8	0	0	21	2	2	2	3	0.005000000000000	6_5_5_2_3_3_4_8_2_2_1_3_5_9_4_5_3_3_5_4_3_4_4_2
294	-166865.013990587991429	-174160.086164228181588	0	2	0.999999999999719	0	0	1	6.899999999999999	7451668707698215.000000000000000	-1	13	5	2	0	0	0	3	0	2	0	0.002000000000000	6_5_5_2_3_3_4_8_2_2_1_3_5_8_4_5_3_3_5_4_3_4_4_2
295	-167684.622801592457108	-174160.086164228181588	0	1	-1.000000000000000	0	0	0	6.000000000000000	7444217038990517.000000000000000	23	-1	32	7	0	0	21	3	2	2	3	0.005000000000000	6_5_5_2_3_3_4_8_2_2_1_3_5_8_4_5_3_3_5_4_3_4_4_3
296	-165427.179299022129271	-174160.086164228181588	0	2	0.999999999999697	0	0	1	6.899999999999999	7436772821951526.000000000000000	-1	13	5	2	0	0	0	3	0	2	0	0.002000000000000	6_5_5_2_3_3_4_8_2_2_1_3_5_7_4_5_3_3_5_4_3_4_4_3
297	-166320.162205730710411	-174160.086164228181588	0	1	-1.000000000000000	0	0	0	6.000000000000000	7429336049129574.000000000000000	1	-1	32	7	0	0	22	4	2	2	3	0.006000000000000	6_6_5_2_3_3_4_8_2_2_1_3_5_7_4_5_3_3_5_4_3_4_4_3
298	-165983.036405542516150	-174160.086164228181588	0	2	0.999999999999955	0	0	1	6.899999999999999	7421906713080444.000000000000000	-1	7	6	2	0	0	0	4	0	2	0	0.002000000000000	6_6_5_2_3_3_4_7_2_2_1_3_5_7_4_5_3_3_5_4_3_4_4_3
299	-166714.463670923491009	-174160.086164228181588	0	1	-1.000000000000000	0	0	0	6.000000000000000	7414484806367364.000000000000000	1	-1	33	7	0	0	22	4	2	2	3	0.006000000000000	6_7_5_2_3_3_4_7_2_2_1_3_5_7_4_5_3_3_5_4_3_4_4_3
300	-166283.526506330294069	-174160.086164228181588	0	2	0.999999999999942	0	0	1	6.899999999999999	7407070321560997.000000000000000	-1	7	6	2	0	0	0	4	0	2	0	0.002000000000000	6_7_5_2_3_3_4_6_2_2_1_3_5_7_4_5_3_3_5_4_3_4_4_3
301	-167951.026010237517767	-174160.086164228181588	0	1	-1.000000000000000	0	0	0	6.000000000000000	7399663251239436.000000000000000	2	-1	33	7	0	0	22	5	2	2	3	0.005000000000000	6_7_6_2_3_3_4_6_2_2_1_3_5_7_4_5_3_3_5_4_3_4_4_3
302	-167757.023769705439918	-174160.086164228181588	0	2	0.999999999999974	0	0	1	6.899999999999999	7392263587988197.000000000000000	-1	7	6	2	0	0	0	4	0	2	0	0.003000000000000	6_7_6_2_3_3_4_5_2_2_1_3_5_7_4_5_3_3_5_4_3_4_4_3
303	-170015.514743316365639	-174160.086164228181588	0	1	-1.000000000000000	0	0	0	6.000000000000000	7384871324400209.000000000000000	13	-1	33	7	0	0	23	4	2	2	3	0.006000000000000	6_7_6_2_3_3_4_5_2_2_1_3_5_8_4_5_3_3_5_4_3_4_4_3
304	-169112.391058545443229	-174160.086164228181588	0	2	0.999999999999878	0	0	1	6.899999999999999	7377486453075809.000000000000000	-1	7	6	2	0	0	0	3	0	2	0	0.002000000000000	6_7_6_2_3_3_4_4_2_2_1_3_5_8_4_5_3_3_5_4_3_4_4_3
305	-171092.737114830466453	-174160.086164228181588	0	1	-1.000000000000000	0	0	0	6.000000000000000	7370108966622733.000000000000000	13	-1	32	6	0	0	23	4	2	2	2	0.006000000000000	6_7_6_2_3_3_4_4_2_2_1_3_5_9_4_5_3_3_5_4_3_4_4_3
306	-170348.166499534505419	-174160.086164228181588	0	2	0.999999999999899	0	0	1	6.899999999999999	7362738857656110.000000000000000	-1	23	6	2	0	0	0	4	0	2	0	0.002000000000000	6_7_6_2_3_3_4_4_2_2_1_3_5_9_4_5_3_3_5_4_3_4_4_2
307	-170645.886314073635731	-174160.086164228181588	0	1	-1.000000000000000	0	0	0	6.000000000000000	7355376118798454.000000000000000	1	-1	33	7	0	0	22	5	2	2	3	0.006000000000000	6_8_6_2_3_3_4_4_2_2_1_3_5_9_4_5_3_3_5_4_3_4_4_2
308	-169822.937822634296026	-174160.086164228181588	0	2	0.999999999999888	0	0	1	6.899999999999999	7348020742679656.000000000000000	-1	7	6	2	0	0	0	4	0	2	0	0.002000000000000	6_8_6_2_3_3_4_3_2_2_1_3_5_9_4_5_3_3_5_4_3_4_4_2
309	-171049.025240323098842	-174160.086164228181588	0	1	-1.000000000000000	0	0	0	6.000000000000000	7340672721936976.000000000000000	2	-1	33	7	0	0	22	4	2	2	3	0.005000000000000	6_8_7_2_3_3_4_3_2_2_1_3_5_9_4_5_3_3_5_4_3_4_4_2
310	-171049.025240323098842	-174160.086164228181588	0	2	1.000000000000000	0	0	1	6.899999999999999	7333332049215039.000000000000000	-1	7	6	2	0	0	0	3	0	2	0	0.002000000000000	6_8_7_2_3_3_4_2_2_2_1_3_5_9_4_5_3_3_5_4_3_4_4_2
311	-172435.708592056529596	-174160.086164228181588	0	1	-1.000000000000000	0	0	0	6.000000000000000	7325998717165824.000000000000000	0	-1	31	6	0	0	22	3	2	2	2	0.006000000000000	7_8_7_2_3_3_4_2_2_2_1_3_5_9_4_5_3_3_5_4_3_4_4_2
312	-172409.785384203220019	-174160.086164228181588	0	2	0.999999999999996	0	0	1	6.899999999999999	7318672718448658.000000000000000	-1	23	5	2	0	0	0	2	0	2	0	0.002000000000000	7_8_7_2_3_3_4_2_2_2_1_3_5_9_4_5_3_3_5_4_3_4_4_1
313	-174160.086164228181588	-174160.086164228181588	0	1	-1.000000000000000	0	0	0	6.000000000000000	7311354045730209.000000000000000	13	-1	31	7	0	0	22	2	2	2	3	0.007000000000000	7_8_7_2_3_3_4_2_2_2_1_3_5_10_4_5_3_3_5_4_3_4_4_1
314	-172982.084826312027872	-174160.086164228181588	0	2	0.999999999999839	0	0	1	6.899999999999999	7304042691684479.000000000000000	-1	1	7	2	0	0	0	2	0	3	0	0.003000000000000	7_7_7_2_3_3_4_2_2_2_1_3_5_10_4_5_3_3_5_4_3_4_4_1
315	-173412.600697897840291	-174160.086164228181588	0	1	-1.000000000000000	0	0	0	6.000000000000000	7296738648992795.000000000000000	0	-1	31	7	0	0	21	2	2	2	3	0.006000000000000	8_7_7_2_3_3_4_2_2_2_1_3_5_10_4_5_3_3_5_4_3_4_4_1
316	-172585.050531801738543	-174160.086164228181588	0	2	0.999999999999887	0	0	1	6.899999999999999	7289441910343802.000000000000000	-1	1	4	2	0	0	0	2	0	2	0	0.002000000000000	8_6_7_2_3_3_4_2_2_2_1_3_5_10_4_5_3_3_5_4_3_4_4_1
317	-172725.209896749001928	-174160.086164228181588	0	1	-1.000000000000000	0	0	0	6.000000000000000	7282152468433458.000000000000000	13	-1	31	7	0	0	22	2	2	2	3	0.005000000000000	8_6_7_2_3_3_4_2_2_2_1_3_5_11_4_5_3_3_5_4_3_4_4_1
318	-171301.335168720135698	-174160.086164228181588	0	2	0.999999999999804	0	0	1	6.899999999999999	7274870315965025.000000000000000	-1	1	4	2	0	0	0	2	0	2	0	0.002000000000000	8_5_7_2_3_3_4_2_2_2_1_3_5_11_4_5_3_3_5_4_3_4_4_1
319	-172344.601885861484334	-174160.086164228181588	0	1	-1.000000000000000	0	0	0	6.000000000000000	7267595445649060.000000000000000	3	-1	29	5	0	0	23	1	2	1	2	0.005000000000000	8_5_7_3_3_3_4_2_2_2_1_3_5_11_4_5_3_3_5_4_3_4_4_1
320	-170576.922368603234645	-174160.086164228181588	0	2	0.999999999999757	0	0	1	6.899999999999999	7260327850203411.000000000000000	-1	0	7	2	0	0	0	2	0	3	0	0.003000000000000	7_5_7_3_3_3_4_2_2_2_1_3_5_11_4_5_3_3_5_4_3_4_4_1
321	-171042.740630226908252	-174160.086164228181588	0	1	-1.000000000000000	0	0	0	6.000000000000000	7253067522353208.000000000000000	23	-1	31	7	0	0	22	2	2	2	3	0.006000000000000	7_5_7_3_3_3_4_2_2_2_1_3_5_11_4_5_3_3_5_4_3_4_4_2
322	-170740.702381472598063	-174160.086164228181588	0	2	0.999999999999958	0	0	1	6.899999999999999	7245814454830855.000000000000000	-1	13	5	2	0	0	0	3	0	2	0	0.002000000000000	7_5_7_3_3_3_4_2_2_2_1_3_5_10_4_5_3_3_5_4_3_4_4_2
323	-170740.702381472598063	-174160.086164228181588	0	2	1.000000000000000	0	0	2	7.934999999999999	7238568640376024.000000000000000	6	-1	32	7	0	0	21	3	2	2	3	0.005000000000000	7_5_7_3_3_3_5_2_2_2_1_3_5_10_4_5_3_3_5_4_3_4_4_2
324	-170900.222407904046122	-174160.086164228181588	0	1	-1.000000000000000	0	0	0	6.000000000000000	7231330071735648.000000000000000	-1	3	6	2	0	0	0	4	0	2	0	0.002000000000000	7_5_7_2_3_3_5_2_2_2_1_3_5_10_4_5_3_3_5_4_3_4_4_2
325	-172483.848938473442104	-174160.086164228181588	0	1	-1.000000000000000	0	0	0	6.000000000000000	7224098741663912.000000000000000	1	-1	32	7	0	0	21	3	2	2	3	0.006000000000000	7_6_7_2_3_3_5_2_2_2_1_3_5_10_4_5_3_3_5_4_3_4_4_2
326	-170828.126541058503790	-174160.086164228181588	0	2	0.999999999999771	0	0	1	6.899999999999999	7216874642922248.000000000000000	-1	13	6	2	0	0	0	3	0	2	0	0.002000000000000	7_6_7_2_3_3_5_2_2_2_1_3_5_9_4_5_3_3_5_4_3_4_4_2
327	-171524.877629168913700	-174160.086164228181588	0	1	-1.000000000000000	0	0	0	6.000000000000000	7209657768279326.000000000000000	1	-1	32	6	0	0	22	4	2	2	2	0.006000000000000	7_7_7_2_3_3_5_2_2_2_1_3_5_9_4_5_3_3_5_4_3_4_4_2
328	-171250.016972771554720	-174160.086164228181588	0	2	0.999999999999962	0	0	1	6.899999999999999	7202448110511047.000000000000000	-1	23	6	2	0	0	0	4	0	2	0	0.002000000000000	7_7_7_2_3_3_5_2_2_2_1_3_5_9_4_5_3_3_5_4_3_4_4_1
329	-172409.785384203220019	-174160.086164228181588	0	1	-1.000000000000000	0	0	0	6.000000000000000	7195245662400536.000000000000000	1	-1	32	7	0	0	21	3	2	2	3	0.005000000000000	7_8_7_2_3_3_5_2_2_2_1_3_5_9_4_5_3_3_5_4_3_4_4_1
330	-170369.667688316374552	-174160.086164228181588	0	2	0.999999999999716	0	0	1	6.899999999999999	7188050416738135.000000000000000	-1	13	5	2	0	0	0	3	0	2	0	0.003000000000000	7_8_7_2_3_3_5_2_2_2_1_3_5_8_4_5_3_3_5_4_3_4_4_1
331	-170464.264129896910163	-174160.086164228181588	0	1	-1.000000000000000	0	0	0	6.000000000000000	7180862366321397.000000000000000	19	-1	32	7	0	0	22	4	2	2	3	0.006000000000000	7_8_7_2_3_3_5_2_2_2_1_3_5_8_4_5_3_3_5_5_3_4_4_1
332	-170464.264129896910163	-174160.086164228181588	0	2	1.000000000000000	0	0	1	6.899999999999999	7173681503955076.000000000000000	-1	6	6	2	0	0	0	4	0	2	0	0.003000000000000	7_8_7_2_3_3_4_2_2_2_1_3_5_8_4_5_3_3_5_5_3_4_4_1
333	-170591.589352247829083	-174160.086164228181588	0	1	-1.000000000000000	0	0	0	6.000000000000000	7166507822451121.000000000000000	19	-1	32	7	0	0	21	3	2	2	3	0.005000000000000	7_8_7_2_3_3_4_2_2_2_1_3_5_8_4_5_3_3_5_6_3_4_4_1
334	-168918.513843102089595	-174160.086164228181588	0	2	0.999999999999767	0	0	1	6.899999999999999	7159341314628670.000000000000000	-1	0	5	2	0	0	0	3	0	2	0	0.002000000000000	6_8_7_2_3_3_4_2_2_2_1_3_5_8_4_5_3_3_5_6_3_4_4_1
335	-169734.936600741813891	-174160.086164228181588	0	1	-1.000000000000000	0	0	0	6.000000000000000	7152181973314041.000000000000000	19	-1	32	7	0	0	21	4	2	2	3	0.005000000000000	6_8_7_2_3_3_4_2_2_2_1_3_5_8_4_5_3_3_5_7_3_4_4_1
336	-168540.807455597183434	-174160.086164228181588	0	2	0.999999999999833	0	0	1	6.899999999999999	7145029791340727.000000000000000	-1	2	5	2	0	0	0	4	0	2	0	0.002000000000000	6_8_6_2_3_3_4_2_2_2_1_3_5_8_4_5_3_3_5_7_3_4_4_1
337	-170473.991614555299748	-174160.086164228181588	0	1	-1.000000000000000	0	0	0	6.000000000000000	7137884761549386.000000000000000	13	-1	32	7	0	0	21	4	2	2	3	0.005000000000000	6_8_6_2_3_3_4_2_2_2_1_3_5_9_4_5_3_3_5_7_3_4_4_1
338	-169673.706139733607415	-174160.086164228181588	0	2	0.999999999999888	0	0	1	6.899999999999999	7130746876787837.000000000000000	-1	1	5	2	0	0	0	3	0	2	0	0.002000000000000	6_7_6_2_3_3_4_2_2_2_1_3_5_9_4_5_3_3_5_7_3_4_4_1
339	-169784.321640654612565	-174160.086164228181588	0	1	-1.000000000000000	0	0	0	6.000000000000000	7123616129911049.000000000000000	19	-1	32	7	0	0	21	3	2	2	3	0.006000000000000	6_7_6_2_3_3_4_2_2_2_1_3_5_9_4_5_3_3_5_8_3_4_4_1
340	-168697.866400489408989	-174160.086164228181588	0	2	0.999999999999847	0	0	1	6.899999999999999	7116492513781138.000000000000000	-1	1	5	2	0	0	0	3	0	2	0	0.003000000000000	6_6_6_2_3_3_4_2_2_2_1_3_5_9_4_5_3_3_5_8_3_4_4_1
341	-169203.729329332272755	-174160.086164228181588	0	1	-1.000000000000000	0	0	0	6.000000000000000	7109376021267357.000000000000000	0	-1	32	7	0	0	22	3	2	2	3	0.005000000000000	7_6_6_2_3_3_4_2_2_2_1_3_5_9_4_5_3_3_5_8_3_4_4_1
342	-167868.775715233350638	-174160.086164228181588	0	2	0.999999999999812	0	0	1	6.899999999999999	7102266645246090.000000000000000	-1	1	5	2	0	0	0	2	0	2	0	0.002000000000000	7_5_6_2_3_3_4_2_2_2_1_3_5_9_4_5_3_3_5_8_3_4_4_1
343	-169504.517909762158524	-174160.086164228181588	0	1	-1.000000000000000	0	0	0	6.000000000000000	7095164378600844.000000000000000	2	-1	30	6	0	0	23	2	2	2	2	0.005000000000000	7_5_7_2_3_3_4_2_2_2_1_3_5_9_4_5_3_3_5_8_3_4_4_1
344	-169369.625711675500497	-174160.086164228181588	0	2	0.999999999999981	0	0	1	6.899999999999999	7088069214222243.000000000000000	-1	19	7	2	0	0	0	2	0	3	0	0.002000000000000	7_5_7_2_3_3_4_2_2_2_1_3_5_9_4_5_3_3_5_7_3_4_4_1
345	-171032.521114433126058	-174160.086164228181588	0	1	-1.000000000000000	0	0	0	6.000000000000000	7080981145008021.000000000000000	13	-1	31	7	0	0	22	2	2	2	3	0.006000000000000	7_5_7_2_3_3_4_2_2_2_1_3_5_10_4_5_3_3_5_7_3_4_4_1
346	-170936.661831512610661	-174160.086164228181588	0	2	0.999999999999986	0	0	1	6.899999999999999	7073900163863013.000000000000000	-1	19	4	2	0	0	0	2	0	2	0	0.002000000000000	7_5_7_2_3_3_4_2_2_2_1_3_5_10_4_5_3_3_5_6_3_4_4_1
347	-171172.822116071765777	-174160.086164228181588	0	1	-1.000000000000000	0	0	0	6.000000000000000	7066826263699150.000000000000000	13	-1	31	7	0	0	22	2	2	2	3	0.006000000000000	7_5_7_2_3_3_4_2_2_2_1_3_5_11_4_5_3_3_5_6_3_4_4_1
348	-170993.035486581327859	-174160.086164228181588	0	2	0.999999999999975	0	0	1	6.899999999999999	7059759437435451.000000000000000	-1	19	4	2	0	0	0	3	0	2	0	0.002000000000000	7_5_7_2_3_3_4_2_2_2_1_3_5_11_4_5_3_3_5_5_3_4_4_1
349	-172244.481633626477560	-174160.086164228181588	0	1	-1.000000000000000	0	0	0	6.000000000000000	7052699677998016.000000000000000	1	-1	31	7	0	0	23	3	2	2	3	0.006000000000000	7_6_7_2_3_3_4_2_2_2_1_3_5_11_4_5_3_3_5_5_3_4_4_1
350	-171959.760502484918106	-174160.086164228181588	0	2	0.999999999999960	0	0	1	6.899999999999999	7045646978320018.000000000000000	-1	19	5	2	0	0	0	3	0	2	0	0.002000000000000	7_6_7_2_3_3_4_2_2_2_1_3_5_11_4_5_3_3_5_4_3_4_4_1
351	-172725.209896749001928	-174160.086164228181588	0	1	-1.000000000000000	0	0	0	6.000000000000000	7038601331341698.000000000000000	0	-1	31	7	0	0	23	2	2	2	3	0.006000000000000	8_6_7_2_3_3_4_2_2_2_1_3_5_11_4_5_3_3_5_4_3_4_4_1
352	-172585.050531801738543	-174160.086164228181588	0	2	0.999999999999980	0	0	1	6.899999999999999	7031562730010356.000000000000000	-1	13	7	2	0	0	0	2	0	3	0	0.003000000000000	8_6_7_2_3_3_4_2_2_2_1_3_5_10_4_5_3_3_5_4_3_4_4_1
353	-173412.600697897840291	-174160.086164228181588	0	1	-1.000000000000000	0	0	0	6.000000000000000	7024531167280346.000000000000000	1	-1	31	7	0	0	22	2	2	2	3	0.007000000000000	8_7_7_2_3_3_4_2_2_2_1_3_5_10_4_5_3_3_5_4_3_4_4_1
354	-171576.353270708932541	-174160.086164228181588	0	2	0.999999999999739	0	0	1	6.899999999999999	7017506636113066.000000000000000	-1	13	4	2	0	0	0	2	0	2	0	0.002000000000000	8_7_7_2_3_3_4_2_2_2_1_3_5_9_4_5_3_3_5_4_3_4_4_1
355	-171600.523659670987399	-174160.086164228181588	0	1	-1.000000000000000	0	0	0	6.000000000000000	7010489129476953.000000000000000	23	-1	31	7	0	0	22	2	2	2	3	0.006000000000000	8_7_7_2_3_3_4_2_2_2_1_3_5_9_4_5_3_3_5_4_3_4_4_2
356	-171524.877629168913700	-174160.086164228181588	0	2	0.999999999999989	0	0	1	6.899999999999999	7003478640347476.000000000000000	-1	0	5	2	0	0	0	3	0	2	0	0.002000000000000	7_7_7_2_3_3_4_2_2_2_1_3_5_9_4_5_3_3_5_4_3_4_4_2
357	-172435.708592056529596	-174160.086164228181588	0	1	-1.000000000000000	0	0	0	6.000000000000000	6996475161707129.000000000000000	1	-1	32	7	0	0	22	3	2	2	3	0.006000000000000	7_8_7_2_3_3_4_2_2_2_1_3_5_9_4_5_3_3_5_4_3_4_4_2
358	-171049.025240323098842	-174160.086164228181588	0	2	0.999999999999802	0	0	1	6.899999999999999	6989478686545422.000000000000000	-1	0	5	2	0	0	0	3	0	2	0	0.002000000000000	6_8_7_2_3_3_4_2_2_2_1_3_5_9_4_5_3_3_5_4_3_4_4_2
359	-172241.713949864526512	-174160.086164228181588	0	1	-1.000000000000000	0	0	0	6.000000000000000	6982489207858877.000000000000000	23	-1	32	7	0	0	22	3	2	2	3	0.006000000000000	6_8_7_2_3_3_4_2_2_2_1_3_5_9_4_5_3_3_5_4_3_4_4_3
360	-170571.222700322367018	-174160.086164228181588	0	2	0.999999999999761	0	0	1	6.899999999999999	6975506718651018.000000000000000	-1	2	5	2	0	0	0	3	0	2	0	0.002000000000000	6_8_6_2_3_3_4_2_2_2_1_3_5_9_4_5_3_3_5_4_3_4_4_3
361	-170706.784947397361975	-174160.086164228181588	0	1	-1.000000000000000	0	0	0	6.000000000000000	6968531211932367.000000000000000	13	-1	31	6	0	0	22	3	2	2	2	0.005000000000000	6_8_6_2_3_3_4_2_2_2_1_3_5_10_4_5_3_3_5_4_3_4_4_3
362	-168037.256677415076410	-174160.086164228181588	0	2	0.999999999999617	0	0	1	6.899999999999999	6961562680720435.000000000000000	-1	2	5	2	0	0	0	2	0	2	0	0.002000000000000	6_8_5_2_3_3_4_2_2_2_1_3_5_10_4_5_3_3_5_4_3_4_4_3
363	-168910.383208714425564	-174160.086164228181588	0	1	-1.000000000000000	0	0	0	6.000000000000000	6954601118039715.000000000000000	7	-1	31	6	0	0	22	3	2	2	2	0.005000000000000	6_8_5_2_3_3_4_3_2_2_1_3_5_10_4_5_3_3_5_4_3_4_4_3
364	-168230.389322214876302	-174160.086164228181588	0	2	0.999999999999902	0	0	1	6.899999999999999	6947646516921675.000000000000000	-1	1	6	2	0	0	0	3	0	2	0	0.002000000000000	6_7_5_2_3_3_4_3_2_2_1_3_5_10_4_5_3_3_5_4_3_4_4_3
365	-169480.513312117807800	-174160.086164228181588	0	1	-1.000000000000000	0	0	0	6.000000000000000	6940698870404753.000000000000000	7	-1	33	7	0	0	22	4	2	2	3	0.005000000000000	6_7_5_2_3_3_4_4_2_2_1_3_5_10_4_5_3_3_5_4_3_4_4_3
366	-168612.739342444343492	-174160.086164228181588	0	2	0.999999999999875	0	0	1	6.899999999999999	6933758171534348.000000000000000	-1	23	6	2	0	0	0	4	0	2	0	0.002000000000000	6_7_5_2_3_3_4_4_2_2_1_3_5_10_4_5_3_3_5_4_3_4_4_2
367	-169974.227868782298174	-174160.086164228181588	0	1	-1.000000000000000	0	0	0	6.000000000000000	6926824413362814.000000000000000	0	-1	33	7	0	0	21	5	2	2	3	0.005000000000000	7_7_5_2_3_3_4_4_2_2_1_3_5_10_4_5_3_3_5_4_3_4_4_2
368	-170275.203059837978799	-174160.086164228181588	0	1	-1.000000000000000	0	0	0	6.000000000000000	6919897588949451.000000000000000	-1	23	6	2	0	0	0	4	0	2	0	0.002000000000000	7_7_5_2_3_3_4_4_2_2_1_3_5_10_4_5_3_3_5_4_3_4_4_1
369	-172387.085708907688968	-174160.086164228181588	0	1	-1.000000000000000	0	0	0	6.000000000000000	6912977691360502.000000000000000	2	-1	32	7	0	0	22	3	2	2	3	0.005000000000000	7_7_6_2_3_3_4_4_2_2_1_3_5_10_4_5_3_3_5_4_3_4_4_1
370	-171653.900049421354197	-174160.086164228181588	0	2	0.999999999999894	0	0	1	6.899999999999999	6906064713669141.000000000000000	-1	1	5	2	0	0	0	2	0	2	0	0.002000000000000	7_6_6_2_3_3_4_4_2_2_1_3_5_10_4_5_3_3_5_4_3_4_4_1
371	-172513.975213651603553	-174160.086164228181588	0	1	-1.000000000000000	0	0	0	6.000000000000000	6899158648955472.000000000000000	7	-1	31	6	0	0	22	3	2	2	2	0.005000000000000	7_6_6_2_3_3_4_5_2_2_1_3_5_10_4_5_3_3_5_4_3_4_4_1
372	-171207.756694586831145	-174160.086164228181588	0	2	0.999999999999811	0	0	1	6.899999999999999	6892259490306517.000000000000000	-1	1	5	2	0	0	0	2	0	2	0	0.002000000000000	7_5_6_2_3_3_4_5_2_2_1_3_5_10_4_5_3_3_5_4_3_4_4_1
373	-171745.786036444042111	-174160.086164228181588	0	1	-1.000000000000000	0	0	0	6.000000000000000	6885367230816210.000000000000000	7	-1	31	7	0	0	22	2	2	2	3	0.005000000000000	7_5_6_2_3_3_4_6_2_2_1_3_5_10_4_5_3_3_5_4_3_4_4_1
374	-169795.141401347995270	-174160.086164228181588	0	2	0.999999999999717	0	0	1	6.899999999999999	6878481863585394.000000000000000	-1	13	4	2	0	0	0	2	0	2	0	0.003000000000000	7_5_6_2_3_3_4_6_2_2_1_3_5_9_4_5_3_3_5_4_3_4_4_1
375	-170089.100704475247767	-174160.086164228181588	0	1	-1.000000000000000	0	0	0	6.000000000000000	6871603381721809.000000000000000	7	-1	31	7	0	0	22	3	2	2	3	0.005000000000000	7_5_6_2_3_3_4_7_2_2_1_3_5_9_4_5_3_3_5_4_3_4_4_1
376	-168876.241651439195266	-174160.086164228181588	0	2	0.999999999999823	0	0	1	6.899999999999999	6864731778340087.000000000000000	-1	2	4	2	0	0	0	3	0	2	0	0.002000000000000	7_5_5_2_3_3_4_7_2_2_1_3_5_9_4_5_3_3_5_4_3_4_4_1
377	-169158.824790802696953	-174160.086164228181588	0	1	-1.000000000000000	0	0	0	6.000000000000000	6857867046561747.000000000000000	7	-1	31	7	0	0	21	3	2	2	3	0.006000000000000	7_5_5_2_3_3_4_8_2_2_1_3_5_9_4_5_3_3_5_4_3_4_4_1
378	-167950.055840788292699	-174160.086164228181588	0	2	0.999999999999824	0	0	1	6.899999999999999	6851009179515185.000000000000000	-1	0	4	2	0	0	0	3	0	2	0	0.002000000000000	6_5_5_2_3_3_4_8_2_2_1_3_5_9_4_5_3_3_5_4_3_4_4_1
379	-168959.513350843568332	-174160.086164228181588	0	1	-1.000000000000000	0	0	0	6.000000000000000	6844158170335670.000000000000000	23	-1	31	8	0	0	21	2	2	2	3	0.005000000000000	6_5_5_2_3_3_4_8_2_2_1_3_5_9_4_5_3_3_5_4_3_4_4_2
380	-166865.013990587991429	-174160.086164228181588	0	2	0.999999999999694	0	0	1	6.899999999999999	6837314012165334.000000000000000	-1	13	5	2	0	0	0	3	0	2	0	0.002000000000000	6_5_5_2_3_3_4_8_2_2_1_3_5_8_4_5_3_3_5_4_3_4_4_2
381	-167684.622801592457108	-174160.086164228181588	0	1	-1.000000000000000	0	0	0	6.000000000000000	6830476698153169.000000000000000	23	-1	32	7	0	0	21	3	2	2	3	0.005000000000000	6_5_5_2_3_3_4_8_2_2_1_3_5_8_4_5_3_3_5_4_3_4_4_3
382	-165427.179299022129271	-174160.086164228181588	0	2	0.999999999999669	0	0	1	6.899999999999999	6823646221455016.000000000000000	-1	13	5	2	0	0	0	3	0	2	0	0.002000000000000	6_5_5_2_3_3_4_8_2_2_1_3_5_7_4_5_3_3_5_4_3_4_4_3
383	-166320.162205730710411	-174160.086164228181588	0	1	-1.000000000000000	0	0	0	6.000000000000000	6816822575233561.000000000000000	1	-1	32	7	0	0	22	4	2	2	3	0.004000000000000	6_6_5_2_3_3_4_8_2_2_1_3_5_7_4_5_3_3_5_4_3_4_4_3
384	-165983.036405542516150	-174160.086164228181588	0	2	0.999999999999951	0	0	1	6.899999999999999	6810005752658327.000000000000000	-1	7	6	2	0	0	0	4	0	2	0	0.002000000000000	6_6_5_2_3_3_4_7_2_2_1_3_5_7_4_5_3_3_5_4_3_4_4_3
385	-166714.463670923491009	-174160.086164228181588	0	1	-1.000000000000000	0	0	0	6.000000000000000	6803195746905669.000000000000000	1	-1	33	7	0	0	22	4	2	2	3	0.004000000000000	6_7_5_2_3_3_4_7_2_2_1_3_5_7_4_5_3_3_5_4_3_4_4_3
386	-166283.526506330294069	-174160.086164228181588	0	2	0.999999999999937	0	0	1	6.899999999999999	6796392551158763.000000000000000	-1	7	6	2	0	0	0	4	0	2	0	0.002000000000000	6_7_5_2_3_3_4_6_2_2_1_3_5_7_4_5_3_3_5_4_3_4_4_3
387	-167951.026010237517767	-174160.086164228181588	0	1	-1.000000000000000	0	0	0	6.000000000000000	6789596158607604.000000000000000	2	-1	33	7	0	0	22	5	2	2	3	0.004000000000000	6_7_6_2_3_3_4_6_2_2_1_3_5_7_4_5_3_3_5_4_3_4_4_3
388	-167757.023769705439918	-174160.086164228181588	0	2	0.999999999999971	0	0	1	6.899999999999999	6782806562448996.000000000000000	-1	7	6	2	0	0	0	4	0	2	0	0.002000000000000	6_7_6_2_3_3_4_5_2_2_1_3_5_7_4_5_3_3_5_4_3_4_4_3
389	-170015.514743316365639	-174160.086164228181588	0	1	-1.000000000000000	0	0	0	6.000000000000000	6776023755886547.000000000000000	13	-1	33	7	0	0	23	4	2	2	3	0.005000000000000	6_7_6_2_3_3_4_5_2_2_1_3_5_8_4_5_3_3_5_4_3_4_4_3
390	-169112.391058545443229	-174160.086164228181588	0	2	0.999999999999867	0	0	1	6.899999999999999	6769247732130660.000000000000000	-1	7	6	2	0	0	0	3	0	2	0	0.002000000000000	6_7_6_2_3_3_4_4_2_2_1_3_5_8_4_5_3_3_5_4_3_4_4_3
391	-171092.737114830466453	-174160.086164228181588	0	1	-1.000000000000000	0	0	0	6.000000000000000	6762478484398529.000000000000000	13	-1	32	6	0	0	23	4	2	2	2	0.006000000000000	6_7_6_2_3_3_4_4_2_2_1_3_5_9_4_5_3_3_5_4_3_4_4_3
392	-170348.166499534505419	-174160.086164228181588	0	2	0.999999999999890	0	0	1	6.899999999999999	6755716005914130.000000000000000	-1	23	6	2	0	0	0	4	0	2	0	0.002000000000000	6_7_6_2_3_3_4_4_2_2_1_3_5_9_4_5_3_3_5_4_3_4_4_2
393	-170645.886314073635731	-174160.086164228181588	0	1	-1.000000000000000	0	0	0	6.000000000000000	6748960289908216.000000000000000	1	-1	33	7	0	0	22	5	2	2	3	0.005000000000000	6_8_6_2_3_3_4_4_2_2_1_3_5_9_4_5_3_3_5_4_3_4_4_2
394	-169822.937822634296026	-174160.086164228181588	0	2	0.999999999999878	0	0	1	6.899999999999999	6742211329618308.000000000000000	-1	7	6	2	0	0	0	4	0	2	0	0.002000000000000	6_8_6_2_3_3_4_3_2_2_1_3_5_9_4_5_3_3_5_4_3_4_4_2
395	-171049.025240323098842	-174160.086164228181588	0	1	-1.000000000000000	0	0	0	6.000000000000000	6735469118288690.000000000000000	2	-1	33	7	0	0	22	4	2	2	3	0.005000000000000	6_8_7_2_3_3_4_3_2_2_1_3_5_9_4_5_3_3_5_4_3_4_4_2
396	-171049.025240323098842	-174160.086164228181588	0	2	1.000000000000000	0	0	1	6.899999999999999	6728733649170401.000000000000000	-1	7	6	2	0	0	0	3	0	2	0	0.003000000000000	6_8_7_2_3_3_4_2_2_2_1_3_5_9_4_5_3_3_5_4_3_4_4_2
397	-172435.708592056529596	-174160.086164228181588	0	1	-1.000000000000000	0	0	0	6.000000000000000	6722004915521231.000000000000000	0	-1	31	6	0	0	22	3	2	2	2	0.005000000000000	7_8_7_2_3_3_4_2_2_2_1_3_5_9_4_5_3_3_5_4_3_4_4_2
398	-172409.785384203220019	-174160.086164228181588	0	2	0.999999999999996	0	0	1	6.899999999999999	6715282910605710.000000000000000	-1	23	5	2	0	0	0	2	0	2	0	0.002000000000000	7_8_7_2_3_3_4_2_2_2_1_3_5_9_4_5_3_3_5_4_3_4_4_1
399	-174160.086164228181588	-174160.086164228181588	0	1	-1.000000000000000	0	0	0	6.000000000000000	6708567627695104.000000000000000	13	-1	31	7	0	0	22	2	2	2	3	0.004000000000000	7_8_7_2_3_3_4_2_2_2_1_3_5_10_4_5_3_3_5_4_3_4_4_1
400	-172982.084826312027872	-174160.086164228181588	0	2	0.999999999999824	0	0	1	6.899999999999999	6701859060067409.000000000000000	-1	1	7	2	0	0	0	2	0	3	0	0.003000000000000	7_7_7_2_3_3_4_2_2_2_1_3_5_10_4_5_3_3_5_4_3_4_4_1
401	-173412.600697897840291	-174160.086164228181588	0	1	-1.000000000000000	0	0	0	6.000000000000000	6695157201007342.000000000000000	0	-1	31	7	0	0	21	2	2	2	3	0.004000000000000	8_7_7_2_3_3_4_2_2_2_1_3_5_10_4_5_3_3_5_4_3_4_4_1
402	-172585.050531801738543	-174160.086164228181588	0	2	0.999999999999876	0	0	1	6.899999999999999	6688462043806335.000000000000000	-1	1	4	2	0	0	0	2	0	2	0	0.002000000000000	8_6_7_2_3_3_4_2_2_2_1_3_5_10_4_5_3_3_5_4_3_4_4_1
403	-172725.209896749001928	-174160.086164228181588	0	1	-1.000000000000000	0	0	0	6.000000000000000	6681773581762529.000000000000000	13	-1	31	7	0	0	22	2	2	2	3	0.005000000000000	8_6_7_2_3_3_4_2_2_2_1_3_5_11_4_5_3_3_5_4_3_4_4_1
404	-171301.335168720135698	-174160.086164228181588	0	2	0.999999999999787	0	0	1	6.899999999999999	6675091808180766.000000000000000	-1	1	4	2	0	0	0	2	0	2	0	0.002000000000000	8_5_7_2_3_3_4_2_2_2_1_3_5_11_4_5_3_3_5_4_3_4_4_1
405	-172344.601885861484334	-174160.086164228181588	0	1	-1.000000000000000	0	0	0	6.000000000000000	6668416716372585.000000000000000	3	-1	29	5	0	0	23	1	2	1	2	0.004000000000000	8_5_7_3_3_3_4_2_2_2_1_3_5_11_4_5_3_3_5_4_3_4_4_1
406	-170576.922368603234645	-174160.086164228181588	0	2	0.999999999999735	0	0	1	6.899999999999999	6661748299656212.000000000000000	-1	0	7	2	0	0	0	2	0	3	0	0.002000000000000	7_5_7_3_3_3_4_2_2_2_1_3_5_11_4_5_3_3_5_4_3_4_4_1
407	-171042.740630226908252	-174160.086164228181588	0	1	-1.000000000000000	0	0	0	6.000000000000000	6655086551356556.000000000000000	23	-1	31	7	0	0	22	2	2	2	3	0.005000000000000	7_5_7_3_3_3_4_2_2_2_1_3_5_11_4_5_3_3_5_4_3_4_4_2
408	-170740.702381472598063	-174160.086164228181588	0	2	0.999999999999955	0	0	1	6.899999999999999	6648431464805199.000000000000000	-1	13	5	2	0	0	0	3	0	2	0	0.001000000000000	7_5_7_3_3_3_4_2_2_2_1_3_5_10_4_5_3_3_5_4_3_4_4_2
409	-170740.702381472598063	-174160.086164228181588	0	2	1.000000000000000	0	0	2	7.934999999999999	6641783033340394.000000000000000	6	-1	32	7	0	0	21	3	2	2	3	0.005000000000000	7_5_7_3_3_3_5_2_2_2_1_3_5_10_4_5_3_3_5_4_3_4_4_2
410	-170900.222407904046122	-174160.086164228181588	0	1	-1.000000000000000	0	0	0	6.000000000000000	6635141250307054.000000000000000	-1	3	6	2	0	0	0	4	0	2	0	0.002000000000000	7_5_7_2_3_3_5_2_2_2_1_3_5_10_4_5_3_3_5_4_3_4_4_2
411	-172483.848938473442104	-174160.086164228181588	0	1	-1.000000000000000	0	0	0	6.000000000000000	6628506109056747.000000000000000	1	-1	32	7	0	0	21	3	2	2	3	0.004000000000000	7_6_7_2_3_3_5_2_2_2_1_3_5_10_4_5_3_3_5_4_3_4_4_2
412	-170828.126541058503790	-174160.086164228181588	0	2	0.999999999999750	0	0	1	6.899999999999999	6621877602947690.000000000000000	-1	13	6	2	0	0	0	3	0	2	0	0.003000000000000	7_6_7_2_3_3_5_2_2_2_1_3_5_9_4_5_3_3_5_4_3_4_4_2
413	-171524.877629168913700	-174160.086164228181588	0	1	-1.000000000000000	0	0	0	6.000000000000000	6615255725344742.000000000000000	1	-1	32	6	0	0	22	4	2	2	2	0.005000000000000	7_7_7_2_3_3_5_2_2_2_1_3_5_9_4_5_3_3_5_4_3_4_4_2
414	-171250.016972771554720	-174160.086164228181588	0	2	0.999999999999958	0	0	1	6.899999999999999	6608640469619397.000000000000000	-1	23	6	2	0	0	0	4	0	2	0	0.002000000000000	7_7_7_2_3_3_5_2_2_2_1_3_5_9_4_5_3_3_5_4_3_4_4_1
415	-172409.785384203220019	-174160.086164228181588	0	1	-1.000000000000000	0	0	0	6.000000000000000	6602031829149778.000000000000000	1	-1	32	7	0	0	21	3	2	2	3	0.004000000000000	7_8_7_2_3_3_5_2_2_2_1_3_5_9_4_5_3_3_5_4_3_4_4_1
416	-170369.667688316374552	-174160.086164228181588	0	2	0.999999999999691	0	0	1	6.899999999999999	6595429797320628.000000000000000	-1	13	5	2	0	0	0	3	0	2	0	0.002000000000000	7_8_7_2_3_3_5_2_2_2_1_3_5_8_4_5_3_3_5_4_3_4_4_1
417	-170464.264129896910163	-174160.086164228181588	0	1	-1.000000000000000	0	0	0	6.000000000000000	6588834367523307.000000000000000	19	-1	32	7	0	0	22	4	2	2	3	0.005000000000000	7_8_7_2_3_3_5_2_2_2_1_3_5_8_4_5_3_3_5_5_3_4_4_1
418	-170464.264129896910163	-174160.086164228181588	0	2	1.000000000000000	0	0	1	6.899999999999999	6582245533155784.000000000000000	-1	6	6	2	0	0	0	4	0	2	0	0.003000000000000	7_8_7_2_3_3_4_2_2_2_1_3_5_8_4_5_3_3_5_5_3_4_4_1
419	-170591.589352247829083	-174160.086164228181588	0	1	-1.000000000000000	0	0	0	6.000000000000000	6575663287622628.000000000000000	19	-1	32	7	0	0	21	3	2	2	3	0.005000000000000	7_8_7_2_3_3_4_2_2_2_1_3_5_8_4_5_3_3_5_6_3_4_4_1
420	-168918.513843102089595	-174160.086164228181588	0	2	0.999999999999746	0	0	1	6.899999999999999	6569087624335005.000000000000000	-1	0	5	2	0	0	0	3	0	2	0	0.002000000000000	6_8_7_2_3_3_4_2_2_2_1_3_5_8_4_5_3_3_5_6_3_4_4_1
421	-169734.936600741813891	-174160.086164228181588	0	1	-1.000000000000000	0	0	0	6.000000000000000	6562518536710670.000000000000000	19	-1	32	7	0	0	21	4	2	2	3	0.005000000000000	6_8_7_2_3_3_4_2_2_2_1_3_5_8_4_5_3_3_5_7_3_4_4_1
422	-168540.807455597183434	-174160.086164228181588	0	2	0.999999999999818	0	0	1	6.899999999999999	6555956018173959.000000000000000	-1	2	5	2	0	0	0	4	0	2	0	0.002000000000000	6_8_6_2_3_3_4_2_2_2_1_3_5_8_4_5_3_3_5_7_3_4_4_1
423	-170473.991614555299748	-174160.086164228181588	0	1	-1.000000000000000	0	0	0	6.000000000000000	6549400062155785.000000000000000	13	-1	32	7	0	0	21	4	2	2	3	0.004000000000000	6_8_6_2_3_3_4_2_2_2_1_3_5_9_4_5_3_3_5_7_3_4_4_1
424	-169673.706139733607415	-174160.086164228181588	0	2	0.999999999999878	0	0	1	6.899999999999999	6542850662093629.000000000000000	-1	1	5	2	0	0	0	3	0	2	0	0.002000000000000	6_7_6_2_3_3_4_2_2_2_1_3_5_9_4_5_3_3_5_7_3_4_4_1
425	-169784.321640654612565	-174160.086164228181588	0	1	-1.000000000000000	0	0	0	6.000000000000000	6536307811431535.000000000000000	19	-1	32	7	0	0	21	3	2	2	3	0.005000000000000	6_7_6_2_3_3_4_2_2_2_1_3_5_9_4_5_3_3_5_8_3_4_4_1
426	-168697.866400489408989	-174160.086164228181588	0	2	0.999999999999834	0	0	1	6.899999999999999	6529771503620103.000000000000000	-1	1	5	2	0	0	0	3	0	2	0	0.002000000000000	6_6_6_2_3_3_4_2_2_2_1_3_5_9_4_5_3_3_5_8_3_4_4_1
427	-169203.729329332272755	-174160.086164228181588	0	1	-1.000000000000000	0	0	0	6.000000000000000	6523241732116483.000000000000000	0	-1	32	7	0	0	22	3	2	2	3	0.005000000000000	7_6_6_2_3_3_4_2_2_2_1_3_5_9_4_5_3_3_5_8_3_4_4_1
428	-167868.775715233350638	-174160.086164228181588	0	2	0.999999999999795	0	0	1	6.899999999999999	6516718490384367.000000000000000	-1	1	5	2	0	0	0	2	0	2	0	0.002000000000000	7_5_6_2_3_3_4_2_2_2_1_3_5_9_4_5_3_3_5_8_3_4_4_1
429	-169504.517909762158524	-174160.086164228181588	0	1	-1.000000000000000	0	0	0	6.000000000000000	6510201771893983.000000000000000	2	-1	30	6	0	0	23	2	2	2	2	0.005000000000000	7_5_7_2_3_3_4_2_2_2_1_3_5_9_4_5_3_3_5_8_3_4_4_1
430	-169369.625711675500497	-174160.086164228181588	0	2	0.999999999999979	0	0	1	6.899999999999999	6503691570122089.000000000000000	-1	19	7	2	0	0	0	2	0	3	0	0.002000000000000	7_5_7_2_3_3_4_2_2_2_1_3_5_9_4_5_3_3_5_7_3_4_4_1
431	-171032.521114433126058	-174160.086164228181588	0	1	-1.000000000000000	0	0	0	6.000000000000000	6497187878551967.000000000000000	13	-1	31	7	0	0	22	2	2	2	3	0.005000000000000	7_5_7_2_3_3_4_2_2_2_1_3_5_10_4_5_3_3_5_7_3_4_4_1
432	-170936.661831512610661	-174160.086164228181588	0	2	0.999999999999985	0	0	1	6.899999999999999	6490690690673415.000000000000000	-1	19	4	2	0	0	0	2	0	2	0	0.002000000000000	7_5_7_2_3_3_4_2_2_2_1_3_5_10_4_5_3_3_5_6_3_4_4_1
433	-171172.822116071765777	-174160.086164228181588	0	1	-1.000000000000000	0	0	0	6.000000000000000	6484199999982742.000000000000000	13	-1	31	7	0	0	22	2	2	2	3	0.005000000000000	7_5_7_2_3_3_4_2_2_2_1_3_5_11_4_5_3_3_5_6_3_4_4_1
434	-170993.035486581327859	-174160.086164228181588	0	2	0.999999999999972	0	0	1	6.899999999999999	6477715799982759.000000000000000	-1	19	4	2	0	0	0	3	0	2	0	0.002000000000000	7_5_7_2_3_3_4_2_2_2_1_3_5_11_4_5_3_3_5_5_3_4_4_1
435	-172244.481633626477560	-174160.086164228181588	0	1	-1.000000000000000	0	0	0	6.000000000000000	6471238084182776.000000000000000	1	-1	31	7	0	0	23	3	2	2	3	0.006000000000000	7_6_7_2_3_3_4_2_2_2_1_3_5_11_4_5_3_3_5_5_3_4_4_1
436	-171959.760502484918106	-174160.086164228181588	0	2	0.999999999999956	0	0	1	6.899999999999999	6464766846098593.000000000000000	-1	19	5	2	0	0	0	3	0	2	0	0.002000000000000	7_6_7_2_3_3_4_2_2_2_1_3_5_11_4_5_3_3_5_4_3_4_4_1
437	-172725.209896749001928	-174160.086164228181588	0	1	-1.000000000000000	0	0	0	6.000000000000000	6458302079252494.000000000000000	0	-1	31	7	0	0	23	2	2	2	3	0.006000000000000	8_6_7_2_3_3_4_2_2_2_1_3_5_11_4_5_3_3_5_4_3_4_4_1
438	-172585.050531801738543	-174160.086164228181588	0	2	0.999999999999978	0	0	1	6.899999999999999	6451843777173242.000000000000000	-1	13	7	2	0	0	0	2	0	3	0	0.003000000000000	8_6_7_2_3_3_4_2_2_2_1_3_5_10_4_5_3_3_5_4_3_4_4_1
439	-173412.600697897840291	-174160.086164228181588	0	1	-1.000000000000000	0	0	0	6.000000000000000	6445391933396069.000000000000000	1	-1	31	7	0	0	22	2	2	2	3	0.005000000000000	8_7_7_2_3_3_4_2_2_2_1_3_5_10_4_5_3_3_5_4_3_4_4_1
440	-171576.353270708932541	-174160.086164228181588	0	2	0.999999999999715	0	0	1	6.899999999999999	6438946541462673.000000000000000	-1	13	4	2	0	0	0	2	0	2	0	0.002000000000000	8_7_7_2_3_3_4_2_2_2_1_3_5_9_4_5_3_3_5_4_3_4_4_1
441	-171600.523659670987399	-174160.086164228181588	0	1	-1.000000000000000	0	0	0	6.000000000000000	6432507594921210.000000000000000	23	-1	31	7	0	0	22	2	2	2	3	0.005000000000000	8_7_7_2_3_3_4_2_2_2_1_3_5_9_4_5_3_3_5_4_3_4_4_2
442	-171524.877629168913700	-174160.086164228181588	0	2	0.999999999999988	0	0	1	6.899999999999999	6426075087326289.000000000000000	-1	0	5	2	0	0	0	3	0	2	0	0.002000000000000	7_7_7_2_3_3_4_2_2_2_1_3_5_9_4_5_3_3_5_4_3_4_4_2
443	-172435.708592056529596	-174160.086164228181588	0	1	-1.000000000000000	0	0	0	6.000000000000000	6419649012238963.000000000000000	1	-1	32	7	0	0	22	3	2	2	3	0.005000000000000	7_8_7_2_3_3_4_2_2_2_1_3_5_9_4_5_3_3_5_4_3_4_4_2
444	-171049.025240323098842	-174160.086164228181588	0	2	0.999999999999784	0	0	1	6.899999999999999	6413229363226724.000000000000000	-1	0	5	2	0	0	0	3	0	2	0	0.002000000000000	6_8_7_2_3_3_4_2_2_2_1_3_5_9_4_5_3_3_5_4_3_4_4_2
445	-172241.713949864526512	-174160.086164228181588	0	1	-1.000000000000000	0	0	0	6.000000000000000	6406816133863497.000000000000000	23	-1	32	7	0	0	22	3	2	2	3	0.006000000000000	6_8_7_2_3_3_4_2_2_2_1_3_5_9_4_5_3_3_5_4_3_4_4_3
446	-170571.222700322367018	-174160.086164228181588	0	2	0.999999999999739	0	0	1	6.899999999999999	6400409317729633.000000000000000	-1	2	5	2	0	0	0	3	0	2	0	0.002000000000000	6_8_6_2_3_3_4_2_2_2_1_3_5_9_4_5_3_3_5_4_3_4_4_3
447	-170706.784947397361975	-174160.086164228181588	0	1	-1.000000000000000	0	0	0	6.000000000000000	6394008908411903.000000000000000	13	-1	31	6	0	0	22	3	2	2	2	0.005000000000000	6_8_6_2_3_3_4_2_2_2_1_3_5_10_4_5_3_3_5_4_3_4_4_3
448	-168037.256677415076410	-174160.086164228181588	0	2	0.999999999999582	0	0	1	6.899999999999999	6387614899503491.000000000000000	-1	2	5	2	0	0	0	2	0	2	0	0.002000000000000	6_8_5_2_3_3_4_2_2_2_1_3_5_10_4_5_3_3_5_4_3_4_4_3
449	-168910.383208714425564	-174160.086164228181588	0	1	-1.000000000000000	0	0	0	6.000000000000000	6381227284603988.000000000000000	7	-1	31	6	0	0	22	3	2	2	2	0.005000000000000	6_8_5_2_3_3_4_3_2_2_1_3_5_10_4_5_3_3_5_4_3_4_4_3
450	-168230.389322214876302	-174160.086164228181588	0	2	0.999999999999893	0	0	1	6.899999999999999	6374846057319384.000000000000000	-1	1	6	2	0	0	0	3	0	2	0	0.002000000000000	6_7_5_2_3_3_4_3_2_2_1_3_5_10_4_5_3_3_5_4_3_4_4_3
451	-169480.513312117807800	-174160.086164228181588	0	1	-1.000000000000000	0	0	0	6.000000000000000	6368471211262065.000000000000000	7	-1	33	7	0	0	22	4	2	2	3	0.005000000000000	6_7_5_2_3_3_4_4_2_2_1_3_5_10_4_5_3_3_5_4_3_4_4_3
452	-168612.739342444343492	-174160.086164228181588	0	2	0.999999999999864	0	0	1	6.899999999999999	6362102740050803.000000000000000	-1	23	6	2	0	0	0	4	0	2	0	0.002000000000000	6_7_5_2_3_3_4_4_2_2_1_3_5_10_4_5_3_3_5_4_3_4_4_2
453	-169974.227868782298174	-174160.086164228181588	0	1	-1.000000000000000	0	0	0	6.000000000000000	6355740637310752.000000000000000	0	-1	33	7	0	0	21	5	2	2	3	0.005000000000000	7_7_5_2_3_3_4_4_2_2_1_3_5_10_4_5_3_3_5_4_3_4_4_2
454	-170275.203059837978799	-174160.086164228181588	0	1	-1.000000000000000	0	0	0	6.000000000000000	6349384896673441.000000000000000	-1	23	6	2	0	0	0	4	0	2	0	0.003000000000000	7_7_5_2_3_3_4_4_2_2_1_3_5_10_4_5_3_3_5_4_3_4_4_1
455	-172387.085708907688968	-174160.086164228181588	0	1	-1.000000000000000	0	0	0	6.000000000000000	6343035511776768.000000000000000	2	-1	32	7	0	0	22	3	2	2	3	0.005000000000000	7_7_6_2_3_3_4_4_2_2_1_3_5_10_4_5_3_3_5_4_3_4_4_1
456	-171653.900049421354197	-174160.086164228181588	0	2	0.999999999999884	0	0	1	6.899999999999999	6336692476264991.000000000000000	-1	1	5	2	0	0	0	2	0	2	0	0.002000000000000	7_6_6_2_3_3_4_4_2_2_1_3_5_10_4_5_3_3_5_4_3_4_4_1
457	-172513.975213651603553	-174160.086164228181588	0	1	-1.000000000000000	0	0	0	6.000000000000000	6330355783788726.000000000000000	7	-1	31	6	0	0	22	3	2	2	2	0.005000000000000	7_6_6_2_3_3_4_5_2_2_1_3_5_10_4_5_3_3_5_4_3_4_4_1
458	-171207.756694586831145	-174160.086164228181588	0	2	0.999999999999794	0	0	1	6.899999999999999	6324025428004937.000000000000000	-1	1	5	2	0	0	0	2	0	2	0	0.002000000000000	7_5_6_2_3_3_4_5_2_2_1_3_5_10_4_5_3_3_5_4_3_4_4_1
459	-171745.786036444042111	-174160.086164228181588	0	1	-1.000000000000000	0	0	0	6.000000000000000	6317701402576932.000000000000000	7	-1	31	7	0	0	22	2	2	2	3	0.005000000000000	7_5_6_2_3_3_4_6_2_2_1_3_5_10_4_5_3_3_5_4_3_4_4_1
460	-169795.141401347995270	-174160.086164228181588	0	2	0.999999999999691	0	0	1	6.899999999999999	6311383701174355.000000000000000	-1	13	4	2	0	0	0	2	0	2	0	0.002000000000000	7_5_6_2_3_3_4_6_2_2_1_3_5_9_4_5_3_3_5_4_3_4_4_1
461	-170089.100704475247767	-174160.086164228181588	0	1	-1.000000000000000	0	0	0	6.000000000000000	6305072317473181.000000000000000	7	-1	31	7	0	0	22	3	2	2	3	0.006000000000000	7_5_6_2_3_3_4_7_2_2_1_3_5_9_4_5_3_3_5_4_3_4_4_1
462	-168876.241651439195266	-174160.086164228181588	0	2	0.999999999999808	0	0	1	6.899999999999999	6298767245155708.000000000000000	-1	2	4	2	0	0	0	3	0	2	0	0.002000000000000	7_5_5_2_3_3_4_7_2_2_1_3_5_9_4_5_3_3_5_4_3_4_4_1
463	-169158.824790802696953	-174160.086164228181588	0	1	-1.000000000000000	0	0	0	6.000000000000000	6292468477910552.000000000000000	7	-1	31	7	0	0	21	3	2	2	3	0.006000000000000	7_5_5_2_3_3_4_8_2_2_1_3_5_9_4_5_3_3_5_4_3_4_4_1
464	-167950.055840788292699	-174160.086164228181588	0	2	0.999999999999808	0	0	1	6.899999999999999	6286176009432641.000000000000000	-1	0	4	2	0	0	0	3	0	2	0	0.002000000000000	6_5_5_2_3_3_4_8_2_2_1_3_5_9_4_5_3_3_5_4_3_4_4_1
465	-168959.513350843568332	-174160.086164228181588	0	1	-1.000000000000000	0	0	0	6.000000000000000	6279889833423208.000000000000000	23	-1	31	8	0	0	21	2	2	2	3	0.005000000000000	6_5_5_2_3_3_4_8_2_2_1_3_5_9_4_5_3_3_5_4_3_4_4_2
466	-166865.013990587991429	-174160.086164228181588	0	2	0.999999999999666	0	0	1	6.899999999999999	6273609943589785.000000000000000	-1	13	5	2	0	0	0	3	0	2	0	0.002000000000000	6_5_5_2_3_3_4_8_2_2_1_3_5_8_4_5_3_3_5_4_3_4_4_2
467	-167684.622801592457108	-174160.086164228181588	0	1	-1.000000000000000	0	0	0	6.000000000000000	6267336333646195.000000000000000	23	-1	32	7	0	0	21	3	2	2	3	0.006000000000000	6_5_5_2_3_3_4_8_2_2_1_3_5_8_4_5_3_3_5_4_3_4_4_3
468	-165427.179299022129271	-174160.086164228181588	0	2	0.999999999999640	0	0	1	6.899999999999999	6261068997312549.000000000000000	-1	13	5	2	0	0	0	3	0	2	0	0.001000000000000	6_5_5_2_3_3_4_8_2_2_1_3_5_7_4_5_3_3_5_4_3_4_4_3
469	-166320.162205730710411	-174160.086164228181588	0	1	-1.000000000000000	0	0	0	6.000000000000000	6254807928315236.000000000000000	1	-1	32	7	0	0	22	4	2	2	3	0.005000000000000	6_6_5_2_3_3_4_8_2_2_1_3_5_7_4_5_3_3_5_4_3_4_4_3
470	-165983.036405542516150	-174160.086164228181588	0	2	0.999999999999946	0	0	1	6.899999999999999	6248553120386921.000000000000000	-1	7	6	2	0	0	0	4	0	2	0	0.003000000000000	6_6_5_2_3_3_4_7_2_2_1_3_5_7_4_5_3_3_5_4_3_4_4_3
471	-166714.463670923491009	-174160.086164228181588	0	1	-1.000000000000000	0	0	0	6.000000000000000	6242304567266534.000000000000000	1	-1	33	7	0	0	22	4	2	2	3	0.005000000000000	6_7_5_2_3_3_4_7_2_2_1_3_5_7_4_5_3_3_5_4_3_4_4_3
472	-166283.526506330294069	-174160.086164228181588	0	2	0.999999999999931	0	0	1	6.899999999999999	6236062262699267.000000000000000	-1	7	6	2	0	0	0	4	0	2	0	0.002000000000000	6_7_5_2_3_3_4_6_2_2_1_3_5_7_4_5_3_3_5_4_3_4_4_3
473	-167951.026010237517767	-174160.086164228181588	0	1	-1.000000000000000	0	0	0	6.000000000000000	6229826200436568.000000000000000	2	-1	33	7	0	0	22	5	2	2	3	0.005000000000000	6_7_6_2_3_3_4_6_2_2_1_3_5_7_4_5_3_3_5_4_3_4_4_3
474	-167757.023769705439918	-174160.086164228181588	0	2	0.999999999999969	0	0	1	6.899999999999999	6223596374236131.000000000000000	-1	7	6	2	0	0	0	4	0	2	0	0.002000000000000	6_7_6_2_3_3_4_5_2_2_1_3_5_7_4_5_3_3_5_4_3_4_4_3
475	-170015.514743316365639	-174160.086164228181588	0	1	-1.000000000000000	0	0	0	6.000000000000000	6217372777861895.000000000000000	13	-1	33	7	0	0	23	4	2	2	3	0.006000000000000	6_7_6_2_3_3_4_5_2_2_1_3_5_8_4_5_3_3_5_4_3_4_4_3
476	-169112.391058545443229	-174160.086164228181588	0	2	0.999999999999855	0	0	1	6.899999999999999	6211155405084033.000000000000000	-1	7	6	2	0	0	0	3	0	2	0	0.003000000000000	6_7_6_2_3_3_4_4_2_2_1_3_5_8_4_5_3_3_5_4_3_4_4_3
477	-171092.737114830466453	-174160.086164228181588	0	1	-1.000000000000000	0	0	0	6.000000000000000	6204944249678949.000000000000000	13	-1	32	6	0	0	23	4	2	2	2	0.005000000000000	6_7_6_2_3_3_4_4_2_2_1_3_5_9_4_5_3_3_5_4_3_4_4_3
478	-170348.166499534505419	-174160.086164228181588	0	2	0.999999999999880	0	0	1	6.899999999999999	6198739305429270.000000000000000	-1	23	6	2	0	0	0	4	0	2	0	0.002000000000000	6_7_6_2_3_3_4_4_2_2_1_3_5_9_4_5_3_3_5_4_3_4_4_2
479	-170645.886314073635731	-174160.086164228181588	0	1	-1.000000000000000	0	0	0	6.000000000000000	6192540566123841.000000000000000	1	-1	33	7	0	0	22	5	2	2	3	0.006000000000000	6_8_6_2_3_3_4_4_2_2_1_3_5_9_4_5_3_3_5_4_3_4_4_2
480	-169822.937822634296026	-174160.086164228181588	0	2	0.999999999999867	0	0	1	6.899999999999999	6186348025557717.000000000000000	-1	7	6	2	0	0	0	4	0	2	0	0.002000000000000	6_8_6_2_3_3_4_3_2_2_1_3_5_9_4_5_3_3_5_4_3_4_4_2
481	-171049.025240323098842	-174160.086164228181588	0	1	-1.000000000000000	0	0	0	6.000000000000000	6180161677532159.000000000000000	2	-1	33	7	0	0	22	4	2	2	3	0.006000000000000	6_8_7_2_3_3_4_3_2_2_1_3_5_9_4_5_3_3_5_4_3_4_4_2
482	-171049.025240323098842	-174160.086164228181588	0	2	1.000000000000000	0	0	1	6.899999999999999	6173981515854627.000000000000000	-1	7	6	2	0	0	0	3	0	2	0	0.003000000000000	6_8_7_2_3_3_4_2_2_2_1_3_5_9_4_5_3_3_5_4_3_4_4_2
483	-172435.708592056529596	-174160.086164228181588	0	1	-1.000000000000000	0	0	0	6.000000000000000	6167807534338772.000000000000000	0	-1	31	6	0	0	22	3	2	2	2	0.005000000000000	7_8_7_2_3_3_4_2_2_2_1_3_5_9_4_5_3_3_5_4_3_4_4_2
484	-172409.785384203220019	-174160.086164228181588	0	2	0.999999999999996	0	0	1	6.899999999999999	6161639726804433.000000000000000	-1	23	5	2	0	0	0	2	0	2	0	0.002000000000000	7_8_7_2_3_3_4_2_2_2_1_3_5_9_4_5_3_3_5_4_3_4_4_1
485	-174160.086164228181588	-174160.086164228181588	0	1	-1.000000000000000	0	0	0	6.000000000000000	6155478087077629.000000000000000	13	-1	31	7	0	0	22	2	2	2	3	0.006000000000000	7_8_7_2_3_3_4_2_2_2_1_3_5_10_4_5_3_3_5_4_3_4_4_1
486	-172982.084826312027872	-174160.086164228181588	0	2	0.999999999999809	0	0	1	6.899999999999999	6149322608990551.000000000000000	-1	1	7	2	0	0	0	2	0	3	0	0.003000000000000	7_7_7_2_3_3_4_2_2_2_1_3_5_10_4_5_3_3_5_4_3_4_4_1
487	-173412.600697897840291	-174160.086164228181588	0	1	-1.000000000000000	0	0	0	6.000000000000000	6143173286381560.000000000000000	0	-1	31	7	0	0	21	2	2	2	3	0.006000000000000	8_7_7_2_3_3_4_2_2_2_1_3_5_10_4_5_3_3_5_4_3_4_4_1
488	-172585.050531801738543	-174160.086164228181588	0	2	0.999999999999865	0	0	1	6.899999999999999	6137030113095178.000000000000000	-1	1	4	2	0	0	0	2	0	2	0	0.002000000000000	8_6_7_2_3_3_4_2_2_2_1_3_5_10_4_5_3_3_5_4_3_4_4_1
489	-172725.209896749001928	-174160.086164228181588	0	1	-1.000000000000000	0	0	0	6.000000000000000	6130893082982083.000000000000000	13	-1	31	7	0	0	22	2	2	2	3	0.005000000000000	8_6_7_2_3_3_4_2_2_2_1_3_5_11_4_5_3_3_5_4_3_4_4_1
490	-171301.335168720135698	-174160.086164228181588	0	2	0.999999999999768	0	0	1	6.899999999999999	6124762189899101.000000000000000	-1	1	4	2	0	0	0	2	0	2	0	0.002000000000000	8_5_7_2_3_3_4_2_2_2_1_3_5_11_4_5_3_3_5_4_3_4_4_1
491	-172344.601885861484334	-174160.086164228181588	0	1	-1.000000000000000	0	0	0	6.000000000000000	6118637427709202.000000000000000	3	-1	29	5	0	0	23	1	2	1	2	0.004000000000000	8_5_7_3_3_3_4_2_2_2_1_3_5_11_4_5_3_3_5_4_3_4_4_1
492	-170576.922368603234645	-174160.086164228181588	0	2	0.999999999999711	0	0	1	6.899999999999999	6112518790281493.000000000000000	-1	0	7	2	0	0	0	2	0	3	0	0.002000000000000	7_5_7_3_3_3_4_2_2_2_1_3_5_11_4_5_3_3_5_4_3_4_4_1
493	-171042.740630226908252	-174160.086164228181588	0	1	-1.000000000000000	0	0	0	6.000000000000000	6106406271491212.000000000000000	23	-1	31	7	0	0	22	2	2	2	3	0.006000000000000	7_5_7_3_3_3_4_2_2_2_1_3_5_11_4_5_3_3_5_4_3_4_4_2
494	-170740.702381472598063	-174160.086164228181588	0	2	0.999999999999950	0	0	1	6.899999999999999	6100299865219721.000000000000000	-1	13	5	2	0	0	0	3	0	2	0	0.003000000000000	7_5_7_3_3_3_4_2_2_2_1_3_5_10_4_5_3_3_5_4_3_4_4_2
495	-170740.702381472598063	-174160.086164228181588	0	2	1.000000000000000	0	0	2	7.934999999999999	6094199565354501.000000000000000	6	-1	32	7	0	0	21	3	2	2	3	0.006000000000000	7_5_7_3_3_3_5_2_2_2_1_3_5_10_4_5_3_3_5_4_3_4_4_2
496	-170900.222407904046122	-174160.086164228181588	0	1	-1.000000000000000	0	0	0	6.000000000000000	6088105365789146.000000000000000	-1	3	6	2	0	0	0	4	0	2	0	0.003000000000000	7_5_7_2_3_3_5_2_2_2_1_3_5_10_4_5_3_3_5_4_3_4_4_2
497	-172483.848938473442104	-174160.086164228181588	0	1	-1.000000000000000	0	0	0	6.000000000000000	6082017260423357.000000000000000	1	-1	32	7	0	0	21	3	2	2	3	0.005000000000000	7_6_7_2_3_3_5_2_2_2_1_3_5_10_4_5_3_3_5_4_3_4_4_2
498	-170828.126541058503790	-174160.086164228181588	0	2	0.999999999999728	0	0	1	6.899999999999999	6075935243162934.000000000000000	-1	13	6	2	0	0	0	3	0	2	0	0.003000000000000	7_6_7_2_3_3_5_2_2_2_1_3_5_9_4_5_3_3_5_4_3_4_4_2
499	-171524.877629168913700	-174160.086164228181588	0	1	-1.000000000000000	0	0	0	6.000000000000000	6069859307919771.000000000000000	1	-1	32	6	0	0	22	4	2	2	2	0.006000000000000	7_7_7_2_3_3_5_2_2_2_1_3_5_9_4_5_3_3_5_4_3_4_4_2
500	-171250.016972771554720	-174160.086164228181588	0	2	0.999999999999955	0	0	1	6.899999999999999	6063789448611851.000000000000000	-1	23	6	2	0	0	0	4	0	2	0	0.003000000000000	7_7_7_2_3_3_5_2_2_2_1_3_5_9_4_5_3_3_5_4_3_4_4_1
