Solution	Feasible	UC_Riding	UC_Walking	UC_Waiting	Con_Time	Objective	Obj_Time
8_5_7_2_3_3_4_2_2_2_1_3_5_11_4_5_3_3_5_5_3_4_4_1	-1	-1.000000000000000	-1.000000000000000	-1.000000000000000	-1.000000000000000	-171148.702529977628728	0.061000000000000
7_5_7_3_3_3_5_2_2_2_1_3_5_9_4_5_3_3_5_4_3_4_4_2	-1	-1.000000000000000	-1.000000000000000	-1.000000000000000	-1.000000000000000	-169074.593394412047928	0.011000000000000
5_5_4_2_3_3_4_2_2_2_1_3_5_5_4_5_3_3_10_4_3_7_8_2	1	1090574.041607062797993	30118.463305557772401	2458157.557512916158885	4.308000000000000	-154343.344241086917464	0.029000000000000
5_5_4_2_3_3_4_2_2_2_1_3_5_5_4_5_3_3_10_4_3_7_8_1	0	1091049.225069306092337	30107.045589890905831	2496489.236740017309785	3.732000000000000	-155129.106789733807091	0.005000000000000
7_6_5_2_3_3_4_2_2_2_1_3_5_9_4_5_3_3_5_4_3_4_9_1	1	1095139.619652241701260	13264.306489663642424	2291603.475519306492060	3.830000000000000	-170217.863521450693952	0.009000000000000
6_8_7_2_3_3_4_2_2_2_1_3_5_9_4_5_3_4_5_4_3_4_4_2	-1	-1.000000000000000	-1.000000000000000	-1.000000000000000	-1.000000000000000	-169682.379180087649729	0.014000000000000
5_5_4_2_3_3_4_2_2_2_1_3_5_5_4_5_3_3_10_4_3_7_7_2	-1	-1.000000000000000	-1.000000000000000	-1.000000000000000	-1.000000000000000	-153994.096908390580211	0.006000000000000
6_5_5_2_3_3_4_2_2_2_1_3_5_7_4_5_3_3_7_4_3_7_8_1	1	1096308.252724187448621	13053.014614955067373	2346505.221494275145233	1.647000000000000	-164126.734675434476230	0.013000000000000
5_5_4_2_3_3_4_2_2_2_1_3_5_5_4_5_3_3_9_4_3_7_8_2	1	1090660.839984771562740	30107.045589890905831	2462333.566262451931834	1.451000000000000	-154343.344241086917464	0.005000000000000
5_5_4_2_3_3_4_2_2_2_2_3_5_5_4_5_3_3_9_4_3_7_8_2	-1	-1.000000000000000	-1.000000000000000	-1.000000000000000	-1.000000000000000	-154343.344241086917464	0.013000000000000
6_7_6_2_3_3_4_5_2_2_1_3_5_7_4_6_3_3_5_4_3_4_4_3	-1	-1.000000000000000	-1.000000000000000	-1.000000000000000	-1.000000000000000	-166331.726740556070581	0.010000000000000
7_7_7_2_3_3_4_2_2_2_1_3_5_8_4_5_3_3_5_5_3_4_4_1	-1	-1.000000000000000	-1.000000000000000	-1.000000000000000	-1.000000000000000	-169490.944624679978006	0.015000000000000
5_5_4_2_3_3_4_2_2_2_1_4_5_5_4_5_3_3_9_4_3_7_8_2	-1	-1.000000000000000	-1.000000000000000	-1.000000000000000	-1.000000000000000	-154343.344241086917464	0.009000000000000
7_5_6_2_3_3_4_2_2_2_1_3_5_9_4_5_3_4_5_8_3_4_4_1	-1	-1.000000000000000	-1.000000000000000	-1.000000000000000	-1.000000000000000	-166432.724946167028975	0.012000000000000
7_7_6_2_3_3_5_2_2_2_1_3_5_9_4_5_3_3_5_4_3_4_4_1	1	1093569.837665275437757	13986.837614174197370	2295469.339590019080788	1.212000000000000	-169764.108815464307554	0.012000000000000
7_6_5_2_3_3_4_2_2_2_1_3_5_8_4_5_3_3_5_4_4_5_8_1	-1	-1.000000000000000	-1.000000000000000	-1.000000000000000	-1.000000000000000	-167291.664223212341312	0.013000000000000
5_5_4_2_3_4_4_2_2_2_1_3_5_6_4_5_3_3_9_4_3_7_8_1	-1	-1.000000000000000	-1.000000000000000	-1.000000000000000	-1.000000000000000	-158306.877217070170445	0.007000000000000
5_5_5_2_3_3_4_8_2_2_1_3_5_9_4_5_3_3_5_4_3_4_4_1	1	1091597.004675626289099	14026.734601004569413	2449822.056130883283913	1.166000000000000	-163241.231408193823881	0.009000000000000
8_6_5_2_3_3_4_2_2_2_1_3_5_9_4_5_3_3_5_4_3_4_8_1	-1	-1.000000000000000	-1.000000000000000	-1.000000000000000	-1.000000000000000	-169019.654964060668135	0.008000000000000
7_5_5_2_3_3_4_2_2_2_1_3_5_9_4_5_3_3_5_8_3_4_4_1	1	1099064.963982955086976	14490.825247592107189	2422759.802020497620106	1.689000000000000	-165372.179979151027510	0.014000000000000
7_5_7_2_3_3_5_3_2_2_1_3_5_9_4_5_3_3_5_6_3_4_4_1	1	1098096.267390598542988	14071.305467174766818	2304054.393200519029051	2.074000000000000	-169269.025070747244172	0.019000000000000
6_5_5_2_3_3_4_2_2_2_1_3_5_8_4_5_3_3_5_4_4_7_8_1	-1	-1.000000000000000	-1.000000000000000	-1.000000000000000	-1.000000000000000	-166127.202086695033358	0.018000000000000
6_5_4_2_3_3_4_2_2_2_1_3_5_7_4_5_4_3_7_4_3_7_8_1	-1	-1.000000000000000	-1.000000000000000	-1.000000000000000	-1.000000000000000	-161928.966375153744593	0.018000000000000
7_5_7_3_3_3_5_2_2_2_1_3_5_9_4_5_3_3_5_6_3_4_4_1	-1	-1.000000000000000	-1.000000000000000	-1.000000000000000	-1.000000000000000	-169132.844301933480892	0.014000000000000
7_8_7_2_3_3_4_2_2_2_2_3_5_8_4_5_3_3_5_5_3_4_4_1	-1	-1.000000000000000	-1.000000000000000	-1.000000000000000	-1.000000000000000	-170464.264129896910163	0.014000000000000
7_8_7_2_3_3_5_2_2_2_1_3_6_8_4_5_3_3_5_4_3_4_4_1	-1	-1.000000000000000	-1.000000000000000	-1.000000000000000	-1.000000000000000	-169992.716374043986434	0.009000000000000
5_5_4_2_3_3_4_2_2_2_1_3_6_6_4_5_3_3_9_4_3_7_8_1	-1	-1.000000000000000	-1.000000000000000	-1.000000000000000	-1.000000000000000	-157844.776102105097380	0.007000000000000
7_5_7_2_3_3_4_2_2_2_1_3_5_9_4_5_3_3_5_7_3_4_5_1	-1	-1.000000000000000	-1.000000000000000	-1.000000000000000	-1.000000000000000	-169369.625711675500497	0.009000000000000
6_6_5_2_3_3_4_2_2_2_1_3_5_10_4_5_3_3_5_8_3_4_4_1	1	1092642.801462839823216	13886.341653784085793	2378528.520091961603612	1.211000000000000	-166084.339001315704081	0.010000000000000
5_5_4_2_3_3_4_2_2_2_1_3_5_5_4_5_3_3_10_4_3_6_8_2	1	1090169.450777955120429	30030.594792273259372	2473909.154161832761019	2.318000000000000	-154343.344241086917464	0.006000000000000
6_7_5_2_3_3_4_2_2_2_1_3_5_8_4_5_3_3_5_4_3_6_8_1	1	1091986.485437860945240	13288.067095597729349	2259990.550043544732034	1.110000000000000	-167391.675412826385582	0.011000000000000
6_5_4_2_3_3_4_2_2_2_1_3_5_7_4_6_3_3_7_4_3_7_8_1	-1	-1.000000000000000	-1.000000000000000	-1.000000000000000	-1.000000000000000	-160511.803995042631868	0.020000000000000
6_7_6_2_3_3_5_2_2_2_1_3_5_9_4_5_3_3_5_4_4_4_4_3	-1	-1.000000000000000	-1.000000000000000	-1.000000000000000	-1.000000000000000	-169833.070422058983240	0.009000000000000
6_5_5_2_3_3_4_2_2_2_1_3_5_7_4_6_3_3_6_4_3_7_8_1	-1	-1.000000000000000	-1.000000000000000	-1.000000000000000	-1.000000000000000	-162716.599865201802459	0.007000000000000
7_6_6_2_3_3_4_2_2_2_1_3_5_9_4_5_3_3_5_7_4_4_4_1	-1	-1.000000000000000	-1.000000000000000	-1.000000000000000	-1.000000000000000	-169094.752528022101615	0.011000000000000
7_5_6_3_3_3_4_2_2_2_1_3_5_11_4_5_3_3_5_5_3_4_4_1	1	1099223.225831691408530	14465.078024168644333	2305227.873012579046190	1.859000000000000	-169408.777352277131286	0.009000000000000
6_5_5_2_3_3_4_2_2_2_1_3_5_7_4_5_4_3_6_4_3_7_8_1	-1	-1.000000000000000	-1.000000000000000	-1.000000000000000	-1.000000000000000	-164126.734675434476230	0.006000000000000
5_5_4_2_3_3_4_2_2_2_1_3_5_6_4_5_3_3_9_4_3_8_8_1	-1	-1.000000000000000	-1.000000000000000	-1.000000000000000	-1.000000000000000	-158650.252638460835442	0.006000000000000
6_5_5_2_4_3_4_2_2_2_1_3_5_7_4_5_3_3_6_4_3_7_8_1	-1	-1.000000000000000	-1.000000000000000	-1.000000000000000	-1.000000000000000	-164074.551518779015169	0.006000000000000
7_5_7_2_3_3_5_2_2_3_1_3_5_9_4_5_3_3_5_6_3_4_4_1	-1	-1.000000000000000	-1.000000000000000	-1.000000000000000	-1.000000000000000	-169269.025070747244172	0.013000000000000
6_6_5_2_3_3_4_2_2_2_1_3_6_8_4_5_3_3_5_4_3_6_8_1	-1	-1.000000000000000	-1.000000000000000	-1.000000000000000	-1.000000000000000	-166545.479454993037507	0.012000000000000
7_5_6_2_3_3_4_6_2_3_1_3_5_9_4_5_3_3_5_4_3_4_4_1	-1	-1.000000000000000	-1.000000000000000	-1.000000000000000	-1.000000000000000	-169795.141401347995270	0.007000000000000
6_8_6_2_3_3_4_2_2_2_1_3_5_8_4_5_3_3_5_7_4_4_4_1	-1	-1.000000000000000	-1.000000000000000	-1.000000000000000	-1.000000000000000	-168540.807455597183434	0.020000000000000
6_8_6_2_3_3_4_2_2_2_1_3_5_9_4_6_3_3_5_4_3_4_4_3	-1	-1.000000000000000	-1.000000000000000	-1.000000000000000	-1.000000000000000	-169089.374905176897300	0.009000000000000
6_8_7_2_3_3_4_2_2_2_1_3_5_9_4_5_4_3_5_4_3_4_4_2	-1	-1.000000000000000	-1.000000000000000	-1.000000000000000	-1.000000000000000	-171049.025240323098842	0.017000000000000
5_5_4_2_3_3_4_2_2_2_1_3_5_5_4_5_3_3_9_4_3_7_9_2	-1	-1.000000000000000	-1.000000000000000	-1.000000000000000	-1.000000000000000	-154972.220193853281671	0.012000000000000
6_7_5_2_3_3_4_6_2_2_1_3_5_7_4_5_3_3_5_4_3_5_4_3	-1	-1.000000000000000	-1.000000000000000	-1.000000000000000	-1.000000000000000	-166149.146759304014267	0.009000000000000
7_5_6_2_3_3_4_3_2_2_1_3_5_9_4_5_3_3_5_8_3_4_4_1	-1	-1.000000000000000	-1.000000000000000	-1.000000000000000	-1.000000000000000	-167868.775715233350638	0.014000000000000
5_5_4_3_3_3_4_2_2_2_1_3_5_5_4_5_3_3_9_4_3_7_8_2	-1	-1.000000000000000	-1.000000000000000	-1.000000000000000	-1.000000000000000	-153309.490629754989641	0.013000000000000
7_5_7_2_3_4_4_2_2_2_1_3_5_9_4_5_3_3_5_7_3_4_4_1	-1	-1.000000000000000	-1.000000000000000	-1.000000000000000	-1.000000000000000	-169326.890264102345100	0.012000000000000
6_5_5_2_3_3_4_8_2_2_1_3_5_9_4_5_3_3_5_4_3_4_5_1	-1	-1.000000000000000	-1.000000000000000	-1.000000000000000	-1.000000000000000	-167852.791769727744395	0.007000000000000
7_8_7_3_3_3_5_2_2_2_1_3_5_8_4_5_3_3_5_4_3_4_4_1	-1	-1.000000000000000	-1.000000000000000	-1.000000000000000	-1.000000000000000	-167844.936603257723618	0.010000000000000
6_8_7_2_3_3_4_2_2_2_1_3_5_9_4_5_3_3_5_4_3_4_4_1	1	1090937.934472821420059	14144.038618332626356	2241647.439756816718727	1.255000000000000	-169453.802528976753820	0.010000000000000
5_5_4_2_3_3_4_2_2_3_1_3_5_5_4_5_3_3_9_4_3_7_8_2	-1	-1.000000000000000	-1.000000000000000	-1.000000000000000	-1.000000000000000	-154343.344241086917464	0.013000000000000
7_8_6_2_3_3_4_2_2_2_1_3_5_9_4_5_3_3_5_4_3_4_4_1	-1	-1.000000000000000	-1.000000000000000	-1.000000000000000	-1.000000000000000	-170367.921633468708023	0.013000000000000
7_8_7_2_3_3_4_2_3_2_1_3_5_9_4_5_3_3_5_4_3_4_4_1	-1	-1.000000000000000	-1.000000000000000	-1.000000000000000	-1.000000000000000	-172409.785384203220019	0.012000000000000
5_5_4_2_3_3_4_2_2_2_1_3_5_6_5_5_3_3_9_4_3_7_8_1	-1	-1.000000000000000	-1.000000000000000	-1.000000000000000	-1.000000000000000	-157472.222906681388849	0.007000000000000
7_6_6_2_3_3_4_2_2_2_1_3_5_9_4_6_3_3_5_4_3_4_7_1	-1	-1.000000000000000	-1.000000000000000	-1.000000000000000	-1.000000000000000	-168366.422861866740277	0.007000000000000
7_6_5_2_3_3_4_2_2_2_1_3_5_7_4_5_3_3_5_4_3_5_8_1	-1	-1.000000000000000	-1.000000000000000	-1.000000000000000	-1.000000000000000	-165270.060254658834310	0.015000000000000
5_6_4_2_3_3_4_2_2_2_1_3_5_5_4_5_3_3_9_4_3_7_8_2	-1	-1.000000000000000	-1.000000000000000	-1.000000000000000	-1.000000000000000	-154341.566728638019413	0.010000000000000
6_8_6_2_4_3_4_2_2_2_1_3_5_8_4_5_3_3_5_7_3_4_4_1	-1	-1.000000000000000	-1.000000000000000	-1.000000000000000	-1.000000000000000	-168492.865543317398988	0.019000000000000
7_6_6_2_3_3_4_2_2_2_1_3_5_8_4_5_3_3_5_4_3_4_7_1	-1	-1.000000000000000	-1.000000000000000	-1.000000000000000	-1.000000000000000	-167970.457935628859559	0.009000000000000
5_5_4_2_3_3_4_2_2_2_1_3_5_5_5_5_3_3_9_4_3_7_8_2	-1	-1.000000000000000	-1.000000000000000	-1.000000000000000	-1.000000000000000	-153444.739893016056158	0.012000000000000
7_6_6_2_3_3_4_2_2_3_1_3_5_9_4_5_3_3_5_4_3_4_7_1	-1	-1.000000000000000	-1.000000000000000	-1.000000000000000	-1.000000000000000	-169815.116459201992257	0.006000000000000
5_5_4_2_3_3_4_2_2_2_1_3_5_7_5_5_3_3_8_4_3_7_8_1	-1	-1.000000000000000	-1.000000000000000	-1.000000000000000	-1.000000000000000	-158949.131936753285117	0.009000000000000
6_7_6_2_4_3_4_4_2_2_1_3_5_9_4_5_3_3_5_4_3_4_4_2	-1	-1.000000000000000	-1.000000000000000	-1.000000000000000	-1.000000000000000	-170312.756599799700780	0.006000000000000
7_8_7_2_3_3_4_2_2_2_1_3_5_9_4_5_3_3_5_5_3_4_4_1	-1	-1.000000000000000	-1.000000000000000	-1.000000000000000	-1.000000000000000	-172359.197049098409479	0.019000000000000
7_5_6_2_3_3_4_7_2_2_1_3_5_9_4_5_3_3_5_4_3_4_4_1	1	1097221.056850005406886	13949.598724996787496	2346122.332348309922963	1.061000000000000	-170089.100704475247767	0.007000000000000
6_8_7_2_3_3_5_2_2_2_1_3_5_8_4_5_3_3_5_4_3_4_4_1	-1	-1.000000000000000	-1.000000000000000	-1.000000000000000	-1.000000000000000	-167412.981012546748389	0.010000000000000
5_5_4_2_3_3_4_2_2_2_1_3_5_5_4_5_3_3_8_4_3_7_8_2	1	1090728.160867571830750	30118.463305557772401	2467265.087282425723970	1.973000000000000	-154343.344241086917464	0.008000000000000
7_6_6_2_3_3_4_2_2_2_1_3_6_9_4_5_3_3_5_7_3_4_4_1	-1	-1.000000000000000	-1.000000000000000	-1.000000000000000	-1.000000000000000	-168909.646196967049036	0.009000000000000
5_5_4_2_4_3_4_2_2_2_1_3_5_5_4_5_3_3_9_4_3_7_8_2	-1	-1.000000000000000	-1.000000000000000	-1.000000000000000	-1.000000000000000	-154270.879479090479435	0.012000000000000
7_8_7_2_3_3_4_2_2_2_1_3_5_8_4_5_3_3_5_5_4_4_4_1	-1	-1.000000000000000	-1.000000000000000	-1.000000000000000	-1.000000000000000	-170464.264129896910163	0.015000000000000
7_7_6_2_3_3_4_4_2_2_1_3_5_8_4_5_3_3_5_4_3_4_4_3	-1	-1.000000000000000	-1.000000000000000	-1.000000000000000	-1.000000000000000	-169200.869588444824331	0.007000000000000
5_5_4_2_3_3_4_2_2_2_1_3_5_6_4_5_3_3_9_4_3_7_7_1	-1	-1.000000000000000	-1.000000000000000	-1.000000000000000	-1.000000000000000	-158002.305445290461648	0.006000000000000
5_5_4_2_3_3_4_2_2_2_1_3_5_6_4_5_3_3_9_4_4_7_8_1	-1	-1.000000000000000	-1.000000000000000	-1.000000000000000	-1.000000000000000	-158131.406801352219190	0.006000000000000
6_8_7_2_3_3_5_2_2_2_1_3_5_8_4_5_3_3_5_6_3_4_4_1	-1	-1.000000000000000	-1.000000000000000	-1.000000000000000	-1.000000000000000	-168918.513843102089595	0.012000000000000
6_5_7_2_3_3_6_2_2_2_1_3_5_9_4_5_3_3_5_5_3_4_4_1	-1	-1.000000000000000	-1.000000000000000	-1.000000000000000	-1.000000000000000	-165507.403807375172619	0.011000000000000
6_7_6_2_3_4_4_2_2_2_1_3_5_9_4_5_3_3_5_7_3_4_4_1	-1	-1.000000000000000	-1.000000000000000	-1.000000000000000	-1.000000000000000	-169625.486961833667010	0.013000000000000
6_5_5_2_4_3_4_8_2_2_1_3_5_9_4_5_3_3_5_4_3_4_4_1	-1	-1.000000000000000	-1.000000000000000	-1.000000000000000	-1.000000000000000	-167892.554971534264041	0.008000000000000
6_5_5_2_3_3_4_2_2_2_1_4_5_7_4_5_3_3_6_4_3_7_8_1	-1	-1.000000000000000	-1.000000000000000	-1.000000000000000	-1.000000000000000	-164126.734675434476230	0.009000000000000
6_9_6_2_3_3_4_2_2_2_1_3_5_9_4_5_3_3_5_4_3_4_4_3	-1	-1.000000000000000	-1.000000000000000	-1.000000000000000	-1.000000000000000	-169873.586661472596461	0.014000000000000
7_6_5_2_3_3_4_2_2_2_1_3_5_10_4_5_3_3_5_4_3_4_7_1	-1	-1.000000000000000	-1.000000000000000	-1.000000000000000	-1.000000000000000	-169074.573467473092023	0.010000000000000
8_8_7_2_3_3_4_2_2_2_1_3_5_8_4_5_3_3_5_5_3_4_4_1	-1	-1.000000000000000	-1.000000000000000	-1.000000000000000	-1.000000000000000	-169610.128346976503963	0.008000000000000
5_5_4_2_4_3_4_2_2_2_1_3_5_6_4_5_3_3_9_4_3_7_8_1	-1	-1.000000000000000	-1.000000000000000	-1.000000000000000	-1.000000000000000	-158314.009800179337617	0.006000000000000
7_6_5_2_3_3_4_2_2_2_1_4_5_8_4_5_3_3_5_4_3_5_8_1	-1	-1.000000000000000	-1.000000000000000	-1.000000000000000	-1.000000000000000	-167421.253988886193838	0.011000000000000
6_8_7_2_3_3_4_2_2_2_1_3_5_9_4_5_3_3_5_4_3_4_4_3	1	1090210.477467673132196	14144.038618332626356	2187428.913094581104815	1.233000000000000	-172241.713949864526512	0.016000000000000
6_7_5_2_3_3_5_2_2_2_1_3_5_9_4_5_3_3_5_4_3_4_4_3	-1	-1.000000000000000	-1.000000000000000	-1.000000000000000	-1.000000000000000	-167081.219451300625224	0.008000000000000
5_5_4_2_3_3_4_2_2_2_1_3_5_5_4_6_3_3_9_4_3_7_8_2	-1	-1.000000000000000	-1.000000000000000	-1.000000000000000	-1.000000000000000	-152932.043304924329277	0.011000000000000
7_8_8_2_3_3_4_2_2_2_1_3_5_9_4_5_3_3_5_4_3_4_4_1	-1	-1.000000000000000	-1.000000000000000	-1.000000000000000	-1.000000000000000	-170764.576969881192781	0.021000000000000
6_8_7_2_3_3_4_2_2_2_1_3_5_9_4_5_3_3_5_6_3_4_4_1	-1	-1.000000000000000	-1.000000000000000	-1.000000000000000	-1.000000000000000	-170800.068666872131871	0.010000000000000
6_8_6_2_3_3_4_2_2_2_1_3_5_9_5_5_3_3_5_4_3_4_4_3	-1	-1.000000000000000	-1.000000000000000	-1.000000000000000	-1.000000000000000	-169583.438604744238546	0.009000000000000
5_5_4_2_3_3_4_2_2_2_1_3_5_5_4_5_3_3_9_4_4_7_8_2	-1	-1.000000000000000	-1.000000000000000	-1.000000000000000	-1.000000000000000	-154343.344241086917464	0.010000000000000
6_5_4_2_3_4_4_2_2_2_1_3_5_7_4_5_3_3_7_4_3_7_8_1	-1	-1.000000000000000	-1.000000000000000	-1.000000000000000	-1.000000000000000	-161865.780311065842398	0.011000000000000
5_5_4_2_3_3_4_2_2_2_1_3_5_7_4_6_3_3_8_4_3_7_8_1	-1	-1.000000000000000	-1.000000000000000	-1.000000000000000	-1.000000000000000	-158429.532630014058668	0.009000000000000
6_8_7_2_3_3_4_2_2_2_1_3_5_8_4_5_3_3_5_4_3_4_4_2	1	1090704.116430633934215	14228.057311693337397	2223499.389081624802202	1.511000000000000	-169164.293437557818834	0.009000000000000
7_5_7_2_3_4_5_2_2_2_1_3_5_9_4_5_3_3_5_6_3_4_4_1	-1	-1.000000000000000	-1.000000000000000	-1.000000000000000	-1.000000000000000	-169236.082974055781960	0.012000000000000
7_7_5_2_3_3_4_6_2_2_1_3_5_7_4_5_3_3_5_4_3_4_4_3	-1	-1.000000000000000	-1.000000000000000	-1.000000000000000	-1.000000000000000	-166204.816393173532560	0.010000000000000
5_5_4_2_3_3_4_2_2_2_1_3_5_6_4_5_3_3_9_4_3_6_8_1	1	1091060.292550244368613	28164.233861617169168	2476115.440573282539845	1.537000000000000	-158376.198491930961609	0.007000000000000
6_7_5_2_3_3_4_6_3_2_1_3_5_7_4_5_3_3_5_4_3_4_4_3	-1	-1.000000000000000	-1.000000000000000	-1.000000000000000	-1.000000000000000	-166283.526506330294069	0.008000000000000
5_5_4_2_3_3_4_2_2_2_1_3_5_7_4_5_3_3_9_4_3_7_8_1	1	1093102.669898172840476	21254.578359997780353	2435034.380986943375319	1.339000000000000	-159966.815206063241931	0.008000000000000
7_8_7_3_3_3_4_2_2_2_1_3_5_8_4_5_3_3_5_5_3_4_4_1	-1	-1.000000000000000	-1.000000000000000	-1.000000000000000	-1.000000000000000	-168029.658967461960856	0.011000000000000
6_5_5_2_4_3_4_8_2_2_1_3_5_8_4_5_3_3_5_4_3_4_4_2	-1	-1.000000000000000	-1.000000000000000	-1.000000000000000	-1.000000000000000	-166829.084414022130659	0.007000000000000
6_7_5_2_3_3_5_2_2_2_1_3_5_10_4_5_3_3_5_4_3_4_4_3	1	1090757.474376700585708	14003.288266970994300	2296153.860177653376013	1.484000000000000	-167416.516860791423824	0.010000000000000
5_5_4_3_3_3_4_2_2_2_1_3_5_6_4_5_3_3_9_4_3_7_8_1	-1	-1.000000000000000	-1.000000000000000	-1.000000000000000	-1.000000000000000	-155249.441260338004213	0.007000000000000
7_7_7_2_3_3_5_2_2_2_1_3_5_9_4_5_3_4_5_4_3_4_4_1	-1	-1.000000000000000	-1.000000000000000	-1.000000000000000	-1.000000000000000	-169867.614701089041773	0.008000000000000
7_5_7_2_3_3_4_2_2_2_1_3_5_9_4_5_3_4_5_7_3_4_4_1	-1	-1.000000000000000	-1.000000000000000	-1.000000000000000	-1.000000000000000	-168058.438404037646251	0.008000000000000
5_5_4_2_3_3_4_2_2_2_1_3_5_6_4_5_3_3_9_5_3_7_8_1	-1	-1.000000000000000	-1.000000000000000	-1.000000000000000	-1.000000000000000	-158055.462487715791212	0.005000000000000
7_5_8_2_3_3_6_2_2_2_1_3_5_9_4_5_3_3_5_5_3_4_4_1	-1	-1.000000000000000	-1.000000000000000	-1.000000000000000	-1.000000000000000	-167668.613050084473798	0.013000000000000
5_5_4_2_3_3_4_2_2_3_1_3_5_6_4_5_3_3_9_4_3_7_8_1	-1	-1.000000000000000	-1.000000000000000	-1.000000000000000	-1.000000000000000	-158376.198491930961609	0.007000000000000
5_5_4_2_3_3_5_2_2_2_1_3_5_5_4_5_3_3_9_4_3_7_8_2	-1	-1.000000000000000	-1.000000000000000	-1.000000000000000	-1.000000000000000	-154343.344241086917464	0.012000000000000
5_5_4_2_3_3_5_2_2_2_1_3_5_7_4_5_3_3_8_4_3_7_8_1	-1	-1.000000000000000	-1.000000000000000	-1.000000000000000	-1.000000000000000	-159966.815206063241931	0.010000000000000
7_8_7_2_3_3_5_2_3_2_1_3_5_8_4_5_3_3_5_4_3_4_4_1	-1	-1.000000000000000	-1.000000000000000	-1.000000000000000	-1.000000000000000	-170369.667688316374552	0.010000000000000
6_8_5_2_3_3_4_2_2_2_1_3_5_10_4_5_3_3_5_6_3_4_4_1	1	1090770.966860383050516	14032.277479204254632	2309446.655958314426243	3.432000000000000	-167451.112255927524529	0.080000000000000
6_7_5_2_3_3_4_6_2_2_1_3_5_7_4_5_3_3_6_4_3_4_4_3	-1	-1.000000000000000	-1.000000000000000	-1.000000000000000	-1.000000000000000	-166283.526506330294069	0.007000000000000
5_5_4_2_3_3_4_2_2_2_1_3_6_5_4_5_3_3_9_4_3_7_8_2	-1	-1.000000000000000	-1.000000000000000	-1.000000000000000	-1.000000000000000	-153722.701423572376370	0.009000000000000
5_7_5_2_3_3_4_6_2_2_1_3_5_7_4_5_3_3_5_4_3_4_4_3	-1	-1.000000000000000	-1.000000000000000	-1.000000000000000	-1.000000000000000	-165234.611211401177570	0.006000000000000
5_5_4_2_3_4_4_2_2_2_1_3_5_5_4_5_3_3_9_4_3_7_8_2	-1	-1.000000000000000	-1.000000000000000	-1.000000000000000	-1.000000000000000	-154262.622239086253103	0.009000000000000
5_5_4_2_3_3_4_2_2_2_1_3_5_5_4_5_3_4_9_4_3_7_8_2	-1	-1.000000000000000	-1.000000000000000	-1.000000000000000	-1.000000000000000	-152919.453372371965088	0.011000000000000
5_6_4_2_3_3_4_2_2_2_1_3_5_6_4_5_3_3_9_4_3_7_8_1	-1	-1.000000000000000	-1.000000000000000	-1.000000000000000	-1.000000000000000	-158403.091840056673391	0.008000000000000
6_5_4_2_3_3_4_2_2_2_2_3_5_7_4_5_3_3_7_4_3_7_8_1	-1	-1.000000000000000	-1.000000000000000	-1.000000000000000	-1.000000000000000	-161928.966375153744593	0.016000000000000
7_5_6_2_4_3_4_2_2_2_1_3_5_9_4_5_3_3_5_8_3_4_4_1	-1	-1.000000000000000	-1.000000000000000	-1.000000000000000	-1.000000000000000	-167818.490533063944895	0.018000000000000
6_5_7_2_3_3_4_2_2_2_1_3_5_10_4_5_3_3_5_7_3_4_4_1	1	1095720.106894923839718	14076.632908677020168	2328220.098180844448507	0.792000000000000	-168862.611041052499786	0.008000000000000
5_5_4_2_3_3_4_2_2_2_1_3_5_6_4_6_3_3_9_4_3_7_8_1	-1	-1.000000000000000	-1.000000000000000	-1.000000000000000	-1.000000000000000	-156957.518917375535239	0.007000000000000
5_5_4_2_3_3_4_2_2_2_1_3_5_6_4_5_3_3_9_4_3_7_8_2	1	1090942.152528336737305	28317.282251965516480	2422501.767792698927224	1.819000000000000	-157597.549110866792034	0.018000000000000
6_5_4_2_3_3_4_2_2_2_1_4_5_7_4_5_3_3_7_4_3_7_8_1	-1	-1.000000000000000	-1.000000000000000	-1.000000000000000	-1.000000000000000	-161928.966375153744593	0.016000000000000
6_7_6_2_3_3_4_4_2_2_1_3_5_9_4_5_3_3_5_4_3_4_5_2	-1	-1.000000000000000	-1.000000000000000	-1.000000000000000	-1.000000000000000	-170348.166499534505419	0.009000000000000
5_5_4_2_3_3_4_2_2_2_1_3_5_5_4_5_4_3_9_4_3_7_8_2	-1	-1.000000000000000	-1.000000000000000	-1.000000000000000	-1.000000000000000	-154343.344241086917464	0.009000000000000
7_6_7_2_3_3_6_2_2_2_1_3_5_9_4_5_3_3_5_5_3_4_4_1	-1	-1.000000000000000	-1.000000000000000	-1.000000000000000	-1.000000000000000	-170561.124298339796951	0.018000000000000
5_5_4_2_3_3_5_2_2_2_1_3_5_6_4_5_3_3_9_4_3_7_8_1	-1	-1.000000000000000	-1.000000000000000	-1.000000000000000	-1.000000000000000	-158376.198491930961609	0.006000000000000
7_5_6_2_3_3_4_2_2_2_1_3_5_8_4_5_3_3_5_8_3_4_4_1	1	1098866.262770682573318	14024.276764310787257	2382240.181825448758900	1.695000000000000	-165931.678608870104654	0.014000000000000
7_6_6_2_3_3_5_2_2_2_1_3_5_9_4_5_3_3_5_4_3_4_7_1	-1	-1.000000000000000	-1.000000000000000	-1.000000000000000	-1.000000000000000	-169815.116459201992257	0.009000000000000
7_5_5_2_3_3_4_7_2_2_2_3_5_9_4_5_3_3_5_4_3_4_4_1	-1	-1.000000000000000	-1.000000000000000	-1.000000000000000	-1.000000000000000	-168876.241651439195266	0.009000000000000
5_5_4_2_3_3_4_3_2_2_1_3_5_5_4_5_3_3_9_4_3_7_8_2	-1	-1.000000000000000	-1.000000000000000	-1.000000000000000	-1.000000000000000	-154343.344241086917464	0.010000000000000
5_5_4_2_3_3_4_2_2_2_1_3_5_7_4_5_3_3_8_5_3_7_8_1	1	1093227.431906817480922	21227.091866594848398	2431566.679002269171178	1.890000000000000	-160431.211701767868362	0.016000000000000
6_6_6_2_3_3_4_2_2_2_1_3_5_9_4_5_3_3_5_4_3_4_7_1	-1	-1.000000000000000	-1.000000000000000	-1.000000000000000	-1.000000000000000	-167203.001652331819059	0.007000000000000
5_5_4_2_3_3_4_2_2_2_1_3_5_5_4_5_3_3_9_4_3_8_8_2	-1	-1.000000000000000	-1.000000000000000	-1.000000000000000	-1.000000000000000	-154626.785512450529495	0.018000000000000
6_5_4_2_3_3_4_2_2_2_1_3_5_7_4_5_3_3_8_4_3_7_8_1	1	1096609.448007374070585	16288.611983924525703	2422086.774037893861532	1.541000000000000	-161928.966375153744593	0.008000000000000
7_6_6_2_3_3_4_2_2_2_1_4_5_9_4_5_3_3_5_4_3_4_7_1	-1	-1.000000000000000	-1.000000000000000	-1.000000000000000	-1.000000000000000	-169815.116459201992257	0.007000000000000
7_5_5_2_3_3_4_7_2_2_1_3_5_9_4_5_3_3_5_4_3_5_4_1	-1	-1.000000000000000	-1.000000000000000	-1.000000000000000	-1.000000000000000	-168869.366508077946492	0.007000000000000
7_5_6_2_3_3_4_6_2_2_1_3_5_9_4_5_3_3_6_4_3_4_4_1	-1	-1.000000000000000	-1.000000000000000	-1.000000000000000	-1.000000000000000	-169795.141401347995270	0.007000000000000
7_6_5_2_3_3_4_2_2_2_1_3_5_9_4_5_3_3_5_4_3_4_8_2	-1	-1.000000000000000	-1.000000000000000	-1.000000000000000	-1.000000000000000	-168682.601915084582288	0.006000000000000
7_5_7_2_3_3_4_2_2_2_1_4_5_9_4_5_3_3_5_7_3_4_4_1	-1	-1.000000000000000	-1.000000000000000	-1.000000000000000	-1.000000000000000	-169369.625711675500497	0.011000000000000
6_5_5_2_3_3_4_8_2_3_1_3_5_9_4_5_3_3_5_4_3_4_4_1	-1	-1.000000000000000	-1.000000000000000	-1.000000000000000	-1.000000000000000	-167950.055840788292699	0.008000000000000
5_5_4_2_3_3_4_3_2_2_1_3_5_6_4_5_3_3_9_4_3_7_8_1	-1	-1.000000000000000	-1.000000000000000	-1.000000000000000	-1.000000000000000	-158376.198491930961609	0.007000000000000
5_5_5_2_3_3_4_2_2_2_1_3_5_5_4_5_3_3_9_4_3_7_8_2	-1	-1.000000000000000	-1.000000000000000	-1.000000000000000	-1.000000000000000	-155106.043112419662066	0.012000000000000
6_7_5_2_3_3_5_6_2_2_1_3_5_7_4_5_3_3_5_4_3_4_4_3	-1	-1.000000000000000	-1.000000000000000	-1.000000000000000	-1.000000000000000	-166283.526506330294069	0.008000000000000
5_5_4_2_3_3_4_2_3_2_1_3_5_5_4_5_3_3_9_4_3_7_8_2	-1	-1.000000000000000	-1.000000000000000	-1.000000000000000	-1.000000000000000	-154343.344241086917464	0.011000000000000
8_6_6_2_3_3_4_2_2_2_1_3_5_11_4_5_3_3_5_4_3_4_4_1	1	1098608.526420351816341	13777.339574164594524	2294175.241205242462456	2.364000000000000	-170212.924038539669709	0.009000000000000
7_9_7_2_3_3_4_2_2_2_1_3_5_9_4_5_3_3_5_4_3_4_4_1	-1	-1.000000000000000	-1.000000000000000	-1.000000000000000	-1.000000000000000	-171012.463754059281200	0.014000000000000
6_6_5_2_3_3_4_7_3_2_1_3_5_7_4_5_3_3_5_4_3_4_4_3	-1	-1.000000000000000	-1.000000000000000	-1.000000000000000	-1.000000000000000	-165983.036405542516150	0.008000000000000
7_5_6_3_3_3_4_6_2_2_1_3_5_9_4_5_3_3_5_4_3_4_4_1	1	1098331.831380365882069	14538.163715683189366	2308781.230862705968320	1.265000000000000	-170061.091499389207456	0.006000000000000
5_5_4_2_3_3_4_2_2_2_1_3_5_7_4_5_3_3_8_4_3_7_9_1	-1	-1.000000000000000	-1.000000000000000	-1.000000000000000	-1.000000000000000	-160252.323595106921857	0.010000000000000
6_7_6_2_3_3_4_2_2_2_1_3_5_10_4_5_3_3_5_5_3_4_4_2	1	1091166.104618177982047	14027.448125549813994	2257091.812077267095447	1.053000000000000	-169316.705358180537587	0.009000000000000
5_5_4_2_3_3_4_2_2_2_1_4_5_6_4_5_3_3_9_4_3_7_8_1	-1	-1.000000000000000	-1.000000000000000	-1.000000000000000	-1.000000000000000	-158376.198491930961609	0.008000000000000
5_5_4_2_3_3_4_2_2_2_2_3_5_6_4_5_3_3_9_4_3_7_8_1	-1	-1.000000000000000	-1.000000000000000	-1.000000000000000	-1.000000000000000	-158376.198491930961609	0.006000000000000
6_5_5_2_3_3_4_2_2_2_1_3_5_7_4_5_3_3_6_4_3_7_7_1	-1	-1.000000000000000	-1.000000000000000	-1.000000000000000	-1.000000000000000	-163563.761335234215949	0.008000000000000
7_5_7_2_3_3_4_2_2_2_1_3_5_9_4_5_3_3_5_7_3_5_4_1	-1	-1.000000000000000	-1.000000000000000	-1.000000000000000	-1.000000000000000	-169369.625711675500497	0.008000000000000
7_5_5_2_3_3_4_6_2_2_1_3_5_9_4_5_3_3_5_4_3_4_4_1	1	1097923.694731891853735	14379.161445209723752	2409434.555442150682211	1.308000000000000	-168510.595246451441199	0.007000000000000
7_5_6_2_3_3_4_6_2_2_1_3_5_9_4_5_3_4_5_4_3_4_4_1	-1	-1.000000000000000	-1.000000000000000	-1.000000000000000	-1.000000000000000	-168384.986961420305306	0.007000000000000
6_5_4_2_3_3_4_2_2_2_1_3_5_5_4_5_3_3_9_4_3_7_8_2	1	1093459.994112489977852	27671.188342595967697	2442654.014412735123187	1.462000000000000	-155302.853599961847067	0.011000000000000
5_5_4_2_3_3_4_2_2_2_1_3_5_6_4_5_3_3_8_4_3_7_8_1	1	1091455.209522009594366	28288.787454065757629	2465790.083393702749163	1.562000000000000	-158376.198491930961609	0.006000000000000
7_5_7_2_4_3_6_2_2_2_1_3_5_9_4_5_3_3_5_5_3_4_4_1	-1	-1.000000000000000	-1.000000000000000	-1.000000000000000	-1.000000000000000	-169082.685183392779436	0.015000000000000
5_5_5_2_3_3_4_2_2_2_1_3_5_6_4_5_3_3_9_4_3_7_8_1	-1	-1.000000000000000	-1.000000000000000	-1.000000000000000	-1.000000000000000	-157173.755793255782919	0.007000000000000
5_5_4_2_3_3_4_2_2_3_1_3_5_7_4_5_3_3_8_4_3_7_8_1	-1	-1.000000000000000	-1.000000000000000	-1.000000000000000	-1.000000000000000	-159966.815206063241931	0.008000000000000
7_8_7_2_3_3_5_3_2_2_1_3_5_8_4_5_3_3_5_4_3_4_4_1	-1	-1.000000000000000	-1.000000000000000	-1.000000000000000	-1.000000000000000	-170369.667688316374552	0.013000000000000
7_5_7_2_3_3_5_2_2_2_1_3_5_9_4_5_3_4_5_6_3_4_4_1	-1	-1.000000000000000	-1.000000000000000	-1.000000000000000	-1.000000000000000	-167957.020957912609447	0.013000000000000
7_6_7_2_3_3_4_2_2_2_1_3_5_9_4_5_3_3_5_4_3_4_7_1	1	1096758.641576547408476	13558.005597670799034	2219884.264912413433194	1.587000000000000	-170657.902484654652653	0.009000000000000
5_5_4_2_3_3_4_2_3_2_1_3_5_6_4_5_3_3_9_4_3_7_8_1	-1	-1.000000000000000	-1.000000000000000	-1.000000000000000	-1.000000000000000	-158376.198491930961609	0.006000000000000
6_6_5_2_3_3_4_7_2_2_1_3_5_6_4_5_3_3_5_4_3_4_4_3	1	1091378.054101153975353	14213.081201271619648	2399773.626981492619962	0.888000000000000	-163354.829731245234143	0.006000000000000
7_5_7_2_3_3_6_2_2_2_1_3_5_9_4_5_3_3_5_5_4_4_4_1	-1	-1.000000000000000	-1.000000000000000	-1.000000000000000	-1.000000000000000	-169101.085990132560255	0.012000000000000
5_5_4_2_3_3_4_2_2_2_1_3_5_5_4_5_3_3_9_4_3_6_8_2	1	1090356.315559504088014	29959.607102753274376	2477631.520375167950988	1.543000000000000	-154343.344241086917464	0.012000000000000
5_5_4_2_3_3_4_2_2_2_1_3_5_5_4_5_3_3_9_4_3_7_8_3	-1	-1.000000000000000	-1.000000000000000	-1.000000000000000	-1.000000000000000	-153733.476896303880494	0.008000000000000
5_5_4_2_3_3_4_2_2_2_1_3_5_5_4_5_3_3_9_5_3_7_8_2	-1	-1.000000000000000	-1.000000000000000	-1.000000000000000	-1.000000000000000	-154343.344241086917464	0.012000000000000
6_8_6_2_3_3_4_2_2_2_1_3_5_9_4_5_4_3_5_4_3_4_4_3	-1	-1.000000000000000	-1.000000000000000	-1.000000000000000	-1.000000000000000	-170571.222700322367018	0.013000000000000
5_5_4_2_3_3_4_2_2_2_1_3_5_5_4_5_3_3_9_4_3_7_7_2	-1	-1.000000000000000	-1.000000000000000	-1.000000000000000	-1.000000000000000	-153972.159700419288129	0.012000000000000
6_6_6_3_3_3_4_2_2_2_1_3_5_9_4_5_3_3_5_8_3_4_4_1	-1	-1.000000000000000	-1.000000000000000	-1.000000000000000	-1.000000000000000	-166797.511107198341051	0.017000000000000
6_5_5_2_3_3_4_8_2_2_1_3_5_9_4_5_4_3_5_4_3_4_4_1	-1	-1.000000000000000	-1.000000000000000	-1.000000000000000	-1.000000000000000	-167950.055840788292699	0.008000000000000
5_5_4_2_3_3_4_2_2_2_1_3_5_6_4_5_4_3_9_4_3_7_8_1	-1	-1.000000000000000	-1.000000000000000	-1.000000000000000	-1.000000000000000	-158376.198491930961609	0.006000000000000
6_8_6_2_3_3_4_3_2_2_1_3_5_9_4_5_3_3_5_4_3_4_5_2	-1	-1.000000000000000	-1.000000000000000	-1.000000000000000	-1.000000000000000	-169822.937822634296026	0.009000000000000
5_5_4_2_3_3_4_2_2_2_1_3_5_5_4_5_3_3_9_4_3_7_8_1	0	1091082.850644222693518	30107.045589890905831	2500769.779070441145450	1.960000000000000	-155129.106789733807091	0.010000000000000
7_6_5_2_3_3_4_2_2_2_1_3_6_9_4_5_3_3_5_4_3_4_8_1	-1	-1.000000000000000	-1.000000000000000	-1.000000000000000	-1.000000000000000	-169109.753412102087168	0.008000000000000
6_8_7_2_3_3_4_2_2_3_1_3_5_8_4_5_3_3_5_6_3_4_4_1	-1	-1.000000000000000	-1.000000000000000	-1.000000000000000	-1.000000000000000	-168918.513843102089595	0.011000000000000
5_5_4_2_3_3_4_2_2_2_1_3_5_6_4_5_3_3_8_4_3_7_8_2	1	1091037.408787972992286	28317.282251965516480	2427388.829337682574987	1.413000000000000	-157597.549110866792034	0.013000000000000
7_5_7_3_3_3_4_2_2_2_1_3_5_10_4_5_3_3_5_6_3_4_4_1	-1	-1.000000000000000	-1.000000000000000	-1.000000000000000	-1.000000000000000	-170788.959867821540684	0.011000000000000
6_6_6_2_3_3_4_4_2_2_1_3_5_9_4_5_3_3_5_4_3_4_4_3	1	1091764.766455917386338	14093.707190583671036	2281010.213732425589114	0.970000000000000	-169965.103826267528348	0.007000000000000
7_5_6_2_3_3_4_5_3_2_1_3_5_10_4_5_3_3_5_4_3_4_4_1	-1	-1.000000000000000	-1.000000000000000	-1.000000000000000	-1.000000000000000	-171207.756694586831145	0.007000000000000
6_6_6_2_3_3_4_2_2_2_1_3_5_9_4_5_3_3_5_4_3_4_8_1	-1	-1.000000000000000	-1.000000000000000	-1.000000000000000	-1.000000000000000	-167877.308134719351074	0.008000000000000
8_5_8_2_3_3_4_2_2_2_1_3_5_11_4_5_3_3_5_4_3_4_4_1	-1	-1.000000000000000	-1.000000000000000	-1.000000000000000	-1.000000000000000	-171165.680857735336758	0.065000000000000
6_5_4_2_3_3_4_2_2_2_1_3_5_5_4_5_3_3_8_4_3_7_8_2	1	1093509.128986142342910	27671.188342595967697	2447712.416791999712586	1.091000000000000	-155302.853599961847067	0.013000000000000
5_5_4_2_3_3_4_2_2_2_1_3_5_6_4_5_3_3_9_4_3_7_7_2	-1	-1.000000000000000	-1.000000000000000	-1.000000000000000	-1.000000000000000	-157206.056458583509084	0.007000000000000
5_5_4_2_3_3_4_2_2_2_1_3_5_6_4_5_3_3_9_4_3_7_8_1	1	1091359.953262373339385	28288.787454065757629	2460903.021848720032722	1.381000000000000	-158376.198491930961609	0.006000000000000
5_5_4_2_3_3_4_2_2_2_1_3_5_7_4_5_3_3_9_4_3_6_8_1	1	1093064.148453476838768	21343.663485233286337	2449664.342440809123218	1.714000000000000	-159966.815206063241931	0.007000000000000
5_5_4_2_3_3_4_2_2_2_1_3_5_6_4_5_3_3_9_4_3_6_8_2	-1	-1.000000000000000	-1.000000000000000	-1.000000000000000	-1.000000000000000	-157597.549110866792034	0.007000000000000
5_5_4_2_3_3_4_2_2_2_1_3_5_6_4_5_3_4_9_4_3_7_8_1	-1	-1.000000000000000	-1.000000000000000	-1.000000000000000	-1.000000000000000	-156933.480550777865574	0.007000000000000
7_5_7_2_3_3_6_2_2_2_1_3_5_8_4_5_3_3_5_6_3_4_4_1	-1	-1.000000000000000	-1.000000000000000	-1.000000000000000	-1.000000000000000	-167371.499259789881762	0.072000000000000
5_5_4_2_3_3_4_2_2_2_1_3_5_6_4_5_3_3_10_4_3_7_8_1	-1	-1.000000000000000	-1.000000000000000	-1.000000000000000	-1.000000000000000	-158376.198491930961609	0.006000000000000
6_5_5_2_3_3_4_8_2_2_1_3_5_8_4_5_4_3_5_4_3_4_4_2	-1	-1.000000000000000	-1.000000000000000	-1.000000000000000	-1.000000000000000	-166865.013990587991429	0.008000000000000
5_5_4_2_3_3_4_2_2_2_1_3_5_6_4_5_3_3_9_4_3_7_9_1	-1	-1.000000000000000	-1.000000000000000	-1.000000000000000	-1.000000000000000	-158571.073977002408355	0.006000000000000
8_7_7_2_3_3_4_2_2_2_1_3_5_9_4_5_3_3_5_4_4_4_4_1	-1	-1.000000000000000	-1.000000000000000	-1.000000000000000	-1.000000000000000	-171536.657624425482936	0.007000000000000
7_5_7_2_3_3_4_2_3_2_1_3_5_9_4_5_3_3_5_7_3_4_4_1	-1	-1.000000000000000	-1.000000000000000	-1.000000000000000	-1.000000000000000	-169369.625711675500497	0.010000000000000
6_5_5_2_3_3_4_2_2_2_1_3_5_7_4_5_3_3_6_4_3_7_8_2	-1	-1.000000000000000	-1.000000000000000	-1.000000000000000	-1.000000000000000	-163326.536475101223914	0.009000000000000
6_7_6_2_3_3_4_2_2_2_1_3_5_9_4_5_3_3_5_7_3_4_4_2	-1	-1.000000000000000	-1.000000000000000	-1.000000000000000	-1.000000000000000	-169673.706139733607415	0.010000000000000
6_7_6_2_3_3_4_2_2_2_1_3_5_9_4_6_3_3_5_7_3_4_4_1	-1	-1.000000000000000	-1.000000000000000	-1.000000000000000	-1.000000000000000	-168128.878961753856856	0.012000000000000
6_5_4_2_3_3_4_2_2_2_1_3_5_6_4_5_3_3_9_4_3_7_8_1	1	1095544.099246188998222	20856.724515966292529	2444614.058079249225557	3.697000000000000	-159339.676321525825188	0.006000000000000
7_6_5_2_4_3_4_2_2_2_1_3_5_8_4_5_3_3_5_4_3_5_8_1	-1	-1.000000000000000	-1.000000000000000	-1.000000000000000	-1.000000000000000	-167373.626164009619970	0.012000000000000
5_5_4_2_3_3_4_2_2_2_1_3_5_7_4_5_3_3_8_4_3_7_8_1	1	1093197.508525791112334	21227.091866594848398	2439921.442531926557422	1.552000000000000	-159966.815206063241931	0.008000000000000
6_7_4_2_3_3_4_4_2_2_1_3_5_10_4_5_3_3_5_4_3_4_4_2	-1	-1.000000000000000	-1.000000000000000	-1.000000000000000	-1.000000000000000	-165913.077232911775354	0.020000000000000
8_6_7_2_3_3_4_2_2_2_1_3_5_10_4_5_3_3_5_4_3_5_4_1	-1	-1.000000000000000	-1.000000000000000	-1.000000000000000	-1.000000000000000	-172553.928425532591064	0.007000000000000
6_5_4_2_3_3_4_2_2_2_1_3_5_6_4_5_3_3_8_4_3_7_8_1	1	1095593.234119841596112	20856.724515966292529	2449672.460458512883633	1.240000000000000	-159339.676321525825188	0.008000000000000
7_6_7_2_3_3_4_2_2_2_1_4_5_11_4_5_3_3_5_4_3_4_4_1	-1	-1.000000000000000	-1.000000000000000	-1.000000000000000	-1.000000000000000	-171959.760502484918106	0.008000000000000
5_5_4_2_3_3_4_2_2_2_1_3_5_7_4_5_3_3_9_4_3_7_7_1	-1	-1.000000000000000	-1.000000000000000	-1.000000000000000	-1.000000000000000	-159798.024919462855905	0.008000000000000
7_5_7_2_3_3_4_2_2_2_1_3_6_11_4_5_3_3_5_5_3_4_4_1	-1	-1.000000000000000	-1.000000000000000	-1.000000000000000	-1.000000000000000	-170759.112469167099334	0.010000000000000
6_5_5_2_3_3_4_8_2_2_2_3_5_9_4_5_3_3_5_4_3_4_4_1	-1	-1.000000000000000	-1.000000000000000	-1.000000000000000	-1.000000000000000	-167950.055840788292699	0.007000000000000
8_7_6_2_3_3_4_2_2_2_1_3_5_10_4_5_3_3_5_4_3_4_4_1	-1	-1.000000000000000	-1.000000000000000	-1.000000000000000	-1.000000000000000	-170993.789745175279677	0.008000000000000
6_7_6_2_4_3_5_2_2_2_1_3_5_9_4_5_3_3_5_4_3_4_4_3	-1	-1.000000000000000	-1.000000000000000	-1.000000000000000	-1.000000000000000	-169771.724633359699510	0.010000000000000
5_5_4_2_3_3_4_2_2_2_1_3_5_8_4_5_3_3_8_4_3_7_8_1	-1	-1.000000000000000	-1.000000000000000	-1.000000000000000	-1.000000000000000	-159563.347232325031655	0.010000000000000
5_5_4_3_3_3_4_2_2_2_1_3_5_7_4_5_3_3_8_4_3_7_8_1	-1	-1.000000000000000	-1.000000000000000	-1.000000000000000	-1.000000000000000	-157799.944937543710694	0.009000000000000
6_6_6_2_3_3_4_2_2_2_1_3_5_10_4_5_3_3_5_4_3_4_7_1	-1	-1.000000000000000	-1.000000000000000	-1.000000000000000	-1.000000000000000	-166938.709764075378189	0.009000000000000
7_5_6_2_3_3_4_6_2_2_1_3_5_8_4_5_3_3_5_4_3_4_4_1	1	1097681.628992175683379	14033.857938111956173	2370391.471890040207654	1.230000000000000	-167573.917226467485307	0.007000000000000
5_5_4_2_3_3_4_2_3_2_1_3_5_7_4_5_3_3_8_4_3_7_8_1	-1	-1.000000000000000	-1.000000000000000	-1.000000000000000	-1.000000000000000	-159966.815206063241931	0.009000000000000
6_6_5_2_3_3_4_2_2_2_1_4_5_8_4_5_3_3_5_4_3_6_8_1	-1	-1.000000000000000	-1.000000000000000	-1.000000000000000	-1.000000000000000	-166832.536759452108527	0.010000000000000
6_6_5_2_3_3_4_2_2_2_1_3_5_8_4_5_3_4_5_4_3_6_8_1	-1	-1.000000000000000	-1.000000000000000	-1.000000000000000	-1.000000000000000	-165274.284934328781674	0.009000000000000
7_5_5_2_3_3_4_7_2_3_1_3_5_9_4_5_3_3_5_4_3_4_4_1	-1	-1.000000000000000	-1.000000000000000	-1.000000000000000	-1.000000000000000	-168876.241651439195266	0.007000000000000
7_5_5_3_3_3_4_7_2_2_1_3_5_9_4_5_3_3_5_4_3_4_4_1	1	1098435.075869947206229	15137.408808494048571	2362922.102351599372923	1.215000000000000	-168965.153333551308606	0.009000000000000
7_7_6_2_3_3_4_2_2_2_1_3_5_11_4_5_3_3_5_4_3_4_4_1	1	1093372.151525919558480	13875.197416827817506	2273191.060530031565577	1.305000000000000	-170986.758640389743960	0.009000000000000
7_6_6_2_3_3_4_2_2_2_1_3_5_9_4_6_3_3_5_7_3_4_4_1	-1	-1.000000000000000	-1.000000000000000	-1.000000000000000	-1.000000000000000	-167630.040953240706585	0.012000000000000
6_5_7_2_3_3_5_2_2_2_1_3_5_9_4_5_3_3_5_6_3_4_4_1	-1	-1.000000000000000	-1.000000000000000	-1.000000000000000	-1.000000000000000	-166441.134700948867248	0.009000000000000
8_6_6_2_3_3_5_2_2_2_1_3_5_10_4_5_3_3_5_4_3_4_4_1	1	1098667.946140977088362	13841.365631119966565	2299926.974393251352012	1.177000000000000	-170324.804996112332447	0.008000000000000
5_5_4_2_3_4_4_2_2_2_1_3_5_7_4_5_3_3_8_4_3_7_8_1	-1	-1.000000000000000	-1.000000000000000	-1.000000000000000	-1.000000000000000	-159892.562115565058775	0.010000000000000
7_7_7_2_3_3_5_2_2_2_1_3_5_8_4_5_3_3_5_4_3_4_4_1	1	1093807.702682953095064	14095.122578846901888	2272299.008844237308949	1.178000000000000	-169321.320218343345914	0.013000000000000
7_8_7_2_3_3_4_2_2_2_1_4_5_8_4_5_3_3_5_5_3_4_4_1	-1	-1.000000000000000	-1.000000000000000	-1.000000000000000	-1.000000000000000	-170464.264129896910163	0.011000000000000
7_5_5_2_3_3_4_7_2_2_1_3_5_8_4_5_3_3_5_4_3_4_4_1	1	1097768.056046250276268	14477.357401467215823	2425732.961142146494240	1.362000000000000	-166669.319404670794029	0.007000000000000
7_6_7_2_3_3_4_2_2_2_1_3_5_9_4_5_3_3_5_4_3_4_5_1	-1	-1.000000000000000	-1.000000000000000	-1.000000000000000	-1.000000000000000	-170272.725827816320816	0.011000000000000
7_7_7_2_3_3_5_2_2_3_1_3_5_9_4_5_3_3_5_4_3_4_4_1	-1	-1.000000000000000	-1.000000000000000	-1.000000000000000	-1.000000000000000	-171250.016972771554720	0.012000000000000
6_7_5_2_3_3_4_6_2_2_1_3_5_7_4_5_4_3_5_4_3_4_4_3	-1	-1.000000000000000	-1.000000000000000	-1.000000000000000	-1.000000000000000	-166283.526506330294069	0.007000000000000
5_5_4_2_4_3_4_2_2_2_1_3_5_7_4_5_3_3_8_4_3_7_8_1	-1	-1.000000000000000	-1.000000000000000	-1.000000000000000	-1.000000000000000	-159900.101189582288498	0.009000000000000
6_5_5_2_3_3_4_8_2_2_1_4_5_9_4_5_3_3_5_4_3_4_4_1	-1	-1.000000000000000	-1.000000000000000	-1.000000000000000	-1.000000000000000	-167950.055840788292699	0.008000000000000
5_5_4_2_3_3_4_2_2_2_1_3_5_7_4_5_3_3_8_4_3_8_8_1	-1	-1.000000000000000	-1.000000000000000	-1.000000000000000	-1.000000000000000	-160094.667436554882443	0.008000000000000
7_6_5_2_3_3_4_2_2_2_1_3_5_8_4_5_3_3_5_4_3_6_8_1	1	1095024.606219401350245	13226.682419344928348	2287256.209924685768783	1.256000000000000	-167421.253988886193838	0.014000000000000
7_6_6_2_3_3_4_2_2_2_1_3_5_9_4_5_3_4_5_4_3_4_7_1	-1	-1.000000000000000	-1.000000000000000	-1.000000000000000	-1.000000000000000	-168358.925957851432031	0.010000000000000
7_7_7_3_3_3_5_2_2_2_1_3_5_9_4_5_3_3_5_4_3_4_4_1	-1	-1.000000000000000	-1.000000000000000	-1.000000000000000	-1.000000000000000	-169646.232946646166965	0.009000000000000
6_6_5_2_3_3_4_7_2_2_1_3_6_7_4_5_3_3_5_4_3_4_4_3	-1	-1.000000000000000	-1.000000000000000	-1.000000000000000	-1.000000000000000	-165740.162071169528645	0.007000000000000
7_6_7_2_3_3_4_2_2_2_1_3_5_10_4_5_3_3_5_4_3_4_5_1	1	1096375.356269425479695	13782.212162255647854	2249587.559386802371591	1.581000000000000	-172022.033154443779495	0.010000000000000
7_5_7_2_3_3_6_2_2_2_1_3_5_8_4_5_3_3_5_5_3_4_4_1	1	1098800.076543299015611	14142.217252387679764	2337107.397465457208455	1.834000000000000	-167210.823960010951851	0.011000000000000
7_5_7_3_3_3_6_2_2_2_1_3_5_9_4_5_3_3_5_5_3_4_4_1	-1	-1.000000000000000	-1.000000000000000	-1.000000000000000	-1.000000000000000	-169009.756977747660130	0.013000000000000
6_7_6_2_3_3_5_2_2_2_2_3_5_9_4_5_3_3_5_4_3_4_4_3	-1	-1.000000000000000	-1.000000000000000	-1.000000000000000	-1.000000000000000	-169833.070422058983240	0.011000000000000
5_5_4_2_3_3_4_2_2_2_1_3_5_7_4_5_3_3_8_4_4_7_8_1	-1	-1.000000000000000	-1.000000000000000	-1.000000000000000	-1.000000000000000	-160289.261322702252073	0.014000000000000
6_8_7_2_3_3_4_3_2_2_1_3_5_9_4_5_3_3_5_4_3_4_4_2	-1	-1.000000000000000	-1.000000000000000	-1.000000000000000	-1.000000000000000	-171049.025240323098842	0.010000000000000
7_5_6_2_3_3_4_2_2_2_1_3_5_9_4_5_3_3_5_8_3_4_4_2	-1	-1.000000000000000	-1.000000000000000	-1.000000000000000	-1.000000000000000	-167868.775715233350638	0.015000000000000
6_5_5_2_3_3_4_8_2_2_1_3_5_8_4_5_3_3_5_4_3_4_5_2	-1	-1.000000000000000	-1.000000000000000	-1.000000000000000	-1.000000000000000	-166785.574679824640043	0.009000000000000
8_8_7_2_3_3_4_2_2_2_1_3_5_9_4_5_3_3_5_4_3_4_4_1	-1	-1.000000000000000	-1.000000000000000	-1.000000000000000	-1.000000000000000	-171567.939253736054525	0.014000000000000
7_7_5_2_3_3_4_3_2_2_1_3_5_10_4_5_3_3_5_4_3_4_4_2	-1	-1.000000000000000	-1.000000000000000	-1.000000000000000	-1.000000000000000	-168784.740740523935528	0.015000000000000
7_6_6_2_3_3_4_2_2_2_1_3_5_9_4_5_4_3_5_7_3_4_4_1	-1	-1.000000000000000	-1.000000000000000	-1.000000000000000	-1.000000000000000	-169094.752528022101615	0.013000000000000
6_5_5_2_3_3_4_8_2_2_1_3_5_7_4_5_4_3_5_4_3_4_4_3	-1	-1.000000000000000	-1.000000000000000	-1.000000000000000	-1.000000000000000	-165427.179299022129271	0.008000000000000
6_5_6_2_3_3_4_8_2_2_1_3_5_9_4_5_3_3_5_4_3_4_4_1	-1	-1.000000000000000	-1.000000000000000	-1.000000000000000	-1.000000000000000	-166247.823153202945832	0.008000000000000
5_5_4_2_3_3_4_2_2_2_1_3_6_7_4_5_3_3_8_4_3_7_8_1	-1	-1.000000000000000	-1.000000000000000	-1.000000000000000	-1.000000000000000	-159589.247340012167115	0.014000000000000
7_5_6_2_3_3_4_2_2_2_1_3_5_10_4_5_3_3_5_4_3_4_7_1	1	1098742.546838065842167	13380.378260996625613	2291018.086819203570485	4.431000000000000	-169589.106300386367366	0.011000000000000
5_5_4_2_3_3_4_2_2_2_1_3_5_7_4_5_3_4_8_4_3_7_8_1	-1	-1.000000000000000	-1.000000000000000	-1.000000000000000	-1.000000000000000	-158431.612666698289104	0.009000000000000
7_5_6_2_3_3_4_2_2_2_1_3_5_9_4_5_3_3_5_7_3_4_4_1	1	1098660.363871537148952	13949.598724996787496	2366292.216910920105875	2.200000000000000	-167744.587157985399244	0.010000000000000
6_6_5_3_3_3_4_2_2_2_1_3_5_8_4_5_3_3_5_4_3_6_8_1	-1	-1.000000000000000	-1.000000000000000	-1.000000000000000	-1.000000000000000	-163900.159340798796620	0.010000000000000
7_6_7_2_3_3_5_2_2_2_1_3_5_9_4_5_3_3_5_4_4_4_4_2	-1	-1.000000000000000	-1.000000000000000	-1.000000000000000	-1.000000000000000	-170828.126541058503790	0.007000000000000
7_5_5_2_3_3_4_7_2_2_1_3_5_9_5_5_3_3_5_4_3_4_4_1	-1	-1.000000000000000	-1.000000000000000	-1.000000000000000	-1.000000000000000	-167952.235731364722596	0.007000000000000
7_6_6_2_3_3_5_2_2_2_1_3_5_10_4_5_3_3_5_4_3_5_4_1	1	1094787.514763300074264	13732.669903091882588	2286510.640753540676087	1.840000000000000	-170599.981655819079606	0.013000000000000
7_5_7_2_3_3_5_2_2_2_1_3_5_9_4_5_3_3_5_4_3_4_4_2	1	1098354.769499673508108	14068.584341959274752	2293113.195182274095714	1.577000000000000	-169218.689087614620803	0.007000000000000
6_6_6_2_3_3_5_2_2_2_1_3_5_10_4_5_3_3_5_4_3_4_4_3	1	1091848.098560593789443	14020.566892583021399	2280519.173603214323521	1.664000000000000	-168746.451116249721963	0.011000000000000
5_5_4_2_3_3_4_2_2_2_1_4_5_7_4_5_3_3_8_4_3_7_8_1	-1	-1.000000000000000	-1.000000000000000	-1.000000000000000	-1.000000000000000	-159966.815206063241931	0.010000000000000
5_5_4_2_3_3_4_2_2_2_2_3_5_7_4_5_3_3_8_4_3_7_8_1	-1	-1.000000000000000	-1.000000000000000	-1.000000000000000	-1.000000000000000	-159966.815206063241931	0.009000000000000
6_6_5_2_3_3_4_2_2_2_1_3_5_7_4_5_3_3_6_4_3_7_8_1	1	1093443.960260580061004	13183.311498642473452	2301508.370980703737587	1.060000000000000	-164786.094802428298863	0.008000000000000
7_6_6_2_3_3_4_2_2_2_2_3_5_9_4_5_3_3_5_4_3_4_7_1	-1	-1.000000000000000	-1.000000000000000	-1.000000000000000	-1.000000000000000	-169815.116459201992257	0.010000000000000
7_7_7_2_3_3_5_2_2_2_1_3_5_9_5_5_3_3_5_4_3_4_4_1	-1	-1.000000000000000	-1.000000000000000	-1.000000000000000	-1.000000000000000	-170406.112526530196192	0.010000000000000
6_5_5_2_3_3_4_2_2_2_1_3_5_8_4_6_3_3_5_4_3_7_8_1	-1	-1.000000000000000	-1.000000000000000	-1.000000000000000	-1.000000000000000	-164733.048781859455630	0.014000000000000
5_5_4_2_3_3_4_3_2_2_1_3_5_7_4_5_3_3_8_4_3_7_8_1	-1	-1.000000000000000	-1.000000000000000	-1.000000000000000	-1.000000000000000	-159966.815206063241931	0.008000000000000
5_5_4_2_3_3_4_2_2_2_1_3_5_7_4_5_3_3_8_4_3_7_8_2	-1	-1.000000000000000	-1.000000000000000	-1.000000000000000	-1.000000000000000	-160194.638865978107788	0.009000000000000
6_7_6_2_3_3_4_4_2_2_1_3_5_9_4_5_3_3_5_4_3_4_4_3	1	1090734.181170452618971	14105.078624421526911	2239313.762018226552755	0.973000000000000	-171092.737114830466453	0.008000000000000
7_5_7_2_3_3_6_2_2_3_1_3_5_9_4_5_3_3_5_5_3_4_4_1	-1	-1.000000000000000	-1.000000000000000	-1.000000000000000	-1.000000000000000	-169101.085990132560255	0.010000000000000
6_5_5_2_3_3_4_2_2_2_1_3_6_7_4_5_3_3_6_4_3_7_8_1	-1	-1.000000000000000	-1.000000000000000	-1.000000000000000	-1.000000000000000	-163875.057424032595009	0.007000000000000
7_8_7_2_3_3_4_2_2_3_1_3_5_9_4_5_3_3_5_4_3_4_4_1	-1	-1.000000000000000	-1.000000000000000	-1.000000000000000	-1.000000000000000	-172409.785384203220019	0.013000000000000
7_5_7_2_3_3_5_2_2_2_1_3_5_10_4_5_3_3_5_5_3_4_4_1	1	1098617.509986800840124	14000.894507729517500	2306070.941009586676955	1.359000000000000	-170947.778843632491771	0.022000000000000
6_6_5_2_3_3_4_8_2_2_1_3_5_8_4_5_3_3_5_4_3_4_4_2	1	1091175.961683785310015	14031.747164669417543	2356495.941110998857766	0.910000000000000	-167625.565860908303875	0.007000000000000
5_5_5_2_3_3_4_2_2_2_1_3_5_7_4_5_3_3_8_4_3_7_8_1	-1	-1.000000000000000	-1.000000000000000	-1.000000000000000	-1.000000000000000	-159736.184466320381034	0.008000000000000
6_8_8_2_3_3_4_2_2_2_1_3_5_9_4_5_3_3_5_4_3_4_4_2	-1	-1.000000000000000	-1.000000000000000	-1.000000000000000	-1.000000000000000	-169200.420842695108149	0.008000000000000
6_7_7_2_3_3_4_4_2_2_1_3_5_8_4_5_3_3_5_4_3_4_4_3	-1	-1.000000000000000	-1.000000000000000	-1.000000000000000	-1.000000000000000	-168997.399282579077408	0.009000000000000
5_5_4_2_3_3_4_2_2_2_1_3_5_7_4_5_4_3_8_4_3_7_8_1	-1	-1.000000000000000	-1.000000000000000	-1.000000000000000	-1.000000000000000	-159966.815206063241931	0.012000000000000
7_8_7_2_3_3_4_2_2_2_1_3_5_8_4_5_3_3_5_5_3_4_4_2	-1	-1.000000000000000	-1.000000000000000	-1.000000000000000	-1.000000000000000	-170541.407309118338162	0.011000000000000
7_5_6_2_3_3_6_2_2_2_1_3_5_9_4_5_3_3_5_5_3_4_4_1	-1	-1.000000000000000	-1.000000000000000	-1.000000000000000	-1.000000000000000	-167565.521150614920771	0.011000000000000
6_8_6_2_3_3_4_2_2_2_1_3_5_9_4_5_3_3_5_4_3_5_4_3	-1	-1.000000000000000	-1.000000000000000	-1.000000000000000	-1.000000000000000	-170558.524748780124355	0.013000000000000
6_5_5_2_3_3_4_8_2_2_1_3_5_8_4_5_3_3_5_4_3_5_4_2	-1	-1.000000000000000	-1.000000000000000	-1.000000000000000	-1.000000000000000	-166739.110419704840751	0.007000000000000
6_5_5_2_3_4_4_2_2_2_1_3_5_8_4_5_3_3_5_4_3_7_8_1	-1	-1.000000000000000	-1.000000000000000	-1.000000000000000	-1.000000000000000	-166132.555758490372682	0.017000000000000
5_6_4_2_3_3_4_2_2_2_1_3_5_7_4_5_3_3_8_4_3_7_8_1	-1	-1.000000000000000	-1.000000000000000	-1.000000000000000	-1.000000000000000	-160076.622833005676512	0.013000000000000
6_7_6_2_3_3_4_5_2_2_1_3_5_9_4_5_3_3_5_4_3_4_4_2	-1	-1.000000000000000	-1.000000000000000	-1.000000000000000	-1.000000000000000	-170781.683747215924086	0.008000000000000
6_5_5_2_3_3_4_8_3_2_1_3_5_8_4_5_3_3_5_4_3_4_4_2	-1	-1.000000000000000	-1.000000000000000	-1.000000000000000	-1.000000000000000	-166865.013990587991429	0.008000000000000
6_5_4_2_3_3_4_2_2_2_1_3_6_7_4_5_3_3_7_4_3_7_8_1	-1	-1.000000000000000	-1.000000000000000	-1.000000000000000	-1.000000000000000	-161647.325091877661180	0.019000000000000
6_6_6_2_3_3_4_2_2_2_1_3_5_9_4_5_3_3_5_9_3_4_4_1	1	1092968.642445410368964	14093.707190583671036	2332812.119045795872808	1.656000000000000	-168792.902049673750298	0.024000000000000
7_5_7_2_3_3_5_2_2_2_1_4_5_9_4_5_3_3_5_6_3_4_4_1	-1	-1.000000000000000	-1.000000000000000	-1.000000000000000	-1.000000000000000	-169269.025070747244172	0.014000000000000
7_5_7_2_3_3_4_2_2_2_1_3_5_10_4_5_3_3_5_4_3_4_6_1	1	1099005.075390751939267	13605.944597651880031	2265003.406512390356511	1.795000000000000	-170743.858226347016171	0.007000000000000
5_5_4_2_3_3_4_2_2_2_1_3_5_7_4_5_3_3_8_4_3_6_8_1	1	1092632.770647005643696	20165.007511406165577	2457528.683624618686736	2.482000000000000	-159966.815206063241931	0.008000000000000
7_5_5_2_3_3_4_8_2_2_1_3_5_8_4_5_3_3_5_4_3_4_4_2	-1	-1.000000000000000	-1.000000000000000	-1.000000000000000	-1.000000000000000	-166996.361921039322624	0.007000000000000
5_5_4_2_3_3_4_2_2_2_1_3_5_7_4_5_3_3_7_4_3_7_8_1	1	1093143.321192921837792	21183.115129035315476	2446347.925190818496048	1.688000000000000	-159966.815206063241931	0.011000000000000
7_5_6_2_3_3_4_5_2_2_1_3_5_9_4_5_3_3_5_4_3_4_4_1	1	1097664.910790137480944	13958.906545564615953	2355684.746404169593006	1.264000000000000	-169250.190480071294587	0.008000000000000
6_5_5_2_3_3_4_2_2_2_1_3_5_8_4_5_3_3_5_4_3_8_8_1	-1	-1.000000000000000	-1.000000000000000	-1.000000000000000	-1.000000000000000	-166442.166901861783117	0.013000000000000
6_8_7_2_3_3_4_2_2_2_1_3_5_8_4_5_3_3_5_7_3_4_4_1	1	1091175.197259191423655	14228.057311693337397	2241812.745184001512825	1.168000000000000	-169734.936600741813891	0.011000000000000
6_8_6_2_3_3_4_3_2_2_1_3_5_10_4_5_3_3_5_4_3_4_4_1	1	1090464.686590958153829	14008.389158407124341	2252887.215953136328608	0.911000000000000	-169361.572915777564049	0.009000000000000
7_6_6_2_3_4_4_2_2_2_1_3_5_9_4_5_3_3_5_7_3_4_4_1	-1	-1.000000000000000	-1.000000000000000	-1.000000000000000	-1.000000000000000	-169046.072190413484350	0.009000000000000
6_5_5_2_3_3_4_8_2_2_1_3_5_8_5_5_3_3_5_4_3_4_4_2	-1	-1.000000000000000	-1.000000000000000	-1.000000000000000	-1.000000000000000	-165972.605961872439366	0.006000000000000
6_8_6_2_3_3_5_2_2_2_1_3_5_9_4_5_3_3_5_4_3_4_4_3	1	1089988.414742867229506	14087.328614716476295	2221620.612435854971409	1.173000000000000	-170571.222700322367018	0.011000000000000
7_5_6_2_3_3_4_6_2_2_1_3_5_9_4_5_4_3_5_4_3_4_4_1	-1	-1.000000000000000	-1.000000000000000	-1.000000000000000	-1.000000000000000	-169795.141401347995270	0.009000000000000
5_5_4_2_3_3_4_2_2_2_1_3_5_7_4_5_3_3_8_4_3_7_7_1	-1	-1.000000000000000	-1.000000000000000	-1.000000000000000	-1.000000000000000	-159798.024919462855905	0.008000000000000
6_5_5_2_3_4_4_2_2_2_1_3_5_7_4_5_3_3_6_4_3_7_8_1	-1	-1.000000000000000	-1.000000000000000	-1.000000000000000	-1.000000000000000	-164068.553659297758713	0.006000000000000
6_7_6_2_3_3_4_4_2_2_1_3_5_9_4_5_3_3_5_4_3_5_4_2	-1	-1.000000000000000	-1.000000000000000	-1.000000000000000	-1.000000000000000	-170342.622808527346933	0.008000000000000
7_6_5_2_3_3_4_2_2_2_1_3_5_8_4_5_3_4_5_4_3_5_8_1	-1	-1.000000000000000	-1.000000000000000	-1.000000000000000	-1.000000000000000	-165987.562919692747528	0.010000000000000
6_8_7_3_3_3_4_2_2_2_1_3_5_9_4_5_3_3_5_4_3_4_4_2	-1	-1.000000000000000	-1.000000000000000	-1.000000000000000	-1.000000000000000	-167489.946561193093657	0.014000000000000
7_7_5_2_3_4_4_4_2_2_1_3_5_10_4_5_3_3_5_4_3_4_4_1	-1	-1.000000000000000	-1.000000000000000	-1.000000000000000	-1.000000000000000	-170209.857471979572438	0.016000000000000
6_6_6_2_3_3_4_2_2_2_1_3_5_10_4_5_3_3_5_7_3_5_4_1	-1	-1.000000000000000	-1.000000000000000	-1.000000000000000	-1.000000000000000	-168182.219749998010229	0.018000000000000
8_6_7_2_3_3_5_2_2_2_1_3_5_9_4_5_3_3_5_4_3_4_4_1	1	1099232.263096726266667	13980.765822107336135	2272423.477616092190146	1.579000000000000	-170750.249242055957438	0.007000000000000
7_6_6_2_3_3_4_2_2_2_1_3_5_11_4_5_3_3_5_4_3_4_4_1	1	1094577.696200520498678	13817.114432881691755	2313481.051677174866199	1.880000000000000	-170195.673961754073389	0.011000000000000
6_5_4_2_3_3_4_2_2_2_1_3_5_7_4_5_3_3_7_4_3_7_8_1	1	1097303.859002341283485	16182.542611198947270	2426886.733695413451642	1.597000000000000	-161928.966375153744593	0.012000000000000
6_6_5_2_3_3_4_2_2_2_1_3_5_9_4_5_3_3_5_4_3_5_8_1	-1	-1.000000000000000	-1.000000000000000	-1.000000000000000	-1.000000000000000	-166458.338601215829840	0.013000000000000
6_8_6_2_3_3_4_2_2_2_1_3_5_11_4_5_3_3_5_5_3_4_4_1	-1	-1.000000000000000	-1.000000000000000	-1.000000000000000	-1.000000000000000	-169730.404348520562053	0.010000000000000
7_6_7_2_3_3_4_3_2_2_1_3_5_10_4_5_3_3_5_4_3_4_5_1	-1	-1.000000000000000	-1.000000000000000	-1.000000000000000	-1.000000000000000	-172022.033154443779495	0.017000000000000
6_5_4_2_3_3_4_8_2_2_1_3_5_9_4_5_3_3_5_4_3_4_4_2	1	1094686.984222529456019	14791.144275017108157	2472434.505129450932145	0.891000000000000	-166678.322696752380580	0.009000000000000
5_5_4_2_3_3_4_2_2_2_1_3_5_7_4_5_3_3_7_5_3_7_8_1	1	1093279.536417380440980	21227.091866594848398	2437759.770019368268549	1.305000000000000	-160431.211701767868362	0.017000000000000
7_6_6_2_3_3_4_4_2_2_1_3_5_10_4_5_3_3_5_4_3_5_4_1	-1	-1.000000000000000	-1.000000000000000	-1.000000000000000	-1.000000000000000	-171616.460186399432132	0.007000000000000
8_6_7_2_3_3_4_2_2_2_2_3_5_10_4_5_3_3_5_4_3_4_4_1	-1	-1.000000000000000	-1.000000000000000	-1.000000000000000	-1.000000000000000	-172585.050531801738543	0.011000000000000
6_8_6_2_3_3_5_2_2_2_1_3_5_9_4_5_3_3_5_4_3_4_4_2	1	1090313.202099610818550	14087.328614716476295	2238075.700038762297481	1.426000000000000	-169822.937822634296026	0.013000000000000
6_8_6_2_3_3_4_2_2_2_1_3_5_10_4_5_3_3_5_5_4_4_4_1	-1	-1.000000000000000	-1.000000000000000	-1.000000000000000	-1.000000000000000	-169776.074376338743605	0.013000000000000
6_6_6_3_3_3_4_2_2_2_1_3_5_10_4_5_3_3_5_7_3_4_4_1	-1	-1.000000000000000	-1.000000000000000	-1.000000000000000	-1.000000000000000	-166569.387318210297963	0.013000000000000
6_5_4_2_3_3_4_2_2_2_1_3_5_7_4_5_3_3_8_4_3_6_8_1	1	1096754.652651222422719	16221.231678595631820	2435980.115845005027950	4.162000000000000	-161928.966375153744593	0.081000000000000
6_8_6_2_3_3_4_2_2_2_1_3_5_10_4_5_3_3_5_5_3_5_4_1	-1	-1.000000000000000	-1.000000000000000	-1.000000000000000	-1.000000000000000	-169751.458321083453484	0.012000000000000
6_5_4_2_3_3_4_2_2_2_1_3_5_7_4_5_3_3_8_4_3_7_7_1	-1	-1.000000000000000	-1.000000000000000	-1.000000000000000	-1.000000000000000	-161548.021860894368729	0.097000000000000
8_5_7_3_3_3_4_2_2_2_1_3_5_10_4_5_3_3_5_4_3_4_4_1	-1	-1.000000000000000	-1.000000000000000	-1.000000000000000	-1.000000000000000	-171247.656592058017850	0.013000000000000
7_5_7_2_3_3_4_2_2_2_1_3_5_9_4_6_3_3_5_7_3_4_4_1	-1	-1.000000000000000	-1.000000000000000	-1.000000000000000	-1.000000000000000	-168070.251598847913556	0.010000000000000
7_5_7_2_3_4_6_2_2_2_1_3_5_9_4_5_3_3_5_5_3_4_4_1	-1	-1.000000000000000	-1.000000000000000	-1.000000000000000	-1.000000000000000	-169080.658336723834509	0.013000000000000
6_5_4_2_3_3_4_2_2_2_1_3_5_7_5_5_3_3_7_4_3_7_8_1	-1	-1.000000000000000	-1.000000000000000	-1.000000000000000	-1.000000000000000	-161000.625163433229318	0.021000000000000
6_5_5_2_3_3_4_3_2_2_1_3_5_8_4_5_3_3_5_4_3_7_8_1	-1	-1.000000000000000	-1.000000000000000	-1.000000000000000	-1.000000000000000	-166201.214015512552578	0.022000000000000
6_5_4_2_3_3_4_2_2_2_1_3_5_7_4_5_3_3_7_4_3_8_8_1	-1	-1.000000000000000	-1.000000000000000	-1.000000000000000	-1.000000000000000	-162209.637648620118853	0.020000000000000
7_6_6_2_3_3_4_2_2_2_1_3_5_8_4_5_3_3_5_4_3_5_8_1	1	1095435.449419960845262	13357.547334907125332	2246125.726579420268536	1.737000000000000	-168987.352622574020643	0.008000000000000
7_6_5_2_3_3_4_2_2_2_2_3_5_9_4_5_3_3_5_4_3_4_8_1	-1	-1.000000000000000	-1.000000000000000	-1.000000000000000	-1.000000000000000	-169291.933260276389774	0.009000000000000
6_7_6_2_3_3_4_2_2_2_2_3_5_9_4_5_3_3_5_7_3_4_4_1	-1	-1.000000000000000	-1.000000000000000	-1.000000000000000	-1.000000000000000	-169673.706139733607415	0.011000000000000
6_5_5_2_3_3_5_8_2_2_1_3_5_7_4_5_3_3_5_4_3_4_4_3	-1	-1.000000000000000	-1.000000000000000	-1.000000000000000	-1.000000000000000	-165427.179299022129271	0.009000000000000
7_5_7_2_4_3_4_2_2_2_1_3_5_9_4_5_3_3_5_7_3_4_4_1	-1	-1.000000000000000	-1.000000000000000	-1.000000000000000	-1.000000000000000	-169331.276508737821132	0.016000000000000
6_5_4_2_3_3_4_2_2_2_1_3_5_7_4_5_3_3_7_5_3_7_8_1	-1	-1.000000000000000	-1.000000000000000	-1.000000000000000	-1.000000000000000	-161661.722270980651956	0.023000000000000
7_5_5_2_3_3_4_2_2_2_1_3_5_8_4_5_3_3_5_4_3_7_8_1	-1	-1.000000000000000	-1.000000000000000	-1.000000000000000	-1.000000000000000	-166311.310596825729590	0.015000000000000
7_6_5_2_3_3_4_2_2_2_1_3_5_8_4_5_3_3_5_4_3_5_9_1	-1	-1.000000000000000	-1.000000000000000	-1.000000000000000	-1.000000000000000	-168314.595052537450101	0.011000000000000
7_6_6_2_3_3_4_2_2_2_1_3_5_9_4_5_3_3_5_8_3_4_4_1	-1	-1.000000000000000	-1.000000000000000	-1.000000000000000	-1.000000000000000	-169203.729329332272755	0.008000000000000
6_5_5_2_3_3_4_2_2_2_1_3_5_7_4_5_3_4_6_4_3_7_8_1	-1	-1.000000000000000	-1.000000000000000	-1.000000000000000	-1.000000000000000	-162683.932187102589523	0.008000000000000
6_5_4_2_3_3_4_2_2_2_1_3_5_7_4_5_3_4_7_4_3_7_8_1	-1	-1.000000000000000	-1.000000000000000	-1.000000000000000	-1.000000000000000	-160469.245455926400609	0.021000000000000
6_7_6_3_3_3_5_2_2_2_1_3_5_9_4_5_3_3_5_4_3_4_4_3	-1	-1.000000000000000	-1.000000000000000	-1.000000000000000	-1.000000000000000	-167074.202982397400774	0.014000000000000
7_7_6_2_3_3_4_5_2_2_1_3_5_7_4_5_3_3_5_4_3_4_4_3	-1	-1.000000000000000	-1.000000000000000	-1.000000000000000	-1.000000000000000	-167858.270245007384801	0.009000000000000
6_5_4_2_3_3_4_2_2_2_1_3_5_7_4_5_3_3_7_4_3_7_9_1	-1	-1.000000000000000	-1.000000000000000	-1.000000000000000	-1.000000000000000	-162524.437948854349088	0.017000000000000
6_5_4_3_3_3_4_2_2_2_1_3_5_7_4_5_3_3_7_4_3_7_8_1	-1	-1.000000000000000	-1.000000000000000	-1.000000000000000	-1.000000000000000	-160283.522498155973153	0.014000000000000
6_6_5_2_3_3_4_2_2_2_1_3_5_8_4_5_3_3_5_4_3_5_8_1	1	1092851.115644957637414	13327.169452057241870	2321389.051170805934817	1.035000000000000	-166832.536759452108527	0.010000000000000
6_7_6_2_3_3_4_2_2_2_1_3_5_8_4_5_3_3_5_7_3_4_4_1	1	1091922.524151505669579	14155.550640332043258	2318831.061847753822803	1.519000000000000	-167739.644059023819864	0.021000000000000
6_5_4_2_3_3_4_2_2_2_1_3_5_7_4_5_3_3_7_4_3_7_8_2	-1	-1.000000000000000	-1.000000000000000	-1.000000000000000	-1.000000000000000	-161110.671104359033052	0.015000000000000
8_6_7_2_3_3_5_2_2_2_1_3_5_9_4_5_3_3_5_4_3_4_4_2	-1	-1.000000000000000	-1.000000000000000	-1.000000000000000	-1.000000000000000	-170787.907351733651012	0.007000000000000
6_5_4_2_3_3_4_2_2_2_1_3_5_8_4_5_3_3_7_4_3_7_8_1	1	1097664.901553560514003	14062.289419536613423	2404182.555289423558861	2.655000000000000	-164011.207048510143068	0.013000000000000
6_8_7_2_3_3_4_2_2_2_1_3_5_8_5_5_3_3_5_6_3_4_4_1	-1	-1.000000000000000	-1.000000000000000	-1.000000000000000	-1.000000000000000	-168063.772774191456847	0.011000000000000
7_5_4_2_3_3_4_2_2_2_1_3_5_7_4_5_3_3_7_4_3_7_8_1	-1	-1.000000000000000	-1.000000000000000	-1.000000000000000	-1.000000000000000	-161974.940263102296740	0.011000000000000
7_7_7_2_3_3_5_2_2_2_1_3_5_9_4_5_4_3_5_4_3_4_4_1	-1	-1.000000000000000	-1.000000000000000	-1.000000000000000	-1.000000000000000	-171250.016972771554720	0.010000000000000
6_5_4_2_3_3_5_2_2_2_1_3_5_7_4_5_3_3_7_4_3_7_8_1	-1	-1.000000000000000	-1.000000000000000	-1.000000000000000	-1.000000000000000	-161928.966375153744593	0.013000000000000
5_7_6_2_3_3_4_4_2_2_1_3_5_8_4_5_3_3_5_4_3_4_4_3	-1	-1.000000000000000	-1.000000000000000	-1.000000000000000	-1.000000000000000	-166568.067389635078143	0.008000000000000
6_5_4_2_3_3_4_2_3_2_1_3_5_7_4_5_3_3_7_4_3_7_8_1	-1	-1.000000000000000	-1.000000000000000	-1.000000000000000	-1.000000000000000	-161928.966375153744593	0.010000000000000
6_6_5_2_4_3_4_2_2_2_1_3_5_8_4_5_3_3_5_4_3_6_8_1	-1	-1.000000000000000	-1.000000000000000	-1.000000000000000	-1.000000000000000	-166770.574860959575744	0.009000000000000
6_7_6_2_3_3_4_4_2_2_1_3_5_8_4_5_3_4_5_4_3_4_4_3	-1	-1.000000000000000	-1.000000000000000	-1.000000000000000	-1.000000000000000	-167657.466453154629562	0.007000000000000
8_7_6_2_3_3_4_2_2_2_1_3_5_9_4_5_3_3_5_4_3_4_4_1	1	1096615.045234623365104	13955.291844275041512	2287991.350934302899987	0.451000000000000	-169297.135364691435825	0.006000000000000
6_5_4_2_3_3_4_3_2_2_1_3_5_7_4_5_3_3_7_4_3_7_8_1	-1	-1.000000000000000	-1.000000000000000	-1.000000000000000	-1.000000000000000	-161928.966375153744593	0.017000000000000
6_5_5_2_3_3_4_8_2_2_1_3_5_7_4_6_3_3_5_4_3_4_4_3	-1	-1.000000000000000	-1.000000000000000	-1.000000000000000	-1.000000000000000	-164034.991854238614906	0.008000000000000
6_6_6_2_3_3_6_2_2_2_1_3_5_10_4_5_3_3_5_4_3_4_4_2	1	1092073.781179770361632	14020.566892583021399	2290721.307751002721488	1.172000000000000	-167957.276595879666274	0.010000000000000
6_7_6_2_3_3_5_2_2_2_1_3_5_9_4_5_4_3_5_4_3_4_4_3	-1	-1.000000000000000	-1.000000000000000	-1.000000000000000	-1.000000000000000	-169833.070422058983240	0.011000000000000
6_5_4_2_3_3_4_2_2_2_1_3_5_7_4_5_3_3_7_4_4_7_8_1	-1	-1.000000000000000	-1.000000000000000	-1.000000000000000	-1.000000000000000	-161710.473918009927729	0.017000000000000
8_5_7_2_3_3_4_2_2_2_1_3_5_9_4_5_3_3_5_7_3_4_4_1	-1	-1.000000000000000	-1.000000000000000	-1.000000000000000	-1.000000000000000	-169167.821548436128069	0.011000000000000
6_5_4_2_3_3_4_2_2_3_1_3_5_7_4_5_3_3_7_4_3_7_8_1	-1	-1.000000000000000	-1.000000000000000	-1.000000000000000	-1.000000000000000	-161928.966375153744593	0.020000000000000
6_7_6_2_3_3_4_5_2_2_1_3_5_7_4_5_3_3_5_4_3_5_4_3	-1	-1.000000000000000	-1.000000000000000	-1.000000000000000	-1.000000000000000	-167745.346652296837419	0.009000000000000
7_6_5_2_3_3_4_2_2_2_1_3_5_9_5_5_3_3_5_4_3_4_8_1	-1	-1.000000000000000	-1.000000000000000	-1.000000000000000	-1.000000000000000	-168359.322103527374566	0.008000000000000
6_6_4_2_3_3_4_2_2_2_1_3_5_7_4_5_3_3_7_4_3_7_8_1	-1	-1.000000000000000	-1.000000000000000	-1.000000000000000	-1.000000000000000	-162076.628190873889253	0.015000000000000
7_8_7_2_3_3_4_2_2_2_2_3_5_9_4_5_3_3_5_4_3_4_4_1	-1	-1.000000000000000	-1.000000000000000	-1.000000000000000	-1.000000000000000	-172409.785384203220019	0.013000000000000
5_7_6_2_3_3_4_2_2_2_1_3_5_10_4_5_3_3_5_7_3_4_4_1	-1	-1.000000000000000	-1.000000000000000	-1.000000000000000	-1.000000000000000	-165837.590110545046628	0.010000000000000
7_5_7_2_3_3_5_2_2_2_1_3_5_9_4_5_3_3_5_6_3_5_4_1	-1	-1.000000000000000	-1.000000000000000	-1.000000000000000	-1.000000000000000	-169269.025070747244172	0.013000000000000
6_5_5_2_3_3_4_2_2_2_1_3_5_8_4_5_3_3_5_4_3_7_7_1	1	1096275.591800283640623	13458.710465714655584	2354176.929561897646636	1.497000000000000	-165693.898874859616626	0.013000000000000
6_7_5_2_3_3_4_6_2_2_2_3_5_7_4_5_3_3_5_4_3_4_4_3	-1	-1.000000000000000	-1.000000000000000	-1.000000000000000	-1.000000000000000	-166283.526506330294069	0.007000000000000
6_5_4_2_4_3_4_2_2_2_1_3_5_7_4_5_3_3_7_4_3_7_8_1	-1	-1.000000000000000	-1.000000000000000	-1.000000000000000	-1.000000000000000	-161872.292450645501958	0.017000000000000
7_5_5_2_3_3_4_2_2_2_1_3_5_9_4_5_3_3_5_4_3_4_8_1	1	1098937.095069179078564	13711.037854766997043	2350622.173786551691592	1.576000000000000	-168162.251374158542603	0.006000000000000
7_7_7_3_3_3_4_2_2_2_1_3_5_9_4_5_3_3_5_4_3_4_4_2	-1	-1.000000000000000	-1.000000000000000	-1.000000000000000	-1.000000000000000	-169848.832018717803294	0.006000000000000
7_5_7_2_3_3_5_2_2_2_1_3_5_9_4_6_3_3_5_6_3_4_4_1	-1	-1.000000000000000	-1.000000000000000	-1.000000000000000	-1.000000000000000	-167978.858589611714706	0.012000000000000
6_5_4_2_3_3_4_2_2_2_1_3_5_6_4_5_3_3_7_4_3_7_8_1	-1	-1.000000000000000	-1.000000000000000	-1.000000000000000	-1.000000000000000	-159339.676321525825188	0.016000000000000
7_5_7_2_3_3_5_2_2_2_1_3_5_9_4_5_3_3_5_6_3_4_4_2	-1	-1.000000000000000	-1.000000000000000	-1.000000000000000	-1.000000000000000	-169218.689087614620803	0.017000000000000
7_5_7_2_3_3_4_2_2_2_1_3_5_9_4_5_3_3_5_7_4_4_4_1	-1	-1.000000000000000	-1.000000000000000	-1.000000000000000	-1.000000000000000	-169369.625711675500497	0.010000000000000
7_5_7_2_3_3_5_2_2_2_1_3_5_9_4_5_3_3_5_5_3_4_4_1	1	1098787.642235624603927	14068.584341959274752	2322956.136252392549068	1.733000000000000	-169101.085990132560255	0.010000000000000
7_7_7_2_3_3_4_2_2_2_1_3_5_9_4_5_3_3_5_4_3_4_4_3	-1	-1.000000000000000	-1.000000000000000	-1.000000000000000	-1.000000000000000	-171483.100592290400527	0.008000000000000
7_6_4_2_3_3_4_2_2_2_1_3_5_9_4_5_3_3_5_4_3_4_8_1	-1	-1.000000000000000	-1.000000000000000	-1.000000000000000	-1.000000000000000	-166602.402240655443165	0.008000000000000
8_5_6_2_3_3_4_2_2_2_1_3_5_11_4_5_3_3_5_5_3_4_4_1	1	1102615.610326197464019	13975.170213114943181	2326207.519272739998996	0.374000000000000	-168882.168042450328358	0.011000000000000
6_8_7_2_3_3_4_2_2_2_1_3_5_9_4_5_3_3_6_4_3_4_4_2	-1	-1.000000000000000	-1.000000000000000	-1.000000000000000	-1.000000000000000	-171049.025240323098842	0.015000000000000
6_8_7_2_3_3_4_2_2_2_1_3_5_8_4_5_3_3_6_6_3_4_4_1	-1	-1.000000000000000	-1.000000000000000	-1.000000000000000	-1.000000000000000	-168918.513843102089595	0.013000000000000
6_5_4_2_3_3_4_2_2_2_1_3_5_7_4_5_3_3_7_4_3_6_8_1	1	1096532.873695365153253	16413.358147981671209	2442745.606514618732035	1.211000000000000	-161928.966375153744593	0.014000000000000
6_6_5_2_3_3_4_2_2_2_1_3_5_9_4_5_3_3_5_4_3_4_8_1	-1	-1.000000000000000	-1.000000000000000	-1.000000000000000	-1.000000000000000	-166458.338601215829840	0.011000000000000
7_6_7_2_3_3_4_2_2_2_1_3_5_10_4_5_3_3_5_4_3_4_4_2	-1	-1.000000000000000	-1.000000000000000	-1.000000000000000	-1.000000000000000	-172483.848938473442104	0.009000000000000
6_7_6_2_3_3_4_4_2_2_1_4_5_9_4_5_3_3_5_4_3_4_4_2	-1	-1.000000000000000	-1.000000000000000	-1.000000000000000	-1.000000000000000	-170348.166499534505419	0.007000000000000
6_7_6_2_3_3_5_2_2_2_1_3_5_9_5_5_3_3_5_4_3_4_4_3	-1	-1.000000000000000	-1.000000000000000	-1.000000000000000	-1.000000000000000	-168874.775264373485697	0.011000000000000
7_5_6_2_3_3_5_2_2_2_1_3_5_9_4_5_3_3_5_6_3_4_4_1	1	1098467.243077316321433	13949.598724996787496	2363310.535368956625462	2.175000000000000	-167693.640765709220432	0.014000000000000
8_7_7_2_3_3_4_2_2_2_1_3_5_9_4_5_3_3_5_4_3_4_4_2	1	1096370.531811173539609	14106.385281290724379	2207725.712863016873598	0.409000000000000	-171600.523659670987399	0.006000000000000
6_5_4_2_3_3_4_2_2_2_1_3_5_7_4_5_3_3_7_4_3_7_7_1	-1	-1.000000000000000	-1.000000000000000	-1.000000000000000	-1.000000000000000	-161548.021860894368729	0.017000000000000
7_6_6_2_3_3_4_2_2_3_1_3_5_9_4_5_3_3_5_7_3_4_4_1	-1	-1.000000000000000	-1.000000000000000	-1.000000000000000	-1.000000000000000	-169094.752528022101615	0.007000000000000
6_5_4_2_3_3_4_2_2_2_1_3_5_7_4_5_3_3_6_4_3_7_8_1	1	1096773.852076040115207	16167.648947648467583	2436101.277020359411836	1.407000000000000	-161928.966375153744593	0.020000000000000
7_6_5_2_3_3_4_2_2_2_1_3_5_8_4_5_3_3_5_5_3_5_8_1	-1	-1.000000000000000	-1.000000000000000	-1.000000000000000	-1.000000000000000	-167243.712877026700880	0.014000000000000
7_5_6_2_4_3_4_5_2_2_1_3_5_10_4_5_3_3_5_4_3_4_4_1	-1	-1.000000000000000	-1.000000000000000	-1.000000000000000	-1.000000000000000	-171156.284150737978052	0.008000000000000
7_7_5_2_3_3_4_4_2_2_1_3_5_10_5_5_3_3_5_4_3_4_4_1	-1	-1.000000000000000	-1.000000000000000	-1.000000000000000	-1.000000000000000	-169214.217921360686887	0.013000000000000
6_9_5_2_3_3_4_2_2_2_1_3_5_10_4_5_3_3_5_4_3_4_4_3	1	1087923.971693476429209	14011.385134880576516	2242003.250634235795587	0.595000000000000	-168595.024351926549571	0.010000000000000
6_7_6_2_3_3_4_2_2_2_1_3_5_9_4_5_3_3_5_7_3_4_4_1	1	1091750.832597951404750	14073.325553590300842	2298958.783531248569489	4.005000000000000	-169673.706139733607415	0.035000000000000
6_5_5_2_3_3_4_2_2_2_1_3_5_7_4_5_3_3_6_4_3_7_8_1	1	1096365.642259528394789	13053.014614955067373	2354355.282904498279095	1.316000000000000	-164126.734675434476230	0.010000000000000
6_8_5_2_3_3_4_2_2_3_1_3_5_10_4_5_3_3_5_4_3_4_4_3	-1	-1.000000000000000	-1.000000000000000	-1.000000000000000	-1.000000000000000	-168037.256677415076410	0.009000000000000
6_7_6_2_3_3_4_2_2_2_1_3_5_10_4_5_3_3_5_6_4_4_4_1	-1	-1.000000000000000	-1.000000000000000	-1.000000000000000	-1.000000000000000	-169194.596087509300560	0.010000000000000
7_5_7_2_3_3_5_2_2_3_1_3_5_10_4_5_3_3_5_4_3_4_4_2	-1	-1.000000000000000	-1.000000000000000	-1.000000000000000	-1.000000000000000	-170900.222407904046122	0.007000000000000
7_7_7_2_3_3_4_2_2_2_1_3_5_10_5_5_3_3_5_4_3_4_4_1	-1	-1.000000000000000	-1.000000000000000	-1.000000000000000	-1.000000000000000	-172130.517402870609658	0.014000000000000
7_5_6_2_3_3_6_2_2_2_1_3_5_10_4_5_3_3_5_4_3_4_4_1	1	1098064.497521722223610	13872.662168016613577	2354910.131559552624822	1.731000000000000	-169520.091911074239761	0.013000000000000
7_5_6_3_3_3_4_5_2_2_1_3_5_9_4_5_3_3_5_4_3_4_4_1	1	1098499.136780273634940	14538.163715683189366	2314370.932094545569271	1.279000000000000	-169506.236491872637998	0.009000000000000
6_5_4_2_3_3_4_2_2_2_1_3_5_8_4_5_3_3_6_4_3_7_8_1	1	1097215.118022704264149	13871.064838609585422	2413427.935761759057641	1.124000000000000	-164011.207048510143068	0.007000000000000
6_5_5_2_3_3_4_2_2_2_1_3_5_7_4_5_3_3_7_4_3_7_7_1	-1	-1.000000000000000	-1.000000000000000	-1.000000000000000	-1.000000000000000	-163563.761335234215949	0.009000000000000
6_5_5_2_3_3_4_2_2_2_1_3_5_7_4_5_3_3_7_4_3_6_8_1	1	1096257.577680885791779	13128.962472079492727	2360933.629796850495040	1.375000000000000	-164126.734675434476230	0.006000000000000
6_6_7_2_3_3_4_2_2_2_1_3_5_10_4_5_3_3_5_4_3_4_5_1	-1	-1.000000000000000	-1.000000000000000	-1.000000000000000	-1.000000000000000	-167985.355901942792116	0.012000000000000
7_5_7_3_3_3_4_3_2_2_1_3_5_10_4_5_3_3_5_4_3_4_4_2	1	1098292.305156690068543	14048.562716419466597	2230509.550834138877690	2.770000000000000	-170740.702381472598063	0.011000000000000
8_5_7_3_3_3_4_2_2_2_1_3_5_11_4_5_3_3_5_4_3_4_4_1	1	1103717.825778586324304	14221.061649367622522	2247805.842839507386088	0.888000000000000	-172344.601885861484334	0.082000000000000
6_7_6_2_3_3_4_2_2_2_1_3_5_10_4_5_4_3_5_6_3_4_4_1	-1	-1.000000000000000	-1.000000000000000	-1.000000000000000	-1.000000000000000	-169194.596087509300560	0.011000000000000
6_6_6_2_3_3_5_2_2_2_1_3_5_9_4_5_3_3_5_7_3_4_4_1	1	1092826.373562645632774	14093.707190583671036	2332331.122755235061049	1.122000000000000	-168422.066401541873347	0.010000000000000
6_7_6_2_3_3_5_2_2_2_1_3_5_10_4_5_3_3_5_6_3_4_4_1	-1	-1.000000000000000	-1.000000000000000	-1.000000000000000	-1.000000000000000	-169194.596087509300560	0.007000000000000
6_5_5_2_3_3_4_2_2_2_1_3_5_6_4_5_3_3_7_4_3_7_8_1	-1	-1.000000000000000	-1.000000000000000	-1.000000000000000	-1.000000000000000	-161543.018238341028336	0.007000000000000
6_8_6_2_3_3_4_4_2_2_1_3_5_7_4_5_3_3_5_4_3_4_4_3	1	1090198.374944060575217	14284.969841476358852	2249236.743835281580687	1.010000000000000	-167573.633451188652543	0.009000000000000
5_5_5_2_3_3_4_2_2_2_1_3_5_7_4_5_3_3_7_4_3_7_8_1	-1	-1.000000000000000	-1.000000000000000	-1.000000000000000	-1.000000000000000	-159736.184466320381034	0.009000000000000
6_7_5_2_3_3_4_4_2_2_1_3_5_8_4_5_3_3_5_4_3_4_4_3	-1	-1.000000000000000	-1.000000000000000	-1.000000000000000	-1.000000000000000	-167152.408591864688788	0.006000000000000
7_7_7_2_3_3_4_2_2_2_1_3_5_9_5_5_3_3_5_4_3_4_4_2	-1	-1.000000000000000	-1.000000000000000	-1.000000000000000	-1.000000000000000	-170782.505945822282229	0.007000000000000
7_6_6_2_3_3_4_3_2_2_1_3_5_9_4_5_3_3_5_7_3_4_4_1	-1	-1.000000000000000	-1.000000000000000	-1.000000000000000	-1.000000000000000	-169094.752528022101615	0.010000000000000
6_5_5_2_3_3_5_2_2_2_1_3_5_7_4_5_3_3_6_4_3_7_8_1	-1	-1.000000000000000	-1.000000000000000	-1.000000000000000	-1.000000000000000	-164126.734675434476230	0.008000000000000
6_7_7_2_3_3_4_2_2_2_1_3_5_9_4_5_3_3_5_4_3_4_4_2	-1	-1.000000000000000	-1.000000000000000	-1.000000000000000	-1.000000000000000	-169332.561334166210145	0.009000000000000
6_5_5_2_3_3_4_2_2_2_1_3_5_7_5_5_3_3_6_4_3_7_8_1	-1	-1.000000000000000	-1.000000000000000	-1.000000000000000	-1.000000000000000	-163196.632434669241775	0.006000000000000
6_5_5_2_3_3_4_2_2_2_1_3_5_9_4_5_3_3_5_4_3_7_8_1	-1	-1.000000000000000	-1.000000000000000	-1.000000000000000	-1.000000000000000	-165827.153215019236086	0.018000000000000
6_5_5_3_3_3_4_2_2_2_1_3_5_8_4_5_3_3_5_4_3_7_8_1	-1	-1.000000000000000	-1.000000000000000	-1.000000000000000	-1.000000000000000	-164541.893152628239477	0.011000000000000
7_5_6_2_3_3_4_6_2_2_1_3_6_9_4_5_3_3_5_4_3_4_4_1	-1	-1.000000000000000	-1.000000000000000	-1.000000000000000	-1.000000000000000	-169637.898041769658448	0.009000000000000
6_5_5_2_3_3_4_2_2_2_1_3_5_7_4_5_3_3_6_4_4_7_8_1	-1	-1.000000000000000	-1.000000000000000	-1.000000000000000	-1.000000000000000	-163909.944441393367015	0.007000000000000
6_6_4_2_3_3_4_2_2_2_1_3_5_8_4_5_3_3_5_4_3_6_8_1	-1	-1.000000000000000	-1.000000000000000	-1.000000000000000	-1.000000000000000	-164105.208963792771101	0.008000000000000
7_5_7_2_3_3_7_2_2_2_1_3_5_9_4_5_3_3_5_5_3_4_4_1	-1	-1.000000000000000	-1.000000000000000	-1.000000000000000	-1.000000000000000	-169120.088712125871098	0.018000000000000
6_5_5_2_3_3_4_2_2_2_2_3_5_7_4_5_3_3_6_4_3_7_8_1	-1	-1.000000000000000	-1.000000000000000	-1.000000000000000	-1.000000000000000	-164126.734675434476230	0.007000000000000
7_6_6_2_3_3_4_2_2_2_1_3_5_9_4_5_3_3_5_4_3_4_8_1	1	1095402.801910648355260	13455.097943192118692	2247860.229497663676739	1.531000000000000	-170855.172266612644307	0.010000000000000
6_5_5_2_3_3_4_2_2_2_1_3_5_7_4_5_3_3_6_5_3_7_8_1	-1	-1.000000000000000	-1.000000000000000	-1.000000000000000	-1.000000000000000	-163861.844418317341479	0.007000000000000
6_6_6_2_3_3_5_2_2_2_1_3_5_9_4_5_3_3_5_4_3_4_4_3	1	1092008.093371695373207	14093.707190583671036	2297276.379348206333816	1.207000000000000	-168692.066175282408949	0.009000000000000
6_5_5_2_3_3_4_2_2_2_1_3_5_7_4_5_3_3_6_4_3_7_9_1	-1	-1.000000000000000	-1.000000000000000	-1.000000000000000	-1.000000000000000	-164645.707226977683604	0.010000000000000
6_6_5_2_3_3_4_2_2_2_1_3_5_8_4_6_3_3_5_4_3_6_8_1	-1	-1.000000000000000	-1.000000000000000	-1.000000000000000	-1.000000000000000	-165248.442576057976112	0.008000000000000
7_6_5_2_3_3_4_2_2_3_1_3_5_9_4_5_3_3_5_4_3_4_8_1	-1	-1.000000000000000	-1.000000000000000	-1.000000000000000	-1.000000000000000	-169291.933260276389774	0.009000000000000
6_7_6_2_3_3_4_2_2_2_1_3_5_9_4_5_3_3_5_7_3_4_5_1	-1	-1.000000000000000	-1.000000000000000	-1.000000000000000	-1.000000000000000	-169673.706139733607415	0.012000000000000
7_5_5_2_3_3_4_2_2_2_1_3_5_7_4_5_3_3_6_4_3_7_8_1	-1	-1.000000000000000	-1.000000000000000	-1.000000000000000	-1.000000000000000	-164181.119517844315851	0.007000000000000
6_5_5_3_3_3_4_2_2_2_1_3_5_7_4_5_3_3_6_4_3_7_8_1	-1	-1.000000000000000	-1.000000000000000	-1.000000000000000	-1.000000000000000	-162521.641306566045387	0.007000000000000
6_8_6_2_3_4_4_2_2_2_1_3_5_8_4_5_3_3_5_7_3_4_4_1	-1	-1.000000000000000	-1.000000000000000	-1.000000000000000	-1.000000000000000	-168487.159162096562795	0.021000000000000
6_5_5_2_3_3_4_2_2_2_1_3_5_6_4_5_3_3_6_4_3_7_8_1	-1	-1.000000000000000	-1.000000000000000	-1.000000000000000	-1.000000000000000	-161543.018238341028336	0.007000000000000
6_6_6_2_3_3_4_2_2_2_1_4_5_9_4_5_3_3_5_8_3_4_4_1	-1	-1.000000000000000	-1.000000000000000	-1.000000000000000	-1.000000000000000	-168697.866400489408989	0.021000000000000
7_7_7_2_3_3_4_2_2_3_1_3_5_9_4_5_3_3_5_4_3_4_4_2	-1	-1.000000000000000	-1.000000000000000	-1.000000000000000	-1.000000000000000	-171524.877629168913700	0.008000000000000
6_6_5_2_3_3_4_2_2_2_1_3_5_8_4_5_4_3_5_4_3_6_8_1	-1	-1.000000000000000	-1.000000000000000	-1.000000000000000	-1.000000000000000	-166832.536759452108527	0.011000000000000
7_6_5_2_3_3_4_2_3_2_1_3_5_9_4_5_3_3_5_4_3_4_8_1	-1	-1.000000000000000	-1.000000000000000	-1.000000000000000	-1.000000000000000	-169291.933260276389774	0.011000000000000
6_5_5_2_3_3_4_2_2_3_1_3_5_7_4_5_3_3_6_4_3_7_8_1	-1	-1.000000000000000	-1.000000000000000	-1.000000000000000	-1.000000000000000	-164126.734675434476230	0.007000000000000
6_8_5_2_3_3_4_3_2_2_1_3_5_9_4_5_3_3_5_4_3_4_4_2	-1	-1.000000000000000	-1.000000000000000	-1.000000000000000	-1.000000000000000	-167761.791586875682697	0.007000000000000
6_8_6_2_3_4_4_2_2_2_1_3_5_9_4_5_3_3_5_4_3_4_4_3	-1	-1.000000000000000	-1.000000000000000	-1.000000000000000	-1.000000000000000	-170502.313108896691119	0.013000000000000
6_5_5_3_3_3_4_8_2_2_1_3_5_8_4_5_3_3_5_4_3_4_4_2	-1	-1.000000000000000	-1.000000000000000	-1.000000000000000	-1.000000000000000	-166783.620176349446410	0.008000000000000
6_5_5_2_3_3_4_2_2_2_1_3_5_7_4_5_3_3_6_4_3_8_8_1	-1	-1.000000000000000	-1.000000000000000	-1.000000000000000	-1.000000000000000	-164529.300528378953459	0.006000000000000
6_6_6_2_3_3_4_2_2_2_1_3_5_9_4_5_3_3_5_8_3_4_5_1	-1	-1.000000000000000	-1.000000000000000	-1.000000000000000	-1.000000000000000	-168697.866400489408989	0.017000000000000
7_6_6_2_4_3_4_2_2_2_1_3_5_9_4_5_3_3_5_4_3_4_7_1	-1	-1.000000000000000	-1.000000000000000	-1.000000000000000	-1.000000000000000	-169782.247926927608205	0.008000000000000
7_8_7_2_3_3_4_2_2_2_1_3_5_9_4_6_3_3_5_4_3_4_4_1	-1	-1.000000000000000	-1.000000000000000	-1.000000000000000	-1.000000000000000	-171324.513308026973391	0.012000000000000
6_7_6_2_3_3_5_2_2_2_1_3_5_9_4_5_3_3_6_4_3_4_4_3	-1	-1.000000000000000	-1.000000000000000	-1.000000000000000	-1.000000000000000	-169833.070422058983240	0.008000000000000
7_7_6_2_3_3_5_2_2_2_1_3_5_9_4_5_3_3_5_4_3_4_4_3	-1	-1.000000000000000	-1.000000000000000	-1.000000000000000	-1.000000000000000	-169901.183067012636457	0.011000000000000
6_5_5_2_3_3_4_3_2_2_1_3_5_7_4_5_3_3_6_4_3_7_8_1	-1	-1.000000000000000	-1.000000000000000	-1.000000000000000	-1.000000000000000	-164126.734675434476230	0.007000000000000
5_8_6_2_3_3_4_2_2_2_1_3_5_9_4_5_3_3_5_4_3_4_4_3	-1	-1.000000000000000	-1.000000000000000	-1.000000000000000	-1.000000000000000	-167633.250996620772639	0.009000000000000
6_8_7_2_3_3_4_2_2_2_1_3_6_8_4_5_3_3_5_6_3_4_4_1	-1	-1.000000000000000	-1.000000000000000	-1.000000000000000	-1.000000000000000	-168575.790742175420746	0.008000000000000
6_5_6_2_3_3_4_2_2_2_1_3_5_7_4_5_3_3_6_4_3_7_8_1	-1	-1.000000000000000	-1.000000000000000	-1.000000000000000	-1.000000000000000	-163216.701967228640569	0.008000000000000
7_8_7_2_4_3_4_2_2_2_1_3_5_8_4_5_3_3_5_5_3_4_4_1	-1	-1.000000000000000	-1.000000000000000	-1.000000000000000	-1.000000000000000	-170439.854284050466958	0.021000000000000
6_7_6_2_3_3_4_4_2_2_2_3_5_9_4_5_3_3_5_4_3_4_4_2	-1	-1.000000000000000	-1.000000000000000	-1.000000000000000	-1.000000000000000	-170348.166499534505419	0.007000000000000
7_5_5_2_3_3_4_7_2_2_1_3_5_9_4_6_3_3_5_4_3_4_4_1	-1	-1.000000000000000	-1.000000000000000	-1.000000000000000	-1.000000000000000	-167522.666514197859215	0.008000000000000
7_6_7_2_3_3_4_2_2_2_1_3_5_10_4_5_3_3_5_4_4_4_4_1	1	1095941.087274148128927	13952.118558303976897	2271477.738487679976970	1.472000000000000	-172266.198126004484948	0.009000000000000
6_5_5_2_3_3_4_2_3_2_1_3_5_7_4_5_3_3_6_4_3_7_8_1	-1	-1.000000000000000	-1.000000000000000	-1.000000000000000	-1.000000000000000	-164126.734675434476230	0.009000000000000
6_5_5_2_3_3_4_2_2_2_1_3_5_8_4_5_3_3_5_4_3_6_8_1	1	1095912.115921060787514	13085.886765928182285	2356298.414626360405236	1.446000000000000	-166201.214015512552578	0.010000000000000
7_7_5_2_3_3_4_2_2_2_1_3_5_9_4_5_3_3_5_4_3_4_8_1	-1	-1.000000000000000	-1.000000000000000	-1.000000000000000	-1.000000000000000	-169383.976013460924150	0.009000000000000
6_8_6_2_3_3_4_2_2_2_1_3_6_9_4_5_3_3_5_4_3_4_4_3	-1	-1.000000000000000	-1.000000000000000	-1.000000000000000	-1.000000000000000	-170293.624803090933710	0.011000000000000
7_7_7_2_3_3_5_2_2_2_1_3_5_9_4_6_3_3_5_4_3_4_4_1	-1	-1.000000000000000	-1.000000000000000	-1.000000000000000	-1.000000000000000	-169866.165569317498012	0.009000000000000
6_7_6_2_3_3_5_4_2_2_1_3_5_8_4_5_3_3_5_4_3_4_4_3	-1	-1.000000000000000	-1.000000000000000	-1.000000000000000	-1.000000000000000	-169112.391058545443229	0.009000000000000
6_7_6_2_3_4_4_5_2_2_1_3_5_7_4_5_3_3_5_4_3_4_4_3	-1	-1.000000000000000	-1.000000000000000	-1.000000000000000	-1.000000000000000	-167684.920182251516962	0.008000000000000
6_5_5_2_3_3_4_2_2_2_1_3_5_8_4_5_3_3_6_4_3_7_8_1	1	1096516.168404808500782	13350.976189221753884	2329657.958180887624621	1.211000000000000	-166201.214015512552578	0.008000000000000
7_8_7_2_3_3_4_2_2_2_1_3_5_9_4_5_3_3_5_4_4_4_4_1	-1	-1.000000000000000	-1.000000000000000	-1.000000000000000	-1.000000000000000	-172383.514370731951203	0.015000000000000
6_5_5_2_3_3_4_2_2_2_1_3_6_8_4_5_3_3_5_4_3_7_8_1	-1	-1.000000000000000	-1.000000000000000	-1.000000000000000	-1.000000000000000	-165918.314840617706068	0.017000000000000
6_5_5_2_3_3_4_8_2_2_1_3_5_9_4_5_3_3_5_4_3_4_4_2	1	1094150.786502352450043	14092.478762687940616	2388631.669687773101032	0.966000000000000	-168959.513350843568332	0.008000000000000
6_8_7_2_3_3_4_2_2_2_1_3_5_9_4_5_3_3_5_4_3_4_5_2	-1	-1.000000000000000	-1.000000000000000	-1.000000000000000	-1.000000000000000	-171049.025240323098842	0.014000000000000
6_7_6_2_3_3_4_5_2_2_1_3_6_7_4_5_3_3_5_4_3_4_4_3	-1	-1.000000000000000	-1.000000000000000	-1.000000000000000	-1.000000000000000	-167468.461173615825828	0.008000000000000
5_5_5_2_3_3_4_2_2_2_1_3_5_7_4_5_3_3_6_4_3_7_8_1	-1	-1.000000000000000	-1.000000000000000	-1.000000000000000	-1.000000000000000	-159736.184466320381034	0.008000000000000
7_6_7_2_3_4_5_2_2_2_1_3_5_9_4_5_3_3_5_4_3_4_4_2	-1	-1.000000000000000	-1.000000000000000	-1.000000000000000	-1.000000000000000	-170789.175653821148444	0.007000000000000
6_6_7_2_3_3_4_2_2_2_1_3_5_10_4_5_3_3_5_4_3_4_6_1	-1	-1.000000000000000	-1.000000000000000	-1.000000000000000	-1.000000000000000	-168041.674490772682475	0.012000000000000
7_5_6_2_3_3_4_2_2_2_1_3_5_9_4_5_4_3_5_8_3_4_4_1	-1	-1.000000000000000	-1.000000000000000	-1.000000000000000	-1.000000000000000	-167868.775715233350638	0.014000000000000
6_5_5_2_3_3_4_2_2_2_1_3_5_7_4_5_3_3_5_4_3_7_8_1	1	1096354.962140721734613	13409.507556834279967	2365509.455574608873576	1.026000000000000	-164126.734675434476230	0.008000000000000
6_7_6_2_3_3_4_4_2_2_1_3_5_8_4_5_3_3_5_4_3_4_4_4	-1	-1.000000000000000	-1.000000000000000	-1.000000000000000	-1.000000000000000	-169164.216039231454488	0.007000000000000
6_5_5_2_3_3_4_2_2_2_1_3_5_8_5_5_3_3_5_4_3_7_8_1	-1	-1.000000000000000	-1.000000000000000	-1.000000000000000	-1.000000000000000	-165255.047316171403509	0.016000000000000
6_8_7_2_3_3_4_2_2_2_1_3_5_7_4_5_3_3_5_6_3_4_4_1	-1	-1.000000000000000	-1.000000000000000	-1.000000000000000	-1.000000000000000	-166773.385326852963772	0.007000000000000
7_6_5_2_3_3_5_2_2_2_1_3_5_8_4_5_3_3_5_4_3_5_8_1	-1	-1.000000000000000	-1.000000000000000	-1.000000000000000	-1.000000000000000	-167421.253988886193838	0.012000000000000
6_5_5_2_3_3_4_2_2_2_1_3_5_7_4_5_3_3_6_4_3_6_8_1	1	1096023.787414545891806	13128.962472079492727	2369932.267305461689830	1.032000000000000	-164126.734675434476230	0.007000000000000
6_8_7_2_3_3_4_2_2_2_1_4_5_9_4_5_3_3_5_4_3_4_4_2	-1	-1.000000000000000	-1.000000000000000	-1.000000000000000	-1.000000000000000	-171049.025240323098842	0.013000000000000
6_8_5_2_3_3_4_2_2_2_1_3_5_10_4_5_3_3_5_5_3_4_4_1	-1	-1.000000000000000	-1.000000000000000	-1.000000000000000	-1.000000000000000	-166939.922665392019553	0.009000000000000
6_5_5_2_3_3_4_2_2_2_1_3_5_8_4_5_3_3_5_4_3_7_8_1	1	1096397.453020701883361	13399.177478125475318	2340848.413610308896750	1.028000000000000	-166201.214015512552578	0.008000000000000
7_5_7_2_3_3_5_2_2_2_1_3_5_10_4_5_3_4_5_4_3_4_4_2	-1	-1.000000000000000	-1.000000000000000	-1.000000000000000	-1.000000000000000	-169586.141589305596426	0.012000000000000
7_6_6_2_3_3_5_2_2_2_1_3_6_10_4_5_3_3_5_4_3_4_4_2	-1	-1.000000000000000	-1.000000000000000	-1.000000000000000	-1.000000000000000	-170444.145527164975647	0.015000000000000
6_6_5_2_3_3_4_2_2_2_1_3_5_7_4_5_3_3_5_4_3_7_8_1	1	1093505.297058753436431	13183.311498642473452	2311998.294181054923683	3.417000000000000	-164786.094802428298863	0.007000000000000
6_5_5_2_3_3_4_2_2_2_1_3_5_8_4_5_3_3_6_4_3_7_7_1	-1	-1.000000000000000	-1.000000000000000	-1.000000000000000	-1.000000000000000	-165693.898874859616626	0.043000000000000
8_5_7_2_3_3_4_2_2_2_1_3_5_12_4_5_3_3_5_4_3_4_4_1	-1	-1.000000000000000	-1.000000000000000	-1.000000000000000	-1.000000000000000	-171026.211083430622239	0.064000000000000
6_8_6_2_3_3_4_2_2_2_2_3_5_10_4_5_3_3_5_5_3_4_4_1	-1	-1.000000000000000	-1.000000000000000	-1.000000000000000	-1.000000000000000	-169776.074376338743605	0.009000000000000
7_7_7_2_3_3_4_2_2_2_1_3_5_10_4_5_3_3_5_4_3_5_4_1	-1	-1.000000000000000	-1.000000000000000	-1.000000000000000	-1.000000000000000	-172948.911705298058223	0.017000000000000
6_7_7_2_3_3_4_2_2_2_1_3_5_8_4_5_3_3_5_7_3_4_4_1	1	1092003.261748335324228	14177.013009246311412	2275230.577653307467699	4.417000000000000	-168003.380417024920462	0.006000000000000
7_7_5_2_3_3_4_4_2_2_1_3_5_10_4_5_3_3_5_4_3_5_4_1	-1	-1.000000000000000	-1.000000000000000	-1.000000000000000	-1.000000000000000	-170239.752839387219865	0.016000000000000
7_5_7_2_3_3_4_2_2_2_1_3_5_10_4_5_3_3_5_7_3_4_4_1	-1	-1.000000000000000	-1.000000000000000	-1.000000000000000	-1.000000000000000	-171032.521114433126058	0.013000000000000
5_5_5_2_3_3_4_2_2_2_1_3_5_8_4_5_3_3_6_4_3_7_8_1	-1	-1.000000000000000	-1.000000000000000	-1.000000000000000	-1.000000000000000	-161475.792771854583407	0.016000000000000
7_6_7_2_3_3_5_2_2_2_1_3_5_10_4_5_3_3_5_4_3_4_5_1	-1	-1.000000000000000	-1.000000000000000	-1.000000000000000	-1.000000000000000	-172022.033154443779495	0.013000000000000
6_8_5_2_3_3_5_2_2_2_1_3_5_9_4_5_3_3_5_4_3_4_4_3	1	1090056.767284090165049	14112.675730238290271	2277649.975046187639236	1.218000000000000	-167777.792047411348904	0.012000000000000
6_5_5_2_3_3_4_2_2_2_1_3_5_8_4_5_3_3_6_4_3_6_8_1	1	1096206.112673972733319	13462.297550321891322	2345086.785845178179443	1.680000000000000	-166201.214015512552578	0.019000000000000
8_6_7_2_3_3_4_2_2_2_1_3_6_10_4_5_3_3_5_4_3_4_4_1	-1	-1.000000000000000	-1.000000000000000	-1.000000000000000	-1.000000000000000	-172454.664033157750964	0.009000000000000
7_6_5_2_3_3_4_2_2_2_1_3_5_10_4_5_3_3_5_4_3_4_6_1	-1	-1.000000000000000	-1.000000000000000	-1.000000000000000	-1.000000000000000	-168653.427492875052849	0.014000000000000
5_8_6_2_3_3_4_2_2_2_1_3_5_10_4_5_3_3_5_6_3_4_4_1	-1	-1.000000000000000	-1.000000000000000	-1.000000000000000	-1.000000000000000	-166591.513207514479291	0.060000000000000
7_5_7_2_3_3_5_2_2_2_1_3_5_9_4_5_3_3_5_6_3_4_5_1	-1	-1.000000000000000	-1.000000000000000	-1.000000000000000	-1.000000000000000	-169269.025070747244172	0.015000000000000
6_5_5_2_3_3_4_2_2_2_1_3_5_8_4_5_3_3_5_4_3_7_8_2	-1	-1.000000000000000	-1.000000000000000	-1.000000000000000	-1.000000000000000	-165535.119439441361465	0.020000000000000
6_5_6_2_3_3_4_2_2_2_1_3_5_8_4_5_3_3_5_4_3_7_8_1	-1	-1.000000000000000	-1.000000000000000	-1.000000000000000	-1.000000000000000	-165275.501069445221219	0.010000000000000
6_6_5_2_3_3_4_2_2_2_1_3_5_8_4_5_3_3_5_4_3_7_8_1	1	1093360.416691341437399	13169.819850746862357	2288065.874466623179615	1.600000000000000	-166832.536759452108527	0.013000000000000
6_5_5_2_3_3_4_2_2_2_2_3_5_8_4_5_3_3_5_4_3_7_8_1	-1	-1.000000000000000	-1.000000000000000	-1.000000000000000	-1.000000000000000	-166201.214015512552578	0.013000000000000
7_6_7_2_3_3_5_2_2_2_2_3_5_9_4_5_3_3_5_4_3_4_4_2	-1	-1.000000000000000	-1.000000000000000	-1.000000000000000	-1.000000000000000	-170828.126541058503790	0.005000000000000
6_5_5_2_3_3_4_2_2_2_1_4_5_8_4_5_3_3_5_4_3_7_8_1	-1	-1.000000000000000	-1.000000000000000	-1.000000000000000	-1.000000000000000	-166201.214015512552578	0.014000000000000
6_8_7_2_3_3_4_2_2_3_1_3_5_9_4_5_3_3_5_4_3_4_4_2	-1	-1.000000000000000	-1.000000000000000	-1.000000000000000	-1.000000000000000	-171049.025240323098842	0.012000000000000
6_8_6_2_3_3_4_3_2_2_1_4_5_9_4_5_3_3_5_4_3_4_4_2	-1	-1.000000000000000	-1.000000000000000	-1.000000000000000	-1.000000000000000	-169822.937822634296026	0.007000000000000
7_6_7_2_3_3_5_2_2_2_1_3_5_9_4_5_3_3_5_6_3_4_4_1	-1	-1.000000000000000	-1.000000000000000	-1.000000000000000	-1.000000000000000	-170892.677898824069416	0.009000000000000
6_5_5_2_3_3_4_2_2_2_1_3_5_8_4_5_3_3_5_5_3_7_8_1	-1	-1.000000000000000	-1.000000000000000	-1.000000000000000	-1.000000000000000	-166079.671773658337770	0.020000000000000
6_5_5_2_3_3_4_2_2_2_1_3_5_8_4_5_4_3_5_4_3_7_8_1	-1	-1.000000000000000	-1.000000000000000	-1.000000000000000	-1.000000000000000	-166201.214015512552578	0.017000000000000
7_6_6_2_3_3_4_2_2_2_1_3_5_9_4_5_3_3_6_4_3_4_7_1	-1	-1.000000000000000	-1.000000000000000	-1.000000000000000	-1.000000000000000	-169815.116459201992257	0.009000000000000
7_6_7_2_3_3_5_2_2_2_1_3_5_9_4_5_3_3_5_4_3_4_4_1	1	1096297.713271796936169	14000.810310319564451	2290259.318131210748106	1.881000000000000	-170316.520212703850120	0.008000000000000
6_5_5_2_3_3_4_2_2_3_1_3_5_8_4_5_3_3_5_4_3_7_8_1	-1	-1.000000000000000	-1.000000000000000	-1.000000000000000	-1.000000000000000	-166201.214015512552578	0.021000000000000
6_8_7_2_3_4_4_2_2_2_1_3_5_8_4_5_3_3_5_6_3_4_4_1	-1	-1.000000000000000	-1.000000000000000	-1.000000000000000	-1.000000000000000	-168851.976352661091369	0.010000000000000
6_8_6_2_3_3_4_2_2_2_1_3_5_9_4_5_3_4_5_4_3_4_4_3	-1	-1.000000000000000	-1.000000000000000	-1.000000000000000	-1.000000000000000	-169131.539306324324571	0.007000000000000
6_5_5_2_4_3_4_2_2_2_1_3_5_8_4_5_3_3_5_4_3_7_8_1	-1	-1.000000000000000	-1.000000000000000	-1.000000000000000	-1.000000000000000	-166139.519498314301018	0.013000000000000
7_6_7_2_4_3_5_2_2_2_1_3_5_9_4_5_3_3_5_4_3_4_4_2	-1	-1.000000000000000	-1.000000000000000	-1.000000000000000	-1.000000000000000	-170793.172134341119090	0.006000000000000
6_7_6_2_3_3_4_5_2_2_1_3_5_6_4_5_3_3_5_4_3_4_4_3	-1	-1.000000000000000	-1.000000000000000	-1.000000000000000	-1.000000000000000	-165135.907438053924125	0.006000000000000
6_5_5_2_3_3_4_8_3_2_1_3_5_7_4_5_3_3_5_4_3_4_4_3	-1	-1.000000000000000	-1.000000000000000	-1.000000000000000	-1.000000000000000	-165427.179299022129271	0.014000000000000
6_5_5_2_3_3_4_2_3_2_1_3_5_8_4_5_3_3_5_4_3_7_8_1	-1	-1.000000000000000	-1.000000000000000	-1.000000000000000	-1.000000000000000	-166201.214015512552578	0.015000000000000
7_6_5_2_3_3_4_4_2_2_1_3_5_10_4_5_3_3_5_4_3_4_4_2	1	1093749.013150352286175	13711.489535815111594	2323723.208623019978404	2.166000000000000	-169843.103253819514066	0.020000000000000
6_5_5_2_3_3_4_2_2_2_1_3_5_8_4_5_3_3_5_4_3_7_9_1	1	1096720.606180607108399	13268.486128703891154	2328719.069312110543251	1.824000000000000	-166634.286061229213374	0.011000000000000
7_6_6_2_3_3_5_2_2_2_1_3_5_10_4_5_3_3_5_4_3_4_4_2	1	1094244.945129072060809	13857.723154367296956	2281400.203412133269012	1.607000000000000	-170626.937862393620890	0.013000000000000
6_5_5_2_3_3_5_2_2_2_1_3_5_8_4_5_3_3_5_4_3_7_8_1	-1	-1.000000000000000	-1.000000000000000	-1.000000000000000	-1.000000000000000	-166201.214015512552578	0.012000000000000
6_5_5_2_3_3_4_2_2_2_1_3_5_8_4_5_3_4_5_4_3_7_8_1	-1	-1.000000000000000	-1.000000000000000	-1.000000000000000	-1.000000000000000	-164699.459388192277402	0.018000000000000
6_5_5_2_3_3_4_8_2_2_1_3_6_7_4_5_3_3_5_4_3_4_4_3	-1	-1.000000000000000	-1.000000000000000	-1.000000000000000	-1.000000000000000	-165191.797842460131506	0.009000000000000
5_5_5_2_3_3_4_2_2_2_1_3_5_8_4_5_3_3_5_4_3_7_8_1	-1	-1.000000000000000	-1.000000000000000	-1.000000000000000	-1.000000000000000	-161475.792771854583407	0.012000000000000
7_7_6_2_3_3_4_3_2_2_1_3_5_10_4_5_3_3_5_4_3_4_4_1	-1	-1.000000000000000	-1.000000000000000	-1.000000000000000	-1.000000000000000	-171375.903546094981721	0.010000000000000
6_5_4_2_3_3_4_2_2_2_1_3_5_8_4_5_3_3_5_4_3_7_8_1	-1	-1.000000000000000	-1.000000000000000	-1.000000000000000	-1.000000000000000	-164011.207048510143068	0.012000000000000
6_6_7_2_3_3_4_2_2_2_1_3_5_11_4_5_3_3_5_5_3_4_4_1	-1	-1.000000000000000	-1.000000000000000	-1.000000000000000	-1.000000000000000	-168786.889011351537192	0.011000000000000
8_5_7_2_3_3_4_2_2_2_1_3_5_10_4_5_3_3_5_4_3_4_4_1	1	1103727.952389521757141	14226.726264584538512	2301002.896945833228528	0.816000000000000	-170771.126702092034975	0.006000000000000
6_6_5_2_3_3_4_2_2_2_1_3_5_8_4_5_3_3_5_4_3_6_8_1	1	1093585.498505075694993	13245.121791926423612	2301693.888430320657790	1.656000000000000	-166832.536759452108527	0.014000000000000
6_7_5_2_3_3_4_2_2_2_1_3_5_10_4_5_3_3_5_4_3_4_4_3	1	1090853.272569934604689	14003.288266970994300	2304648.977182212285697	0.671000000000000	-167325.666812620533165	0.005000000000000
6_5_7_3_3_3_4_2_2_2_1_3_5_11_4_5_3_3_5_4_3_4_4_1	1	1095065.718460047384724	13984.457498618074169	2294411.042672930750996	1.262000000000000	-167216.996043035440380	0.009000000000000
7_5_7_2_3_3_4_2_2_2_1_3_5_10_4_5_3_3_5_4_3_4_5_1	1	1098819.973130004713312	13783.527674752396706	2290262.285558774601668	1.903000000000000	-170686.145349807775347	0.015000000000000
6_8_5_2_3_3_4_2_2_2_1_3_5_10_4_5_3_3_5_4_4_4_4_3	-1	-1.000000000000000	-1.000000000000000	-1.000000000000000	-1.000000000000000	-168037.256677415076410	0.009000000000000
8_6_7_2_3_3_4_2_2_2_1_3_5_10_4_5_3_3_5_4_4_4_4_1	-1	-1.000000000000000	-1.000000000000000	-1.000000000000000	-1.000000000000000	-172537.298027528915554	0.008000000000000
7_6_7_2_3_3_4_2_2_2_1_3_5_10_4_5_3_3_5_4_4_4_5_1	-1	-1.000000000000000	-1.000000000000000	-1.000000000000000	-1.000000000000000	-172266.198126004484948	0.014000000000000
6_5_5_2_3_3_4_8_2_2_1_3_5_10_4_5_3_3_5_4_3_4_4_1	-1	-1.000000000000000	-1.000000000000000	-1.000000000000000	-1.000000000000000	-167778.669548624864547	0.007000000000000
6_5_5_2_3_3_4_2_2_2_1_3_5_8_4_5_3_3_5_4_3_6_9_1	1	1096177.949690989917144	13372.129327679660491	2343600.777516824193299	1.456000000000000	-166634.286061229213374	0.015000000000000
6_6_6_2_3_3_5_2_2_2_1_3_5_10_4_5_3_4_5_4_3_4_4_3	-1	-1.000000000000000	-1.000000000000000	-1.000000000000000	-1.000000000000000	-167142.938128204725217	0.015000000000000
5_6_5_2_3_3_4_2_2_2_1_3_5_8_4_5_3_3_5_4_3_7_8_1	-1	-1.000000000000000	-1.000000000000000	-1.000000000000000	-1.000000000000000	-162160.827270489244256	0.025000000000000
7_6_6_2_3_3_4_3_2_2_1_3_5_10_4_5_3_3_5_4_3_4_6_1	-1	-1.000000000000000	-1.000000000000000	-1.000000000000000	-1.000000000000000	-170434.599045752314851	0.012000000000000
6_6_6_3_3_3_5_2_2_2_1_3_5_10_4_5_3_3_5_4_3_4_4_3	-1	-1.000000000000000	-1.000000000000000	-1.000000000000000	-1.000000000000000	-167150.807480054878397	0.015000000000000
6_6_5_2_3_3_4_2_2_2_1_3_5_8_4_5_3_3_5_4_3_7_7_1	1	1093591.902401417959481	13240.848323919864924	2300180.469139968976378	1.316000000000000	-166297.270811001129914	0.020000000000000
7_5_7_3_4_3_4_2_2_2_1_3_5_10_4_5_3_3_5_4_3_4_4_2	-1	-1.000000000000000	-1.000000000000000	-1.000000000000000	-1.000000000000000	-170710.642423267476261	0.011000000000000
6_6_6_2_3_3_5_2_2_2_1_3_5_10_5_5_3_3_5_4_3_4_4_3	-1	-1.000000000000000	-1.000000000000000	-1.000000000000000	-1.000000000000000	-167703.984730377880624	0.014000000000000
6_6_4_2_3_3_4_2_2_2_1_3_5_8_4_5_3_3_5_4_3_7_8_1	-1	-1.000000000000000	-1.000000000000000	-1.000000000000000	-1.000000000000000	-164105.208963792771101	0.014000000000000
6_6_5_2_3_3_4_2_2_3_1_3_5_8_4_5_3_3_5_4_3_6_8_1	-1	-1.000000000000000	-1.000000000000000	-1.000000000000000	-1.000000000000000	-166832.536759452108527	0.010000000000000
6_6_5_2_3_3_4_3_2_2_1_3_5_8_4_5_3_3_5_4_3_6_8_1	-1	-1.000000000000000	-1.000000000000000	-1.000000000000000	-1.000000000000000	-166832.536759452108527	0.011000000000000
6_6_5_2_3_3_4_2_2_2_1_3_5_8_4_5_3_3_5_5_3_6_8_1	-1	-1.000000000000000	-1.000000000000000	-1.000000000000000	-1.000000000000000	-166741.302863459655782	0.013000000000000
6_6_6_2_3_3_4_2_2_2_1_3_5_8_4_5_3_3_5_4_3_6_8_1	-1	-1.000000000000000	-1.000000000000000	-1.000000000000000	-1.000000000000000	-166397.535965099901659	0.009000000000000
7_5_6_2_3_3_4_5_2_2_1_3_5_10_4_5_3_3_5_4_3_4_4_1	1	1097493.805988939013332	13889.938738852095412	2338719.077019935473800	1.503000000000000	-171207.756694586831145	0.009000000000000
6_8_7_2_4_3_4_2_2_2_1_3_5_9_4_5_3_3_5_4_3_4_4_2	-1	-1.000000000000000	-1.000000000000000	-1.000000000000000	-1.000000000000000	-170991.537286666396540	0.012000000000000
6_6_5_2_3_3_4_2_2_2_1_3_5_8_4_5_3_3_5_4_3_6_9_1	-1	-1.000000000000000	-1.000000000000000	-1.000000000000000	-1.000000000000000	-167373.372715676407097	0.019000000000000
8_5_6_3_3_3_4_2_2_2_1_3_5_11_4_5_3_3_5_4_3_4_4_1	1	1101020.911470209946856	13918.100703491421882	2299002.977373454254121	0.299000000000000	-170216.026967630721629	0.009000000000000
7_8_7_2_3_3_4_2_2_2_1_3_5_9_4_5_3_3_6_4_3_4_4_1	-1	-1.000000000000000	-1.000000000000000	-1.000000000000000	-1.000000000000000	-172409.785384203220019	0.016000000000000
6_6_5_2_3_3_4_2_2_2_1_3_5_9_4_5_3_3_5_4_3_6_8_1	-1	-1.000000000000000	-1.000000000000000	-1.000000000000000	-1.000000000000000	-166458.338601215829840	0.012000000000000
6_6_5_2_3_3_4_2_2_2_1_3_5_8_4_5_3_3_5_4_3_6_8_2	-1	-1.000000000000000	-1.000000000000000	-1.000000000000000	-1.000000000000000	-166207.977957416151185	0.011000000000000
7_7_7_2_3_3_4_2_2_2_1_3_5_9_4_5_3_3_5_4_3_5_4_2	-1	-1.000000000000000	-1.000000000000000	-1.000000000000000	-1.000000000000000	-171524.877629168913700	0.007000000000000
6_5_7_3_3_3_4_2_2_2_1_3_5_11_4_5_3_3_5_4_3_4_4_2	-1	-1.000000000000000	-1.000000000000000	-1.000000000000000	-1.000000000000000	-168011.168874564405996	0.013000000000000
6_8_5_2_3_3_4_2_2_2_1_3_5_8_4_5_3_3_5_7_3_4_4_1	-1	-1.000000000000000	-1.000000000000000	-1.000000000000000	-1.000000000000000	-165447.153045843268046	0.020000000000000
7_6_4_2_3_3_4_2_2_2_1_3_5_8_4_5_3_3_5_4_3_5_8_1	-1	-1.000000000000000	-1.000000000000000	-1.000000000000000	-1.000000000000000	-164719.396247434488032	0.012000000000000
6_7_5_2_3_3_4_4_2_2_1_3_5_10_4_5_3_3_5_4_3_4_4_2	1	1090764.561025106115267	14003.288266970994300	2296700.973466898780316	1.571000000000000	-168612.739342444343492	0.014000000000000
6_6_5_2_3_3_4_2_2_2_1_3_5_8_4_5_3_3_5_4_4_6_8_1	-1	-1.000000000000000	-1.000000000000000	-1.000000000000000	-1.000000000000000	-166789.166311219800264	0.010000000000000
6_5_5_2_3_3_4_8_2_2_1_3_5_7_4_5_3_3_5_4_3_5_4_3	-1	-1.000000000000000	-1.000000000000000	-1.000000000000000	-1.000000000000000	-165295.408419554587454	0.008000000000000
7_6_5_3_3_3_4_2_2_2_1_3_5_9_4_5_3_3_5_4_3_4_8_1	-1	-1.000000000000000	-1.000000000000000	-1.000000000000000	-1.000000000000000	-167824.327096064167563	0.013000000000000
7_7_7_2_3_3_5_2_2_2_1_3_5_9_4_5_3_3_5_4_3_4_4_2	1	1093235.612917285645381	14015.466587632421579	2214786.791531913448125	3.847000000000000	-171524.877629168913700	0.008000000000000
6_5_5_2_4_3_4_8_2_2_1_3_5_7_4_5_3_3_5_4_3_4_4_3	-1	-1.000000000000000	-1.000000000000000	-1.000000000000000	-1.000000000000000	-165364.200928164878860	0.011000000000000
6_6_5_2_3_3_5_2_2_2_1_3_5_8_4_5_3_3_5_4_3_6_8_1	-1	-1.000000000000000	-1.000000000000000	-1.000000000000000	-1.000000000000000	-166832.536759452108527	0.010000000000000
7_8_7_2_3_3_4_2_2_2_1_3_5_9_4_5_3_4_5_4_3_4_4_1	-1	-1.000000000000000	-1.000000000000000	-1.000000000000000	-1.000000000000000	-171316.081233497388894	0.009000000000000
6_7_5_2_3_3_4_6_2_2_1_3_5_7_5_5_3_3_5_4_3_4_4_3	-1	-1.000000000000000	-1.000000000000000	-1.000000000000000	-1.000000000000000	-165365.888826794165652	0.007000000000000
6_5_5_2_3_3_4_8_2_2_1_3_5_8_4_5_3_3_5_4_3_4_4_1	1	1094729.754729390610009	14169.378222450290195	2447492.846323119942099	1.073000000000000	-166098.795100473304046	0.007000000000000
6_6_5_2_3_3_4_2_2_2_1_3_5_8_4_5_3_3_6_4_3_6_8_1	-1	-1.000000000000000	-1.000000000000000	-1.000000000000000	-1.000000000000000	-166832.536759452108527	0.011000000000000
7_6_6_2_3_3_4_2_2_2_1_3_5_9_4_5_3_3_5_4_3_5_7_1	-1	-1.000000000000000	-1.000000000000000	-1.000000000000000	-1.000000000000000	-169815.116459201992257	0.008000000000000
6_6_5_2_3_3_4_2_2_2_1_3_5_8_5_5_3_3_5_4_3_6_8_1	-1	-1.000000000000000	-1.000000000000000	-1.000000000000000	-1.000000000000000	-165761.600735131854890	0.013000000000000
6_6_5_2_3_4_4_2_2_2_1_3_5_8_4_5_3_3_5_4_3_6_8_1	-1	-1.000000000000000	-1.000000000000000	-1.000000000000000	-1.000000000000000	-166763.573155956721166	0.012000000000000
6_8_7_2_3_3_4_2_2_2_1_3_5_8_4_5_3_3_5_6_4_4_4_1	-1	-1.000000000000000	-1.000000000000000	-1.000000000000000	-1.000000000000000	-168918.513843102089595	0.013000000000000
8_7_7_2_3_3_4_2_2_2_1_3_5_9_4_5_4_3_5_4_3_4_4_1	-1	-1.000000000000000	-1.000000000000000	-1.000000000000000	-1.000000000000000	-171576.353270708932541	0.008000000000000
6_6_5_2_3_3_4_2_3_2_1_3_5_8_4_5_3_3_5_4_3_6_8_1	-1	-1.000000000000000	-1.000000000000000	-1.000000000000000	-1.000000000000000	-166832.536759452108527	0.008000000000000
7_7_7_2_4_3_4_2_2_2_1_3_5_9_4_5_3_3_5_4_3_4_4_2	-1	-1.000000000000000	-1.000000000000000	-1.000000000000000	-1.000000000000000	-171460.027119078440592	0.009000000000000
7_6_6_2_3_3_4_2_2_2_1_3_6_9_4_5_3_3_5_4_3_4_7_1	-1	-1.000000000000000	-1.000000000000000	-1.000000000000000	-1.000000000000000	-169637.227710513863713	0.012000000000000
7_8_7_2_3_3_4_2_2_2_1_3_6_9_4_5_3_3_5_4_3_4_4_1	-1	-1.000000000000000	-1.000000000000000	-1.000000000000000	-1.000000000000000	-172044.453000055538723	0.016000000000000
7_5_7_2_3_3_4_2_2_2_1_3_5_9_4_5_3_3_6_7_3_4_4_1	-1	-1.000000000000000	-1.000000000000000	-1.000000000000000	-1.000000000000000	-169369.625711675500497	0.008000000000000
6_6_5_2_3_3_4_2_2_2_2_3_5_8_4_5_3_3_5_4_3_6_8_1	-1	-1.000000000000000	-1.000000000000000	-1.000000000000000	-1.000000000000000	-166832.536759452108527	0.009000000000000
7_8_7_2_3_3_4_2_2_2_1_3_5_9_4_5_3_3_5_4_3_4_5_1	-1	-1.000000000000000	-1.000000000000000	-1.000000000000000	-1.000000000000000	-172392.180866399459774	0.008000000000000
6_8_7_2_3_3_4_2_2_2_1_3_5_9_4_6_3_3_5_4_3_4_4_2	-1	-1.000000000000000	-1.000000000000000	-1.000000000000000	-1.000000000000000	-169636.456251950963633	0.008000000000000
6_6_5_2_3_3_4_2_2_2_1_3_5_8_4_5_3_3_5_4_3_6_7_1	1	1092857.994457671418786	13322.505056560417870	2318013.834104400128126	1.077000000000000	-165861.396495503111510	0.010000000000000
6_7_7_2_3_3_4_2_2_2_1_3_5_8_4_5_3_3_5_6_3_4_4_1	1	1091981.192757673328742	14177.013009246311412	2280330.008333546575159	1.308000000000000	-167204.254996063769795	0.010000000000000
5_6_5_2_3_3_4_2_2_2_1_3_5_8_4_5_3_3_5_4_3_6_8_1	-1	-1.000000000000000	-1.000000000000000	-1.000000000000000	-1.000000000000000	-162160.827270489244256	0.009000000000000
6_6_5_2_3_3_4_2_2_2_1_3_5_7_4_5_3_3_5_4_3_6_8_1	-1	-1.000000000000000	-1.000000000000000	-1.000000000000000	-1.000000000000000	-164786.094802428298863	0.009000000000000
7_7_7_2_3_3_5_2_2_2_1_3_5_9_4_5_3_3_6_4_3_4_4_1	-1	-1.000000000000000	-1.000000000000000	-1.000000000000000	-1.000000000000000	-171250.016972771554720	0.013000000000000
6_5_6_3_3_3_4_5_2_2_1_3_5_10_4_5_3_3_5_4_3_4_4_1	1	1094043.848777001723647	14248.049273239979811	2325415.604266501031816	0.716000000000000	-167417.716017344733700	0.006000000000000
6_7_5_2_3_3_4_6_2_2_1_3_5_7_4_5_3_3_5_4_3_4_5_3	-1	-1.000000000000000	-1.000000000000000	-1.000000000000000	-1.000000000000000	-166205.390148566395510	0.010000000000000
7_6_6_2_3_3_4_2_2_2_1_3_5_9_4_5_3_3_5_5_3_4_7_1	-1	-1.000000000000000	-1.000000000000000	-1.000000000000000	-1.000000000000000	-169685.496779116307152	0.007000000000000
6_8_5_2_3_3_5_2_2_2_1_3_5_10_4_5_3_3_5_4_3_4_4_3	-1	-1.000000000000000	-1.000000000000000	-1.000000000000000	-1.000000000000000	-168124.895560567529174	0.009000000000000
7_6_5_2_3_3_4_2_2_2_1_3_5_8_4_5_3_3_5_4_3_5_8_1	1	1095317.077665606280789	13308.730079475750244	2303779.685160653665662	3.055000000000000	-167421.253988886193838	0.011000000000000
7_5_7_2_3_3_4_2_2_2_1_3_5_11_4_5_3_3_5_5_3_4_4_2	-1	-1.000000000000000	-1.000000000000000	-1.000000000000000	-1.000000000000000	-171041.829606589104515	0.007000000000000
7_6_7_2_3_3_4_2_2_2_1_3_5_10_4_6_3_3_5_4_3_4_5_1	-1	-1.000000000000000	-1.000000000000000	-1.000000000000000	-1.000000000000000	-170627.641041848284658	0.015000000000000
7_7_7_2_3_3_4_2_2_2_1_4_5_10_4_5_3_3_5_4_3_4_4_1	-1	-1.000000000000000	-1.000000000000000	-1.000000000000000	-1.000000000000000	-172982.084826312027872	0.011000000000000
8_5_7_2_3_3_4_2_2_2_1_3_5_11_4_6_3_3_5_4_3_4_4_1	-1	-1.000000000000000	-1.000000000000000	-1.000000000000000	-1.000000000000000	-171131.382404713542201	0.069000000000000
6_7_5_2_3_3_4_2_2_2_1_3_5_8_4_5_3_3_5_4_3_5_8_1	1	1092201.526275774929672	13387.742513800996676	2276867.241840304341167	2.489000000000000	-167391.675412826385582	0.077000000000000
7_5_8_3_3_3_4_2_2_2_1_3_5_11_4_5_3_3_5_4_3_4_4_1	-1	-1.000000000000000	-1.000000000000000	-1.000000000000000	-1.000000000000000	-169646.957085864938563	0.014000000000000
6_6_6_2_3_3_4_2_2_2_1_3_5_11_4_5_3_3_5_7_3_4_4_1	-1	-1.000000000000000	-1.000000000000000	-1.000000000000000	-1.000000000000000	-168054.977534333011135	0.010000000000000
7_6_6_2_3_3_6_3_2_2_1_3_5_10_4_5_3_3_5_4_3_4_4_1	-1	-1.000000000000000	-1.000000000000000	-1.000000000000000	-1.000000000000000	-170667.754881292785285	0.009000000000000
7_6_5_2_3_3_4_2_2_2_1_3_5_8_4_5_3_3_5_4_3_6_7_1	1	1095323.505869578570127	13304.065683978926245	2300408.345547353848815	1.893000000000000	-166438.927127818518784	0.019000000000000
7_8_7_2_3_3_4_2_2_2_1_3_5_10_4_5_3_3_5_4_3_4_4_1	1	1092503.470100279431790	14074.272960973219597	2212646.122842840384692	1.324000000000000	-174160.086164228181588	0.014000000000000
7_5_5_2_3_3_4_2_2_2_1_3_5_8_4_5_3_3_5_4_3_6_8_1	-1	-1.000000000000000	-1.000000000000000	-1.000000000000000	-1.000000000000000	-166311.310596825729590	0.018000000000000
5_7_6_2_3_3_4_6_2_2_1_3_5_7_4_5_3_3_5_4_3_4_4_3	-1	-1.000000000000000	-1.000000000000000	-1.000000000000000	-1.000000000000000	-163895.723341895354679	0.008000000000000
6_6_6_2_3_3_4_2_2_2_2_3_5_10_4_5_3_3_5_7_3_4_4_1	-1	-1.000000000000000	-1.000000000000000	-1.000000000000000	-1.000000000000000	-168195.362718716409290	0.017000000000000
7_6_5_2_3_3_5_2_2_2_1_3_5_10_4_5_3_3_5_4_3_4_4_2	-1	-1.000000000000000	-1.000000000000000	-1.000000000000000	-1.000000000000000	-167846.993755548668560	0.008000000000000
7_6_5_2_3_3_4_2_2_2_1_3_5_7_4_5_3_3_5_4_3_6_8_1	-1	-1.000000000000000	-1.000000000000000	-1.000000000000000	-1.000000000000000	-165270.060254658834310	0.019000000000000
7_6_6_3_3_3_4_2_2_2_1_3_5_10_4_5_3_3_5_4_3_4_6_1	-1	-1.000000000000000	-1.000000000000000	-1.000000000000000	-1.000000000000000	-169473.861476435296936	0.010000000000000
6_7_5_3_3_3_4_4_2_2_1_3_5_10_4_5_3_3_5_4_3_4_4_2	-1	-1.000000000000000	-1.000000000000000	-1.000000000000000	-1.000000000000000	-166143.620276723930147	0.018000000000000
7_6_5_2_3_3_4_2_2_2_1_3_5_9_4_5_3_3_5_4_3_5_7_1	1	1095177.584581133443862	13340.459815375950711	2299663.745469793211669	1.646000000000000	-168286.444016328256112	0.009000000000000
7_6_4_2_3_3_4_2_2_2_1_3_5_8_4_5_3_3_5_4_3_6_8_1	-1	-1.000000000000000	-1.000000000000000	-1.000000000000000	-1.000000000000000	-164719.396247434488032	0.016000000000000
7_5_7_2_3_3_5_2_2_2_1_3_5_9_4_5_3_3_5_5_3_4_4_2	1	1098401.851940823951736	14068.584341959274752	2286137.863271462731063	1.858000000000000	-169218.689087614620803	0.010000000000000
6_6_6_2_3_3_4_2_3_2_1_3_5_10_4_5_3_3_5_7_3_4_4_1	-1	-1.000000000000000	-1.000000000000000	-1.000000000000000	-1.000000000000000	-168195.362718716409290	0.014000000000000
7_8_7_2_3_4_5_2_2_2_1_3_5_8_4_5_3_3_5_4_3_4_4_1	-1	-1.000000000000000	-1.000000000000000	-1.000000000000000	-1.000000000000000	-170318.256162614794448	0.007000000000000
7_6_5_2_3_3_4_2_2_2_1_3_5_9_4_5_4_3_5_4_3_4_8_1	-1	-1.000000000000000	-1.000000000000000	-1.000000000000000	-1.000000000000000	-169291.933260276389774	0.013000000000000
7_6_5_2_3_3_4_2_2_2_1_3_5_8_4_5_4_3_5_4_3_5_8_1	-1	-1.000000000000000	-1.000000000000000	-1.000000000000000	-1.000000000000000	-167421.253988886193838	0.014000000000000
6_7_6_2_3_3_4_6_2_2_1_3_5_7_4_5_3_3_5_4_3_4_4_3	1	1090159.502839870750904	14241.809670949642168	2272446.232352575287223	0.746000000000000	-167951.026010237517767	0.009000000000000
7_5_7_2_3_3_4_2_2_2_1_3_5_11_4_5_3_3_5_5_3_4_4_1	1	1098606.118851319188252	13926.863976520711731	2299725.685373849701136	1.487000000000000	-170993.035486581327859	0.009000000000000
7_6_8_2_3_3_5_2_2_2_1_3_5_9_4_5_3_3_5_4_3_4_4_2	-1	-1.000000000000000	-1.000000000000000	-1.000000000000000	-1.000000000000000	-169131.122976500191726	0.007000000000000
7_6_5_2_3_3_4_2_2_2_1_3_5_8_4_5_3_3_5_4_3_5_8_2	-1	-1.000000000000000	-1.000000000000000	-1.000000000000000	-1.000000000000000	-166751.968646189372521	0.013000000000000
7_5_7_2_3_3_5_2_3_2_1_3_5_9_4_5_3_3_5_6_3_4_4_1	-1	-1.000000000000000	-1.000000000000000	-1.000000000000000	-1.000000000000000	-169269.025070747244172	0.017000000000000
8_7_7_2_3_4_4_2_2_2_1_3_5_9_4_5_3_3_5_4_3_4_4_1	-1	-1.000000000000000	-1.000000000000000	-1.000000000000000	-1.000000000000000	-171565.421919482003432	0.007000000000000
7_6_5_2_3_3_4_2_2_2_1_4_5_9_4_5_3_3_5_4_3_4_8_1	-1	-1.000000000000000	-1.000000000000000	-1.000000000000000	-1.000000000000000	-169291.933260276389774	0.011000000000000
7_6_5_2_3_3_4_2_2_2_1_3_6_8_4_5_3_3_5_4_3_5_8_1	-1	-1.000000000000000	-1.000000000000000	-1.000000000000000	-1.000000000000000	-167228.076223792711971	0.012000000000000
8_6_5_2_3_3_4_2_2_2_1_3_5_8_4_5_3_3_5_4_3_5_8_1	-1	-1.000000000000000	-1.000000000000000	-1.000000000000000	-1.000000000000000	-167152.309938393125776	0.021000000000000
7_6_5_2_3_3_4_2_2_2_1_3_5_9_4_5_3_3_5_4_3_5_8_1	1	1095146.240435335319489	13259.839498305522284	2284326.796756686177105	1.855000000000000	-169291.933260276389774	0.011000000000000
6_8_7_2_3_3_4_2_2_2_1_3_5_9_4_5_3_3_5_4_3_5_4_2	-1	-1.000000000000000	-1.000000000000000	-1.000000000000000	-1.000000000000000	-171049.025240323098842	0.012000000000000
6_7_6_2_3_3_4_4_2_3_1_3_5_9_4_5_3_3_5_4_3_4_4_2	-1	-1.000000000000000	-1.000000000000000	-1.000000000000000	-1.000000000000000	-170348.166499534505419	0.007000000000000
7_6_5_2_3_3_4_2_2_2_1_3_5_8_4_5_3_3_6_4_3_5_8_1	-1	-1.000000000000000	-1.000000000000000	-1.000000000000000	-1.000000000000000	-167421.253988886193838	0.015000000000000
6_7_7_2_3_3_4_5_2_2_1_3_5_7_4_5_3_3_5_4_3_4_4_3	-1	-1.000000000000000	-1.000000000000000	-1.000000000000000	-1.000000000000000	-166524.704425721254665	0.007000000000000
7_6_5_2_3_3_4_2_2_2_1_3_5_9_4_5_3_3_5_5_3_4_8_1	-1	-1.000000000000000	-1.000000000000000	-1.000000000000000	-1.000000000000000	-169183.635879157285672	0.011000000000000
7_6_5_2_3_3_4_2_2_3_1_3_5_8_4_5_3_3_5_4_3_5_8_1	-1	-1.000000000000000	-1.000000000000000	-1.000000000000000	-1.000000000000000	-167421.253988886193838	0.011000000000000
7_7_6_2_3_3_4_2_2_2_1_3_5_9_4_5_3_3_5_7_3_4_4_1	1	1093748.231058291625232	13986.837614174197370	2284427.179626034572721	1.098000000000000	-169757.800480819598306	0.007000000000000
7_7_7_2_3_3_4_2_2_2_1_3_5_9_4_5_3_3_5_4_3_4_4_1	-1	-1.000000000000000	-1.000000000000000	-1.000000000000000	-1.000000000000000	-171250.016972771554720	0.011000000000000
7_6_5_2_3_3_4_2_2_2_1_3_5_8_4_6_3_3_5_4_3_5_8_1	-1	-1.000000000000000	-1.000000000000000	-1.000000000000000	-1.000000000000000	-165994.881981429265579	0.013000000000000
7_7_5_2_3_3_4_4_2_2_1_3_5_9_4_5_3_3_5_4_3_4_4_1	1	1093269.814459987217560	13911.946794919866079	2336086.618735514581203	1.029000000000000	-168504.263201812980697	0.010000000000000
7_5_5_2_3_3_4_2_2_2_1_3_5_8_4_5_3_3_5_4_3_5_8_1	-1	-1.000000000000000	-1.000000000000000	-1.000000000000000	-1.000000000000000	-166311.310596825729590	0.009000000000000
6_8_6_2_3_3_4_3_2_2_1_3_5_8_4_5_3_3_5_7_3_4_4_1	-1	-1.000000000000000	-1.000000000000000	-1.000000000000000	-1.000000000000000	-168540.807455597183434	0.027000000000000
7_6_5_2_3_4_4_2_2_2_1_3_5_8_4_5_3_3_5_4_3_5_8_1	-1	-1.000000000000000	-1.000000000000000	-1.000000000000000	-1.000000000000000	-167368.141836739087012	0.009000000000000
6_8_7_2_3_3_4_2_2_2_2_3_5_9_4_5_3_3_5_4_3_4_4_2	-1	-1.000000000000000	-1.000000000000000	-1.000000000000000	-1.000000000000000	-171049.025240323098842	0.010000000000000
5_6_6_2_3_3_4_2_2_2_1_3_5_9_4_5_3_3_5_8_3_4_4_1	-1	-1.000000000000000	-1.000000000000000	-1.000000000000000	-1.000000000000000	-164279.914313824614510	0.024000000000000
7_6_5_3_3_3_4_2_2_2_1_3_5_8_4_5_3_3_5_4_3_5_8_1	-1	-1.000000000000000	-1.000000000000000	-1.000000000000000	-1.000000000000000	-166081.274399730726145	0.014000000000000
7_5_7_2_3_3_4_2_2_2_1_3_5_9_4_5_4_3_5_7_3_4_4_1	-1	-1.000000000000000	-1.000000000000000	-1.000000000000000	-1.000000000000000	-169369.625711675500497	0.012000000000000
6_8_7_2_3_3_4_2_2_2_1_3_5_8_4_5_3_4_5_6_3_4_4_1	-1	-1.000000000000000	-1.000000000000000	-1.000000000000000	-1.000000000000000	-167555.970780639327131	0.010000000000000
7_6_7_2_3_3_5_2_2_2_1_3_5_9_5_5_3_3_5_4_3_4_4_2	-1	-1.000000000000000	-1.000000000000000	-1.000000000000000	-1.000000000000000	-170008.497038609115407	0.008000000000000
6_8_5_2_3_3_4_2_2_2_1_3_5_9_4_5_3_3_5_4_3_4_4_3	-1	-1.000000000000000	-1.000000000000000	-1.000000000000000	-1.000000000000000	-167690.315217514958931	0.007000000000000
7_6_5_2_3_3_4_2_3_2_1_3_5_8_4_5_3_3_5_4_3_5_8_1	-1	-1.000000000000000	-1.000000000000000	-1.000000000000000	-1.000000000000000	-167421.253988886193838	0.012000000000000
6_8_6_2_3_3_4_2_2_2_1_3_6_8_4_5_3_3_5_7_3_4_4_1	-1	-1.000000000000000	-1.000000000000000	-1.000000000000000	-1.000000000000000	-168212.012378531362629	0.027000000000000
7_7_7_2_3_3_4_2_2_2_1_3_5_10_4_5_3_3_5_4_3_4_4_1	1	1093588.965999449370429	13972.081575515818258	2244394.060705106705427	3.918000000000000	-172982.084826312027872	0.013000000000000
8_5_5_2_3_3_4_7_2_2_1_3_5_9_4_5_3_3_5_4_3_4_4_1	-1	-1.000000000000000	-1.000000000000000	-1.000000000000000	-1.000000000000000	-168336.968003510264680	0.008000000000000
7_6_5_2_3_3_4_3_2_2_1_3_5_8_4_5_3_3_5_4_3_5_8_1	-1	-1.000000000000000	-1.000000000000000	-1.000000000000000	-1.000000000000000	-167421.253988886193838	0.009000000000000
6_8_7_2_3_3_4_2_2_2_1_3_5_9_5_5_3_3_5_4_3_4_4_2	-1	-1.000000000000000	-1.000000000000000	-1.000000000000000	-1.000000000000000	-170185.962803399219410	0.014000000000000
7_8_7_2_4_3_4_2_2_2_1_3_5_9_4_5_3_3_5_4_3_4_4_1	-1	-1.000000000000000	-1.000000000000000	-1.000000000000000	-1.000000000000000	-172369.991507262398954	0.008000000000000
7_6_5_2_3_3_4_2_2_2_2_3_5_8_4_5_3_3_5_4_3_5_8_1	-1	-1.000000000000000	-1.000000000000000	-1.000000000000000	-1.000000000000000	-167421.253988886193838	0.010000000000000
6_8_7_2_3_3_4_2_2_2_1_3_6_9_4_5_3_3_5_4_3_4_4_2	-1	-1.000000000000000	-1.000000000000000	-1.000000000000000	-1.000000000000000	-170718.770807794120628	0.013000000000000
7_6_7_2_3_3_4_2_2_2_1_3_5_9_4_5_3_3_5_7_3_4_4_1	1	1096494.208431189181283	14000.810310319564451	2278996.278729206882417	2.771000000000000	-170970.000345103442669	0.011000000000000
7_6_7_2_3_3_4_2_2_2_1_3_5_9_4_5_3_3_5_4_3_4_4_2	-1	-1.000000000000000	-1.000000000000000	-1.000000000000000	-1.000000000000000	-170828.126541058503790	0.007000000000000
7_6_5_2_3_3_4_2_2_2_1_3_5_8_5_5_3_3_5_4_3_5_8_1	-1	-1.000000000000000	-1.000000000000000	-1.000000000000000	-1.000000000000000	-166494.530697191774379	0.013000000000000
7_7_5_2_3_3_4_2_2_2_1_3_5_8_4_5_3_3_5_4_3_5_8_1	-1	-1.000000000000000	-1.000000000000000	-1.000000000000000	-1.000000000000000	-167508.891266578517389	0.015000000000000
7_6_5_2_3_3_4_2_2_2_1_3_5_8_4_5_3_3_5_4_3_5_7_1	1	1095351.298175183357671	13393.361493418007740	2319210.514341049361974	1.718000000000000	-166438.927127818518784	0.014000000000000
7_6_5_2_3_3_4_2_2_2_1_3_5_8_4_5_3_3_5_4_3_4_8_1	1	1095344.492336820112541	13398.473058753257646	2325797.259766976349056	2.154000000000000	-167421.253988886193838	0.011000000000000
7_6_5_2_3_3_4_2_2_2_1_3_5_9_4_5_3_3_5_4_3_4_8_1	1	1095170.619981409981847	13345.326805165805126	2306244.674511253368109	1.693000000000000	-169291.933260276389774	0.009000000000000
7_6_6_2_3_3_4_2_2_2_1_3_5_8_4_5_3_3_5_4_3_4_8_1	1	1095563.655527714407071	13489.106583871835028	2267367.892721287440509	1.705000000000000	-168987.352622574020643	0.007000000000000
7_6_6_3_3_3_4_4_2_2_1_3_5_10_4_5_3_3_5_4_3_4_4_1	-1	-1.000000000000000	-1.000000000000000	-1.000000000000000	-1.000000000000000	-170729.106516169966199	0.007000000000000
7_6_7_2_3_3_5_2_2_2_1_3_5_11_4_5_3_3_5_4_3_4_4_1	-1	-1.000000000000000	-1.000000000000000	-1.000000000000000	-1.000000000000000	-171959.760502484918106	0.010000000000000
7_6_4_2_3_3_4_2_2_2_1_3_5_9_4_5_3_3_5_4_3_5_8_1	-1	-1.000000000000000	-1.000000000000000	-1.000000000000000	-1.000000000000000	-166602.402240655443165	0.013000000000000
7_6_6_2_3_3_5_2_2_2_1_3_5_11_4_5_3_3_5_4_3_4_4_2	-1	-1.000000000000000	-1.000000000000000	-1.000000000000000	-1.000000000000000	-170467.873660433746409	0.008000000000000
7_7_7_3_3_3_4_2_2_2_1_3_5_10_4_5_3_3_5_4_3_4_4_1	-1	-1.000000000000000	-1.000000000000000	-1.000000000000000	-1.000000000000000	-171355.543491477175849	0.011000000000000
7_5_5_2_3_3_4_2_2_2_1_3_5_9_4_5_3_3_5_4_3_5_8_1	-1	-1.000000000000000	-1.000000000000000	-1.000000000000000	-1.000000000000000	-168162.251374158542603	0.008000000000000
6_7_6_2_3_4_4_2_2_2_1_3_5_10_4_5_3_3_5_6_3_4_4_1	-1	-1.000000000000000	-1.000000000000000	-1.000000000000000	-1.000000000000000	-169133.974914832127979	0.008000000000000
6_5_4_2_3_3_4_8_2_2_1_3_5_8_4_5_3_3_5_4_3_4_4_2	1	1094864.710557899670675	14868.553863064491452	2492966.509365397971123	0.911000000000000	-164741.792987595719751	0.007000000000000
7_6_5_2_3_3_4_2_2_2_1_3_5_9_4_5_3_4_5_4_3_4_8_1	-1	-1.000000000000000	-1.000000000000000	-1.000000000000000	-1.000000000000000	-167855.605342504481087	0.007000000000000
7_6_5_2_3_3_4_2_2_2_1_3_5_10_4_5_3_3_5_4_3_4_8_1	-1	-1.000000000000000	-1.000000000000000	-1.000000000000000	-1.000000000000000	-169623.943640327866888	0.008000000000000
7_5_7_2_3_4_6_2_2_2_1_3_5_10_4_5_3_3_5_4_3_4_4_1	-1	-1.000000000000000	-1.000000000000000	-1.000000000000000	-1.000000000000000	-170655.265406291175168	0.008000000000000
6_5_5_2_3_3_4_8_2_2_1_3_5_7_4_5_3_3_5_4_3_4_4_4	1	1093938.953652737196535	14253.111025841128139	2406753.027931338176131	1.028000000000000	-165759.750109074637294	0.008000000000000
6_8_7_2_3_3_5_2_2_2_1_3_5_9_4_5_3_3_5_4_3_4_4_2	1	1090430.333096700487658	14144.038618332626356	2195516.593277419917285	1.092000000000000	-171049.025240323098842	0.014000000000000
6_5_5_2_3_3_4_8_2_2_1_3_5_7_4_5_3_3_6_4_3_4_4_3	-1	-1.000000000000000	-1.000000000000000	-1.000000000000000	-1.000000000000000	-165427.179299022129271	0.008000000000000
7_6_5_2_3_4_4_2_2_2_1_3_5_9_4_5_3_3_5_4_3_4_8_1	-1	-1.000000000000000	-1.000000000000000	-1.000000000000000	-1.000000000000000	-169245.156902378832456	0.011000000000000
7_6_6_2_3_3_4_2_2_2_1_3_5_10_4_5_3_3_5_4_3_4_6_1	1	1095014.045523141045123	13631.582218486379134	2269787.374243802390993	1.614000000000000	-170434.599045752314851	0.009000000000000
7_6_5_2_3_3_4_2_2_2_1_3_5_9_4_5_3_3_6_4_3_4_8_1	-1	-1.000000000000000	-1.000000000000000	-1.000000000000000	-1.000000000000000	-169291.933260276389774	0.011000000000000
7_6_5_2_4_3_4_2_2_2_1_3_5_9_4_5_3_3_5_4_3_4_8_1	-1	-1.000000000000000	-1.000000000000000	-1.000000000000000	-1.000000000000000	-169249.997467124048853	0.012000000000000
7_6_5_2_3_3_4_2_2_2_1_3_5_9_4_5_3_3_5_4_4_4_8_1	-1	-1.000000000000000	-1.000000000000000	-1.000000000000000	-1.000000000000000	-169213.710174441861454	0.011000000000000
8_5_7_2_3_3_4_2_2_2_1_3_5_11_4_5_3_3_5_4_3_4_4_1	1	1103566.813693922245875	14166.401020330589745	2286668.565864528995007	0.765000000000000	-171301.335168720135698	0.011000000000000
6_6_7_2_3_3_5_2_2_2_1_3_5_10_4_5_3_3_5_4_3_4_4_2	-1	-1.000000000000000	-1.000000000000000	-1.000000000000000	-1.000000000000000	-169397.887116043071728	0.011000000000000
7_6_5_2_3_3_5_2_2_2_1_3_5_9_4_5_3_3_5_4_3_4_8_1	-1	-1.000000000000000	-1.000000000000000	-1.000000000000000	-1.000000000000000	-169291.933260276389774	0.014000000000000
7_6_6_2_3_4_4_2_2_2_1_3_5_9_4_5_3_3_5_4_3_4_7_1	-1	-1.000000000000000	-1.000000000000000	-1.000000000000000	-1.000000000000000	-169778.487187747086864	0.008000000000000
7_6_5_2_3_3_4_2_2_2_1_3_5_9_4_6_3_3_5_4_3_4_8_1	-1	-1.000000000000000	-1.000000000000000	-1.000000000000000	-1.000000000000000	-167866.120642025256529	0.011000000000000
7_6_5_2_3_3_4_3_2_2_1_3_5_9_4_5_3_3_5_4_3_4_8_1	-1	-1.000000000000000	-1.000000000000000	-1.000000000000000	-1.000000000000000	-169291.933260276389774	0.011000000000000
6_7_5_2_3_3_4_6_2_2_1_3_5_7_4_5_3_3_5_4_3_4_4_4	-1	-1.000000000000000	-1.000000000000000	-1.000000000000000	-1.000000000000000	-166321.252156245696824	0.007000000000000
7_5_6_2_3_3_4_6_2_2_2_3_5_9_4_5_3_3_5_4_3_4_4_1	-1	-1.000000000000000	-1.000000000000000	-1.000000000000000	-1.000000000000000	-169795.141401347995270	0.007000000000000
7_6_5_2_3_3_4_2_2_2_1_3_5_9_4_5_3_3_5_4_3_4_7_1	1	1094280.118265275144950	13433.782637916603562	2326149.400516759604216	1.542000000000000	-168286.444016328256112	0.009000000000000
6_7_4_2_3_3_4_7_2_2_1_3_5_7_4_5_3_3_5_4_3_4_4_3	-1	-1.000000000000000	-1.000000000000000	-1.000000000000000	-1.000000000000000	-163723.872241270873928	0.008000000000000
7_6_6_2_3_3_4_2_2_2_1_3_5_9_4_5_3_3_5_4_3_4_7_1	1	1095296.508258068701252	13568.172941778120730	2265366.595187985803932	1.941000000000000	-169815.116459201992257	0.008000000000000
6_7_5_2_3_3_4_4_2_2_1_3_5_10_4_6_3_3_5_4_3_4_4_2	-1	-1.000000000000000	-1.000000000000000	-1.000000000000000	-1.000000000000000	-167002.004424698010553	0.020000000000000
7_5_5_2_3_3_4_2_2_2_1_3_5_9_4_5_3_3_5_4_3_4_9_1	1	1099388.264473929069936	13594.711969390042213	2334718.025878535583615	1.755000000000000	-168980.077156912011560	0.009000000000000
7_5_6_2_3_3_4_2_2_2_1_3_5_9_4_5_3_3_5_4_3_4_8_1	1	1098788.191566545981914	13338.102516182203544	2290689.279429842717946	1.493000000000000	-169353.000490335078212	0.007000000000000
6_6_6_2_3_3_4_2_2_2_1_3_6_10_4_5_3_3_5_7_3_4_4_1	-1	-1.000000000000000	-1.000000000000000	-1.000000000000000	-1.000000000000000	-167908.980378160311375	0.013000000000000
6_7_6_2_3_3_4_4_2_2_1_3_5_9_4_5_3_3_5_4_4_4_4_2	-1	-1.000000000000000	-1.000000000000000	-1.000000000000000	-1.000000000000000	-170348.166499534505419	0.009000000000000
6_5_5_2_3_3_4_8_2_2_1_3_5_9_5_5_3_3_5_4_3_4_4_1	-1	-1.000000000000000	-1.000000000000000	-1.000000000000000	-1.000000000000000	-167020.033653224352747	0.008000000000000
7_6_6_2_3_3_4_2_3_2_1_3_5_9_4_5_3_3_5_4_3_4_7_1	-1	-1.000000000000000	-1.000000000000000	-1.000000000000000	-1.000000000000000	-169815.116459201992257	0.008000000000000
6_7_5_2_3_3_4_5_2_2_1_3_5_7_4_5_3_3_5_4_3_4_4_3	1	1090258.810679903253913	14265.874019628856331	2335349.968724591191858	0.811000000000000	-165704.427889988786774	0.007000000000000
7_8_6_2_3_3_4_2_2_2_1_3_5_10_4_5_3_3_5_4_3_4_4_1	-1	-1.000000000000000	-1.000000000000000	-1.000000000000000	-1.000000000000000	-172163.266522651741980	0.011000000000000
8_6_6_2_3_3_4_2_2_2_1_3_5_9_4_5_3_3_5_4_3_4_7_1	-1	-1.000000000000000	-1.000000000000000	-1.000000000000000	-1.000000000000000	-169533.580001645023003	0.007000000000000
7_5_6_2_3_3_4_6_2_2_1_3_5_9_4_5_3_3_5_4_4_4_4_1	-1	-1.000000000000000	-1.000000000000000	-1.000000000000000	-1.000000000000000	-169650.963854373316281	0.008000000000000
8_5_6_2_3_3_4_2_2_2_1_3_5_9_4_5_3_3_5_8_3_4_4_1	-1	-1.000000000000000	-1.000000000000000	-1.000000000000000	-1.000000000000000	-167142.665191775944550	0.011000000000000
7_6_6_2_3_3_4_2_2_2_1_3_5_9_4_5_3_3_5_4_4_4_7_1	-1	-1.000000000000000	-1.000000000000000	-1.000000000000000	-1.000000000000000	-169721.254992076865165	0.007000000000000
6_8_6_2_3_3_4_2_2_2_1_3_5_9_4_5_3_3_5_4_4_4_4_3	-1	-1.000000000000000	-1.000000000000000	-1.000000000000000	-1.000000000000000	-170571.222700322367018	0.010000000000000
6_8_6_2_4_3_4_2_2_2_1_3_5_9_4_5_3_3_5_4_3_4_4_3	-1	-1.000000000000000	-1.000000000000000	-1.000000000000000	-1.000000000000000	-170509.514642636844655	0.009000000000000
7_7_6_2_3_3_4_2_2_2_1_3_5_9_4_5_3_3_5_4_3_4_7_1	-1	-1.000000000000000	-1.000000000000000	-1.000000000000000	-1.000000000000000	-170494.527045054739574	0.007000000000000
6_7_5_2_3_3_4_6_2_2_1_3_5_7_4_5_3_3_5_5_3_4_4_3	-1	-1.000000000000000	-1.000000000000000	-1.000000000000000	-1.000000000000000	-166283.526506330294069	0.009000000000000
6_7_5_2_3_3_4_7_2_2_1_3_5_7_4_5_3_3_5_4_3_4_4_3	1	1089978.968836698215455	14265.874019628856331	2324995.541037602815777	0.721000000000000	-166714.463670923491009	0.008000000000000
7_8_7_2_3_3_4_2_2_2_1_3_5_9_5_5_3_3_5_4_3_4_4_1	-1	-1.000000000000000	-1.000000000000000	-1.000000000000000	-1.000000000000000	-171742.012084588990547	0.014000000000000
7_6_6_2_3_3_4_2_2_2_1_3_5_9_5_5_3_3_5_4_3_4_7_1	-1	-1.000000000000000	-1.000000000000000	-1.000000000000000	-1.000000000000000	-168876.964906112872995	0.008000000000000
7_6_6_2_3_3_4_2_2_2_1_3_5_9_4_5_3_3_5_4_3_4_6_1	1	1095182.681399319786578	13690.018641322752956	2286242.775477970018983	1.727000000000000	-169061.208926810184494	0.006000000000000
7_6_6_2_3_3_4_3_2_2_1_3_5_9_4_5_3_3_5_4_3_4_7_1	-1	-1.000000000000000	-1.000000000000000	-1.000000000000000	-1.000000000000000	-169815.116459201992257	0.011000000000000
7_8_7_2_3_3_5_2_2_2_1_3_5_8_4_5_4_3_5_4_3_4_4_1	-1	-1.000000000000000	-1.000000000000000	-1.000000000000000	-1.000000000000000	-170369.667688316374552	0.009000000000000
7_6_6_2_3_3_4_2_2_2_1_3_5_9_4_5_3_3_5_4_3_4_7_2	-1	-1.000000000000000	-1.000000000000000	-1.000000000000000	-1.000000000000000	-169296.961860805022297	0.010000000000000
7_6_6_3_3_3_4_2_2_2_1_3_5_9_4_5_3_3_5_4_3_4_7_1	-1	-1.000000000000000	-1.000000000000000	-1.000000000000000	-1.000000000000000	-168685.830528050981229	0.009000000000000
7_6_6_2_3_3_4_2_2_2_1_3_5_10_4_5_3_3_5_4_3_4_7_1	1	1095142.121349454158917	13533.529809401974489	2248994.899439511355013	1.697000000000000	-170715.872894662781619	0.009000000000000
7_6_6_2_3_3_4_2_2_2_1_3_5_9_4_5_4_3_5_4_3_4_7_1	-1	-1.000000000000000	-1.000000000000000	-1.000000000000000	-1.000000000000000	-169815.116459201992257	0.006000000000000
6_8_7_2_3_3_4_2_2_2_1_3_5_9_4_5_3_3_5_5_3_4_4_2	-1	-1.000000000000000	-1.000000000000000	-1.000000000000000	-1.000000000000000	-171049.025240323098842	0.010000000000000
7_6_6_2_3_3_4_2_2_2_2_3_5_9_4_5_3_3_5_7_3_4_4_1	-1	-1.000000000000000	-1.000000000000000	-1.000000000000000	-1.000000000000000	-169094.752528022101615	0.013000000000000
7_8_7_2_3_3_4_2_2_2_1_3_5_8_4_6_3_3_5_5_3_4_4_1	-1	-1.000000000000000	-1.000000000000000	-1.000000000000000	-1.000000000000000	-169602.405967428639997	0.016000000000000
6_8_6_2_3_3_4_3_2_2_1_3_5_9_4_5_3_3_5_4_3_4_4_3	1	1089898.073285343591124	14087.328614716476295	2215126.035213482100517	1.180000000000000	-170571.222700322367018	0.020000000000000
7_5_6_2_3_3_4_2_2_2_1_3_5_9_4_5_3_3_5_4_3_4_7_1	1	1098758.918584770057350	13429.587008853948646	2307765.909157685469836	1.488000000000000	-168430.472364215791458	0.006000000000000
6_6_6_2_3_3_4_2_3_2_1_3_5_9_4_5_3_3_5_8_3_4_4_1	-1	-1.000000000000000	-1.000000000000000	-1.000000000000000	-1.000000000000000	-168697.866400489408989	0.028000000000000
6_8_7_2_3_3_4_2_2_2_1_3_5_10_4_5_3_3_5_4_3_4_4_1	1	1090792.152922335080802	14120.985231753813423	2225184.947680856566876	1.709000000000000	-171059.062162166374037	0.017000000000000
6_7_6_2_3_3_5_2_2_2_1_3_5_9_4_5_3_4_5_4_3_4_4_3	-1	-1.000000000000000	-1.000000000000000	-1.000000000000000	-1.000000000000000	-168344.365223563334439	0.010000000000000
7_6_7_2_3_3_4_2_2_2_1_3_5_9_4_5_3_3_5_4_3_4_6_1	1	1096648.796534132212400	13686.195538413609029	2240665.021079282741994	1.642000000000000	-170440.754682830971433	0.008000000000000
8_6_6_2_3_3_4_2_2_2_1_3_5_10_4_5_3_3_5_4_3_4_4_1	-1	-1.000000000000000	-1.000000000000000	-1.000000000000000	-1.000000000000000	-170324.804996112332447	0.007000000000000
7_6_6_2_3_3_4_2_2_2_1_3_5_10_4_6_3_3_5_4_3_4_6_1	-1	-1.000000000000000	-1.000000000000000	-1.000000000000000	-1.000000000000000	-168819.704494016157696	0.014000000000000
7_6_7_2_3_3_4_2_2_2_1_3_5_10_4_5_3_3_5_4_3_4_6_1	1	1096494.164373294217512	13648.850168813245546	2224246.321168349124491	2.027000000000000	-172078.421087916591205	0.011000000000000
7_6_6_2_4_3_4_2_2_2_1_3_5_10_4_5_3_3_5_4_3_4_6_1	-1	-1.000000000000000	-1.000000000000000	-1.000000000000000	-1.000000000000000	-170382.270976950239856	0.011000000000000
6_7_6_2_3_3_4_2_2_2_1_3_5_10_5_5_3_3_5_6_3_4_4_1	-1	-1.000000000000000	-1.000000000000000	-1.000000000000000	-1.000000000000000	-168085.935284965322353	0.007000000000000
7_6_6_2_3_3_4_4_2_2_1_3_5_11_4_5_3_3_5_4_3_4_4_1	-1	-1.000000000000000	-1.000000000000000	-1.000000000000000	-1.000000000000000	-171420.916613428649725	0.009000000000000
6_8_7_2_3_3_4_2_2_2_1_3_5_8_4_5_3_3_5_4_3_4_4_3	1	1090376.469807463232428	14228.057311693337397	2207012.747951712459326	1.359000000000000	-170292.379761131072883	0.012000000000000
7_6_7_2_3_4_4_2_2_2_1_3_5_11_4_5_3_3_5_4_3_4_4_1	-1	-1.000000000000000	-1.000000000000000	-1.000000000000000	-1.000000000000000	-171900.488914894958725	0.008000000000000
7_6_6_2_3_3_4_2_2_2_1_3_6_10_4_5_3_3_5_4_3_4_6_1	-1	-1.000000000000000	-1.000000000000000	-1.000000000000000	-1.000000000000000	-170188.603087193507235	0.008000000000000
7_6_6_2_3_3_4_2_2_2_1_3_5_10_4_5_3_3_5_4_3_5_6_1	-1	-1.000000000000000	-1.000000000000000	-1.000000000000000	-1.000000000000000	-170434.599045752314851	0.012000000000000
7_6_6_2_3_3_5_2_2_2_1_3_5_10_4_5_3_4_5_4_3_4_4_2	-1	-1.000000000000000	-1.000000000000000	-1.000000000000000	-1.000000000000000	-169169.311911353142932	0.009000000000000
6_7_5_2_3_3_4_4_2_2_1_4_5_10_4_5_3_3_5_4_3_4_4_2	-1	-1.000000000000000	-1.000000000000000	-1.000000000000000	-1.000000000000000	-168612.739342444343492	0.019000000000000
7_7_6_2_3_3_4_2_2_2_1_3_5_10_4_5_3_3_5_4_3_4_6_1	1	1089681.211396586382762	13670.021518628298509	2240673.042101940605789	0.572000000000000	-171159.356204648356652	0.013000000000000
7_6_7_2_3_3_4_2_2_2_2_3_5_10_4_5_3_3_5_4_3_4_5_1	-1	-1.000000000000000	-1.000000000000000	-1.000000000000000	-1.000000000000000	-172022.033154443779495	0.011000000000000
7_6_6_2_3_3_4_2_2_2_2_3_5_10_4_5_3_3_5_4_3_4_6_1	-1	-1.000000000000000	-1.000000000000000	-1.000000000000000	-1.000000000000000	-170434.599045752314851	0.011000000000000
7_6_6_2_3_3_4_2_2_2_1_3_5_10_5_5_3_3_5_4_3_4_6_1	-1	-1.000000000000000	-1.000000000000000	-1.000000000000000	-1.000000000000000	-169354.835228674171958	0.009000000000000
7_7_7_2_3_3_4_2_2_2_1_3_6_10_4_5_3_3_5_4_3_4_4_1	-1	-1.000000000000000	-1.000000000000000	-1.000000000000000	-1.000000000000000	-172712.304557858093176	0.012000000000000
7_6_6_2_3_3_4_2_2_2_1_3_5_10_4_5_3_3_6_4_3_4_6_1	-1	-1.000000000000000	-1.000000000000000	-1.000000000000000	-1.000000000000000	-170434.599045752314851	0.010000000000000
7_7_5_2_3_3_4_4_2_2_1_3_6_10_4_5_3_3_5_4_3_4_4_1	-1	-1.000000000000000	-1.000000000000000	-1.000000000000000	-1.000000000000000	-170001.242044828482904	0.023000000000000
7_6_6_2_3_3_7_2_2_2_1_3_5_10_4_5_3_3_5_4_3_4_4_1	1	1094460.196235725656152	13857.723154367296956	2307559.005191525444388	1.870000000000000	-171199.379153892630711	0.010000000000000
6_6_6_2_3_3_4_2_2_2_1_3_5_10_4_5_3_3_5_7_3_4_5_1	-1	-1.000000000000000	-1.000000000000000	-1.000000000000000	-1.000000000000000	-168195.362718716409290	0.016000000000000
8_6_6_2_3_3_4_2_2_2_1_3_5_10_4_5_3_3_5_4_3_4_6_1	-1	-1.000000000000000	-1.000000000000000	-1.000000000000000	-1.000000000000000	-170350.154002942930674	0.011000000000000
7_6_6_2_3_3_4_2_2_2_1_3_5_10_4_5_3_4_5_4_3_4_6_1	-1	-1.000000000000000	-1.000000000000000	-1.000000000000000	-1.000000000000000	-168858.736796801647870	0.009000000000000
7_6_6_2_3_4_4_2_2_2_1_3_5_10_4_5_3_3_5_4_3_4_6_1	-1	-1.000000000000000	-1.000000000000000	-1.000000000000000	-1.000000000000000	-170376.418760780303273	0.008000000000000
7_6_7_2_3_3_4_2_2_2_1_3_5_10_4_5_3_4_5_4_3_4_5_1	-1	-1.000000000000000	-1.000000000000000	-1.000000000000000	-1.000000000000000	-170614.511691957915900	0.013000000000000
7_8_7_2_3_3_4_2_2_2_1_3_5_8_4_5_3_3_5_5_3_4_4_1	1	1092847.310607117135078	14170.716680419904151	2240486.463252846151590	0.906000000000000	-170464.264129896910163	0.008000000000000
7_6_6_2_3_3_4_2_3_2_1_3_5_10_4_5_3_3_5_4_3_4_6_1	-1	-1.000000000000000	-1.000000000000000	-1.000000000000000	-1.000000000000000	-170434.599045752314851	0.011000000000000
7_6_6_2_3_3_5_2_2_2_1_3_5_10_4_5_3_3_5_4_3_4_6_1	-1	-1.000000000000000	-1.000000000000000	-1.000000000000000	-1.000000000000000	-170434.599045752314851	0.011000000000000
8_6_7_2_3_3_4_2_2_2_1_3_5_10_4_5_3_4_5_4_3_4_4_1	-1	-1.000000000000000	-1.000000000000000	-1.000000000000000	-1.000000000000000	-171274.158750530157704	0.007000000000000
7_6_6_2_3_3_4_2_2_2_1_3_5_10_4_5_3_3_5_4_4_4_6_1	-1	-1.000000000000000	-1.000000000000000	-1.000000000000000	-1.000000000000000	-170609.966667184256949	0.016000000000000
7_6_6_2_3_3_4_2_2_2_1_3_5_10_4_5_3_3_5_4_3_4_6_2	-1	-1.000000000000000	-1.000000000000000	-1.000000000000000	-1.000000000000000	-170509.185536434757523	0.012000000000000
7_5_7_3_3_4_4_2_2_2_1_3_5_11_4_5_3_3_5_4_3_4_4_1	-1	-1.000000000000000	-1.000000000000000	-1.000000000000000	-1.000000000000000	-170514.772560254757991	0.012000000000000
7_6_6_2_3_3_4_4_2_2_1_3_5_10_4_5_4_3_5_4_3_4_4_1	-1	-1.000000000000000	-1.000000000000000	-1.000000000000000	-1.000000000000000	-171653.900049421354197	0.008000000000000
7_6_6_2_3_3_4_2_2_2_1_3_5_10_4_5_4_3_5_4_3_4_6_1	-1	-1.000000000000000	-1.000000000000000	-1.000000000000000	-1.000000000000000	-170434.599045752314851	0.011000000000000
7_6_6_2_3_3_4_2_2_2_1_3_5_11_4_5_3_3_5_4_3_4_6_1	-1	-1.000000000000000	-1.000000000000000	-1.000000000000000	-1.000000000000000	-170013.682085640524747	0.011000000000000
7_6_6_2_3_3_4_2_2_2_1_4_5_10_4_5_3_3_5_4_3_4_6_1	-1	-1.000000000000000	-1.000000000000000	-1.000000000000000	-1.000000000000000	-170434.599045752314851	0.011000000000000
6_6_6_2_3_3_4_2_2_2_1_3_5_10_4_5_3_4_5_7_3_4_4_1	-1	-1.000000000000000	-1.000000000000000	-1.000000000000000	-1.000000000000000	-166588.103781518235337	0.016000000000000
7_5_7_2_3_3_4_2_2_3_1_3_5_11_4_5_3_3_5_5_3_4_4_1	-1	-1.000000000000000	-1.000000000000000	-1.000000000000000	-1.000000000000000	-170993.035486581327859	0.011000000000000
7_6_6_2_3_3_4_2_2_3_1_3_5_10_4_5_3_3_5_4_3_4_6_1	-1	-1.000000000000000	-1.000000000000000	-1.000000000000000	-1.000000000000000	-170434.599045752314851	0.011000000000000
7_8_6_2_3_3_4_2_2_2_1_3_5_8_4_5_3_3_5_6_3_4_4_1	1	1092747.083759659901261	14088.708576250661281	2276404.129140735603869	1.116000000000000	-168476.784387645428069	0.011000000000000
7_6_6_2_3_3_4_2_2_2_1_3_5_10_4_5_3_3_5_5_3_4_6_1	-1	-1.000000000000000	-1.000000000000000	-1.000000000000000	-1.000000000000000	-170605.449638488353230	0.010000000000000
6_6_6_2_3_3_4_2_2_2_1_3_5_10_4_5_3_3_5_4_3_4_6_1	-1	-1.000000000000000	-1.000000000000000	-1.000000000000000	-1.000000000000000	-166704.742766874085646	0.011000000000000
7_5_7_2_3_3_4_2_2_2_1_3_6_10_4_5_3_3_5_6_3_4_4_1	-1	-1.000000000000000	-1.000000000000000	-1.000000000000000	-1.000000000000000	-170777.092706964700483	0.011000000000000
6_7_6_2_3_3_4_2_2_2_1_3_5_10_4_5_3_4_5_6_3_4_4_1	-1	-1.000000000000000	-1.000000000000000	-1.000000000000000	-1.000000000000000	-167583.745200706820469	0.009000000000000
5_7_6_2_3_3_4_5_2_2_1_3_5_8_4_5_3_3_5_4_3_4_4_3	-1	-1.000000000000000	-1.000000000000000	-1.000000000000000	-1.000000000000000	-166327.936147151893238	0.008000000000000
7_5_7_2_3_3_5_2_2_2_1_3_5_10_4_5_3_3_6_4_3_4_4_2	-1	-1.000000000000000	-1.000000000000000	-1.000000000000000	-1.000000000000000	-170900.222407904046122	0.010000000000000
7_7_7_2_3_3_4_2_2_2_1_3_5_11_4_5_3_3_5_4_3_4_4_1	-1	-1.000000000000000	-1.000000000000000	-1.000000000000000	-1.000000000000000	-172668.898924438981339	0.016000000000000
7_7_5_2_3_3_4_3_2_2_1_3_5_10_4_5_3_3_5_4_3_4_4_1	-1	-1.000000000000000	-1.000000000000000	-1.000000000000000	-1.000000000000000	-169092.597504363686312	0.011000000000000
7_5_6_2_3_3_5_2_2_2_1_3_5_10_4_5_3_3_5_4_3_4_4_2	1	1097830.664212526520714	13880.889106509701378	2322914.107129687443376	2.063000000000000	-169276.184839842084330	0.007000000000000
6_8_7_3_3_3_4_2_2_2_1_3_5_10_4_5_3_3_5_4_3_4_4_1	-1	-1.000000000000000	-1.000000000000000	-1.000000000000000	-1.000000000000000	-167805.585487519216258	0.008000000000000
7_6_6_2_3_3_4_2_2_2_1_3_5_10_4_5_3_3_5_4_3_4_5_1	1	1094878.299271648982540	13739.159591138290125	2295266.161661902908236	1.968000000000000	-170615.989045603520935	0.014000000000000
7_7_5_2_3_3_4_4_2_2_1_3_5_11_4_5_3_3_5_4_3_4_4_1	-1	-1.000000000000000	-1.000000000000000	-1.000000000000000	-1.000000000000000	-170065.934302188223228	0.013000000000000
6_7_5_2_3_3_4_4_2_2_1_3_5_10_4_5_3_3_5_4_3_4_4_3	1	1090445.389162278734148	14003.288266970994300	2280145.716123552992940	0.921000000000000	-169480.513312117807800	0.007000000000000
6_6_6_2_3_3_4_2_2_2_1_3_5_10_5_5_3_3_5_7_3_4_4_1	-1	-1.000000000000000	-1.000000000000000	-1.000000000000000	-1.000000000000000	-167105.635821730713360	0.015000000000000
7_6_7_2_4_3_4_2_2_2_1_3_5_10_4_5_3_3_5_4_3_4_5_1	-1	-1.000000000000000	-1.000000000000000	-1.000000000000000	-1.000000000000000	-171986.676989148108987	0.013000000000000
7_5_6_2_3_3_4_5_2_2_1_3_5_10_4_5_3_3_6_4_3_4_4_1	-1	-1.000000000000000	-1.000000000000000	-1.000000000000000	-1.000000000000000	-171207.756694586831145	0.009000000000000
7_5_6_2_3_3_4_2_2_2_1_3_5_10_4_5_3_3_5_4_3_4_6_1	1	1098674.491583485389128	13501.243891904399788	2311475.695946064777672	1.866000000000000	-169328.779156907141441	0.011000000000000
6_5_5_2_3_4_4_8_2_2_1_3_5_9_4_5_3_3_5_4_3_4_4_1	-1	-1.000000000000000	-1.000000000000000	-1.000000000000000	-1.000000000000000	-167885.946988148440141	0.008000000000000
7_7_6_2_3_3_4_2_2_2_1_3_5_10_4_5_3_3_5_4_3_4_5_1	1	1093647.012137399753556	13793.905672586410219	2254982.257725432049483	1.166000000000000	-171356.100456861837301	0.009000000000000
8_7_6_2_3_3_5_2_2_2_1_3_5_9_4_5_3_3_5_4_3_4_4_1	1	1096442.278033518930897	13849.058556705946103	2279733.377921987790614	0.262000000000000	-169297.135364691435825	0.008000000000000
7_6_7_2_3_3_4_2_2_2_1_3_5_10_4_5_3_3_5_4_3_4_5_2	-1	-1.000000000000000	-1.000000000000000	-1.000000000000000	-1.000000000000000	-172483.848938473442104	0.018000000000000
8_5_7_2_3_3_4_2_2_2_1_3_5_11_4_5_3_3_5_4_4_4_4_1	-1	-1.000000000000000	-1.000000000000000	-1.000000000000000	-1.000000000000000	-171188.413552247511689	0.075000000000000
7_6_7_2_3_3_4_2_2_2_1_3_5_10_4_5_3_3_5_5_3_4_5_1	-1	-1.000000000000000	-1.000000000000000	-1.000000000000000	-1.000000000000000	-172357.277947693888564	0.016000000000000
6_8_6_2_3_3_4_2_2_2_1_3_5_9_4_5_3_3_5_4_3_4_4_3	1	1090090.748573655262589	14087.328614716476295	2230028.688742124475539	1.465000000000000	-170571.222700322367018	0.011000000000000
7_6_7_2_3_4_4_2_2_2_1_3_5_10_4_5_3_3_5_4_3_4_5_1	-1	-1.000000000000000	-1.000000000000000	-1.000000000000000	-1.000000000000000	-171982.756021069653798	0.018000000000000
7_6_7_2_3_3_4_2_2_2_1_4_5_10_4_5_3_3_5_4_3_4_5_1	-1	-1.000000000000000	-1.000000000000000	-1.000000000000000	-1.000000000000000	-172022.033154443779495	0.021000000000000
6_9_6_2_3_3_4_2_2_2_1_3_5_10_4_5_3_3_5_5_3_4_4_1	-1	-1.000000000000000	-1.000000000000000	-1.000000000000000	-1.000000000000000	-169397.070782926050015	0.010000000000000
6_6_6_2_3_3_4_4_2_2_1_3_5_10_4_5_3_3_5_4_3_4_4_1	-1	-1.000000000000000	-1.000000000000000	-1.000000000000000	-1.000000000000000	-167886.234015907801222	0.006000000000000
7_6_7_2_3_3_4_2_3_2_1_3_5_10_4_5_3_3_5_4_3_4_5_1	-1	-1.000000000000000	-1.000000000000000	-1.000000000000000	-1.000000000000000	-172022.033154443779495	0.024000000000000
6_7_5_2_3_3_4_4_2_2_1_3_5_9_4_5_3_3_5_4_3_4_4_3	-1	-1.000000000000000	-1.000000000000000	-1.000000000000000	-1.000000000000000	-169140.372673161153216	0.016000000000000
5_8_6_2_3_3_5_2_2_2_1_3_5_9_4_5_3_3_5_4_3_4_4_3	-1	-1.000000000000000	-1.000000000000000	-1.000000000000000	-1.000000000000000	-167633.250996620772639	0.013000000000000
7_6_7_2_3_3_4_2_2_2_1_3_5_10_4_5_4_3_5_4_3_4_5_1	-1	-1.000000000000000	-1.000000000000000	-1.000000000000000	-1.000000000000000	-172022.033154443779495	0.014000000000000
6_6_6_2_3_3_4_7_2_2_1_3_5_6_4_5_3_3_5_4_3_4_4_3	1	1091133.099029374308884	14316.101241438918805	2341760.038311121053994	1.136000000000000	-163824.983874754048884	0.007000000000000
7_6_8_2_3_3_4_2_2_2_1_3_5_10_4_5_3_3_5_4_3_4_5_1	-1	-1.000000000000000	-1.000000000000000	-1.000000000000000	-1.000000000000000	-170357.458334828959778	0.016000000000000
6_5_5_2_3_3_4_7_2_2_1_3_5_7_4_5_3_3_5_4_3_4_4_4	1	1093868.487090101931244	14286.011967614507739	2411456.890271484386176	0.914000000000000	-165441.027760224795202	0.008000000000000
6_5_5_2_3_3_4_7_2_2_1_3_5_8_4_5_3_3_5_4_3_4_4_3	-1	-1.000000000000000	-1.000000000000000	-1.000000000000000	-1.000000000000000	-167384.950591567641823	0.009000000000000
7_6_7_3_3_3_4_2_2_2_1_3_5_10_4_5_3_3_5_4_3_4_5_1	-1	-1.000000000000000	-1.000000000000000	-1.000000000000000	-1.000000000000000	-171085.485638432059204	0.013000000000000
7_5_8_2_3_3_6_2_2_2_1_3_5_10_4_5_3_3_5_4_3_4_4_1	-1	-1.000000000000000	-1.000000000000000	-1.000000000000000	-1.000000000000000	-169155.176196839602198	0.012000000000000
7_7_5_2_3_3_4_4_2_2_1_3_5_10_4_5_3_3_5_4_3_4_5_1	-1	-1.000000000000000	-1.000000000000000	-1.000000000000000	-1.000000000000000	-170255.326671354909195	0.013000000000000
7_7_7_2_3_3_4_2_2_2_2_3_5_10_4_5_3_3_5_4_3_4_4_1	-1	-1.000000000000000	-1.000000000000000	-1.000000000000000	-1.000000000000000	-172982.084826312027872	0.009000000000000
7_7_6_2_3_3_6_2_2_2_1_3_5_10_4_5_3_3_5_4_3_4_4_1	-1	-1.000000000000000	-1.000000000000000	-1.000000000000000	-1.000000000000000	-171407.467681497364538	0.009000000000000
7_7_7_2_3_3_4_2_2_2_1_3_5_9_4_5_3_3_5_4_3_4_4_2	-1	-1.000000000000000	-1.000000000000000	-1.000000000000000	-1.000000000000000	-171524.877629168913700	0.021000000000000
7_5_7_3_3_3_4_2_3_2_1_3_5_10_4_5_3_3_5_4_3_4_4_2	-1	-1.000000000000000	-1.000000000000000	-1.000000000000000	-1.000000000000000	-170740.702381472598063	0.013000000000000
7_7_7_2_3_3_4_2_2_2_1_3_5_10_4_5_3_3_5_4_3_4_5_1	1	1093710.098008919740096	13817.867206490245735	2212165.342187433969229	1.117000000000000	-172954.087583504791837	0.009000000000000
7_7_5_2_3_3_4_4_2_2_2_3_5_10_4_5_3_3_5_4_3_4_4_1	-1	-1.000000000000000	-1.000000000000000	-1.000000000000000	-1.000000000000000	-170275.203059837978799	0.019000000000000
7_7_5_2_3_3_4_4_2_2_1_3_5_9_4_5_3_3_5_4_3_4_4_2	1	1092875.335000712424517	13911.946794919866079	2298324.546547399368137	1.582000000000000	-168423.378629568847828	0.018000000000000
6_8_7_2_3_3_4_2_3_2_1_3_5_10_4_5_3_3_5_4_3_4_4_1	-1	-1.000000000000000	-1.000000000000000	-1.000000000000000	-1.000000000000000	-171059.062162166374037	0.009000000000000
6_8_5_2_3_3_4_2_2_2_1_3_5_10_4_5_3_3_5_4_3_5_4_3	-1	-1.000000000000000	-1.000000000000000	-1.000000000000000	-1.000000000000000	-168136.043469107797137	0.006000000000000
7_7_7_2_3_3_4_2_2_2_1_3_5_10_4_5_3_3_5_4_3_4_4_2	-1	-1.000000000000000	-1.000000000000000	-1.000000000000000	-1.000000000000000	-172888.697681883524638	0.010000000000000
7_7_5_2_3_3_4_4_2_2_1_3_5_10_4_5_3_3_5_4_3_4_4_2	1	1092713.104550936492160	13838.403326611849479	2281751.183894748333842	1.547000000000000	-169974.227868782298174	0.016000000000000
7_6_7_2_3_3_4_2_2_2_1_3_5_11_4_5_3_3_5_4_3_4_5_1	-1	-1.000000000000000	-1.000000000000000	-1.000000000000000	-1.000000000000000	-171954.966254726430634	0.014000000000000
7_6_7_2_3_3_4_2_2_2_1_3_5_10_5_5_3_3_5_4_3_4_5_1	-1	-1.000000000000000	-1.000000000000000	-1.000000000000000	-1.000000000000000	-171173.378569124732167	0.019000000000000
8_6_7_2_3_3_4_2_2_2_1_3_5_10_4_5_3_3_5_4_3_4_5_1	1	1099306.987901809159666	13660.678386708463222	2232791.734408138785511	0.474000000000000	-172565.721368390310090	0.011000000000000
7_7_7_2_3_3_4_2_2_2_1_3_5_10_4_5_3_3_5_4_4_4_4_1	-1	-1.000000000000000	-1.000000000000000	-1.000000000000000	-1.000000000000000	-173204.321193863899680	0.010000000000000
7_6_6_2_3_3_4_2_2_2_1_3_5_10_4_5_3_3_5_7_3_4_4_1	1	1094828.904351614182815	13857.723154367296956	2308159.658226819708943	1.749000000000000	-170476.972366267000325	0.010000000000000
6_7_5_2_3_3_4_3_2_2_1_3_5_10_5_5_3_3_5_4_3_4_4_3	-1	-1.000000000000000	-1.000000000000000	-1.000000000000000	-1.000000000000000	-167294.398361348547041	0.006000000000000
7_6_7_2_3_3_4_2_2_2_1_3_5_10_4_5_3_3_6_4_3_4_5_1	-1	-1.000000000000000	-1.000000000000000	-1.000000000000000	-1.000000000000000	-172022.033154443779495	0.008000000000000
7_6_7_2_3_3_4_2_2_2_1_3_6_10_4_5_3_3_5_4_3_4_5_1	-1	-1.000000000000000	-1.000000000000000	-1.000000000000000	-1.000000000000000	-171797.243302428163588	0.011000000000000
7_6_7_2_3_3_4_2_2_3_1_3_5_10_4_5_3_3_5_4_3_4_5_1	-1	-1.000000000000000	-1.000000000000000	-1.000000000000000	-1.000000000000000	-172022.033154443779495	0.012000000000000
6_8_5_2_3_3_4_2_2_2_1_4_5_10_4_5_3_3_5_4_3_4_4_3	-1	-1.000000000000000	-1.000000000000000	-1.000000000000000	-1.000000000000000	-168037.256677415076410	0.006000000000000
7_6_7_2_3_3_4_2_2_2_1_3_5_10_4_5_3_3_5_4_3_5_5_1	-1	-1.000000000000000	-1.000000000000000	-1.000000000000000	-1.000000000000000	-172016.407966260390822	0.015000000000000
6_6_6_2_3_3_5_2_2_2_1_3_5_10_4_5_3_3_5_7_3_4_4_1	-1	-1.000000000000000	-1.000000000000000	-1.000000000000000	-1.000000000000000	-168195.362718716409290	0.028000000000000
7_6_7_2_3_3_4_2_2_2_1_3_5_10_4_5_3_3_5_4_3_4_4_1	1	1096247.913100581616163	13926.655471418922389	2281922.484302278608084	1.970000000000000	-172051.045602920465171	0.010000000000000
8_6_7_2_3_3_4_2_2_2_1_3_5_10_5_5_3_3_5_4_3_4_4_1	-1	-1.000000000000000	-1.000000000000000	-1.000000000000000	-1.000000000000000	-171755.075421802437631	0.010000000000000
8_6_7_2_3_3_4_2_2_2_1_3_5_10_4_5_3_3_5_4_3_4_4_1	1	1099170.815240871626884	13783.875038357917219	2265046.066678277682513	0.382000000000000	-172585.050531801738543	0.019000000000000
7_7_7_2_3_3_4_2_2_3_1_3_5_10_4_5_3_3_5_4_3_4_4_1	-1	-1.000000000000000	-1.000000000000000	-1.000000000000000	-1.000000000000000	-172982.084826312027872	0.009000000000000
7_7_7_2_3_4_4_2_2_2_1_3_5_10_4_5_3_3_5_4_3_4_4_1	-1	-1.000000000000000	-1.000000000000000	-1.000000000000000	-1.000000000000000	-172921.693998358387034	0.012000000000000
7_6_7_2_3_3_4_2_2_2_1_3_5_8_4_5_3_3_5_7_3_4_4_1	1	1096509.400784935802221	14055.400908515704941	2299123.730209969449788	1.620000000000000	-169043.035545695369365	0.010000000000000
6_7_7_2_3_3_4_2_2_2_1_3_5_10_4_5_3_3_5_4_3_4_4_1	1	1091584.872759472345933	14020.426292187494255	2258493.507546550594270	1.524000000000000	-169565.359118170163129	0.010000000000000
7_7_5_2_3_3_4_4_3_2_1_3_5_10_4_5_3_3_5_4_3_4_4_1	-1	-1.000000000000000	-1.000000000000000	-1.000000000000000	-1.000000000000000	-170275.203059837978799	0.014000000000000
7_7_7_2_3_3_4_2_2_2_1_3_5_10_4_6_3_3_5_4_3_4_4_1	-1	-1.000000000000000	-1.000000000000000	-1.000000000000000	-1.000000000000000	-171587.085041188751347	0.015000000000000
6_7_4_2_3_3_4_3_2_2_1_3_5_10_4_5_3_3_5_4_3_4_4_3	-1	-1.000000000000000	-1.000000000000000	-1.000000000000000	-1.000000000000000	-165616.524517053214367	0.007000000000000
7_7_7_2_3_3_4_2_3_2_1_3_5_10_4_5_3_3_5_4_3_4_4_1	-1	-1.000000000000000	-1.000000000000000	-1.000000000000000	-1.000000000000000	-172982.084826312027872	0.012000000000000
7_7_7_2_3_3_4_2_2_2_1_3_5_10_4_5_4_3_5_4_3_4_4_1	-1	-1.000000000000000	-1.000000000000000	-1.000000000000000	-1.000000000000000	-172982.084826312027872	0.018000000000000
7_5_5_3_3_3_4_6_2_2_1_3_5_9_4_5_3_3_5_4_3_4_4_1	1	1098462.793873988790438	15072.773445682469173	2368182.382981992326677	1.460000000000000	-168592.744070907647256	0.009000000000000
7_7_7_2_3_3_5_2_2_2_1_3_5_10_4_5_3_3_5_4_3_4_4_1	-1	-1.000000000000000	-1.000000000000000	-1.000000000000000	-1.000000000000000	-172982.084826312027872	0.012000000000000
6_6_5_2_3_3_5_2_2_2_1_3_5_10_4_5_3_3_5_4_3_4_4_3	-1	-1.000000000000000	-1.000000000000000	-1.000000000000000	-1.000000000000000	-166483.684314922778867	0.009000000000000
6_7_5_2_3_3_4_3_2_2_1_3_5_11_4_5_3_3_5_4_3_4_4_3	-1	-1.000000000000000	-1.000000000000000	-1.000000000000000	-1.000000000000000	-167991.763956749287900	0.010000000000000
8_7_7_2_3_3_4_2_2_2_1_3_5_10_4_5_3_3_5_4_3_4_4_1	1	1096521.817240491742268	13926.299387711616873	2229043.576083777006716	0.364000000000000	-173412.600697897840291	0.010000000000000
7_7_7_2_3_3_4_2_2_2_1_3_5_10_4_5_3_4_5_4_3_4_4_1	-1	-1.000000000000000	-1.000000000000000	-1.000000000000000	-1.000000000000000	-171586.351800895412453	0.010000000000000
7_8_6_2_3_3_4_2_2_2_1_3_5_10_4_5_3_3_5_5_3_4_4_1	-1	-1.000000000000000	-1.000000000000000	-1.000000000000000	-1.000000000000000	-172104.940110200026538	0.007000000000000
6_6_4_2_3_3_4_8_2_2_1_3_5_7_4_5_3_3_5_4_3_4_4_3	-1	-1.000000000000000	-1.000000000000000	-1.000000000000000	-1.000000000000000	-163317.968886209244374	0.008000000000000
6_5_5_3_3_3_4_7_2_2_1_3_5_9_4_5_3_3_5_4_3_4_4_1	1	1094926.358785531017929	14915.002307022445166	2389172.342138388194144	0.925000000000000	-167450.503987914416939	0.009000000000000
7_7_7_2_3_3_4_3_2_2_1_3_5_10_4_5_3_3_5_4_3_4_4_1	-1	-1.000000000000000	-1.000000000000000	-1.000000000000000	-1.000000000000000	-172982.084826312027872	0.018000000000000
7_7_7_2_3_3_4_2_2_2_1_3_5_10_4_5_3_3_5_5_3_4_4_1	-1	-1.000000000000000	-1.000000000000000	-1.000000000000000	-1.000000000000000	-173247.923750069225207	0.014000000000000
6_6_6_2_3_3_5_2_2_3_1_3_5_10_4_5_3_3_5_4_3_4_4_3	-1	-1.000000000000000	-1.000000000000000	-1.000000000000000	-1.000000000000000	-168746.451116249721963	0.015000000000000
6_5_6_2_3_3_4_2_2_2_1_3_5_10_4_5_3_3_5_7_3_4_4_1	-1	-1.000000000000000	-1.000000000000000	-1.000000000000000	-1.000000000000000	-167312.345008344127564	0.012000000000000
7_5_7_2_3_3_4_2_2_2_1_3_5_10_4_5_3_3_5_6_3_5_4_1	-1	-1.000000000000000	-1.000000000000000	-1.000000000000000	-1.000000000000000	-170936.661831512610661	0.010000000000000
8_6_7_2_3_3_4_2_2_2_1_3_5_10_4_5_3_3_5_4_3_4_4_2	-1	-1.000000000000000	-1.000000000000000	-1.000000000000000	-1.000000000000000	-172437.243617922387784	0.009000000000000
7_7_7_2_3_3_4_2_2_2_1_3_5_10_4_5_3_3_6_4_3_4_4_1	-1	-1.000000000000000	-1.000000000000000	-1.000000000000000	-1.000000000000000	-172982.084826312027872	0.011000000000000
7_5_7_3_3_3_4_2_2_2_1_3_5_10_4_5_3_3_5_5_3_4_4_2	-1	-1.000000000000000	-1.000000000000000	-1.000000000000000	-1.000000000000000	-170740.702381472598063	0.015000000000000
7_7_8_2_3_3_4_2_2_2_1_3_5_10_4_5_3_3_5_4_3_4_4_1	-1	-1.000000000000000	-1.000000000000000	-1.000000000000000	-1.000000000000000	-171229.036870015726890	0.011000000000000
6_6_5_2_3_3_4_7_2_2_1_3_5_7_4_5_3_3_5_4_3_4_4_3	1	1091180.881429113913327	14118.570603358468361	2368354.928561967797577	0.902000000000000	-165983.036405542516150	0.009000000000000
7_7_7_2_4_3_4_2_2_2_1_3_5_10_4_5_3_3_5_4_3_4_4_1	-1	-1.000000000000000	-1.000000000000000	-1.000000000000000	-1.000000000000000	-172927.910376300889766	0.011000000000000
6_6_4_2_3_3_4_8_2_2_1_3_5_8_4_5_3_3_5_4_3_4_4_2	1	1091318.970488533377647	14152.629187035476207	2438368.843955497257411	0.950000000000000	-164785.286365324951475	0.009000000000000
7_5_7_4_3_3_4_2_2_2_1_3_5_11_4_5_3_3_5_4_3_4_4_1	-1	-1.000000000000000	-1.000000000000000	-1.000000000000000	-1.000000000000000	-169913.265478791901842	0.010000000000000
7_5_5_3_3_3_4_7_2_2_1_3_5_8_4_5_3_3_5_4_3_4_4_1	1	1098797.331468164455146	15244.205365529291157	2382869.226827424019575	1.223000000000000	-166965.715128781419480	0.006000000000000
6_7_5_2_3_3_4_4_2_2_1_3_5_10_4_5_3_3_5_4_3_4_4_1	-1	-1.000000000000000	-1.000000000000000	-1.000000000000000	-1.000000000000000	-167502.925933675316628	0.016000000000000
7_7_6_2_3_3_4_2_2_2_1_3_5_10_4_5_3_3_5_4_3_4_4_1	-1	-1.000000000000000	-1.000000000000000	-1.000000000000000	-1.000000000000000	-171375.903546094981721	0.009000000000000
7_5_7_2_3_3_4_3_2_2_1_3_5_9_4_5_3_3_5_6_3_4_4_1	1	1098656.063302789581940	14068.584341959274752	2310482.733138249255717	2.077000000000000	-169269.025070747244172	0.015000000000000
7_7_7_2_3_3_5_2_2_2_1_3_5_9_4_5_3_3_5_4_3_4_4_1	1	1093630.092376560438424	14015.466587632421579	2252548.863720029592514	1.557000000000000	-171250.016972771554720	0.011000000000000
8_5_7_2_4_3_4_2_2_2_1_3_5_11_4_5_3_3_5_4_3_4_4_1	-1	-1.000000000000000	-1.000000000000000	-1.000000000000000	-1.000000000000000	-171250.651953444932587	0.086000000000000
7_8_7_2_3_3_4_2_2_2_1_3_5_9_4_5_3_3_5_4_3_4_4_1	1	1092666.762052052188665	14151.643890842016845	2228965.436886820942163	1.325000000000000	-172409.785384203220019	0.013000000000000
7_8_7_3_3_3_4_2_2_2_1_3_5_9_4_5_3_3_5_4_3_4_4_1	-1	-1.000000000000000	-1.000000000000000	-1.000000000000000	-1.000000000000000	-169849.229565867281053	0.010000000000000
6_6_5_2_3_3_5_3_2_2_1_3_5_10_4_5_3_3_5_4_3_4_4_3	1	1091198.991165250306949	13877.722553095747571	2326014.816604320425540	0.823000000000000	-167309.138710550323594	0.006000000000000
7_8_7_2_3_3_4_2_2_2_1_3_5_9_4_5_3_3_5_4_3_5_4_1	-1	-1.000000000000000	-1.000000000000000	-1.000000000000000	-1.000000000000000	-172400.030665071710246	0.013000000000000
5_7_6_2_3_3_5_2_2_2_1_3_5_10_4_5_3_3_5_4_3_4_4_3	-1	-1.000000000000000	-1.000000000000000	-1.000000000000000	-1.000000000000000	-166317.084071796532953	0.012000000000000
6_8_7_2_3_3_4_2_2_2_1_3_5_9_4_5_3_3_5_4_4_4_4_2	-1	-1.000000000000000	-1.000000000000000	-1.000000000000000	-1.000000000000000	-171049.025240323098842	0.012000000000000
7_8_7_2_3_3_5_2_2_2_1_3_5_9_4_5_3_3_5_4_3_4_4_1	1	1092561.830324336187914	14151.643890842016845	2220598.029466751031578	1.387000000000000	-172409.785384203220019	0.015000000000000
7_8_7_2_3_3_4_2_2_2_1_3_5_9_4_5_4_3_5_4_3_4_4_1	-1	-1.000000000000000	-1.000000000000000	-1.000000000000000	-1.000000000000000	-172409.785384203220019	0.010000000000000
7_8_7_2_3_3_5_2_2_2_1_3_5_7_4_5_3_3_5_4_3_4_4_1	-1	-1.000000000000000	-1.000000000000000	-1.000000000000000	-1.000000000000000	-168099.970663631276693	0.010000000000000
7_8_7_2_3_4_4_2_2_2_1_3_5_9_4_5_3_3_5_4_3_4_4_1	-1	-1.000000000000000	-1.000000000000000	-1.000000000000000	-1.000000000000000	-172365.497758321813308	0.013000000000000
7_5_6_2_3_3_4_6_2_2_1_3_5_9_4_5_3_3_5_4_3_5_4_1	-1	-1.000000000000000	-1.000000000000000	-1.000000000000000	-1.000000000000000	-169787.291078332375037	0.008000000000000
7_8_7_2_3_3_4_3_2_2_1_3_5_9_4_5_3_3_5_4_3_4_4_1	-1	-1.000000000000000	-1.000000000000000	-1.000000000000000	-1.000000000000000	-172409.785384203220019	0.019000000000000
6_5_5_2_3_3_4_8_2_2_1_3_5_7_4_5_3_4_5_4_3_4_4_3	-1	-1.000000000000000	-1.000000000000000	-1.000000000000000	-1.000000000000000	-163996.580237414862495	0.010000000000000
6_5_7_2_3_3_4_2_2_2_1_3_5_11_4_5_3_3_5_6_3_4_4_1	-1	-1.000000000000000	-1.000000000000000	-1.000000000000000	-1.000000000000000	-168312.530895531817805	0.011000000000000
7_8_7_2_3_3_4_2_2_2_1_3_5_9_4_5_3_3_5_4_3_4_4_2	1	1092271.389061765279621	14151.643890842016845	2191375.130946809891611	1.219000000000000	-172435.708592056529596	0.017000000000000
6_8_6_2_3_3_4_2_2_3_1_3_5_9_4_5_3_3_5_4_3_4_4_3	-1	-1.000000000000000	-1.000000000000000	-1.000000000000000	-1.000000000000000	-170571.222700322367018	0.008000000000000
7_6_6_2_3_3_4_2_2_2_1_3_5_9_4_5_3_4_5_7_3_4_4_1	-1	-1.000000000000000	-1.000000000000000	-1.000000000000000	-1.000000000000000	-167640.333088570710970	0.008000000000000
7_8_7_2_3_3_4_2_2_2_1_4_5_9_4_5_3_3_5_4_3_4_4_1	-1	-1.000000000000000	-1.000000000000000	-1.000000000000000	-1.000000000000000	-172409.785384203220019	0.012000000000000
7_8_7_2_3_3_4_2_2_2_1_3_5_8_4_5_3_3_5_4_3_4_4_1	1	1092823.849124013911933	14170.716680419904151	2248605.423199671786278	1.323000000000000	-170369.667688316374552	0.012000000000000
7_8_7_2_3_3_4_2_2_2_1_3_5_8_4_5_3_3_5_4_3_4_4_2	1	1092425.051298263017088	14170.716680419904151	2210978.849968371447176	0.995000000000000	-170541.407309118338162	0.012000000000000
7_8_7_2_3_3_5_2_2_2_1_3_5_8_4_5_3_3_5_4_3_4_4_1	1	1092718.917396297911182	14170.716680419904151	2240238.015779602341354	0.994000000000000	-170369.667688316374552	0.007000000000000
7_6_6_2_3_3_6_2_2_2_1_3_5_10_4_6_3_3_5_4_3_4_4_1	-1	-1.000000000000000	-1.000000000000000	-1.000000000000000	-1.000000000000000	-169051.699435603019083	0.011000000000000
6_8_7_2_3_3_4_2_2_2_1_3_5_9_4_5_3_3_5_4_3_4_4_2	1	1090535.264824416721240	14144.038618332626356	2203884.000697488896549	1.194000000000000	-171049.025240323098842	0.013000000000000
6_8_6_2_3_3_4_2_2_2_1_3_5_10_4_5_3_4_5_5_3_4_4_1	-1	-1.000000000000000	-1.000000000000000	-1.000000000000000	-1.000000000000000	-168214.308398172433954	0.009000000000000
5_8_6_2_3_3_4_4_2_2_1_3_5_9_4_5_3_3_5_4_3_4_4_2	-1	-1.000000000000000	-1.000000000000000	-1.000000000000000	-1.000000000000000	-167679.417343887587776	0.008000000000000
7_8_6_2_3_3_4_2_2_2_1_3_5_9_4_5_3_3_5_4_3_4_4_2	-1	-1.000000000000000	-1.000000000000000	-1.000000000000000	-1.000000000000000	-170328.423915486433543	0.021000000000000
7_5_7_2_3_3_6_2_2_2_1_3_5_10_4_6_3_3_5_4_3_4_4_1	-1	-1.000000000000000	-1.000000000000000	-1.000000000000000	-1.000000000000000	-169334.505729219818022	0.009000000000000
6_7_6_2_4_3_4_2_2_2_1_3_5_10_4_5_3_3_5_6_3_4_4_1	-1	-1.000000000000000	-1.000000000000000	-1.000000000000000	-1.000000000000000	-169140.129348035319708	0.010000000000000
7_5_7_3_3_3_4_2_2_2_1_3_5_11_4_6_3_3_5_4_3_4_4_1	-1	-1.000000000000000	-1.000000000000000	-1.000000000000000	-1.000000000000000	-169202.538698278192896	0.010000000000000
7_5_7_3_3_3_4_2_2_2_1_3_5_10_4_5_3_3_5_4_3_4_4_3	-1	-1.000000000000000	-1.000000000000000	-1.000000000000000	-1.000000000000000	-170266.276956289802911	0.011000000000000
6_8_7_2_3_4_4_2_2_2_1_3_5_9_4_5_3_3_5_4_3_4_4_2	-1	-1.000000000000000	-1.000000000000000	-1.000000000000000	-1.000000000000000	-170984.960459301801166	0.009000000000000
6_8_6_3_3_3_4_2_2_2_1_3_5_9_4_5_3_3_5_4_3_4_4_3	-1	-1.000000000000000	-1.000000000000000	-1.000000000000000	-1.000000000000000	-167027.555053527990822	0.012000000000000
6_8_7_2_3_3_4_2_3_2_1_3_5_9_4_5_3_3_5_4_3_4_4_2	-1	-1.000000000000000	-1.000000000000000	-1.000000000000000	-1.000000000000000	-171049.025240323098842	0.007000000000000
6_8_7_2_3_3_4_2_2_2_1_3_5_10_4_5_3_3_5_4_3_4_4_2	-1	-1.000000000000000	-1.000000000000000	-1.000000000000000	-1.000000000000000	-172046.345402697275858	0.014000000000000
6_6_6_2_3_3_4_2_2_2_1_4_5_10_4_5_3_3_5_7_3_4_4_1	-1	-1.000000000000000	-1.000000000000000	-1.000000000000000	-1.000000000000000	-168195.362718716409290	0.014000000000000
6_5_7_3_3_3_5_2_2_2_1_3_5_10_4_5_3_3_5_4_3_4_4_2	-1	-1.000000000000000	-1.000000000000000	-1.000000000000000	-1.000000000000000	-168102.532722266099881	0.009000000000000
6_9_7_2_3_3_4_2_2_2_1_3_5_9_4_5_3_3_5_4_3_4_4_2	-1	-1.000000000000000	-1.000000000000000	-1.000000000000000	-1.000000000000000	-170634.704229353665141	0.014000000000000
7_6_5_2_3_3_4_2_2_2_1_3_5_9_4_5_3_3_5_7_3_4_4_1	-1	-1.000000000000000	-1.000000000000000	-1.000000000000000	-1.000000000000000	-166343.117677984671900	0.012000000000000
6_8_6_2_3_3_4_2_2_2_1_3_5_9_4_5_3_3_5_4_3_4_4_2	1	1090415.535930398851633	14087.328614716476295	2246483.776345032732934	4.024000000000000	-169822.937822634296026	0.010000000000000
6_5_5_2_3_3_4_9_2_2_1_3_5_7_4_5_3_3_5_4_3_4_4_3	-1	-1.000000000000000	-1.000000000000000	-1.000000000000000	-1.000000000000000	-165666.644587819930166	0.007000000000000
6_8_6_2_3_3_4_2_2_2_1_3_5_9_4_5_3_3_5_4_3_4_4_4	-1	-1.000000000000000	-1.000000000000000	-1.000000000000000	-1.000000000000000	-170503.246870750619564	0.013000000000000
6_7_6_2_3_3_4_4_2_2_2_3_5_8_4_5_3_3_5_4_3_4_4_3	-1	-1.000000000000000	-1.000000000000000	-1.000000000000000	-1.000000000000000	-169112.391058545443229	0.008000000000000
5_8_7_2_3_3_4_2_2_2_1_3_5_9_4_5_3_3_5_4_3_4_4_2	-1	-1.000000000000000	-1.000000000000000	-1.000000000000000	-1.000000000000000	-167119.793760932137957	0.007000000000000
8_6_7_2_3_3_4_2_2_2_1_3_5_9_4_5_3_3_5_4_3_4_4_1	1	1099411.322275724261999	13959.519164593515598	2281492.633384863846004	0.440000000000000	-170750.249242055957438	0.008000000000000
5_8_7_2_3_3_4_2_2_2_1_3_5_9_4_5_3_3_5_4_3_4_4_3	-1	-1.000000000000000	-1.000000000000000	-1.000000000000000	-1.000000000000000	-168812.331846531829797	0.014000000000000
6_8_6_2_3_3_4_2_2_2_1_3_5_10_4_5_3_3_5_5_3_4_5_1	-1	-1.000000000000000	-1.000000000000000	-1.000000000000000	-1.000000000000000	-169776.051294824341312	0.013000000000000
6_8_7_2_3_3_4_2_2_3_1_3_5_10_4_5_3_3_5_4_3_4_4_1	-1	-1.000000000000000	-1.000000000000000	-1.000000000000000	-1.000000000000000	-171059.062162166374037	0.015000000000000
6_7_7_2_3_3_4_2_2_2_1_3_5_9_4_5_3_3_5_4_3_4_4_3	-1	-1.000000000000000	-1.000000000000000	-1.000000000000000	-1.000000000000000	-171089.702316009264905	0.013000000000000
7_5_7_3_3_3_4_2_2_3_1_3_5_10_4_5_3_3_5_4_3_4_4_2	-1	-1.000000000000000	-1.000000000000000	-1.000000000000000	-1.000000000000000	-170740.702381472598063	0.009000000000000
7_8_6_2_3_3_4_2_2_2_1_3_5_9_4_5_3_3_5_4_3_4_4_3	-1	-1.000000000000000	-1.000000000000000	-1.000000000000000	-1.000000000000000	-170538.235005441616522	0.014000000000000
7_5_7_3_3_3_4_2_2_2_1_3_5_10_4_5_3_3_5_4_3_4_4_2	1	1098701.675601389957592	14032.673313522816898	2244538.728999963495880	2.068000000000000	-170740.702381472598063	0.011000000000000
7_7_7_2_4_3_5_2_2_2_1_3_5_9_4_5_3_3_5_4_3_4_4_1	-1	-1.000000000000000	-1.000000000000000	-1.000000000000000	-1.000000000000000	-171193.735403918544762	0.009000000000000
6_8_6_2_3_3_4_2_2_2_2_3_5_9_4_5_3_3_5_4_3_4_4_3	-1	-1.000000000000000	-1.000000000000000	-1.000000000000000	-1.000000000000000	-170571.222700322367018	0.009000000000000
6_8_6_2_3_3_4_2_2_2_1_3_5_9_4_5_3_3_6_4_3_4_4_3	-1	-1.000000000000000	-1.000000000000000	-1.000000000000000	-1.000000000000000	-170571.222700322367018	0.011000000000000
6_8_6_2_3_3_4_2_2_2_1_3_5_10_4_5_3_3_5_4_3_4_4_3	-1	-1.000000000000000	-1.000000000000000	-1.000000000000000	-1.000000000000000	-170706.784947397361975	0.013000000000000
6_8_6_2_3_3_4_2_2_2_1_3_5_9_4_5_3_3_5_5_3_4_4_3	-1	-1.000000000000000	-1.000000000000000	-1.000000000000000	-1.000000000000000	-170571.222700322367018	0.013000000000000
6_7_6_2_3_3_5_2_2_2_1_3_6_9_4_5_3_3_5_4_3_4_4_3	-1	-1.000000000000000	-1.000000000000000	-1.000000000000000	-1.000000000000000	-169561.367292668554001	0.012000000000000
6_7_7_2_3_3_4_2_2_2_1_3_5_9_4_5_3_3_5_7_3_4_4_1	-1	-1.000000000000000	-1.000000000000000	-1.000000000000000	-1.000000000000000	-169923.810456113773398	0.009000000000000
6_8_6_2_3_3_4_2_2_2_1_4_5_9_4_5_3_3_5_4_3_4_4_3	-1	-1.000000000000000	-1.000000000000000	-1.000000000000000	-1.000000000000000	-170571.222700322367018	0.009000000000000
6_8_6_2_3_3_4_2_3_2_1_3_5_9_4_5_3_3_5_4_3_4_4_3	-1	-1.000000000000000	-1.000000000000000	-1.000000000000000	-1.000000000000000	-170571.222700322367018	0.010000000000000
6_7_6_2_3_3_6_2_2_2_1_3_5_9_4_5_3_3_5_4_3_4_4_3	1	1090887.508790010586381	14105.078624421526911	2249086.017390783876181	1.195000000000000	-169896.527309732424328	0.007000000000000
6_7_6_2_3_3_4_2_2_2_1_3_6_9_4_5_3_3_5_7_3_4_4_1	-1	-1.000000000000000	-1.000000000000000	-1.000000000000000	-1.000000000000000	-169403.616474964976078	0.013000000000000
6_8_7_3_3_3_4_2_2_2_1_3_5_8_4_5_3_3_5_6_3_4_4_1	-1	-1.000000000000000	-1.000000000000000	-1.000000000000000	-1.000000000000000	-165375.516415407473687	0.010000000000000
6_8_6_2_3_3_4_2_2_2_1_3_5_9_4_5_3_3_5_4_3_4_5_3	-1	-1.000000000000000	-1.000000000000000	-1.000000000000000	-1.000000000000000	-170571.222700322367018	0.011000000000000
7_5_7_2_3_3_6_3_2_2_1_3_5_9_4_5_3_3_5_5_3_4_4_1	-1	-1.000000000000000	-1.000000000000000	-1.000000000000000	-1.000000000000000	-169101.085990132560255	0.013000000000000
6_5_5_2_3_3_4_8_2_2_1_3_5_7_5_5_3_3_5_4_3_4_4_3	-1	-1.000000000000000	-1.000000000000000	-1.000000000000000	-1.000000000000000	-164518.893092415702995	0.008000000000000
6_7_6_3_3_3_4_2_2_2_1_3_5_9_4_5_3_3_5_7_3_4_4_1	-1	-1.000000000000000	-1.000000000000000	-1.000000000000000	-1.000000000000000	-166828.388623891922180	0.009000000000000
6_7_6_2_3_3_4_2_2_2_1_3_5_9_4_5_3_3_5_4_3_4_4_3	1	1090943.943673828383908	14073.325553590300842	2264053.327979809138924	1.268000000000000	-169833.070422058983240	0.009000000000000
8_7_7_2_3_3_4_2_2_2_1_3_5_9_4_5_3_4_5_4_3_4_4_1	-1	-1.000000000000000	-1.000000000000000	-1.000000000000000	-1.000000000000000	-170267.326305349241011	0.010000000000000
6_8_6_2_3_3_4_2_2_2_1_3_5_8_4_5_3_3_5_4_3_4_4_3	1	1090256.628586280159652	14172.210565658187988	2249675.717095547355711	1.062000000000000	-168595.300695957412245	0.010000000000000
7_5_7_2_3_3_5_2_3_2_1_3_5_10_4_5_3_3_5_4_3_4_4_2	-1	-1.000000000000000	-1.000000000000000	-1.000000000000000	-1.000000000000000	-170900.222407904046122	0.013000000000000
6_7_6_2_3_3_5_2_2_2_1_3_5_9_4_5_3_3_5_4_3_4_4_3	1	1090841.609843040350825	14073.325553590300842	2255645.251673540100455	1.106000000000000	-169833.070422058983240	0.008000000000000
8_5_7_2_3_3_4_2_2_3_1_3_5_11_4_5_3_3_5_4_3_4_4_1	-1	-1.000000000000000	-1.000000000000000	-1.000000000000000	-1.000000000000000	-171301.335168720135698	0.069000000000000
7_6_6_2_3_3_5_2_2_2_1_3_5_10_4_5_3_3_5_4_3_5_4_2	1	1094395.500514305429533	13732.669903091882588	2248650.650614500511438	1.586000000000000	-170634.819898219691822	0.007000000000000
6_7_6_2_3_3_4_3_2_2_1_3_5_9_4_5_3_3_5_4_3_4_4_3	1	1090890.589041754370555	14105.078624421526911	2249045.194157899823040	1.232000000000000	-169833.070422058983240	0.012000000000000
8_5_6_2_3_3_4_2_2_2_1_3_5_11_4_5_3_3_5_4_3_4_4_1	1	1102574.682303095934913	13975.170213114943181	2334417.562799781560898	0.449000000000000	-169040.286953333474230	0.009000000000000
6_8_6_2_3_3_5_2_2_2_1_3_5_8_4_5_3_3_5_4_3_4_4_3	1	1090154.294755492359400	14172.210565658187988	2241267.640789277851582	1.057000000000000	-168595.300695957412245	0.013000000000000
6_7_6_2_3_3_4_4_2_2_1_3_5_9_5_5_3_3_5_4_3_4_4_2	-1	-1.000000000000000	-1.000000000000000	-1.000000000000000	-1.000000000000000	-169280.028786559181754	0.009000000000000
6_7_6_2_3_3_5_2_2_2_1_4_5_9_4_5_3_3_5_4_3_4_4_3	-1	-1.000000000000000	-1.000000000000000	-1.000000000000000	-1.000000000000000	-169833.070422058983240	0.010000000000000
6_7_6_2_3_4_5_2_2_2_1_3_5_9_4_5_3_3_5_4_3_4_4_3	-1	-1.000000000000000	-1.000000000000000	-1.000000000000000	-1.000000000000000	-169764.574695106246509	0.009000000000000
6_7_6_2_3_3_5_2_2_2_1_3_5_9_4_5_3_3_5_4_3_4_4_4	-1	-1.000000000000000	-1.000000000000000	-1.000000000000000	-1.000000000000000	-169571.535393737460254	0.009000000000000
6_6_6_2_3_3_4_2_2_2_1_3_5_9_4_5_3_3_6_8_3_4_4_1	-1	-1.000000000000000	-1.000000000000000	-1.000000000000000	-1.000000000000000	-168697.866400489408989	0.018000000000000
6_8_7_2_3_3_4_2_2_2_1_4_5_8_4_5_3_3_5_6_3_4_4_1	-1	-1.000000000000000	-1.000000000000000	-1.000000000000000	-1.000000000000000	-168918.513843102089595	0.014000000000000
6_7_6_2_3_3_5_2_3_2_1_3_5_9_4_5_3_3_5_4_3_4_4_3	-1	-1.000000000000000	-1.000000000000000	-1.000000000000000	-1.000000000000000	-169833.070422058983240	0.010000000000000
6_7_6_2_3_3_4_5_2_2_1_3_5_7_4_5_3_3_5_4_3_4_5_3	-1	-1.000000000000000	-1.000000000000000	-1.000000000000000	-1.000000000000000	-167757.023769705439918	0.007000000000000
6_8_6_2_3_3_4_2_2_2_1_3_5_8_4_5_3_4_5_7_3_4_4_1	-1	-1.000000000000000	-1.000000000000000	-1.000000000000000	-1.000000000000000	-167073.588443109329091	0.020000000000000
6_7_6_2_3_3_5_2_2_2_1_3_5_9_4_5_3_3_5_4_3_5_4_3	-1	-1.000000000000000	-1.000000000000000	-1.000000000000000	-1.000000000000000	-169819.573070421407465	0.007000000000000
6_7_6_2_3_3_5_2_2_2_1_3_5_10_4_5_3_3_5_4_3_4_4_2	-1	-1.000000000000000	-1.000000000000000	-1.000000000000000	-1.000000000000000	-169316.705358180537587	0.008000000000000
7_6_6_2_3_3_4_2_2_2_1_3_5_9_4_5_3_3_5_7_3_5_4_1	-1	-1.000000000000000	-1.000000000000000	-1.000000000000000	-1.000000000000000	-169094.752528022101615	0.009000000000000
6_7_6_2_3_3_5_2_2_2_1_3_5_9_4_5_3_3_5_4_3_4_5_3	-1	-1.000000000000000	-1.000000000000000	-1.000000000000000	-1.000000000000000	-169833.070422058983240	0.009000000000000
6_7_6_2_3_3_4_4_2_2_1_3_6_9_4_5_3_3_5_4_3_4_4_2	-1	-1.000000000000000	-1.000000000000000	-1.000000000000000	-1.000000000000000	-170051.757361159921857	0.007000000000000
6_7_6_2_3_3_4_4_2_2_1_4_5_8_4_5_3_3_5_4_3_4_4_3	-1	-1.000000000000000	-1.000000000000000	-1.000000000000000	-1.000000000000000	-169112.391058545443229	0.008000000000000
6_7_7_2_3_3_5_2_2_2_1_3_5_9_4_5_3_3_5_4_3_4_4_3	-1	-1.000000000000000	-1.000000000000000	-1.000000000000000	-1.000000000000000	-171089.702316009264905	0.009000000000000
6_7_6_2_3_3_4_2_2_2_1_3_5_9_4_5_3_3_5_6_3_4_4_1	-1	-1.000000000000000	-1.000000000000000	-1.000000000000000	-1.000000000000000	-169393.093717111536535	0.006000000000000
7_7_7_2_3_3_4_2_3_2_1_3_5_9_4_5_3_3_5_4_3_4_4_2	-1	-1.000000000000000	-1.000000000000000	-1.000000000000000	-1.000000000000000	-171524.877629168913700	0.007000000000000
6_7_6_2_3_3_5_3_2_2_1_3_5_9_4_5_3_3_5_4_3_4_4_3	-1	-1.000000000000000	-1.000000000000000	-1.000000000000000	-1.000000000000000	-169833.070422058983240	0.007000000000000
6_8_6_2_3_3_4_2_2_2_1_4_5_8_4_5_3_3_5_7_3_4_4_1	-1	-1.000000000000000	-1.000000000000000	-1.000000000000000	-1.000000000000000	-168540.807455597183434	0.021000000000000
7_5_7_2_3_3_4_2_2_2_1_3_5_11_4_5_3_3_5_4_3_4_4_2	-1	-1.000000000000000	-1.000000000000000	-1.000000000000000	-1.000000000000000	-171041.829606589104515	0.010000000000000
7_6_5_2_3_3_4_5_2_2_1_3_5_10_4_5_3_3_5_4_3_4_4_1	1	1093685.873335322365165	13717.000860230578837	2355311.140220877714455	1.162000000000000	-170798.363294538838090	0.009000000000000
6_7_6_2_3_3_5_2_2_2_1_3_5_9_4_5_3_3_5_5_3_4_4_3	-1	-1.000000000000000	-1.000000000000000	-1.000000000000000	-1.000000000000000	-169833.070422058983240	0.009000000000000
7_6_7_2_3_3_5_2_2_2_1_3_5_9_4_5_3_3_5_4_3_4_4_3	1	1095589.458592403447255	14000.810310319564451	2235724.512325476389378	2.034000000000000	-170949.663282882218482	0.009000000000000
7_5_7_2_3_3_5_2_2_2_1_3_5_9_4_5_3_3_5_6_4_4_4_1	-1	-1.000000000000000	-1.000000000000000	-1.000000000000000	-1.000000000000000	-169269.025070747244172	0.013000000000000
6_7_6_2_3_3_5_2_2_3_1_3_5_9_4_5_3_3_5_4_3_4_4_3	-1	-1.000000000000000	-1.000000000000000	-1.000000000000000	-1.000000000000000	-169833.070422058983240	0.010000000000000
6_5_5_2_3_3_4_8_2_2_1_3_6_9_4_5_3_3_5_4_3_4_4_1	-1	-1.000000000000000	-1.000000000000000	-1.000000000000000	-1.000000000000000	-167669.579169605800416	0.008000000000000
6_7_6_2_3_3_5_2_2_2_1_3_5_9_4_6_3_3_5_4_3_4_4_3	-1	-1.000000000000000	-1.000000000000000	-1.000000000000000	-1.000000000000000	-168359.904740172205493	0.012000000000000
7_5_6_2_3_3_4_2_2_2_1_3_5_10_4_5_3_3_5_8_3_4_4_1	1	1098519.509525777073577	13880.889106509701378	2345078.809551940299571	1.795000000000000	-169225.212585985864280	0.011000000000000
6_7_6_2_3_3_5_2_2_2_1_3_5_10_4_5_3_3_5_4_3_4_4_3	1	1090704.528566028689966	14027.448125549813994	2239042.849518412724137	1.042000000000000	-169961.852725926524727	0.011000000000000
6_7_6_2_3_3_5_2_2_2_1_3_5_8_4_5_3_3_5_4_3_4_4_3	1	1091010.315576953114942	14155.550640332043258	2275483.142437998671085	4.017000000000000	-167851.784049549489282	0.009000000000000
8_5_6_2_3_3_4_6_2_2_1_3_5_9_4_5_3_3_5_4_3_4_4_1	-1	-1.000000000000000	-1.000000000000000	-1.000000000000000	-1.000000000000000	-169279.972471437067725	0.008000000000000
5_7_6_2_3_3_5_2_2_2_1_3_5_9_4_5_3_3_5_4_3_4_4_3	-1	-1.000000000000000	-1.000000000000000	-1.000000000000000	-1.000000000000000	-166460.190103192231618	0.009000000000000
7_5_6_2_3_3_6_2_2_2_1_3_5_10_4_5_3_3_5_5_3_4_4_1	-1	-1.000000000000000	-1.000000000000000	-1.000000000000000	-1.000000000000000	-169389.576747933053412	0.024000000000000
6_7_6_2_3_3_5_2_2_2_1_3_5_9_4_5_3_3_5_4_3_4_4_2	-1	-1.000000000000000	-1.000000000000000	-1.000000000000000	-1.000000000000000	-169498.568330620706547	0.007000000000000
6_6_6_2_3_3_6_2_2_2_1_3_5_9_4_5_3_3_5_4_3_4_4_3	1	1091918.094075475586578	14093.707190583671036	2290782.469104983843863	1.528000000000000	-168756.156450639420655	0.014000000000000
7_5_7_2_3_3_6_2_2_2_1_3_5_9_4_5_3_3_5_5_3_4_4_1	1	1098617.067674185149372	14068.584341959274752	2316896.455466653686017	1.840000000000000	-169101.085990132560255	0.009000000000000
6_7_6_2_3_3_4_2_2_2_1_3_5_10_4_5_3_3_5_4_3_4_4_3	-1	-1.000000000000000	-1.000000000000000	-1.000000000000000	-1.000000000000000	-169961.852725926524727	0.013000000000000
6_6_6_2_3_3_5_2_2_2_1_3_5_11_4_5_3_3_5_4_3_4_4_3	-1	-1.000000000000000	-1.000000000000000	-1.000000000000000	-1.000000000000000	-168634.377847593219485	0.018000000000000
7_7_5_2_3_3_4_4_2_3_1_3_5_10_4_5_3_3_5_4_3_4_4_1	-1	-1.000000000000000	-1.000000000000000	-1.000000000000000	-1.000000000000000	-170275.203059837978799	0.019000000000000
7_6_6_2_3_3_6_2_2_2_2_3_5_10_4_5_3_3_5_4_3_4_4_1	-1	-1.000000000000000	-1.000000000000000	-1.000000000000000	-1.000000000000000	-170667.754881292785285	0.013000000000000
6_6_6_2_3_3_4_2_2_2_1_3_5_10_4_5_4_3_5_7_3_4_4_1	-1	-1.000000000000000	-1.000000000000000	-1.000000000000000	-1.000000000000000	-168195.362718716409290	0.013000000000000
6_6_6_2_3_3_5_2_2_2_1_3_5_10_4_5_3_3_5_4_3_5_4_3	-1	-1.000000000000000	-1.000000000000000	-1.000000000000000	-1.000000000000000	-168733.472054814745206	0.012000000000000
6_6_6_2_3_3_5_2_2_2_1_3_6_10_4_5_3_3_5_4_3_4_4_3	-1	-1.000000000000000	-1.000000000000000	-1.000000000000000	-1.000000000000000	-168466.757521294581238	0.013000000000000
6_8_5_3_3_3_4_2_2_2_1_3_5_10_4_5_3_3_5_4_3_4_4_3	-1	-1.000000000000000	-1.000000000000000	-1.000000000000000	-1.000000000000000	-165058.137571774248499	0.007000000000000
8_7_7_2_3_3_5_2_2_2_1_3_5_8_4_5_3_3_5_4_3_4_4_1	1	1096764.499467873945832	14079.956732142523833	2256753.275371694937348	0.305000000000000	-169570.561813890992198	0.008000000000000
6_6_6_2_3_3_5_2_2_2_1_3_5_10_4_5_4_3_5_4_3_4_4_3	-1	-1.000000000000000	-1.000000000000000	-1.000000000000000	-1.000000000000000	-168746.451116249721963	0.012000000000000
6_6_6_2_3_3_5_2_2_2_1_3_5_10_4_5_3_3_5_4_3_4_4_4	-1	-1.000000000000000	-1.000000000000000	-1.000000000000000	-1.000000000000000	-168657.152859781606821	0.013000000000000
6_6_6_2_3_3_6_2_2_2_1_3_5_10_4_5_3_3_5_4_3_4_4_3	1	1091758.099264373769984	14020.566892583021399	2274025.263359991833568	1.391000000000000	-168810.864733785798308	0.014000000000000
6_6_6_2_3_3_5_3_2_2_1_3_5_10_4_5_3_3_5_4_3_4_4_3	-1	-1.000000000000000	-1.000000000000000	-1.000000000000000	-1.000000000000000	-168746.451116249721963	0.010000000000000
7_5_7_2_3_3_4_2_2_2_1_3_5_10_5_5_3_3_5_6_3_4_4_1	-1	-1.000000000000000	-1.000000000000000	-1.000000000000000	-1.000000000000000	-170109.469720472494373	0.009000000000000
7_6_6_2_3_3_5_2_2_2_1_3_5_10_4_5_3_3_5_4_3_4_4_3	1	1093932.410218258621171	13857.723154367296956	2264845.980231048539281	1.847000000000000	-169738.285882355063222	0.014000000000000
6_6_6_2_4_3_5_2_2_2_1_3_5_10_4_5_3_3_5_4_3_4_4_3	-1	-1.000000000000000	-1.000000000000000	-1.000000000000000	-1.000000000000000	-168677.826186513964785	0.015000000000000
6_6_6_2_3_4_5_2_2_2_1_3_5_10_4_5_3_3_5_4_3_4_4_3	-1	-1.000000000000000	-1.000000000000000	-1.000000000000000	-1.000000000000000	-168669.939435081527336	0.017000000000000
6_8_7_2_3_4_4_2_2_2_1_3_5_10_4_5_3_3_5_4_3_4_4_1	-1	-1.000000000000000	-1.000000000000000	-1.000000000000000	-1.000000000000000	-170973.245961870066822	0.010000000000000
7_5_7_3_3_3_4_2_2_3_1_3_5_11_4_5_3_3_5_4_3_4_4_1	-1	-1.000000000000000	-1.000000000000000	-1.000000000000000	-1.000000000000000	-170576.922368603234645	0.010000000000000
6_6_6_2_3_3_5_2_2_2_1_3_5_10_4_6_3_3_5_4_3_4_4_3	-1	-1.000000000000000	-1.000000000000000	-1.000000000000000	-1.000000000000000	-167135.709262290794868	0.017000000000000
6_7_6_2_3_3_4_3_2_2_1_3_5_10_4_5_3_3_5_6_3_4_4_1	-1	-1.000000000000000	-1.000000000000000	-1.000000000000000	-1.000000000000000	-169194.596087509300560	0.013000000000000
6_6_6_2_3_3_5_2_2_2_1_3_5_10_4_5_3_3_5_5_3_4_4_3	-1	-1.000000000000000	-1.000000000000000	-1.000000000000000	-1.000000000000000	-168746.451116249721963	0.019000000000000
6_6_6_2_3_3_5_2_2_2_1_4_5_10_4_5_3_3_5_4_3_4_4_3	-1	-1.000000000000000	-1.000000000000000	-1.000000000000000	-1.000000000000000	-168746.451116249721963	0.018000000000000
6_8_6_2_3_3_4_2_2_2_1_3_5_10_4_6_3_3_5_5_3_4_4_1	-1	-1.000000000000000	-1.000000000000000	-1.000000000000000	-1.000000000000000	-168111.722294895851519	0.016000000000000
6_6_6_2_3_3_5_2_2_2_1_3_5_10_4_5_3_3_6_4_3_4_4_3	-1	-1.000000000000000	-1.000000000000000	-1.000000000000000	-1.000000000000000	-168746.451116249721963	0.017000000000000
6_6_6_2_3_3_5_2_2_2_2_3_5_10_4_5_3_3_5_4_3_4_4_3	-1	-1.000000000000000	-1.000000000000000	-1.000000000000000	-1.000000000000000	-168746.451116249721963	0.015000000000000
7_5_7_3_3_3_4_3_2_2_1_3_5_11_4_5_3_3_5_4_3_4_4_1	-1	-1.000000000000000	-1.000000000000000	-1.000000000000000	-1.000000000000000	-170576.922368603234645	0.013000000000000
6_8_4_2_3_3_4_2_2_2_1_3_5_10_4_5_3_3_5_4_3_4_4_3	-1	-1.000000000000000	-1.000000000000000	-1.000000000000000	-1.000000000000000	-164813.059576900704997	0.007000000000000
6_6_6_2_3_3_5_2_2_2_1_3_5_10_4_5_3_3_5_4_4_4_4_3	-1	-1.000000000000000	-1.000000000000000	-1.000000000000000	-1.000000000000000	-168746.451116249721963	0.014000000000000
6_6_7_2_3_3_4_2_2_2_1_3_5_9_4_5_3_3_5_7_3_4_4_1	-1	-1.000000000000000	-1.000000000000000	-1.000000000000000	-1.000000000000000	-168373.933040716656251	0.009000000000000
6_6_6_2_3_3_5_2_3_2_1_3_5_10_4_5_3_3_5_4_3_4_4_3	-1	-1.000000000000000	-1.000000000000000	-1.000000000000000	-1.000000000000000	-168746.451116249721963	0.016000000000000
7_6_7_2_3_3_4_2_2_2_1_3_5_9_4_5_3_3_5_6_3_4_4_1	-1	-1.000000000000000	-1.000000000000000	-1.000000000000000	-1.000000000000000	-170892.677898824069416	0.014000000000000
7_6_7_2_3_3_4_2_2_2_1_3_5_11_4_5_4_3_5_4_3_4_4_1	-1	-1.000000000000000	-1.000000000000000	-1.000000000000000	-1.000000000000000	-171959.760502484918106	0.011000000000000
6_5_7_3_3_3_4_2_2_2_1_3_5_10_4_5_3_3_5_4_3_4_4_2	-1	-1.000000000000000	-1.000000000000000	-1.000000000000000	-1.000000000000000	-168102.532722266099881	0.008000000000000
6_6_7_2_3_3_5_2_2_2_1_3_5_10_4_5_3_3_5_4_3_4_4_3	-1	-1.000000000000000	-1.000000000000000	-1.000000000000000	-1.000000000000000	-169978.658810662804171	0.014000000000000
6_8_6_2_3_3_4_2_2_2_1_4_5_10_4_5_3_3_5_5_3_4_4_1	-1	-1.000000000000000	-1.000000000000000	-1.000000000000000	-1.000000000000000	-169776.074376338743605	0.009000000000000
6_6_6_2_3_3_5_2_2_2_1_3_5_10_4_5_3_3_5_4_3_4_5_3	-1	-1.000000000000000	-1.000000000000000	-1.000000000000000	-1.000000000000000	-168746.451116249721963	0.011000000000000
6_5_6_2_3_3_5_2_2_2_1_3_5_10_4_5_3_3_5_4_3_4_4_3	1	1094541.143308738246560	13957.265802844656719	2331484.629598909988999	1.272000000000000	-167914.835326745000202	0.011000000000000
6_6_6_2_3_3_4_2_2_2_1_3_5_10_4_5_3_3_5_4_3_4_4_3	-1	-1.000000000000000	-1.000000000000000	-1.000000000000000	-1.000000000000000	-168746.451116249721963	0.011000000000000
7_5_6_2_3_3_4_6_2_2_1_3_5_10_4_5_3_3_5_4_3_4_4_1	1	1097326.500589031260461	13889.938738852095412	2333129.375788094941527	1.381000000000000	-171745.786036444042111	0.008000000000000
5_7_5_2_3_3_4_3_2_2_1_3_5_10_4_5_3_3_5_4_3_4_4_3	-1	-1.000000000000000	-1.000000000000000	-1.000000000000000	-1.000000000000000	-164694.171200021024561	0.005000000000000
6_7_6_2_3_3_4_2_2_3_1_3_5_10_4_5_3_3_5_6_3_4_4_1	-1	-1.000000000000000	-1.000000000000000	-1.000000000000000	-1.000000000000000	-169194.596087509300560	0.013000000000000
7_7_5_2_3_3_4_4_2_2_1_3_5_10_4_5_3_3_5_4_4_4_4_1	-1	-1.000000000000000	-1.000000000000000	-1.000000000000000	-1.000000000000000	-170382.805129305197624	0.014000000000000
6_6_6_2_3_3_5_2_2_2_1_3_5_10_4_5_3_3_5_4_3_4_4_2	1	1092163.780475990381092	14020.566892583021399	2297215.217994224745780	1.361000000000000	-167920.335968073835829	0.010000000000000
5_6_6_2_3_3_5_2_2_2_1_3_5_10_4_5_3_3_5_4_3_4_4_3	-1	-1.000000000000000	-1.000000000000000	-1.000000000000000	-1.000000000000000	-164346.328317782958038	0.011000000000000
7_7_6_2_3_3_5_2_2_2_1_3_5_10_4_5_3_3_5_4_3_4_4_2	-1	-1.000000000000000	-1.000000000000000	-1.000000000000000	-1.000000000000000	-171046.565429497743025	0.009000000000000
7_8_7_2_3_3_4_2_2_2_1_3_5_7_4_5_3_3_5_6_3_4_4_1	-1	-1.000000000000000	-1.000000000000000	-1.000000000000000	-1.000000000000000	-168432.318744460586458	0.011000000000000
7_6_6_2_3_3_5_2_2_2_1_3_5_10_5_5_3_3_5_4_3_4_4_2	-1	-1.000000000000000	-1.000000000000000	-1.000000000000000	-1.000000000000000	-169676.201537134591490	0.010000000000000
7_6_6_2_3_3_5_2_2_2_1_3_5_10_4_6_3_3_5_4_3_4_4_2	-1	-1.000000000000000	-1.000000000000000	-1.000000000000000	-1.000000000000000	-169170.759291494090576	0.012000000000000
7_6_6_2_3_3_5_2_3_2_1_3_5_10_4_5_3_3_5_4_3_4_4_2	-1	-1.000000000000000	-1.000000000000000	-1.000000000000000	-1.000000000000000	-170626.937862393620890	0.009000000000000
7_5_8_3_3_3_4_2_2_2_1_3_5_10_4_5_3_3_5_4_3_4_4_2	-1	-1.000000000000000	-1.000000000000000	-1.000000000000000	-1.000000000000000	-169762.630544476851355	0.011000000000000
7_6_7_2_3_3_5_2_2_2_1_3_5_10_4_5_3_3_5_4_3_4_4_2	-1	-1.000000000000000	-1.000000000000000	-1.000000000000000	-1.000000000000000	-172483.848938473442104	0.009000000000000
8_5_7_2_3_3_4_2_2_2_1_3_5_11_4_5_3_3_5_4_3_5_4_1	-1	-1.000000000000000	-1.000000000000000	-1.000000000000000	-1.000000000000000	-171291.985722830344457	0.008000000000000
7_8_6_2_3_3_5_2_2_2_1_3_5_8_4_5_3_3_5_4_3_5_4_1	1	1092750.595880738459527	13949.199945168806153	2249434.754525751341134	0.726000000000000	-168321.375922343169805	0.006000000000000
7_6_6_2_3_3_5_2_2_2_1_4_5_10_4_5_3_3_5_4_3_4_4_2	-1	-1.000000000000000	-1.000000000000000	-1.000000000000000	-1.000000000000000	-170626.937862393620890	0.011000000000000
7_5_6_2_3_3_6_2_2_2_1_3_5_9_4_5_3_3_5_6_3_4_4_1	1	1098313.638518888270482	13941.137069935120962	2357193.404968543443829	4.090000000000000	-167727.918729336379329	0.070000000000000
7_6_6_2_3_3_6_2_2_2_1_3_5_10_4_5_3_3_5_4_3_4_4_2	1	1094153.979129474842921	13857.723154367296956	2274917.625599969178438	1.645000000000000	-170663.138704501645407	0.008000000000000
7_6_6_3_3_3_5_2_2_2_1_3_5_10_4_5_3_3_5_4_3_4_4_2	-1	-1.000000000000000	-1.000000000000000	-1.000000000000000	-1.000000000000000	-169428.278951563115697	0.011000000000000
6_6_6_2_3_3_4_2_2_2_1_3_5_10_4_5_3_3_5_7_4_4_4_1	-1	-1.000000000000000	-1.000000000000000	-1.000000000000000	-1.000000000000000	-168195.362718716409290	0.015000000000000
7_5_7_2_3_3_4_5_2_2_1_3_5_10_4_5_3_3_5_4_3_4_4_1	-1	-1.000000000000000	-1.000000000000000	-1.000000000000000	-1.000000000000000	-170509.365748190990416	0.007000000000000
6_8_5_2_4_3_4_2_2_2_1_3_5_10_4_5_3_3_5_4_3_4_4_3	-1	-1.000000000000000	-1.000000000000000	-1.000000000000000	-1.000000000000000	-167954.183569366956363	0.008000000000000
7_6_6_2_3_3_5_2_2_2_1_3_5_10_4_5_3_3_6_4_3_4_4_2	-1	-1.000000000000000	-1.000000000000000	-1.000000000000000	-1.000000000000000	-170626.937862393620890	0.009000000000000
7_7_7_2_3_3_5_2_2_2_1_3_5_8_4_5_3_3_5_4_3_4_4_2	1	1093409.793693330604583	14095.122578846901888	2234499.102035995107144	1.186000000000000	-169652.025128850480542	0.017000000000000
8_6_6_2_3_3_5_2_2_2_1_3_5_10_4_5_3_3_5_4_3_4_4_2	-1	-1.000000000000000	-1.000000000000000	-1.000000000000000	-1.000000000000000	-169916.648463798279408	0.008000000000000
7_6_6_2_3_3_5_3_2_2_1_3_5_10_4_5_3_3_5_4_3_4_4_2	-1	-1.000000000000000	-1.000000000000000	-1.000000000000000	-1.000000000000000	-170626.937862393620890	0.008000000000000
7_5_7_2_4_3_4_2_2_2_1_3_5_11_4_5_3_3_5_5_3_4_4_1	-1	-1.000000000000000	-1.000000000000000	-1.000000000000000	-1.000000000000000	-170950.490052745619323	0.007000000000000
7_6_6_2_3_3_5_2_2_2_1_3_5_10_4_5_4_3_5_4_3_4_4_2	-1	-1.000000000000000	-1.000000000000000	-1.000000000000000	-1.000000000000000	-170626.937862393620890	0.009000000000000
7_5_7_2_3_3_5_2_2_2_1_3_5_8_4_5_3_3_5_7_3_4_4_1	1	1099035.048588240984827	14142.217252387679764	2331624.187764218077064	1.105000000000000	-167447.127444153069519	0.010000000000000
7_6_6_2_3_4_6_2_2_2_1_3_5_10_4_5_3_3_5_4_3_4_4_1	-1	-1.000000000000000	-1.000000000000000	-1.000000000000000	-1.000000000000000	-170601.733234050363535	0.011000000000000
6_7_6_2_3_3_4_2_2_2_1_3_5_10_4_5_3_3_5_6_3_4_5_1	-1	-1.000000000000000	-1.000000000000000	-1.000000000000000	-1.000000000000000	-169194.596087509300560	0.009000000000000
7_6_6_2_3_3_5_2_2_2_2_3_5_10_4_5_3_3_5_4_3_4_4_2	-1	-1.000000000000000	-1.000000000000000	-1.000000000000000	-1.000000000000000	-170626.937862393620890	0.009000000000000
8_6_7_3_3_3_4_2_2_2_1_3_5_10_4_5_3_3_5_4_3_4_4_1	-1	-1.000000000000000	-1.000000000000000	-1.000000000000000	-1.000000000000000	-171096.677065550931729	0.008000000000000
7_6_6_2_3_4_5_2_2_2_1_3_5_10_4_5_3_3_5_4_3_4_4_2	-1	-1.000000000000000	-1.000000000000000	-1.000000000000000	-1.000000000000000	-170588.573538708034903	0.010000000000000
7_6_7_2_3_3_4_3_2_2_1_3_5_11_4_5_3_3_5_4_3_4_4_1	-1	-1.000000000000000	-1.000000000000000	-1.000000000000000	-1.000000000000000	-171959.760502484918106	0.010000000000000
7_6_6_2_4_3_5_2_2_2_1_3_5_10_4_5_3_3_5_4_3_4_4_2	-1	-1.000000000000000	-1.000000000000000	-1.000000000000000	-1.000000000000000	-170592.516386820789194	0.008000000000000
8_6_7_2_3_3_4_2_2_2_1_3_5_10_4_6_3_3_5_4_3_4_4_1	-1	-1.000000000000000	-1.000000000000000	-1.000000000000000	-1.000000000000000	-171299.415769558312604	0.007000000000000
7_6_6_2_3_3_5_2_2_3_1_3_5_10_4_5_3_3_5_4_3_4_4_2	-1	-1.000000000000000	-1.000000000000000	-1.000000000000000	-1.000000000000000	-170626.937862393620890	0.008000000000000
7_6_6_2_3_3_5_2_2_2_1_3_5_10_4_5_3_3_5_5_3_4_4_2	-1	-1.000000000000000	-1.000000000000000	-1.000000000000000	-1.000000000000000	-170626.937862393620890	0.010000000000000
7_6_6_2_3_3_5_2_2_2_1_3_5_10_4_5_3_3_5_4_4_4_4_2	-1	-1.000000000000000	-1.000000000000000	-1.000000000000000	-1.000000000000000	-170626.937862393620890	0.010000000000000
7_5_7_2_3_3_4_2_2_2_1_3_5_11_4_5_3_3_5_4_3_4_4_1	-1	-1.000000000000000	-1.000000000000000	-1.000000000000000	-1.000000000000000	-170715.804402172565460	0.010000000000000
7_6_6_2_3_3_5_2_2_2_1_3_5_10_4_5_3_3_5_4_3_4_5_2	-1	-1.000000000000000	-1.000000000000000	-1.000000000000000	-1.000000000000000	-170626.937862393620890	0.008000000000000
7_6_7_2_3_3_4_2_2_3_1_3_5_11_4_5_3_3_5_4_3_4_4_1	-1	-1.000000000000000	-1.000000000000000	-1.000000000000000	-1.000000000000000	-171959.760502484918106	0.009000000000000
7_6_7_2_3_3_6_2_2_2_1_3_5_10_4_5_3_3_5_4_3_4_4_1	1	1096046.946648033801466	13926.655471418922389	2267139.121624164283276	1.736000000000000	-172051.045602920465171	0.011000000000000
6_7_6_2_3_3_4_5_2_3_1_3_5_7_4_5_3_3_5_4_3_4_4_3	-1	-1.000000000000000	-1.000000000000000	-1.000000000000000	-1.000000000000000	-167757.023769705439918	0.007000000000000
7_6_6_2_3_3_5_2_2_2_1_3_5_9_4_5_3_3_5_4_3_4_4_2	-1	-1.000000000000000	-1.000000000000000	-1.000000000000000	-1.000000000000000	-168964.632569389912533	0.007000000000000
7_6_6_2_3_3_5_2_2_2_1_3_5_10_4_5_3_3_5_4_3_4_4_1	1	1094634.614835865329951	13857.723154367296956	2319311.130940327420831	4.247000000000000	-170636.733138415467693	0.008000000000000
7_6_6_2_3_3_4_2_2_2_1_3_5_10_4_5_3_3_5_4_3_4_4_2	-1	-1.000000000000000	-1.000000000000000	-1.000000000000000	-1.000000000000000	-170626.937862393620890	0.007000000000000
7_8_7_2_3_3_5_2_2_2_1_3_5_8_4_6_3_3_5_4_3_4_4_1	-1	-1.000000000000000	-1.000000000000000	-1.000000000000000	-1.000000000000000	-169294.670663258322747	0.010000000000000
7_6_6_2_3_3_6_2_2_2_1_3_5_10_4_5_3_3_5_4_3_4_4_1	1	1094543.648836267879233	13857.723154367296956	2312828.553128163330257	1.933000000000000	-170667.754881292785285	0.011000000000000
7_6_6_2_3_3_6_2_2_2_1_3_5_10_4_5_3_3_6_4_3_4_4_1	-1	-1.000000000000000	-1.000000000000000	-1.000000000000000	-1.000000000000000	-170667.754881292785285	0.018000000000000
6_7_7_2_3_3_4_2_2_2_1_3_5_10_4_5_3_3_5_6_3_4_4_1	-1	-1.000000000000000	-1.000000000000000	-1.000000000000000	-1.000000000000000	-170447.521197550697252	0.008000000000000
7_6_6_2_3_3_6_2_2_2_1_3_5_10_5_5_3_3_5_4_3_4_4_1	-1	-1.000000000000000	-1.000000000000000	-1.000000000000000	-1.000000000000000	-169587.640676132345106	0.011000000000000
7_5_6_2_3_3_4_7_2_2_1_3_5_8_4_5_3_3_5_4_3_4_4_1	1	1097405.076298599364236	14024.276764310787257	2366418.759066020604223	1.169000000000000	-167971.129814194922801	0.012000000000000
7_5_6_2_3_3_4_5_2_2_1_3_5_10_5_5_3_3_5_4_3_4_4_1	-1	-1.000000000000000	-1.000000000000000	-1.000000000000000	-1.000000000000000	-170281.438287586148363	0.008000000000000
7_5_6_2_3_3_4_2_2_2_1_3_5_11_4_5_3_3_5_5_3_4_4_1	1	1098265.715062912087888	13817.470724330476514	2346399.099455424118787	1.502000000000000	-169431.881433251197450	0.009000000000000
6_8_7_2_3_3_5_2_2_2_1_3_5_9_4_5_3_3_5_4_3_4_4_1	-1	-1.000000000000000	-1.000000000000000	-1.000000000000000	-1.000000000000000	-169453.802528976753820	0.013000000000000
7_6_6_2_3_3_6_2_2_2_1_3_5_10_4_5_4_3_5_4_3_4_4_1	-1	-1.000000000000000	-1.000000000000000	-1.000000000000000	-1.000000000000000	-170667.754881292785285	0.011000000000000
7_6_6_2_3_3_6_2_2_3_1_3_5_10_4_5_3_3_5_4_3_4_4_1	-1	-1.000000000000000	-1.000000000000000	-1.000000000000000	-1.000000000000000	-170667.754881292785285	0.011000000000000
7_6_6_2_3_3_6_2_2_2_1_4_5_10_4_5_3_3_5_4_3_4_4_1	-1	-1.000000000000000	-1.000000000000000	-1.000000000000000	-1.000000000000000	-170667.754881292785285	0.010000000000000
7_6_6_2_4_3_6_2_2_2_1_3_5_10_4_5_3_3_5_4_3_4_4_1	-1	-1.000000000000000	-1.000000000000000	-1.000000000000000	-1.000000000000000	-170608.479491450038040	0.016000000000000
7_6_6_2_3_3_6_2_2_2_1_3_5_10_4_5_3_3_5_4_3_5_4_1	-1	-1.000000000000000	-1.000000000000000	-1.000000000000000	-1.000000000000000	-170630.967404227762017	0.012000000000000
8_6_7_2_3_3_4_2_2_2_1_4_5_10_4_5_3_3_5_4_3_4_4_1	-1	-1.000000000000000	-1.000000000000000	-1.000000000000000	-1.000000000000000	-172585.050531801738543	0.008000000000000
7_5_5_2_3_3_4_8_2_2_1_3_5_8_4_5_3_3_5_4_3_4_4_1	1	1097806.927214052993804	14507.224269805570657	2421524.290284498129040	1.230000000000000	-166946.278687111800537	0.009000000000000
7_6_6_2_3_3_6_2_2_2_1_3_5_10_4_5_3_3_5_4_4_4_4_1	-1	-1.000000000000000	-1.000000000000000	-1.000000000000000	-1.000000000000000	-170763.698927608376835	0.011000000000000
7_5_7_2_3_3_6_2_2_2_1_3_6_10_4_5_3_3_5_4_3_4_4_1	-1	-1.000000000000000	-1.000000000000000	-1.000000000000000	-1.000000000000000	-170491.979818218853325	0.010000000000000
6_8_5_2_3_3_4_5_2_2_1_3_5_7_4_5_3_3_5_4_3_4_4_3	1	1089707.320570901269093	14232.774361937623326	2298881.801871750969440	0.931000000000000	-166340.357010466395877	0.009000000000000
7_6_7_2_3_3_4_2_2_2_1_3_5_10_4_5_3_3_5_6_3_4_4_1	-1	-1.000000000000000	-1.000000000000000	-1.000000000000000	-1.000000000000000	-172564.920320609613555	0.009000000000000
7_6_6_2_3_3_6_2_2_2_1_3_5_10_4_5_3_4_5_4_3_4_4_1	-1	-1.000000000000000	-1.000000000000000	-1.000000000000000	-1.000000000000000	-169090.101845622702967	0.013000000000000
7_6_6_3_3_3_6_2_2_2_1_3_5_10_4_5_3_3_5_4_3_4_4_1	-1	-1.000000000000000	-1.000000000000000	-1.000000000000000	-1.000000000000000	-169610.110075695847627	0.011000000000000
5_8_6_2_3_3_4_2_2_2_1_3_5_9_4_5_3_3_5_7_3_4_4_1	-1	-1.000000000000000	-1.000000000000000	-1.000000000000000	-1.000000000000000	-167071.712642026919639	0.011000000000000
6_8_7_2_3_3_4_2_2_2_1_3_5_10_4_5_3_3_6_4_3_4_4_1	-1	-1.000000000000000	-1.000000000000000	-1.000000000000000	-1.000000000000000	-171059.062162166374037	0.010000000000000
6_6_6_2_3_3_4_6_2_2_1_3_5_7_4_5_3_3_5_4_3_4_4_3	1	1091775.743270682636648	14232.240270023692574	2313094.603491208516061	1.018000000000000	-166555.749983871908626	0.008000000000000
7_6_6_2_3_3_6_2_2_2_1_3_6_10_4_5_3_3_5_4_3_4_4_1	-1	-1.000000000000000	-1.000000000000000	-1.000000000000000	-1.000000000000000	-170422.336666267307010	0.010000000000000
7_6_6_2_3_3_6_2_2_2_1_3_5_10_4_5_3_3_5_4_3_4_5_1	-1	-1.000000000000000	-1.000000000000000	-1.000000000000000	-1.000000000000000	-170646.987180720199831	0.009000000000000
7_5_7_3_3_3_4_2_2_2_1_3_5_12_4_5_3_3_5_4_3_4_4_1	-1	-1.000000000000000	-1.000000000000000	-1.000000000000000	-1.000000000000000	-170450.832408067886718	0.010000000000000
8_6_6_2_3_3_6_2_2_2_1_3_5_10_4_5_3_3_5_4_3_4_4_1	-1	-1.000000000000000	-1.000000000000000	-1.000000000000000	-1.000000000000000	-170365.336674154590582	0.012000000000000
7_5_6_2_3_3_4_5_2_2_1_3_5_10_4_5_3_3_5_4_3_4_4_2	-1	-1.000000000000000	-1.000000000000000	-1.000000000000000	-1.000000000000000	-171038.481367763335584	0.007000000000000
6_8_6_2_3_3_4_2_2_3_1_3_5_10_4_5_3_3_5_5_3_4_4_1	-1	-1.000000000000000	-1.000000000000000	-1.000000000000000	-1.000000000000000	-169776.074376338743605	0.015000000000000
7_6_6_2_3_3_6_2_2_2_1_3_5_11_4_5_3_3_5_4_3_4_4_1	-1	-1.000000000000000	-1.000000000000000	-1.000000000000000	-1.000000000000000	-170257.429222412960371	0.012000000000000
7_6_6_2_3_3_6_2_3_2_1_3_5_10_4_5_3_3_5_4_3_4_4_1	-1	-1.000000000000000	-1.000000000000000	-1.000000000000000	-1.000000000000000	-170667.754881292785285	0.010000000000000
7_6_6_2_3_3_6_2_2_2_1_3_5_10_4_5_3_3_5_5_3_4_4_1	-1	-1.000000000000000	-1.000000000000000	-1.000000000000000	-1.000000000000000	-170757.573571231070673	0.010000000000000
7_5_7_2_3_3_4_2_2_2_2_3_5_11_4_5_3_3_5_5_3_4_4_1	-1	-1.000000000000000	-1.000000000000000	-1.000000000000000	-1.000000000000000	-170993.035486581327859	0.009000000000000
6_6_6_2_3_3_4_2_2_2_1_3_5_10_4_5_3_3_5_8_3_4_4_1	1	1092786.650235336739570	14020.566892583021399	2319708.489914554171264	1.354000000000000	-168463.518285077152541	0.013000000000000
6_8_7_2_3_3_4_2_2_2_1_3_5_10_4_5_3_3_5_4_3_4_5_1	-1	-1.000000000000000	-1.000000000000000	-1.000000000000000	-1.000000000000000	-171057.292616029502824	0.011000000000000
7_9_7_2_3_3_4_2_2_2_1_3_5_8_4_5_3_3_5_5_3_4_4_1	-1	-1.000000000000000	-1.000000000000000	-1.000000000000000	-1.000000000000000	-169060.714794781437377	0.020000000000000
7_6_6_2_3_3_6_2_2_2_1_3_5_9_4_5_3_3_5_4_3_4_4_1	-1	-1.000000000000000	-1.000000000000000	-1.000000000000000	-1.000000000000000	-169106.073572213063017	0.011000000000000
7_6_5_2_3_3_6_2_2_2_1_3_5_10_4_5_3_3_5_4_3_4_4_1	1	1093798.470825851894915	13720.789895766214613	2372918.478637394029647	1.233000000000000	-168895.402507920342032	0.010000000000000
6_6_6_2_3_3_6_2_2_2_1_3_5_10_4_5_3_3_5_4_3_4_4_1	-1	-1.000000000000000	-1.000000000000000	-1.000000000000000	-1.000000000000000	-166946.683469503303058	0.010000000000000
5_8_7_2_3_3_4_3_2_2_1_3_5_9_4_5_3_3_5_4_3_4_4_2	-1	-1.000000000000000	-1.000000000000000	-1.000000000000000	-1.000000000000000	-167119.793760932137957	0.013000000000000
6_7_6_2_3_3_4_2_2_2_1_3_5_10_4_6_3_3_5_6_3_4_4_1	-1	-1.000000000000000	-1.000000000000000	-1.000000000000000	-1.000000000000000	-167554.048940188018605	0.010000000000000
7_5_7_2_3_3_6_2_2_2_1_3_5_10_4_5_3_3_5_4_3_4_4_1	1	1098403.670847952831537	14000.894507729517500	2308307.643110000994056	1.515000000000000	-170715.792046684451634	0.008000000000000
7_5_7_3_3_3_4_2_2_2_1_3_5_11_4_5_3_3_5_4_3_4_4_1	-1	-1.000000000000000	-1.000000000000000	-1.000000000000000	-1.000000000000000	-170576.922368603234645	0.010000000000000
7_5_6_2_3_3_7_2_2_2_1_3_5_10_4_5_3_3_5_4_3_4_4_1	1	1097752.775919129606336	13889.938738852095412	2350277.944391394499689	1.489000000000000	-170027.161623020365369	0.009000000000000
7_5_7_2_3_3_6_2_2_2_1_3_5_9_4_6_3_3_5_5_3_4_4_1	-1	-1.000000000000000	-1.000000000000000	-1.000000000000000	-1.000000000000000	-167837.621172456187196	0.013000000000000
6_7_6_2_3_3_4_5_2_2_1_3_5_8_4_5_3_3_5_4_3_4_4_3	1	1090751.470308290561661	14161.217018401039240	2251957.345924954395741	0.953000000000000	-170015.514743316365639	0.007000000000000
6_6_7_2_3_3_6_2_2_2_1_3_5_10_4_5_3_3_5_4_3_4_4_1	-1	-1.000000000000000	-1.000000000000000	-1.000000000000000	-1.000000000000000	-168014.922075821057661	0.011000000000000
7_6_6_2_3_3_4_2_2_2_1_3_5_11_4_5_3_3_5_5_3_4_4_1	1	1094615.242532807169482	13793.795880169407610	2305270.477887024637312	1.564000000000000	-170539.973497497499920	0.011000000000000
6_6_6_2_3_3_4_2_2_2_1_3_5_9_4_5_3_4_5_8_3_4_4_1	-1	-1.000000000000000	-1.000000000000000	-1.000000000000000	-1.000000000000000	-167089.961781463644002	0.021000000000000
7_6_7_2_3_3_5_2_2_2_1_3_5_10_4_5_3_3_5_4_3_4_4_1	-1	-1.000000000000000	-1.000000000000000	-1.000000000000000	-1.000000000000000	-172051.045602920465171	0.009000000000000
7_5_7_2_3_3_6_2_2_2_1_3_5_9_4_5_3_4_5_5_3_4_4_1	-1	-1.000000000000000	-1.000000000000000	-1.000000000000000	-1.000000000000000	-167801.870935848826775	0.011000000000000
7_6_7_2_3_3_6_2_2_2_1_3_5_9_4_5_3_3_5_4_3_4_4_1	-1	-1.000000000000000	-1.000000000000000	-1.000000000000000	-1.000000000000000	-170316.520212703850120	0.009000000000000
7_5_7_2_3_3_4_2_2_2_1_4_5_11_4_5_3_3_5_5_3_4_4_1	-1	-1.000000000000000	-1.000000000000000	-1.000000000000000	-1.000000000000000	-170993.035486581327859	0.012000000000000
7_5_7_2_3_3_5_2_2_2_1_3_5_10_5_5_3_3_5_4_3_4_4_2	-1	-1.000000000000000	-1.000000000000000	-1.000000000000000	-1.000000000000000	-170072.918077673413791	0.008000000000000
7_5_7_2_3_3_6_2_3_2_1_3_5_10_4_5_3_3_5_4_3_4_4_1	-1	-1.000000000000000	-1.000000000000000	-1.000000000000000	-1.000000000000000	-170715.792046684451634	0.010000000000000
7_5_7_2_3_3_6_2_2_2_1_3_5_10_4_5_3_3_5_4_3_4_4_2	-1	-1.000000000000000	-1.000000000000000	-1.000000000000000	-1.000000000000000	-170900.222407904046122	0.009000000000000
7_5_7_3_3_3_4_2_2_2_1_3_5_11_4_5_3_3_5_4_3_4_4_2	1	1098546.407733378233388	13969.419879835728352	2230317.689444855321199	2.054000000000000	-171042.740630226908252	0.007000000000000
7_5_7_2_3_3_6_2_2_2_1_4_5_10_4_5_3_3_5_4_3_4_4_1	-1	-1.000000000000000	-1.000000000000000	-1.000000000000000	-1.000000000000000	-170715.792046684451634	0.009000000000000
7_5_7_2_3_3_6_2_2_2_1_3_5_11_4_5_3_3_5_4_3_4_4_1	-1	-1.000000000000000	-1.000000000000000	-1.000000000000000	-1.000000000000000	-170715.804402172565460	0.009000000000000
7_5_7_3_3_3_4_2_2_2_1_3_5_10_4_5_3_3_5_4_3_4_4_1	-1	-1.000000000000000	-1.000000000000000	-1.000000000000000	-1.000000000000000	-170860.598234006698476	0.007000000000000
7_5_7_2_3_3_7_2_2_2_1_3_5_10_4_5_3_3_5_4_3_4_4_1	-1	-1.000000000000000	-1.000000000000000	-1.000000000000000	-1.000000000000000	-170712.518739221559372	0.012000000000000
8_5_7_2_3_4_4_2_2_2_1_3_5_11_4_5_3_3_5_4_3_4_4_1	-1	-1.000000000000000	-1.000000000000000	-1.000000000000000	-1.000000000000000	-171244.591067810892127	0.084000000000000
7_5_7_2_3_3_6_2_2_2_2_3_5_10_4_5_3_3_5_4_3_4_4_1	-1	-1.000000000000000	-1.000000000000000	-1.000000000000000	-1.000000000000000	-170715.792046684451634	0.011000000000000
7_5_7_3_3_3_6_2_2_2_1_3_5_10_4_5_3_3_5_4_3_4_4_1	-1	-1.000000000000000	-1.000000000000000	-1.000000000000000	-1.000000000000000	-170860.598234006698476	0.009000000000000
7_5_7_2_3_3_6_2_2_2_1_3_5_10_4_5_4_3_5_4_3_4_4_1	-1	-1.000000000000000	-1.000000000000000	-1.000000000000000	-1.000000000000000	-170715.792046684451634	0.012000000000000
7_5_7_3_3_3_4_2_2_2_1_3_5_11_4_5_4_3_5_4_3_4_4_1	-1	-1.000000000000000	-1.000000000000000	-1.000000000000000	-1.000000000000000	-170576.922368603234645	0.011000000000000
7_5_7_3_3_3_4_2_2_2_1_3_5_10_4_5_3_3_5_4_3_4_5_2	-1	-1.000000000000000	-1.000000000000000	-1.000000000000000	-1.000000000000000	-170740.702381472598063	0.009000000000000
7_5_7_2_3_3_6_3_2_2_1_3_5_10_4_5_3_3_5_4_3_4_4_1	-1	-1.000000000000000	-1.000000000000000	-1.000000000000000	-1.000000000000000	-170715.792046684451634	0.010000000000000
7_5_7_3_3_3_4_2_2_2_1_4_5_10_4_5_3_3_5_4_3_4_4_2	-1	-1.000000000000000	-1.000000000000000	-1.000000000000000	-1.000000000000000	-170740.702381472598063	0.011000000000000
7_5_6_2_3_4_4_5_2_2_1_3_5_10_4_5_3_3_5_4_3_4_4_1	-1	-1.000000000000000	-1.000000000000000	-1.000000000000000	-1.000000000000000	-171150.466126423532842	0.008000000000000
6_7_5_2_4_3_4_3_2_2_1_3_5_10_4_5_3_3_5_4_3_4_4_3	-1	-1.000000000000000	-1.000000000000000	-1.000000000000000	-1.000000000000000	-168149.434877479478018	0.007000000000000
7_5_7_2_3_3_6_2_2_2_1_3_5_10_4_5_3_3_5_5_3_4_4_1	1	1098446.935425361385569	14000.894507729517500	2300011.260223847348243	1.502000000000000	-170947.778843632491771	0.011000000000000
7_5_7_3_3_3_4_2_2_2_1_3_5_11_4_5_3_3_5_5_3_4_4_1	1	1098975.014783594291657	13969.419879835728352	2260109.279733370058239	2.032000000000000	-170856.613721796369646	0.009000000000000
7_5_7_2_3_3_6_2_2_2_1_3_5_10_4_5_3_3_5_4_4_4_4_1	1	1098245.209865800105035	14000.894507729517500	2297607.315186777617782	4.219000000000000	-170914.743754847586388	0.010000000000000
7_5_7_3_3_3_4_2_2_2_1_3_5_11_4_5_3_3_5_4_4_4_4_1	-1	-1.000000000000000	-1.000000000000000	-1.000000000000000	-1.000000000000000	-170784.087580723164137	0.010000000000000
7_5_7_2_3_3_5_2_2_2_1_3_5_10_4_5_3_3_5_5_3_4_4_2	-1	-1.000000000000000	-1.000000000000000	-1.000000000000000	-1.000000000000000	-170900.222407904046122	0.010000000000000
7_5_7_2_3_3_6_2_2_3_1_3_5_10_4_5_3_3_5_4_3_4_4_1	-1	-1.000000000000000	-1.000000000000000	-1.000000000000000	-1.000000000000000	-170715.792046684451634	0.007000000000000
7_5_7_2_3_3_6_2_2_2_1_3_5_10_4_5_3_3_5_4_3_5_4_1	-1	-1.000000000000000	-1.000000000000000	-1.000000000000000	-1.000000000000000	-170680.222970162692945	0.009000000000000
7_5_7_3_3_3_4_2_2_2_1_3_5_11_4_5_3_3_5_4_3_5_4_1	-1	-1.000000000000000	-1.000000000000000	-1.000000000000000	-1.000000000000000	-170561.107581864896929	0.009000000000000
7_5_7_2_3_3_4_2_2_2_1_3_5_10_4_5_3_3_5_6_4_4_4_1	-1	-1.000000000000000	-1.000000000000000	-1.000000000000000	-1.000000000000000	-170936.661831512610661	0.009000000000000
7_5_7_2_3_3_6_2_2_2_1_3_5_10_4_5_3_3_6_4_3_4_4_1	-1	-1.000000000000000	-1.000000000000000	-1.000000000000000	-1.000000000000000	-170715.792046684451634	0.008000000000000
7_5_7_3_3_3_4_2_2_2_1_3_5_11_4_5_3_3_6_4_3_4_4_1	-1	-1.000000000000000	-1.000000000000000	-1.000000000000000	-1.000000000000000	-170576.922368603234645	0.011000000000000
6_7_5_2_3_3_4_4_2_2_1_3_5_10_4_5_3_3_5_4_4_4_4_2	-1	-1.000000000000000	-1.000000000000000	-1.000000000000000	-1.000000000000000	-168612.739342444343492	0.017000000000000
6_7_5_2_3_3_4_4_2_3_1_3_5_10_4_5_3_3_5_4_3_4_4_2	-1	-1.000000000000000	-1.000000000000000	-1.000000000000000	-1.000000000000000	-168612.739342444343492	0.016000000000000
6_7_5_2_3_3_4_3_2_3_1_3_5_10_4_5_3_3_5_4_3_4_4_3	-1	-1.000000000000000	-1.000000000000000	-1.000000000000000	-1.000000000000000	-168230.389322214876302	0.007000000000000
6_6_7_2_3_3_4_2_2_2_1_3_5_10_4_5_3_3_5_7_3_4_4_1	-1	-1.000000000000000	-1.000000000000000	-1.000000000000000	-1.000000000000000	-169597.533133452758193	0.011000000000000
7_5_7_2_3_3_6_2_2_2_1_3_5_10_4_5_3_4_5_4_3_4_4_1	-1	-1.000000000000000	-1.000000000000000	-1.000000000000000	-1.000000000000000	-169332.808541922247969	0.008000000000000
7_5_7_3_3_3_4_2_2_2_1_3_5_11_4_5_3_4_5_4_3_4_4_1	-1	-1.000000000000000	-1.000000000000000	-1.000000000000000	-1.000000000000000	-169201.728210496396059	0.011000000000000
6_5_6_2_3_3_4_2_2_2_1_3_5_9_4_5_3_3_5_9_3_4_4_1	1	1095685.101382267195731	14027.726530604399159	2384059.528938748873770	1.298000000000000	-167825.327789582195692	0.016000000000000
7_5_7_2_3_3_6_2_2_2_1_3_5_10_4_5_3_3_5_4_3_4_5_1	-1	-1.000000000000000	-1.000000000000000	-1.000000000000000	-1.000000000000000	-170686.145349807775347	0.008000000000000
8_6_7_2_3_3_4_2_3_2_1_3_5_10_4_5_3_3_5_4_3_4_4_1	-1	-1.000000000000000	-1.000000000000000	-1.000000000000000	-1.000000000000000	-172585.050531801738543	0.009000000000000
7_5_7_3_3_3_4_2_2_2_1_3_5_11_4_5_3_3_5_4_3_4_5_1	-1	-1.000000000000000	-1.000000000000000	-1.000000000000000	-1.000000000000000	-170572.198684144474100	0.011000000000000
8_5_7_2_3_3_6_2_2_2_1_3_5_10_4_5_3_3_5_4_3_4_4_1	-1	-1.000000000000000	-1.000000000000000	-1.000000000000000	-1.000000000000000	-170771.126702092034975	0.008000000000000
7_5_7_2_4_3_6_2_2_2_1_3_5_10_4_5_3_3_5_4_3_4_4_1	-1	-1.000000000000000	-1.000000000000000	-1.000000000000000	-1.000000000000000	-170661.476217520743376	0.012000000000000
6_8_6_2_3_4_4_2_2_2_1_3_5_10_4_5_3_3_5_5_3_4_4_1	-1	-1.000000000000000	-1.000000000000000	-1.000000000000000	-1.000000000000000	-169721.120803980244091	0.009000000000000
7_5_7_2_3_3_6_2_2_2_1_3_5_10_5_5_3_3_5_4_3_4_4_1	-1	-1.000000000000000	-1.000000000000000	-1.000000000000000	-1.000000000000000	-169911.693767696327996	0.008000000000000
7_5_7_3_3_3_4_2_2_2_1_3_5_11_5_5_3_3_5_4_3_4_4_1	-1	-1.000000000000000	-1.000000000000000	-1.000000000000000	-1.000000000000000	-169766.116879137523938	0.009000000000000
6_7_6_2_3_3_4_4_2_2_1_3_5_8_4_5_3_3_5_4_3_4_4_3	1	1090885.220715529983863	14161.217018401039240	2259187.293251558672637	1.036000000000000	-169112.391058545443229	0.008000000000000
6_5_7_2_3_3_6_2_2_2_1_3_5_10_4_5_3_3_5_4_3_4_4_1	-1	-1.000000000000000	-1.000000000000000	-1.000000000000000	-1.000000000000000	-166975.921390718460316	0.007000000000000
7_5_7_3_3_3_4_2_2_2_1_3_6_10_4_5_3_3_5_4_3_4_4_2	-1	-1.000000000000000	-1.000000000000000	-1.000000000000000	-1.000000000000000	-170545.097716458258219	0.008000000000000
7_5_7_2_3_3_5_2_2_2_1_3_5_10_4_5_3_3_5_4_3_4_4_1	-1	-1.000000000000000	-1.000000000000000	-1.000000000000000	-1.000000000000000	-170715.792046684451634	0.006000000000000
7_5_7_3_3_3_4_2_2_2_1_3_5_10_4_5_4_3_5_4_3_4_4_2	-1	-1.000000000000000	-1.000000000000000	-1.000000000000000	-1.000000000000000	-170740.702381472598063	0.010000000000000
8_7_7_2_3_3_4_2_2_2_1_3_5_9_4_5_3_3_6_4_3_4_4_1	-1	-1.000000000000000	-1.000000000000000	-1.000000000000000	-1.000000000000000	-171576.353270708932541	0.008000000000000
7_8_7_2_3_3_4_2_2_2_1_3_5_8_4_5_4_3_5_5_3_4_4_1	-1	-1.000000000000000	-1.000000000000000	-1.000000000000000	-1.000000000000000	-170464.264129896910163	0.012000000000000
7_5_7_2_3_3_6_2_2_2_1_3_5_9_4_5_3_3_5_4_3_4_4_1	1	1098574.923590740654618	14068.584341959274752	2325206.326979118399322	2.048000000000000	-168987.919990458758548	0.008000000000000
7_5_7_2_3_3_6_2_2_2_1_3_5_9_4_5_3_3_5_4_4_4_4_1	1	1098415.137067984323949	14068.584341959274752	2314490.042056186124682	1.874000000000000	-169118.712280174629996	0.013000000000000
6_6_6_2_3_4_4_2_2_2_1_3_5_10_4_5_3_3_5_7_3_4_4_1	-1	-1.000000000000000	-1.000000000000000	-1.000000000000000	-1.000000000000000	-168130.142043918225681	0.021000000000000
6_5_7_2_3_3_6_2_2_2_1_3_5_10_4_5_3_3_5_5_3_4_4_1	1	1095444.836907617282122	14076.632908677020168	2325063.417161901015788	1.676000000000000	-167372.155192861158866	0.021000000000000
7_5_7_2_3_3_6_2_2_2_1_3_5_9_5_5_3_3_5_5_3_4_4_1	-1	-1.000000000000000	-1.000000000000000	-1.000000000000000	-1.000000000000000	-168280.799770013662055	0.013000000000000
7_5_7_2_3_3_6_2_3_2_1_3_5_9_4_5_3_3_5_5_3_4_4_1	-1	-1.000000000000000	-1.000000000000000	-1.000000000000000	-1.000000000000000	-169101.085990132560255	0.010000000000000
6_7_6_2_3_4_4_4_2_2_1_3_5_9_4_5_3_3_5_4_3_4_4_2	-1	-1.000000000000000	-1.000000000000000	-1.000000000000000	-1.000000000000000	-170308.685073621629272	0.008000000000000
6_5_5_2_3_3_4_8_2_2_1_3_6_8_4_5_3_3_5_4_3_4_4_2	-1	-1.000000000000000	-1.000000000000000	-1.000000000000000	-1.000000000000000	-166658.390301083680242	0.007000000000000
7_5_7_2_3_3_6_2_2_2_1_3_6_9_4_5_3_3_5_5_3_4_4_1	-1	-1.000000000000000	-1.000000000000000	-1.000000000000000	-1.000000000000000	-168931.430850269272923	0.009000000000000
7_5_7_2_3_3_4_2_2_2_1_3_5_9_4_5_3_3_5_7_3_4_4_2	-1	-1.000000000000000	-1.000000000000000	-1.000000000000000	-1.000000000000000	-169369.625711675500497	0.009000000000000
7_6_6_3_3_3_4_2_2_2_1_3_5_9_4_5_3_3_5_7_3_4_4_1	-1	-1.000000000000000	-1.000000000000000	-1.000000000000000	-1.000000000000000	-167901.584009553305805	0.007000000000000
6_7_6_3_3_3_4_5_2_2_1_3_5_7_4_5_3_3_5_4_3_4_4_3	-1	-1.000000000000000	-1.000000000000000	-1.000000000000000	-1.000000000000000	-165032.152336459635990	0.009000000000000
7_5_7_2_3_3_6_2_2_2_1_4_5_9_4_5_3_3_5_5_3_4_4_1	-1	-1.000000000000000	-1.000000000000000	-1.000000000000000	-1.000000000000000	-169101.085990132560255	0.013000000000000
7_5_6_2_3_3_4_6_3_2_1_3_5_9_4_5_3_3_5_4_3_4_4_1	-1	-1.000000000000000	-1.000000000000000	-1.000000000000000	-1.000000000000000	-169795.141401347995270	0.007000000000000
7_5_7_2_3_3_6_2_2_2_1_3_5_9_4_5_3_3_5_6_3_4_4_1	1	1098652.967275944072753	14068.584341959274752	2310523.931003873702139	2.026000000000000	-169269.025070747244172	0.012000000000000
7_5_7_2_3_3_6_2_2_2_1_3_5_9_4_5_3_3_5_5_3_5_4_1	-1	-1.000000000000000	-1.000000000000000	-1.000000000000000	-1.000000000000000	-169108.421968190115876	0.013000000000000
8_5_7_2_3_3_6_2_2_2_1_3_5_9_4_5_3_3_5_5_3_4_4_1	-1	-1.000000000000000	-1.000000000000000	-1.000000000000000	-1.000000000000000	-168896.143942180351587	0.013000000000000
8_7_7_2_3_3_4_2_2_2_1_3_5_9_4_5_3_3_5_5_3_4_4_1	-1	-1.000000000000000	-1.000000000000000	-1.000000000000000	-1.000000000000000	-171515.992140283167828	0.006000000000000
7_5_7_2_3_3_6_2_2_2_1_3_5_9_4_5_3_3_6_5_3_4_4_1	-1	-1.000000000000000	-1.000000000000000	-1.000000000000000	-1.000000000000000	-169101.085990132560255	0.013000000000000
7_5_6_2_3_3_4_6_2_2_1_3_5_9_4_6_3_3_5_4_3_4_4_1	-1	-1.000000000000000	-1.000000000000000	-1.000000000000000	-1.000000000000000	-168439.832929763419088	0.009000000000000
7_5_7_2_3_3_6_2_2_2_1_3_5_9_4_5_3_3_5_5_3_4_5_1	-1	-1.000000000000000	-1.000000000000000	-1.000000000000000	-1.000000000000000	-169101.085990132560255	0.014000000000000
7_5_7_2_3_3_6_2_2_2_1_3_5_9_4_5_3_3_5_5_3_4_4_2	1	1098231.277379384264350	14068.584341959274752	2280078.182485723402351	1.946000000000000	-169218.689087614620803	0.017000000000000
7_5_7_2_3_3_6_2_2_2_2_3_5_9_4_5_3_3_5_5_3_4_4_1	-1	-1.000000000000000	-1.000000000000000	-1.000000000000000	-1.000000000000000	-169101.085990132560255	0.015000000000000
7_5_7_2_3_3_6_2_2_2_1_3_5_9_4_5_4_3_5_5_3_4_4_1	-1	-1.000000000000000	-1.000000000000000	-1.000000000000000	-1.000000000000000	-169101.085990132560255	0.013000000000000
7_5_7_2_3_3_5_2_2_2_1_3_5_9_4_5_3_3_5_6_3_4_4_1	1	1098823.541837383760139	14068.584341959274752	2316583.611789612565190	1.551000000000000	-169269.025070747244172	0.009000000000000
7_5_7_2_3_3_5_2_2_2_1_3_5_11_4_5_3_3_5_5_3_4_4_1	-1	-1.000000000000000	-1.000000000000000	-1.000000000000000	-1.000000000000000	-170993.035486581327859	0.010000000000000
6_5_7_2_3_3_6_2_2_2_1_3_5_9_4_5_3_3_5_6_3_4_4_1	-1	-1.000000000000000	-1.000000000000000	-1.000000000000000	-1.000000000000000	-166441.134700948867248	0.089000000000000
6_6_7_2_3_3_5_2_2_2_1_3_5_9_4_5_3_3_5_4_3_4_4_2	-1	-1.000000000000000	-1.000000000000000	-1.000000000000000	-1.000000000000000	-167721.388103500095895	0.005000000000000
7_5_8_2_3_3_5_2_2_2_1_3_5_9_4_5_3_3_5_6_3_4_4_1	-1	-1.000000000000000	-1.000000000000000	-1.000000000000000	-1.000000000000000	-167835.930018649291014	0.020000000000000
7_5_7_2_3_3_5_2_2_2_1_3_5_9_4_5_4_3_5_6_3_4_4_1	-1	-1.000000000000000	-1.000000000000000	-1.000000000000000	-1.000000000000000	-169269.025070747244172	0.015000000000000
7_8_7_2_3_3_5_2_2_2_2_3_5_8_4_5_3_3_5_4_3_4_4_1	-1	-1.000000000000000	-1.000000000000000	-1.000000000000000	-1.000000000000000	-170369.667688316374552	0.007000000000000
7_5_7_3_3_3_4_2_2_2_1_3_5_9_4_5_3_3_5_4_3_4_4_2	1	1098868.610884525347501	14101.237844545194093	2261239.600745313800871	2.237000000000000	-169074.593394412047928	0.011000000000000
7_5_7_2_3_3_5_2_2_2_1_3_5_9_5_5_3_3_5_6_3_4_4_1	-1	-1.000000000000000	-1.000000000000000	-1.000000000000000	-1.000000000000000	-168448.213963702495676	0.014000000000000
7_5_7_2_3_3_5_2_2_2_1_3_5_10_4_5_3_3_5_6_3_4_4_1	-1	-1.000000000000000	-1.000000000000000	-1.000000000000000	-1.000000000000000	-170936.661831512610661	0.011000000000000
7_5_7_2_3_3_5_2_2_2_1_3_5_9_4_5_3_3_6_6_3_4_4_1	-1	-1.000000000000000	-1.000000000000000	-1.000000000000000	-1.000000000000000	-169269.025070747244172	0.022000000000000
6_8_6_2_3_3_4_2_2_2_1_3_5_9_4_5_3_3_5_5_3_4_4_1	1	1090845.260637868195772	14087.328614716476295	2276078.304502269253135	1.389000000000000	-168697.545164309674874	0.007000000000000
8_5_7_2_3_3_5_2_2_2_1_3_5_9_4_5_3_3_5_6_3_4_4_1	-1	-1.000000000000000	-1.000000000000000	-1.000000000000000	-1.000000000000000	-169054.390023496060167	0.015000000000000
7_5_7_2_3_3_5_2_2_2_1_3_5_9_4_5_3_3_5_7_3_4_4_1	1	1098854.167073081247509	14068.584341959274752	2311438.855080097913742	2.374000000000000	-169369.625711675500497	0.013000000000000
6_5_5_2_3_3_4_8_2_2_1_3_5_7_4_5_3_3_5_4_3_4_4_2	1	1094519.999866135418415	14253.111025841128139	2434147.146361311897635	1.047000000000000	-164597.584778424934484	0.007000000000000
7_5_7_2_4_3_5_2_2_2_1_3_5_9_4_5_3_3_5_6_3_4_4_1	-1	-1.000000000000000	-1.000000000000000	-1.000000000000000	-1.000000000000000	-169239.430149550287751	0.015000000000000
5_8_7_2_3_3_4_2_2_2_1_3_5_10_4_5_3_3_5_4_3_4_4_2	1	1088374.744409970473498	14195.442074442817102	2201499.585561932995915	1.105000000000000	-168176.094116766063962	0.008000000000000
8_5_6_2_3_3_4_2_2_2_1_3_5_11_5_5_3_3_5_4_3_4_4_1	1	1100884.168884826824069	13854.290292670862982	2329092.065486572217196	0.298000000000000	-169526.542496275447775	0.008000000000000
7_5_7_2_3_3_5_2_2_2_1_3_6_9_4_5_3_3_5_6_3_4_4_1	-1	-1.000000000000000	-1.000000000000000	-1.000000000000000	-1.000000000000000	-169099.306161976419389	0.023000000000000
7_5_7_2_3_3_5_2_2_2_2_3_5_9_4_5_3_3_5_6_3_4_4_1	-1	-1.000000000000000	-1.000000000000000	-1.000000000000000	-1.000000000000000	-169269.025070747244172	0.020000000000000
7_5_7_2_3_3_4_2_2_2_1_3_6_9_4_5_3_3_5_7_3_4_4_1	-1	-1.000000000000000	-1.000000000000000	-1.000000000000000	-1.000000000000000	-169198.669530953862704	0.010000000000000
7_5_7_2_3_3_5_2_2_2_1_3_5_8_4_5_3_3_5_6_3_4_4_1	-1	-1.000000000000000	-1.000000000000000	-1.000000000000000	-1.000000000000000	-167371.499259789881762	0.013000000000000
6_7_5_2_3_3_4_6_2_2_1_3_5_7_4_5_3_4_5_4_3_4_4_3	-1	-1.000000000000000	-1.000000000000000	-1.000000000000000	-1.000000000000000	-164857.381591505632969	0.007000000000000
6_6_5_2_3_3_4_7_2_2_1_4_5_7_4_5_3_3_5_4_3_4_4_3	-1	-1.000000000000000	-1.000000000000000	-1.000000000000000	-1.000000000000000	-165983.036405542516150	0.008000000000000
8_6_6_2_3_3_4_2_2_2_1_3_5_9_4_5_3_3_5_7_3_4_4_1	-1	-1.000000000000000	-1.000000000000000	-1.000000000000000	-1.000000000000000	-168629.137604591087438	0.012000000000000
7_5_7_2_3_3_4_2_2_2_1_3_5_9_4_5_3_3_5_6_3_4_4_1	1	1098970.432998611591756	14056.339278489554999	2324633.673668936826289	2.489000000000000	-169269.025070747244172	0.013000000000000
8_5_7_2_3_3_4_2_2_2_1_3_5_11_5_5_3_3_5_4_3_4_4_1	1	1102709.623008908005431	13623.993025459900309	2279194.276473123580217	0.898000000000000	-171586.401875317387749	0.072000000000000
7_5_7_2_3_3_4_2_2_2_1_3_5_9_4_5_3_3_5_7_3_4_4_1	1	1099001.058234309311956	14056.339278489554999	2319488.916959421709180	2.004000000000000	-169369.625711675500497	0.012000000000000
6_6_6_2_3_3_4_2_2_3_1_3_5_10_4_5_3_3_5_7_3_4_4_1	-1	-1.000000000000000	-1.000000000000000	-1.000000000000000	-1.000000000000000	-168195.362718716409290	0.017000000000000
7_5_6_2_3_3_5_2_2_2_1_3_5_9_4_5_3_3_5_7_3_4_4_1	1	1098497.868313014041632	13949.598724996787496	2358165.778659441508353	1.843000000000000	-167744.587157985399244	0.009000000000000
7_8_7_2_3_3_4_2_2_2_1_3_5_7_4_5_3_3_5_5_3_5_4_1	1	1093160.534210777143016	14044.291519787126163	2231325.030404486693442	0.765000000000000	-168342.912037481059087	0.007000000000000
6_5_7_2_3_3_5_2_2_2_1_3_5_9_4_5_3_3_5_7_3_4_4_1	-1	-1.000000000000000	-1.000000000000000	-1.000000000000000	-1.000000000000000	-167395.985485530080041	0.010000000000000
7_5_7_3_3_3_4_2_2_2_1_3_5_9_4_5_3_3_5_7_3_4_4_1	-1	-1.000000000000000	-1.000000000000000	-1.000000000000000	-1.000000000000000	-169228.357848677056609	0.010000000000000
6_6_5_2_3_3_4_7_2_2_1_3_5_8_4_5_3_3_5_4_3_4_4_3	-1	-1.000000000000000	-1.000000000000000	-1.000000000000000	-1.000000000000000	-168243.573696328443475	0.008000000000000
7_5_7_2_3_3_4_2_2_2_1_3_5_9_5_5_3_3_5_7_3_4_4_1	-1	-1.000000000000000	-1.000000000000000	-1.000000000000000	-1.000000000000000	-168548.478215835231822	0.013000000000000
6_7_5_2_3_3_4_6_2_2_1_3_6_7_4_5_3_3_5_4_3_4_4_3	-1	-1.000000000000000	-1.000000000000000	-1.000000000000000	-1.000000000000000	-165989.057030562078580	0.007000000000000
5_8_7_2_3_3_4_2_2_2_1_3_5_10_4_5_3_3_5_5_3_4_4_1	-1	-1.000000000000000	-1.000000000000000	-1.000000000000000	-1.000000000000000	-167656.134686076606158	0.007000000000000
7_5_7_2_3_3_4_2_2_3_1_3_5_9_4_5_3_3_5_7_3_4_4_1	-1	-1.000000000000000	-1.000000000000000	-1.000000000000000	-1.000000000000000	-169369.625711675500497	0.012000000000000
7_5_7_2_3_3_4_2_2_2_1_3_5_9_4_5_3_3_5_8_3_4_4_1	1	1099027.202957129338756	14056.339278489554999	2315191.800960490480065	3.893000000000000	-169504.517909762158524	0.008000000000000
7_5_8_2_3_3_4_2_2_2_1_3_5_9_4_5_3_3_5_7_3_4_4_1	-1	-1.000000000000000	-1.000000000000000	-1.000000000000000	-1.000000000000000	-167923.733079252095195	0.007000000000000
7_7_6_2_3_3_4_2_2_2_1_3_5_10_4_5_3_3_5_5_3_4_4_1	1	1093557.690634837606922	13943.563735374322277	2279134.303590814583004	0.943000000000000	-171439.801811148994602	0.009000000000000
7_5_7_2_3_3_4_3_2_2_1_3_5_9_4_5_3_3_5_7_3_4_4_1	-1	-1.000000000000000	-1.000000000000000	-1.000000000000000	-1.000000000000000	-169369.625711675500497	0.010000000000000
7_5_7_2_3_3_4_2_2_2_2_3_5_9_4_5_3_3_5_7_3_4_4_1	-1	-1.000000000000000	-1.000000000000000	-1.000000000000000	-1.000000000000000	-169369.625711675500497	0.008000000000000
6_8_7_2_3_3_4_2_2_2_1_3_5_8_4_5_4_3_5_6_3_4_4_1	-1	-1.000000000000000	-1.000000000000000	-1.000000000000000	-1.000000000000000	-168918.513843102089595	0.009000000000000
6_5_7_2_3_3_4_2_2_2_1_3_5_9_4_5_3_3_5_7_3_4_4_1	-1	-1.000000000000000	-1.000000000000000	-1.000000000000000	-1.000000000000000	-167395.985485530080041	0.008000000000000
7_5_7_2_3_3_4_2_2_2_1_3_5_8_4_5_3_3_5_7_3_4_4_1	1	1099182.285233995411545	14152.710287847850850	2339674.249643541872501	2.071000000000000	-167447.127444153069519	0.013000000000000
7_6_6_2_3_3_4_4_2_2_1_3_5_10_4_5_3_3_6_4_3_4_4_1	-1	-1.000000000000000	-1.000000000000000	-1.000000000000000	-1.000000000000000	-171653.900049421354197	0.008000000000000
7_6_6_2_3_3_4_2_2_2_1_3_5_9_4_5_3_3_5_7_3_4_4_1	1	1094994.033836780115962	13926.825806487660884	2324863.000460519921035	1.840000000000000	-169094.752528022101615	0.016000000000000
7_5_7_2_3_3_4_2_2_2_1_3_5_11_4_6_3_3_5_5_3_4_4_1	-1	-1.000000000000000	-1.000000000000000	-1.000000000000000	-1.000000000000000	-169617.907214547041804	0.010000000000000
6_8_7_2_3_3_4_3_2_2_1_3_5_9_4_5_3_3_5_4_3_4_4_1	1	1090740.257588702021167	14144.038618332626356	2226820.624415935948491	0.923000000000000	-169453.802528976753820	0.012000000000000
7_6_7_2_3_3_4_2_2_2_1_3_5_11_4_5_3_4_5_4_3_4_4_1	-1	-1.000000000000000	-1.000000000000000	-1.000000000000000	-1.000000000000000	-170551.318825591297355	0.009000000000000
7_5_6_2_3_3_4_2_2_2_1_3_5_9_4_5_3_3_5_8_3_4_4_1	1	1098686.508594356942922	13949.598724996787496	2361995.100911988411099	1.984000000000000	-167868.775715233350638	0.014000000000000
6_5_5_2_3_3_4_8_2_2_1_3_5_8_4_5_3_3_5_4_3_4_4_3	1	1094011.687864706851542	14169.378222450290195	2392153.625783525407314	0.987000000000000	-167684.622801592457108	0.007000000000000
7_6_6_2_3_3_4_2_2_2_1_3_5_9_4_5_3_3_6_7_3_4_4_1	-1	-1.000000000000000	-1.000000000000000	-1.000000000000000	-1.000000000000000	-169094.752528022101615	0.011000000000000
7_6_6_2_3_3_4_2_3_2_1_3_5_9_4_5_3_3_5_7_3_4_4_1	-1	-1.000000000000000	-1.000000000000000	-1.000000000000000	-1.000000000000000	-169094.752528022101615	0.009000000000000
7_6_6_2_3_3_4_2_2_2_1_3_5_9_4_5_3_3_5_7_3_4_4_2	-1	-1.000000000000000	-1.000000000000000	-1.000000000000000	-1.000000000000000	-169094.752528022101615	0.009000000000000
7_6_6_2_4_3_4_2_2_2_1_3_5_9_4_5_3_3_5_7_3_4_4_1	-1	-1.000000000000000	-1.000000000000000	-1.000000000000000	-1.000000000000000	-169051.089445346238790	0.009000000000000
7_6_6_2_3_3_5_2_2_2_1_3_5_9_4_5_3_3_5_7_3_4_4_1	-1	-1.000000000000000	-1.000000000000000	-1.000000000000000	-1.000000000000000	-169094.752528022101615	0.010000000000000
7_6_6_2_3_3_4_2_2_2_1_4_5_9_4_5_3_3_5_7_3_4_4_1	-1	-1.000000000000000	-1.000000000000000	-1.000000000000000	-1.000000000000000	-169094.752528022101615	0.015000000000000
7_6_6_2_3_3_4_2_2_2_1_3_5_9_4_5_3_3_5_7_3_4_5_1	-1	-1.000000000000000	-1.000000000000000	-1.000000000000000	-1.000000000000000	-169094.752528022101615	0.008000000000000
8_5_7_2_3_3_5_2_2_2_1_3_5_10_4_5_3_3_5_4_3_4_4_1	1	1103629.654372277669609	14226.726264584538512	2292551.708648960106075	0.800000000000000	-170771.126702092034975	0.007000000000000
7_6_6_2_3_3_4_2_2_2_1_3_5_9_5_5_3_3_5_7_3_4_4_1	-1	-1.000000000000000	-1.000000000000000	-1.000000000000000	-1.000000000000000	-168144.525498528382741	0.011000000000000
6_5_5_3_3_3_4_8_2_2_1_3_5_7_4_5_3_3_5_4_3_4_4_3	-1	-1.000000000000000	-1.000000000000000	-1.000000000000000	-1.000000000000000	-165095.551228211174021	0.007000000000000
7_6_6_2_3_3_4_2_2_2_1_3_5_9_4_5_3_3_5_6_3_4_4_1	-1	-1.000000000000000	-1.000000000000000	-1.000000000000000	-1.000000000000000	-169044.588712718570605	0.011000000000000
6_8_6_2_3_3_4_4_2_2_1_3_5_8_4_5_3_3_5_4_3_4_4_3	1	1090020.927557315677404	14192.871055276220432	2225061.922807156573981	1.024000000000000	-169823.905784827831667	0.009000000000000
7_6_6_2_3_3_4_2_2_2_1_3_5_8_4_5_3_3_5_7_3_4_4_1	1	1095171.430176232941449	14001.743116085592192	2344862.050800627097487	1.609000000000000	-167167.752996389754117	0.008000000000000
7_6_7_3_3_3_5_2_2_2_1_3_5_9_4_5_3_3_5_4_3_4_4_2	-1	-1.000000000000000	-1.000000000000000	-1.000000000000000	-1.000000000000000	-169540.021738511568401	0.007000000000000
6_6_6_2_3_3_4_2_2_2_1_3_5_9_4_5_3_3_5_7_3_4_4_1	1	1092924.886061504483223	14093.707190583671036	2340786.478498731274158	1.223000000000000	-168422.066401541873347	0.012000000000000
6_5_5_2_3_3_4_7_2_2_1_3_5_8_4_5_3_3_5_4_3_4_4_2	-1	-1.000000000000000	-1.000000000000000	-1.000000000000000	-1.000000000000000	-166589.016770774062024	0.007000000000000
6_6_6_2_3_3_4_2_2_2_1_3_5_10_4_5_3_3_5_7_3_4_4_1	1	1092762.024512127507478	14020.566892583021399	2323994.750634874217212	1.127000000000000	-168195.362718716409290	0.015000000000000
6_6_5_2_3_3_4_7_2_2_2_3_5_7_4_5_3_3_5_4_3_4_4_3	-1	-1.000000000000000	-1.000000000000000	-1.000000000000000	-1.000000000000000	-165983.036405542516150	0.008000000000000
7_6_6_2_3_3_4_2_2_2_1_3_5_10_4_5_3_3_5_6_3_4_4_1	-1	-1.000000000000000	-1.000000000000000	-1.000000000000000	-1.000000000000000	-170693.525283402443165	0.014000000000000
7_5_6_2_3_3_4_2_2_2_1_3_5_10_4_5_3_3_5_7_3_4_4_1	-1	-1.000000000000000	-1.000000000000000	-1.000000000000000	-1.000000000000000	-169426.617594882613048	0.011000000000000
7_5_7_2_3_3_5_2_2_2_1_3_5_10_4_5_3_3_5_4_3_4_4_2	1	1098186.811108071822673	14000.894507729517500	2276254.169065460097045	1.918000000000000	-170900.222407904046122	0.013000000000000
7_6_5_2_3_3_4_2_2_2_1_3_5_10_4_5_3_3_5_7_3_4_4_1	1	1094469.675390354590490	13713.969631802072399	2367161.748430464882404	2.333000000000000	-167529.323021421878366	0.008000000000000
6_6_6_2_3_3_4_2_2_2_1_3_5_10_4_5_3_3_6_7_3_4_4_1	-1	-1.000000000000000	-1.000000000000000	-1.000000000000000	-1.000000000000000	-168195.362718716409290	0.017000000000000
6_6_6_2_3_3_4_2_2_2_1_3_5_10_4_6_3_3_5_7_3_4_4_1	-1	-1.000000000000000	-1.000000000000000	-1.000000000000000	-1.000000000000000	-166572.127508183912141	0.016000000000000
7_6_7_2_3_3_4_2_2_2_1_3_5_11_4_5_3_3_5_5_3_4_4_1	1	1096142.916411307174712	13883.859758721104299	2259470.107539956457913	1.262000000000000	-172244.481633626477560	0.008000000000000
7_6_7_3_3_3_4_2_2_2_1_3_5_10_4_5_3_3_5_4_3_4_4_2	-1	-1.000000000000000	-1.000000000000000	-1.000000000000000	-1.000000000000000	-171203.891714679950383	0.008000000000000
6_6_6_2_3_3_4_3_2_2_1_3_5_10_4_5_3_3_5_7_3_4_4_1	-1	-1.000000000000000	-1.000000000000000	-1.000000000000000	-1.000000000000000	-168195.362718716409290	0.016000000000000
6_6_6_2_3_3_4_2_2_2_1_3_5_10_4_5_3_3_5_7_3_4_4_2	-1	-1.000000000000000	-1.000000000000000	-1.000000000000000	-1.000000000000000	-168195.362718716409290	0.015000000000000
6_6_6_2_4_3_4_2_2_2_1_3_5_10_4_5_3_3_5_7_3_4_4_1	-1	-1.000000000000000	-1.000000000000000	-1.000000000000000	-1.000000000000000	-168136.794546462188009	0.014000000000000
8_7_7_2_3_3_4_2_2_2_1_3_5_8_4_5_3_3_5_4_3_4_4_2	1	1096478.318110530031845	14079.956732142523833	2227495.378890554886311	0.290000000000000	-169703.745381742628524	0.009000000000000
8_5_7_2_3_3_4_2_2_2_1_3_5_11_4_5_3_3_5_4_3_4_5_1	-1	-1.000000000000000	-1.000000000000000	-1.000000000000000	-1.000000000000000	-171298.561173457186669	0.075000000000000
6_7_6_2_3_3_4_2_2_2_1_3_5_10_4_5_3_3_5_7_3_4_4_1	1	1091610.872737867292017	14027.448125549813994	2282323.228862876072526	1.251000000000000	-169562.204261190956458	0.014000000000000
6_6_6_2_3_3_4_2_2_2_1_3_5_10_4_5_3_3_5_6_3_4_4_1	1	1092733.090992955956608	14020.566892583021399	2329128.018312345258892	1.358000000000000	-167792.280601380567532	0.011000000000000
7_5_7_3_3_3_4_2_2_2_1_3_6_11_4_5_3_3_5_4_3_4_4_1	-1	-1.000000000000000	-1.000000000000000	-1.000000000000000	-1.000000000000000	-170309.216271652840078	0.010000000000000
5_6_6_2_3_3_4_2_2_2_1_3_5_10_4_5_3_3_5_7_3_4_4_1	-1	-1.000000000000000	-1.000000000000000	-1.000000000000000	-1.000000000000000	-163905.885719271173002	0.009000000000000
6_7_6_2_3_3_4_2_2_2_1_3_5_10_4_5_3_3_6_6_3_4_4_1	-1	-1.000000000000000	-1.000000000000000	-1.000000000000000	-1.000000000000000	-169194.596087509300560	0.012000000000000
6_6_5_2_3_3_4_2_2_2_1_3_5_10_4_5_3_3_5_7_3_4_4_1	1	1092618.175739630591124	13886.341653784085793	2382814.780812281183898	1.288000000000000	-165800.305118976626545	0.013000000000000
6_7_6_2_3_3_4_2_2_2_1_3_5_10_4_5_3_3_5_6_3_4_4_1	1	1091586.775885467184708	14027.448125549813994	2287399.304749643430114	1.103000000000000	-169194.596087509300560	0.011000000000000
6_7_5_2_3_3_4_2_2_2_1_3_5_10_4_5_3_3_5_7_3_4_4_1	1	1091657.282910985173658	14003.288266970994300	2339521.280220406129956	1.221000000000000	-166789.118957574391970	0.009000000000000
7_6_7_2_3_3_4_2_2_2_1_3_5_11_4_5_3_3_5_4_4_4_4_1	-1	-1.000000000000000	-1.000000000000000	-1.000000000000000	-1.000000000000000	-172171.570879447739571	0.007000000000000
6_8_7_2_3_3_4_3_2_2_1_3_5_10_4_5_3_3_5_4_3_4_4_1	-1	-1.000000000000000	-1.000000000000000	-1.000000000000000	-1.000000000000000	-171059.062162166374037	0.008000000000000
6_7_6_2_3_3_4_2_2_2_1_3_5_10_4_5_3_3_5_6_3_4_4_2	1	1091201.398131184512749	14027.448125549813994	2251859.804202759638429	0.989000000000000	-169316.705358180537587	0.010000000000000
6_8_5_2_3_3_4_3_2_2_1_3_5_9_4_5_3_3_5_4_3_4_4_3	-1	-1.000000000000000	-1.000000000000000	-1.000000000000000	-1.000000000000000	-168561.602581951592583	0.008000000000000
8_5_7_2_3_3_5_2_2_2_1_3_5_11_4_5_3_3_5_4_3_4_4_1	-1	-1.000000000000000	-1.000000000000000	-1.000000000000000	-1.000000000000000	-171301.335168720135698	0.061000000000000
6_7_6_2_3_3_4_3_2_2_1_3_5_10_4_5_3_3_5_4_3_4_4_3	-1	-1.000000000000000	-1.000000000000000	-1.000000000000000	-1.000000000000000	-169961.852725926524727	0.005000000000000
6_7_6_3_3_3_4_2_2_2_1_3_5_10_4_5_3_3_5_6_3_4_4_1	-1	-1.000000000000000	-1.000000000000000	-1.000000000000000	-1.000000000000000	-166439.980730475275777	0.010000000000000
7_5_5_2_3_3_4_7_2_2_1_3_5_9_4_5_3_3_5_4_3_4_4_1	1	1097738.242040116805583	14429.410156281795935	2405161.988204634748399	1.272000000000000	-168876.241651439195266	0.009000000000000
6_7_6_2_3_3_4_2_2_2_1_3_6_10_4_5_3_3_5_6_3_4_4_1	-1	-1.000000000000000	-1.000000000000000	-1.000000000000000	-1.000000000000000	-168856.957081557426136	0.009000000000000
6_7_6_2_3_3_4_2_2_2_2_3_5_10_4_5_3_3_5_6_3_4_4_1	-1	-1.000000000000000	-1.000000000000000	-1.000000000000000	-1.000000000000000	-169194.596087509300560	0.010000000000000
6_7_6_2_3_3_4_2_2_2_1_3_5_11_4_5_3_3_5_6_3_4_4_1	-1	-1.000000000000000	-1.000000000000000	-1.000000000000000	-1.000000000000000	-169080.659545423550298	0.010000000000000
8_5_7_2_3_3_4_3_2_2_1_3_5_11_4_5_3_3_5_4_3_4_4_1	-1	-1.000000000000000	-1.000000000000000	-1.000000000000000	-1.000000000000000	-171301.335168720135698	0.011000000000000
7_7_6_2_3_3_4_2_2_2_1_3_5_10_4_5_3_3_5_6_3_4_4_1	-1	-1.000000000000000	-1.000000000000000	-1.000000000000000	-1.000000000000000	-171203.441825674439315	0.009000000000000
6_7_6_2_3_3_4_2_2_2_1_3_5_10_4_5_3_3_5_6_3_5_4_1	-1	-1.000000000000000	-1.000000000000000	-1.000000000000000	-1.000000000000000	-169175.408124370558653	0.015000000000000
6_7_6_2_3_3_4_2_3_2_1_3_5_10_4_5_3_3_5_6_3_4_4_1	-1	-1.000000000000000	-1.000000000000000	-1.000000000000000	-1.000000000000000	-169194.596087509300560	0.009000000000000
6_7_6_2_3_3_4_2_2_2_1_4_5_10_4_5_3_3_5_6_3_4_4_1	-1	-1.000000000000000	-1.000000000000000	-1.000000000000000	-1.000000000000000	-169194.596087509300560	0.009000000000000
6_8_6_2_3_3_4_2_2_2_1_3_5_10_4_5_3_3_5_6_3_4_4_1	1	1090709.122263829456642	14008.389158407124341	2253396.759654851164669	1.054000000000000	-170251.829659624141641	0.008000000000000
5_7_6_2_3_3_4_2_2_2_1_3_5_10_4_5_3_3_5_6_3_4_4_1	-1	-1.000000000000000	-1.000000000000000	-1.000000000000000	-1.000000000000000	-165536.987508751481073	0.008000000000000
7_6_6_2_3_4_4_4_2_2_1_3_5_10_4_5_3_3_5_4_3_4_4_1	-1	-1.000000000000000	-1.000000000000000	-1.000000000000000	-1.000000000000000	-171593.002507193887141	0.008000000000000
8_6_7_2_4_3_4_2_2_2_1_3_5_10_4_5_3_3_5_4_3_4_4_1	-1	-1.000000000000000	-1.000000000000000	-1.000000000000000	-1.000000000000000	-172571.668513816402992	0.008000000000000
6_7_5_2_3_3_4_2_2_2_1_3_5_10_4_5_3_3_5_6_3_4_4_1	1	1091633.186058585066348	14003.288266970994300	2344597.356107174884528	1.148000000000000	-166423.818184828502126	0.006000000000000
6_7_6_2_3_3_4_2_2_2_1_3_5_10_4_5_3_3_5_5_3_4_4_1	1	1091558.234299429925159	14027.448125549813994	2293695.064389455132186	1.011000000000000	-168715.534099986427464	0.008000000000000
6_8_6_2_3_3_4_2_2_2_1_3_5_10_4_5_3_3_5_5_3_4_4_1	1	1090685.537646994693205	14008.389158407124341	2259633.326196296140552	0.990000000000000	-169776.074376338743605	0.007000000000000
6_8_6_2_3_3_4_2_2_2_1_3_5_9_4_5_3_3_5_6_3_4_4_1	-1	-1.000000000000000	-1.000000000000000	-1.000000000000000	-1.000000000000000	-169579.969280217308551	0.072000000000000
6_8_6_2_3_3_4_2_2_2_1_3_5_10_4_5_3_3_6_5_3_4_4_1	-1	-1.000000000000000	-1.000000000000000	-1.000000000000000	-1.000000000000000	-169776.074376338743605	0.012000000000000
6_8_6_2_3_3_4_2_2_2_1_3_5_10_4_5_4_3_5_5_3_4_4_1	-1	-1.000000000000000	-1.000000000000000	-1.000000000000000	-1.000000000000000	-169776.074376338743605	0.015000000000000
6_5_4_2_3_3_4_8_2_2_1_3_5_7_4_5_3_3_5_4_3_4_4_4	1	1093864.047253638273105	17208.837449824011856	2489164.352215919643641	0.873000000000000	-163305.647866135259392	0.007000000000000
6_8_6_3_3_3_4_2_2_2_1_3_5_10_4_5_3_3_5_5_3_4_4_1	-1	-1.000000000000000	-1.000000000000000	-1.000000000000000	-1.000000000000000	-166165.029095182835590	0.015000000000000
6_8_6_2_3_3_4_2_3_2_1_3_5_10_4_5_3_3_5_5_3_4_4_1	-1	-1.000000000000000	-1.000000000000000	-1.000000000000000	-1.000000000000000	-169776.074376338743605	0.012000000000000
6_8_7_2_3_3_4_2_2_2_1_3_5_10_4_5_3_3_5_5_3_4_4_1	1	1090820.328690059948713	14120.985231753813423	2217028.404395373538136	1.307000000000000	-171424.048012756218668	0.010000000000000
6_8_6_2_4_3_4_2_2_2_1_3_5_10_4_5_3_3_5_5_3_4_4_1	-1	-1.000000000000000	-1.000000000000000	-1.000000000000000	-1.000000000000000	-169726.665703548031161	0.008000000000000
7_8_5_2_3_3_4_2_2_2_1_3_5_10_4_5_3_3_5_4_3_4_4_3	-1	-1.000000000000000	-1.000000000000000	-1.000000000000000	-1.000000000000000	-167771.307709241576958	0.007000000000000
6_8_6_2_3_3_4_2_2_2_1_3_5_10_5_5_3_3_5_5_3_4_4_1	-1	-1.000000000000000	-1.000000000000000	-1.000000000000000	-1.000000000000000	-168626.680548952368554	0.009000000000000
6_8_6_2_3_3_4_2_2_2_1_3_5_10_4_5_3_3_5_5_3_4_4_2	1	1090293.008758558193222	14008.389158407124341	2223194.883257355540991	1.283000000000000	-170407.158607215242228	0.009000000000000
6_8_6_2_3_3_4_3_2_2_1_3_5_10_4_5_3_3_5_5_3_4_4_1	-1	-1.000000000000000	-1.000000000000000	-1.000000000000000	-1.000000000000000	-169776.074376338743605	0.010000000000000
6_8_6_2_3_3_5_2_2_2_1_3_5_10_4_5_3_3_5_5_3_4_4_1	-1	-1.000000000000000	-1.000000000000000	-1.000000000000000	-1.000000000000000	-169776.074376338743605	0.009000000000000
6_7_5_2_3_3_4_3_2_2_2_3_5_10_4_5_3_3_5_4_3_4_4_3	-1	-1.000000000000000	-1.000000000000000	-1.000000000000000	-1.000000000000000	-168230.389322214876302	0.010000000000000
6_8_6_2_3_3_4_2_2_2_1_3_6_10_4_5_3_3_5_5_3_4_4_1	-1	-1.000000000000000	-1.000000000000000	-1.000000000000000	-1.000000000000000	-169430.064229699695716	0.010000000000000
7_5_7_3_4_3_4_2_2_2_1_3_5_11_4_5_3_3_5_4_3_4_4_1	-1	-1.000000000000000	-1.000000000000000	-1.000000000000000	-1.000000000000000	-170521.350512169941794	0.011000000000000
5_7_6_2_3_3_4_2_2_2_1_3_5_9_4_5_3_3_5_8_3_4_4_1	-1	-1.000000000000000	-1.000000000000000	-1.000000000000000	-1.000000000000000	-166179.352554502722342	0.009000000000000
5_8_6_2_3_3_4_2_2_2_1_3_5_10_4_5_3_3_5_5_3_4_4_1	-1	-1.000000000000000	-1.000000000000000	-1.000000000000000	-1.000000000000000	-166186.792319428466726	0.008000000000000
6_8_6_2_3_3_4_2_2_2_1_3_5_10_4_5_3_3_5_4_3_4_4_1	1	1090657.361879269825295	14008.389158407124341	2267789.869481779634953	1.246000000000000	-169361.572915777564049	0.012000000000000
6_8_6_2_3_3_4_2_2_2_1_3_5_10_4_5_3_3_5_4_3_4_4_2	1	1090257.992976179579273	14008.389158407124341	2230062.855903969146311	1.186000000000000	-170407.158607215242228	0.012000000000000
6_7_7_2_3_3_4_2_2_2_1_3_5_10_4_5_3_3_5_5_3_4_4_1	-1	-1.000000000000000	-1.000000000000000	-1.000000000000000	-1.000000000000000	-169980.790625565918162	0.009000000000000
7_5_6_2_3_3_4_5_2_2_1_3_5_11_4_5_3_3_5_4_3_4_4_1	-1	-1.000000000000000	-1.000000000000000	-1.000000000000000	-1.000000000000000	-171001.497107296891045	0.008000000000000
6_8_7_2_3_3_4_2_2_2_1_3_5_9_4_5_3_3_5_5_3_4_4_1	1	1090964.989531886065379	14144.038618332626356	2233478.528854725416750	1.241000000000000	-169897.804004533769330	0.009000000000000
6_8_7_2_3_3_4_2_2_2_1_3_5_10_5_5_3_3_5_4_3_4_4_1	-1	-1.000000000000000	-1.000000000000000	-1.000000000000000	-1.000000000000000	-170402.338358578883344	0.014000000000000
6_7_5_2_3_3_4_7_2_2_1_3_5_7_4_5_3_3_5_4_3_4_4_2	-1	-1.000000000000000	-1.000000000000000	-1.000000000000000	-1.000000000000000	-165683.701041030028136	0.008000000000000
7_5_7_3_3_3_4_2_2_2_1_3_5_10_4_6_3_3_5_4_3_4_4_2	-1	-1.000000000000000	-1.000000000000000	-1.000000000000000	-1.000000000000000	-169447.364206262544030	0.010000000000000
6_8_7_2_3_3_4_2_2_2_1_3_5_10_4_5_4_3_5_4_3_4_4_1	-1	-1.000000000000000	-1.000000000000000	-1.000000000000000	-1.000000000000000	-171059.062162166374037	0.010000000000000
6_8_7_2_4_3_4_2_2_2_1_3_5_10_4_5_3_3_5_4_3_4_4_1	-1	-1.000000000000000	-1.000000000000000	-1.000000000000000	-1.000000000000000	-170982.022717042244039	0.011000000000000
7_7_5_3_3_3_4_4_2_2_1_3_5_10_4_5_3_3_5_4_3_4_4_1	-1	-1.000000000000000	-1.000000000000000	-1.000000000000000	-1.000000000000000	-168852.033013358130120	0.013000000000000
6_8_7_2_3_3_4_2_2_2_1_3_6_10_4_5_3_3_5_4_3_4_4_1	-1	-1.000000000000000	-1.000000000000000	-1.000000000000000	-1.000000000000000	-170657.843299448548350	0.012000000000000
6_8_7_2_3_3_4_2_2_2_1_3_5_10_4_5_3_4_5_4_3_4_4_1	-1	-1.000000000000000	-1.000000000000000	-1.000000000000000	-1.000000000000000	-169905.419032693025656	0.010000000000000
6_8_8_2_3_3_4_2_2_2_1_3_5_10_4_5_3_3_5_4_3_4_4_1	-1	-1.000000000000000	-1.000000000000000	-1.000000000000000	-1.000000000000000	-169138.909125973441405	0.010000000000000
6_8_7_2_3_3_4_2_2_2_2_3_5_10_4_5_3_3_5_4_3_4_4_1	-1	-1.000000000000000	-1.000000000000000	-1.000000000000000	-1.000000000000000	-171059.062162166374037	0.011000000000000
8_5_6_2_3_3_4_5_2_2_1_3_5_10_4_5_3_3_5_4_3_4_4_1	-1	-1.000000000000000	-1.000000000000000	-1.000000000000000	-1.000000000000000	-170655.986364474985749	0.008000000000000
6_8_7_2_3_3_5_2_2_2_1_3_5_10_4_5_3_3_5_4_3_4_4_1	-1	-1.000000000000000	-1.000000000000000	-1.000000000000000	-1.000000000000000	-171059.062162166374037	0.008000000000000
6_9_7_2_3_3_4_2_2_2_1_3_5_10_4_5_3_3_5_4_3_4_4_1	-1	-1.000000000000000	-1.000000000000000	-1.000000000000000	-1.000000000000000	-170868.921048694784986	0.011000000000000
6_8_7_2_3_3_4_2_2_2_1_3_5_10_4_5_3_3_5_4_3_5_4_1	-1	-1.000000000000000	-1.000000000000000	-1.000000000000000	-1.000000000000000	-171055.035724606423173	0.010000000000000
6_8_7_2_3_3_4_2_2_2_1_3_5_10_4_5_3_3_5_4_4_4_4_1	-1	-1.000000000000000	-1.000000000000000	-1.000000000000000	-1.000000000000000	-171366.202295626135310	0.011000000000000
7_5_7_3_3_3_4_2_2_2_2_3_5_10_4_5_3_3_5_4_3_4_4_2	-1	-1.000000000000000	-1.000000000000000	-1.000000000000000	-1.000000000000000	-170740.702381472598063	0.011000000000000
6_8_7_2_3_3_4_2_2_2_1_3_5_11_4_5_3_3_5_4_3_4_4_1	-1	-1.000000000000000	-1.000000000000000	-1.000000000000000	-1.000000000000000	-171083.539110386540415	0.009000000000000
6_8_7_2_3_3_4_2_2_2_1_3_5_10_4_6_3_3_5_4_3_4_4_1	-1	-1.000000000000000	-1.000000000000000	-1.000000000000000	-1.000000000000000	-169879.633261626586318	0.008000000000000
7_6_5_2_3_3_4_4_2_2_1_3_5_10_4_5_3_3_5_4_3_4_4_1	1	1094138.682857145555317	13711.489535815111594	2361634.136151215061545	1.488000000000000	-170013.723150469624670	0.013000000000000
6_8_7_2_3_3_4_2_2_2_1_4_5_10_4_5_3_3_5_4_3_4_4_1	-1	-1.000000000000000	-1.000000000000000	-1.000000000000000	-1.000000000000000	-171059.062162166374037	0.008000000000000
6_8_5_2_3_3_4_2_2_2_1_3_5_11_4_5_3_3_5_4_3_4_4_3	-1	-1.000000000000000	-1.000000000000000	-1.000000000000000	-1.000000000000000	-167796.533833036170108	0.007000000000000
5_8_7_2_3_3_4_2_2_2_1_3_5_10_4_5_3_3_5_4_3_4_4_1	1	1088781.900163420941681	14195.442074442817102	2239413.467644506599754	0.984000000000000	-167341.843499097158201	0.011000000000000
8_7_7_2_3_3_4_2_2_2_1_3_5_9_4_5_3_3_5_4_3_4_4_1	1	1096826.882065782789141	14212.618568859819788	2245177.352325900923461	0.287000000000000	-171576.353270708932541	0.011000000000000
8_6_7_2_3_3_4_2_2_2_1_3_5_11_4_5_3_3_5_4_3_4_4_1	1	1099152.140403543366119	13932.180677205771644	2250601.693313140422106	0.252000000000000	-172725.209896749001928	0.010000000000000
8_6_7_2_3_3_4_2_2_2_1_3_5_10_4_5_3_3_5_5_3_4_4_1	-1	-1.000000000000000	-1.000000000000000	-1.000000000000000	-1.000000000000000	-172530.262555448309286	0.009000000000000
8_6_7_2_3_3_4_2_2_3_1_3_5_10_4_5_3_3_5_4_3_4_4_1	-1	-1.000000000000000	-1.000000000000000	-1.000000000000000	-1.000000000000000	-172585.050531801738543	0.008000000000000
8_6_7_2_3_3_4_2_2_2_1_3_5_10_4_5_4_3_5_4_3_4_4_1	-1	-1.000000000000000	-1.000000000000000	-1.000000000000000	-1.000000000000000	-172585.050531801738543	0.013000000000000
8_6_7_2_3_4_4_2_2_2_1_3_5_10_4_5_3_3_5_4_3_4_4_1	-1	-1.000000000000000	-1.000000000000000	-1.000000000000000	-1.000000000000000	-172568.260402206273284	0.006000000000000
9_6_7_2_3_3_4_2_2_2_1_3_5_10_4_5_3_3_5_4_3_4_4_1	-1	-1.000000000000000	-1.000000000000000	-1.000000000000000	-1.000000000000000	-171868.174577266909182	0.008000000000000
7_8_7_2_3_3_4_2_2_2_1_3_5_8_4_5_3_3_5_4_3_5_4_1	1	1092971.990372855449095	14026.498005205721711	2215481.071075242012739	3.830000000000000	-170396.312772895093076	0.006000000000000
8_6_8_2_3_3_4_2_2_2_1_3_5_10_4_5_3_3_5_4_3_4_4_1	-1	-1.000000000000000	-1.000000000000000	-1.000000000000000	-1.000000000000000	-171043.797252253571060	0.008000000000000
8_6_7_2_3_3_5_2_2_2_1_3_5_10_4_5_3_3_5_4_3_4_4_1	1	1099206.063562882365659	13996.341613496108039	2256376.947566553484648	0.268000000000000	-172585.050531801738543	0.008000000000000
5_6_5_2_3_3_4_8_2_2_1_3_5_7_4_5_3_3_5_4_3_4_4_3	-1	-1.000000000000000	-1.000000000000000	-1.000000000000000	-1.000000000000000	-163070.425907676049974	0.009000000000000
8_6_7_2_3_3_4_3_2_2_1_3_5_10_4_5_3_3_5_4_3_4_4_1	-1	-1.000000000000000	-1.000000000000000	-1.000000000000000	-1.000000000000000	-172585.050531801738543	0.006000000000000
7_7_5_2_4_3_4_4_2_2_1_3_5_10_4_5_3_3_5_4_3_4_4_1	-1	-1.000000000000000	-1.000000000000000	-1.000000000000000	-1.000000000000000	-170216.539407834701706	0.015000000000000
8_6_7_2_3_3_4_2_2_2_1_3_5_10_4_5_3_3_6_4_3_4_4_1	-1	-1.000000000000000	-1.000000000000000	-1.000000000000000	-1.000000000000000	-172585.050531801738543	0.007000000000000
7_5_6_2_3_4_4_6_2_2_1_3_5_9_4_5_3_3_5_4_3_4_4_1	-1	-1.000000000000000	-1.000000000000000	-1.000000000000000	-1.000000000000000	-169770.378545834479155	0.007000000000000
7_6_7_2_3_3_4_2_2_2_1_3_5_11_4_5_3_3_5_4_3_4_4_1	1	1096105.015775032108650	13883.859758721104299	2267680.681330105289817	1.377000000000000	-171959.760502484918106	0.012000000000000
8_5_7_2_3_3_4_2_2_2_1_4_5_11_4_5_3_3_5_4_3_4_4_1	-1	-1.000000000000000	-1.000000000000000	-1.000000000000000	-1.000000000000000	-171301.335168720135698	0.069000000000000
7_5_7_2_3_3_5_2_2_2_1_3_5_10_4_5_3_3_5_4_3_4_4_3	-1	-1.000000000000000	-1.000000000000000	-1.000000000000000	-1.000000000000000	-170244.178784895688295	0.011000000000000
8_5_7_2_3_3_4_2_2_2_1_3_5_11_4_5_4_3_5_4_3_4_4_1	-1	-1.000000000000000	-1.000000000000000	-1.000000000000000	-1.000000000000000	-171301.335168720135698	0.069000000000000
8_5_7_2_3_3_4_2_3_2_1_3_5_11_4_5_3_3_5_4_3_4_4_1	-1	-1.000000000000000	-1.000000000000000	-1.000000000000000	-1.000000000000000	-171301.335168720135698	0.057000000000000
6_7_6_2_3_3_4_5_2_2_1_3_5_7_4_5_3_3_5_4_3_4_4_3	1	1090914.485306234564632	14224.104123021461419	2276382.380928101018071	1.049000000000000	-167757.023769705439918	0.008000000000000
9_5_7_2_3_3_4_2_2_2_1_3_5_11_4_5_3_3_5_4_3_4_4_1	-1	-1.000000000000000	-1.000000000000000	-1.000000000000000	-1.000000000000000	-170130.415942508960143	0.100000000000000
8_5_7_2_3_3_4_2_2_2_1_3_5_11_4_5_3_4_5_4_3_4_4_1	-1	-1.000000000000000	-1.000000000000000	-1.000000000000000	-1.000000000000000	-171115.184395110583864	0.071000000000000
8_5_7_2_3_3_4_2_2_2_1_3_5_11_4_5_3_3_6_4_3_4_4_1	-1	-1.000000000000000	-1.000000000000000	-1.000000000000000	-1.000000000000000	-171301.335168720135698	0.096000000000000
8_5_7_2_3_3_4_2_2_2_1_3_6_11_4_5_3_3_5_4_3_4_4_1	-1	-1.000000000000000	-1.000000000000000	-1.000000000000000	-1.000000000000000	-171090.411548819014570	0.081000000000000
8_5_7_2_3_3_4_2_2_2_2_3_5_11_4_5_3_3_5_4_3_4_4_1	-1	-1.000000000000000	-1.000000000000000	-1.000000000000000	-1.000000000000000	-171301.335168720135698	0.073000000000000
8_5_7_2_3_3_4_2_2_2_1_3_5_11_4_5_3_3_5_4_3_4_4_2	-1	-1.000000000000000	-1.000000000000000	-1.000000000000000	-1.000000000000000	-170811.399378675618209	0.017000000000000
7_5_7_3_3_3_4_2_2_2_1_4_5_11_4_5_3_3_5_4_3_4_4_1	-1	-1.000000000000000	-1.000000000000000	-1.000000000000000	-1.000000000000000	-170576.922368603234645	0.013000000000000
6_7_5_2_3_3_4_3_2_2_1_3_5_10_4_5_3_4_5_4_3_4_4_3	-1	-1.000000000000000	-1.000000000000000	-1.000000000000000	-1.000000000000000	-166803.799352167814504	0.007000000000000
6_7_5_2_3_3_4_3_2_2_1_3_5_10_4_5_3_3_5_4_3_4_4_4	-1	-1.000000000000000	-1.000000000000000	-1.000000000000000	-1.000000000000000	-167619.243735149735585	0.008000000000000
7_5_7_3_3_3_5_2_2_2_1_3_5_11_4_5_3_3_5_4_3_4_4_1	-1	-1.000000000000000	-1.000000000000000	-1.000000000000000	-1.000000000000000	-170576.922368603234645	0.010000000000000
7_5_7_3_3_3_4_2_3_2_1_3_5_11_4_5_3_3_5_4_3_4_4_1	-1	-1.000000000000000	-1.000000000000000	-1.000000000000000	-1.000000000000000	-170576.922368603234645	0.010000000000000
7_5_7_3_3_3_4_2_2_2_2_3_5_11_4_5_3_3_5_4_3_4_4_1	-1	-1.000000000000000	-1.000000000000000	-1.000000000000000	-1.000000000000000	-170576.922368603234645	0.012000000000000
7_6_7_3_3_3_4_2_2_2_1_3_5_11_4_5_3_3_5_4_3_4_4_1	-1	-1.000000000000000	-1.000000000000000	-1.000000000000000	-1.000000000000000	-170937.587979947944405	0.010000000000000
7_5_6_3_3_3_4_2_2_2_1_3_5_11_4_5_3_3_5_4_3_4_4_1	1	1099178.884355582762510	14465.078024168644333	2313511.292076879180968	1.889000000000000	-169077.320803388895001	0.008000000000000
5_5_5_2_3_3_4_8_2_2_1_3_5_8_4_5_3_3_5_4_3_4_4_2	-1	-1.000000000000000	-1.000000000000000	-1.000000000000000	-1.000000000000000	-162985.200629163591657	0.007000000000000
7_5_6_3_3_3_4_2_2_2_1_3_5_11_4_5_3_3_5_4_3_4_4_2	1	1098794.618781475350261	14465.078024168644333	2275436.282724062912166	2.353000000000000	-169687.786706669139676	0.009000000000000
7_5_7_3_3_3_4_2_2_2_1_3_5_10_5_5_3_3_5_4_3_4_4_2	-1	-1.000000000000000	-1.000000000000000	-1.000000000000000	-1.000000000000000	-169943.069964722206350	0.012000000000000
7_5_7_2_3_3_5_2_2_2_1_3_5_11_4_5_3_3_5_4_3_4_4_2	-1	-1.000000000000000	-1.000000000000000	-1.000000000000000	-1.000000000000000	-171041.829606589104515	0.008000000000000
7_5_7_3_3_4_4_2_2_2_1_3_5_10_4_5_3_3_5_4_3_4_4_2	-1	-1.000000000000000	-1.000000000000000	-1.000000000000000	-1.000000000000000	-170707.208407320547849	0.008000000000000
7_6_6_2_3_3_4_5_2_2_1_3_5_10_4_5_3_3_5_4_3_4_4_1	1	1093366.637665868038312	13857.723154367296956	2298633.866121680010110	0.882000000000000	-172513.975213651603553	0.008000000000000
7_5_7_3_3_3_5_2_2_2_1_3_5_10_4_5_3_3_5_4_3_4_4_2	1	1098459.783691284246743	14048.562716419466597	2236610.429485502187163	4.685000000000000	-170740.702381472598063	0.010000000000000
7_5_7_3_3_3_4_2_2_2_1_3_5_10_4_5_3_3_6_4_3_4_4_2	-1	-1.000000000000000	-1.000000000000000	-1.000000000000000	-1.000000000000000	-170740.702381472598063	0.009000000000000
7_5_6_2_3_3_4_5_2_2_1_3_6_10_4_5_3_3_5_4_3_4_4_1	-1	-1.000000000000000	-1.000000000000000	-1.000000000000000	-1.000000000000000	-170982.649001510086237	0.007000000000000
7_5_7_3_3_3_4_2_2_2_1_3_5_10_4_5_3_3_5_4_4_4_4_2	-1	-1.000000000000000	-1.000000000000000	-1.000000000000000	-1.000000000000000	-170740.702381472598063	0.010000000000000
8_5_7_3_3_3_4_2_2_2_1_3_5_10_4_5_3_3_5_4_3_4_4_2	-1	-1.000000000000000	-1.000000000000000	-1.000000000000000	-1.000000000000000	-171154.676663211430423	0.009000000000000
7_5_7_4_3_3_4_2_2_2_1_3_5_10_4_5_3_3_5_4_3_4_4_2	-1	-1.000000000000000	-1.000000000000000	-1.000000000000000	-1.000000000000000	-170235.907038530596765	0.012000000000000
6_8_7_2_3_3_4_2_2_2_1_3_5_8_4_5_3_3_5_6_3_4_4_1	1	1091157.537184222834185	14228.057311693337397	2246858.580378880724311	1.200000000000000	-168918.513843102089595	0.009000000000000
7_5_7_3_3_3_4_2_2_2_1_3_5_10_4_5_3_3_5_4_3_5_4_2	-1	-1.000000000000000	-1.000000000000000	-1.000000000000000	-1.000000000000000	-170740.702381472598063	0.010000000000000
7_5_7_3_3_3_4_2_2_2_1_3_5_10_4_5_3_4_5_4_3_4_4_2	-1	-1.000000000000000	-1.000000000000000	-1.000000000000000	-1.000000000000000	-169433.696619150403421	0.008000000000000
5_5_5_2_3_3_4_8_2_2_1_3_5_9_4_5_3_3_5_4_3_4_4_2	-1	-1.000000000000000	-1.000000000000000	-1.000000000000000	-1.000000000000000	-164527.207655926817097	0.008000000000000
7_6_7_2_3_3_4_2_2_2_1_3_5_11_4_6_3_3_5_4_3_4_4_1	-1	-1.000000000000000	-1.000000000000000	-1.000000000000000	-1.000000000000000	-170571.458363178593572	0.009000000000000
7_5_6_3_3_3_4_2_2_2_1_3_5_10_4_5_3_3_5_4_3_4_4_2	1	1098949.634270229842514	14530.328289868321008	2289708.487417476251721	2.912000000000000	-169201.613556970172795	0.012000000000000
7_5_7_2_3_3_4_2_2_2_1_3_5_10_4_5_3_3_5_4_3_4_4_2	-1	-1.000000000000000	-1.000000000000000	-1.000000000000000	-1.000000000000000	-170900.222407904046122	0.014000000000000
6_7_6_2_3_3_4_4_2_2_1_3_5_9_4_5_3_3_5_5_3_4_4_2	-1	-1.000000000000000	-1.000000000000000	-1.000000000000000	-1.000000000000000	-170348.166499534505419	0.010000000000000
7_5_6_3_3_3_5_2_2_2_1_3_5_10_4_5_3_3_5_4_3_4_4_2	1	1098787.138711706735194	14530.328289868321008	2281582.049165998585522	1.946000000000000	-169201.613556970172795	0.016000000000000
7_5_6_3_3_3_4_3_2_2_1_3_5_10_4_5_3_3_5_4_3_4_4_2	1	1098428.474271620856598	14422.532111464934133	2275754.612576241139323	1.775000000000000	-169201.613556970172795	0.011000000000000
7_5_7_3_3_3_5_2_2_2_1_3_5_10_4_5_3_3_5_4_3_4_4_1	-1	-1.000000000000000	-1.000000000000000	-1.000000000000000	-1.000000000000000	-170860.598234006698476	0.012000000000000
7_5_7_2_3_3_5_2_2_2_1_3_6_10_4_5_3_3_5_4_3_4_4_2	-1	-1.000000000000000	-1.000000000000000	-1.000000000000000	-1.000000000000000	-170740.294949721544981	0.010000000000000
8_5_7_2_3_3_5_2_2_2_1_3_5_10_4_5_3_3_5_4_3_4_4_2	-1	-1.000000000000000	-1.000000000000000	-1.000000000000000	-1.000000000000000	-170700.862691538553918	0.011000000000000
6_7_5_2_3_3_5_2_2_2_1_3_5_9_4_5_3_3_5_7_3_4_4_1	1	1091721.569214710965753	14080.980861069801904	2347690.858318805694580	0.986000000000000	-166673.436818064248655	0.007000000000000
7_5_7_2_3_3_5_2_2_2_2_3_5_10_4_5_3_3_5_4_3_4_4_2	-1	-1.000000000000000	-1.000000000000000	-1.000000000000000	-1.000000000000000	-170900.222407904046122	0.011000000000000
7_5_6_2_3_3_4_5_2_2_2_3_5_10_4_5_3_3_5_4_3_4_4_1	-1	-1.000000000000000	-1.000000000000000	-1.000000000000000	-1.000000000000000	-171207.756694586831145	0.007000000000000
7_5_7_2_3_3_5_2_2_2_1_3_5_10_4_6_3_3_5_4_3_4_4_2	-1	-1.000000000000000	-1.000000000000000	-1.000000000000000	-1.000000000000000	-169608.762557024660055	0.009000000000000
7_5_7_2_3_3_5_2_2_2_1_3_5_10_4_5_3_3_5_4_3_4_5_2	-1	-1.000000000000000	-1.000000000000000	-1.000000000000000	-1.000000000000000	-170900.222407904046122	0.010000000000000
7_5_7_2_3_3_5_2_2_2_1_3_5_10_4_5_3_3_5_4_3_5_4_2	-1	-1.000000000000000	-1.000000000000000	-1.000000000000000	-1.000000000000000	-170900.222407904046122	0.008000000000000
6_5_7_2_3_3_4_2_2_2_1_3_5_10_4_5_3_3_5_6_3_4_4_1	1	1095685.851341911125928	14076.632908677020168	2333415.695500887930393	1.039000000000000	-168121.546745605679462	0.009000000000000
7_5_6_2_3_3_4_5_2_2_1_3_5_10_4_5_3_3_5_4_3_4_5_1	-1	-1.000000000000000	-1.000000000000000	-1.000000000000000	-1.000000000000000	-171185.637388652074151	0.007000000000000
6_8_5_2_3_3_4_4_2_2_1_3_5_10_4_5_3_3_5_4_3_4_4_2	-1	-1.000000000000000	-1.000000000000000	-1.000000000000000	-1.000000000000000	-169607.075890071631875	0.017000000000000
7_5_7_2_3_3_5_2_2_2_1_3_5_10_4_5_3_3_5_4_4_4_4_2	-1	-1.000000000000000	-1.000000000000000	-1.000000000000000	-1.000000000000000	-170900.222407904046122	0.011000000000000
7_5_8_2_3_3_5_2_2_2_1_3_5_10_4_5_3_3_5_4_3_4_4_2	-1	-1.000000000000000	-1.000000000000000	-1.000000000000000	-1.000000000000000	-169481.683750051015522	0.009000000000000
6_7_5_2_3_4_4_3_2_2_1_3_5_10_4_5_3_3_5_4_3_4_4_3	-1	-1.000000000000000	-1.000000000000000	-1.000000000000000	-1.000000000000000	-168140.231384446757147	0.006000000000000
7_5_7_2_3_3_5_3_2_2_1_3_5_10_4_5_3_3_5_4_3_4_4_2	-1	-1.000000000000000	-1.000000000000000	-1.000000000000000	-1.000000000000000	-170900.222407904046122	0.011000000000000
7_5_7_2_3_3_4_2_2_2_1_3_5_12_4_5_3_3_5_5_3_4_4_1	-1	-1.000000000000000	-1.000000000000000	-1.000000000000000	-1.000000000000000	-170849.108686272869818	0.011000000000000
7_5_7_2_3_3_5_2_2_2_1_3_5_10_4_5_4_3_5_4_3_4_4_2	-1	-1.000000000000000	-1.000000000000000	-1.000000000000000	-1.000000000000000	-170900.222407904046122	0.009000000000000
6_8_5_2_3_4_4_2_2_2_1_3_5_10_4_5_3_3_5_4_3_4_4_3	-1	-1.000000000000000	-1.000000000000000	-1.000000000000000	-1.000000000000000	-167944.728725648106774	0.005000000000000
7_5_7_2_4_3_5_2_2_2_1_3_5_10_4_5_3_3_5_4_3_4_4_2	-1	-1.000000000000000	-1.000000000000000	-1.000000000000000	-1.000000000000000	-170871.066790100623621	0.008000000000000
7_8_7_2_3_3_5_2_2_2_1_3_5_7_4_5_3_3_5_5_3_4_4_1	-1	-1.000000000000000	-1.000000000000000	-1.000000000000000	-1.000000000000000	-168339.569742803199915	0.011000000000000
7_7_5_2_3_3_4_4_2_2_1_3_5_10_4_5_3_3_6_4_3_4_4_1	-1	-1.000000000000000	-1.000000000000000	-1.000000000000000	-1.000000000000000	-170275.203059837978799	0.014000000000000
7_5_7_2_3_3_5_2_2_2_1_4_5_10_4_5_3_3_5_4_3_4_4_2	-1	-1.000000000000000	-1.000000000000000	-1.000000000000000	-1.000000000000000	-170900.222407904046122	0.011000000000000
7_5_7_2_3_4_5_2_2_2_1_3_5_10_4_5_3_3_5_4_3_4_4_2	-1	-1.000000000000000	-1.000000000000000	-1.000000000000000	-1.000000000000000	-170867.748882613494061	0.010000000000000
6_5_7_2_3_3_5_2_2_2_1_3_5_10_4_5_3_3_5_4_3_4_4_2	-1	-1.000000000000000	-1.000000000000000	-1.000000000000000	-1.000000000000000	-168400.686670329421759	0.011000000000000
7_5_6_2_3_3_6_2_2_2_1_3_5_10_4_5_3_3_5_4_3_4_4_2	1	1097677.063220401294529	13872.662168016613577	2316796.976729273330420	1.515000000000000	-169313.571624574600719	0.008000000000000
7_6_7_2_3_3_5_2_2_2_1_3_5_9_4_5_3_3_5_4_3_4_4_2	1	1095904.743884313385934	14000.810310319564451	2252310.400978303514421	1.489000000000000	-170828.126541058503790	0.009000000000000
7_6_7_2_3_3_5_2_2_2_1_3_6_9_4_5_3_3_5_4_3_4_4_2	-1	-1.000000000000000	-1.000000000000000	-1.000000000000000	-1.000000000000000	-170657.023413404764142	0.009000000000000
7_6_7_2_3_3_5_2_2_2_1_3_5_9_4_5_3_4_5_4_3_4_4_2	-1	-1.000000000000000	-1.000000000000000	-1.000000000000000	-1.000000000000000	-169495.629782984324265	0.008000000000000
6_5_5_2_3_3_5_8_2_2_1_3_5_8_4_5_3_3_5_4_3_4_4_2	-1	-1.000000000000000	-1.000000000000000	-1.000000000000000	-1.000000000000000	-166865.013990587991429	0.008000000000000
7_7_7_2_3_3_4_2_2_2_1_3_5_9_4_5_3_4_5_4_3_4_4_2	-1	-1.000000000000000	-1.000000000000000	-1.000000000000000	-1.000000000000000	-170271.463840722048189	0.006000000000000
7_6_7_2_3_3_6_2_2_2_1_3_5_9_4_5_3_3_5_4_3_4_4_2	-1	-1.000000000000000	-1.000000000000000	-1.000000000000000	-1.000000000000000	-170828.126541058503790	0.009000000000000
7_6_7_2_3_3_5_2_2_2_1_4_5_9_4_5_3_3_5_4_3_4_4_2	-1	-1.000000000000000	-1.000000000000000	-1.000000000000000	-1.000000000000000	-170828.126541058503790	0.007000000000000
7_6_7_2_3_3_5_2_2_2_1_3_5_9_4_5_3_3_5_4_3_4_5_2	-1	-1.000000000000000	-1.000000000000000	-1.000000000000000	-1.000000000000000	-170828.126541058503790	0.006000000000000
7_6_7_2_3_3_5_2_2_2_1_3_5_9_4_5_3_3_5_4_3_5_4_2	-1	-1.000000000000000	-1.000000000000000	-1.000000000000000	-1.000000000000000	-170828.126541058503790	0.007000000000000
7_6_7_2_3_3_5_2_2_2_1_3_5_9_4_5_4_3_5_4_3_4_4_2	-1	-1.000000000000000	-1.000000000000000	-1.000000000000000	-1.000000000000000	-170828.126541058503790	0.008000000000000
7_6_7_2_3_3_5_2_2_2_1_3_5_9_4_6_3_3_5_4_3_4_4_2	-1	-1.000000000000000	-1.000000000000000	-1.000000000000000	-1.000000000000000	-169522.265854682598729	0.008000000000000
6_7_6_2_3_3_4_2_2_2_1_3_5_9_4_5_3_3_5_7_4_4_4_1	-1	-1.000000000000000	-1.000000000000000	-1.000000000000000	-1.000000000000000	-169673.706139733607415	0.012000000000000
7_5_6_2_3_3_4_2_2_2_1_3_6_9_4_5_3_3_5_8_3_4_4_1	-1	-1.000000000000000	-1.000000000000000	-1.000000000000000	-1.000000000000000	-167684.288337741192663	0.014000000000000
6_7_6_2_3_4_4_4_2_2_1_3_5_8_4_5_3_3_5_4_3_4_4_3	-1	-1.000000000000000	-1.000000000000000	-1.000000000000000	-1.000000000000000	-169042.567731261777226	0.008000000000000
7_6_7_2_3_3_5_3_2_2_1_3_5_9_4_5_3_3_5_4_3_4_4_2	-1	-1.000000000000000	-1.000000000000000	-1.000000000000000	-1.000000000000000	-170828.126541058503790	0.005000000000000
7_5_7_2_3_3_4_2_2_2_1_3_5_10_4_5_3_3_5_6_3_4_4_1	1	1098801.359484232496470	13988.977455557032954	2307761.163588854018599	1.522000000000000	-170936.661831512610661	0.009000000000000
7_6_7_2_3_3_5_2_2_2_1_3_5_9_4_5_3_3_6_4_3_4_4_2	-1	-1.000000000000000	-1.000000000000000	-1.000000000000000	-1.000000000000000	-170828.126541058503790	0.006000000000000
6_7_6_2_3_3_4_5_2_2_1_3_5_7_4_5_3_3_5_4_3_4_4_2	1	1091242.220181251410395	14224.104123021461419	2293036.258102076128125	1.061000000000000	-166786.474059438623954	0.006000000000000
7_6_7_2_3_3_5_2_3_2_1_3_5_9_4_5_3_3_5_4_3_4_4_2	-1	-1.000000000000000	-1.000000000000000	-1.000000000000000	-1.000000000000000	-170828.126541058503790	0.007000000000000
7_6_7_2_3_3_5_2_2_2_1_3_5_9_4_5_3_3_5_5_3_4_4_2	-1	-1.000000000000000	-1.000000000000000	-1.000000000000000	-1.000000000000000	-170828.126541058503790	0.006000000000000
7_6_7_2_3_3_5_2_2_3_1_3_5_9_4_5_3_3_5_4_3_4_4_2	-1	-1.000000000000000	-1.000000000000000	-1.000000000000000	-1.000000000000000	-170828.126541058503790	0.009000000000000
6_6_6_2_3_3_4_2_2_2_2_3_5_9_4_5_3_3_5_8_3_4_4_1	-1	-1.000000000000000	-1.000000000000000	-1.000000000000000	-1.000000000000000	-168697.866400489408989	0.019000000000000
7_6_7_2_3_3_5_2_2_2_1_3_5_8_4_5_3_3_5_4_3_4_4_2	-1	-1.000000000000000	-1.000000000000000	-1.000000000000000	-1.000000000000000	-168924.836673637240892	0.008000000000000
7_6_6_2_3_3_5_2_2_2_1_3_5_9_4_5_3_3_5_4_3_4_4_3	1	1094094.661045416258276	13926.825806487660884	2281516.180125333368778	2.795000000000000	-169193.688311726145912	0.023000000000000
7_6_6_2_3_3_4_4_2_2_1_3_5_10_4_5_3_4_5_4_3_4_4_1	-1	-1.000000000000000	-1.000000000000000	-1.000000000000000	-1.000000000000000	-170103.866138000856154	0.008000000000000
6_7_7_2_3_3_5_2_2_2_1_3_5_9_4_5_3_3_5_4_3_4_4_2	-1	-1.000000000000000	-1.000000000000000	-1.000000000000000	-1.000000000000000	-169332.561334166210145	0.016000000000000
7_7_6_2_3_3_5_2_2_2_1_3_5_9_4_5_3_3_5_4_3_4_4_2	1	1093175.358206000644714	13986.837614174197370	2257707.267401902936399	0.999000000000000	-169643.630916208087001	0.015000000000000
7_5_5_2_3_3_4_8_2_2_1_3_5_9_4_5_3_3_5_4_3_4_4_1	1	1097623.038718634750694	14429.410156281795935	2401150.098135163076222	1.166000000000000	-169158.824790802696953	0.009000000000000
7_7_7_2_3_3_5_2_2_2_2_3_5_9_4_5_3_3_5_4_3_4_4_1	-1	-1.000000000000000	-1.000000000000000	-1.000000000000000	-1.000000000000000	-171250.016972771554720	0.008000000000000
7_8_7_2_3_3_4_2_3_2_1_3_5_8_4_5_3_3_5_5_3_4_4_1	-1	-1.000000000000000	-1.000000000000000	-1.000000000000000	-1.000000000000000	-170464.264129896910163	0.011000000000000
7_8_6_2_3_3_4_2_2_2_1_3_5_8_4_5_3_3_5_5_3_4_4_1	1	1092727.731819838751107	14088.708576250661281	2282608.653810342773795	1.257000000000000	-168348.986101421556668	0.009000000000000
6_6_4_2_3_3_4_7_2_2_1_3_5_7_4_5_3_3_5_4_3_4_4_3	-1	-1.000000000000000	-1.000000000000000	-1.000000000000000	-1.000000000000000	-163025.707704915344948	0.006000000000000
7_7_7_2_3_3_5_2_2_2_1_4_5_9_4_5_3_3_5_4_3_4_4_1	-1	-1.000000000000000	-1.000000000000000	-1.000000000000000	-1.000000000000000	-171250.016972771554720	0.015000000000000
6_8_6_2_3_3_4_2_2_2_1_3_5_8_4_6_3_3_5_7_3_4_4_1	-1	-1.000000000000000	-1.000000000000000	-1.000000000000000	-1.000000000000000	-166999.532960954820737	0.027000000000000
7_7_7_2_3_3_5_2_2_2_1_3_5_9_4_5_3_3_5_5_3_4_4_1	-1	-1.000000000000000	-1.000000000000000	-1.000000000000000	-1.000000000000000	-171383.282682376797311	0.013000000000000
7_7_7_2_3_3_6_2_2_2_1_3_5_9_4_5_3_3_5_4_3_4_4_1	-1	-1.000000000000000	-1.000000000000000	-1.000000000000000	-1.000000000000000	-171250.016972771554720	0.011000000000000
7_7_7_2_3_3_5_2_2_2_1_3_6_9_4_5_3_3_5_4_3_4_4_1	-1	-1.000000000000000	-1.000000000000000	-1.000000000000000	-1.000000000000000	-170985.400992233539000	0.009000000000000
7_7_8_2_3_3_5_2_2_2_1_3_5_9_4_5_3_3_5_4_3_4_4_1	-1	-1.000000000000000	-1.000000000000000	-1.000000000000000	-1.000000000000000	-169636.430864913621917	0.012000000000000
7_7_7_2_3_3_5_2_3_2_1_3_5_9_4_5_3_3_5_4_3_4_4_1	-1	-1.000000000000000	-1.000000000000000	-1.000000000000000	-1.000000000000000	-171250.016972771554720	0.011000000000000
7_7_7_2_3_3_5_2_2_2_1_3_5_9_4_5_3_3_5_4_3_4_5_1	-1	-1.000000000000000	-1.000000000000000	-1.000000000000000	-1.000000000000000	-171207.884349322062917	0.011000000000000
7_8_7_2_3_3_5_2_2_2_1_3_5_8_4_5_3_3_6_4_3_4_4_1	-1	-1.000000000000000	-1.000000000000000	-1.000000000000000	-1.000000000000000	-170369.667688316374552	0.008000000000000
7_7_7_2_3_3_5_3_2_2_1_3_5_9_4_5_3_3_5_4_3_4_4_1	-1	-1.000000000000000	-1.000000000000000	-1.000000000000000	-1.000000000000000	-171250.016972771554720	0.008000000000000
7_7_7_2_3_4_5_2_2_2_1_3_5_9_4_5_3_3_5_4_3_4_4_1	-1	-1.000000000000000	-1.000000000000000	-1.000000000000000	-1.000000000000000	-171187.264528335188515	0.010000000000000
7_7_7_2_3_3_5_2_2_2_1_3_5_9_4_5_3_3_5_4_4_4_4_1	-1	-1.000000000000000	-1.000000000000000	-1.000000000000000	-1.000000000000000	-171414.637129364302382	0.010000000000000
8_7_7_2_3_3_5_2_2_2_1_3_5_9_4_5_3_3_5_4_3_4_4_1	1	1096584.626427550334483	14000.151993721628969	2237084.762456363067031	0.289000000000000	-171576.353270708932541	0.010000000000000
6_8_5_2_3_3_4_2_2_2_1_3_5_10_4_5_3_3_5_4_3_4_4_3	1	1089997.808268470689654	14032.277479204254632	2269688.101181755308062	1.126000000000000	-168037.256677415076410	0.006000000000000
7_7_7_2_3_3_5_2_2_2_1_3_5_9_4_5_3_3_5_4_3_5_4_1	-1	-1.000000000000000	-1.000000000000000	-1.000000000000000	-1.000000000000000	-171223.839009958435781	0.011000000000000
7_8_7_2_3_3_4_2_2_2_1_3_5_8_4_5_3_3_6_5_3_4_4_1	-1	-1.000000000000000	-1.000000000000000	-1.000000000000000	-1.000000000000000	-170464.264129896910163	0.014000000000000
6_7_7_2_3_3_5_2_2_2_1_3_5_9_4_5_3_3_5_4_3_4_4_1	-1	-1.000000000000000	-1.000000000000000	-1.000000000000000	-1.000000000000000	-167757.000615893659415	0.010000000000000
7_8_6_2_3_3_5_2_2_2_1_3_5_9_4_5_3_3_5_4_3_4_4_1	1	1092427.271143878344446	14005.530896918175131	2262695.825808464083821	0.945000000000000	-170367.921633468708023	0.010000000000000
7_8_7_2_3_3_6_2_2_2_1_3_5_8_4_5_3_3_5_4_3_4_4_1	-1	-1.000000000000000	-1.000000000000000	-1.000000000000000	-1.000000000000000	-170369.667688316374552	0.012000000000000
7_8_7_2_3_3_5_2_2_2_1_3_5_8_4_5_3_3_5_4_3_5_4_1	1	1092868.101814872818068	14026.498005205721711	2207431.265760365407914	0.930000000000000	-170396.312772895093076	0.009000000000000
6_6_6_2_3_3_4_5_2_2_1_3_5_10_4_5_3_3_5_4_3_4_4_1	-1	-1.000000000000000	-1.000000000000000	-1.000000000000000	-1.000000000000000	-168743.291430623794440	0.010000000000000
8_8_7_2_3_3_5_2_2_2_1_3_5_8_4_5_3_3_5_4_3_4_4_1	-1	-1.000000000000000	-1.000000000000000	-1.000000000000000	-1.000000000000000	-169507.425293279084144	0.007000000000000
7_8_7_2_4_3_5_2_2_2_1_3_5_8_4_5_3_3_5_4_3_4_4_1	-1	-1.000000000000000	-1.000000000000000	-1.000000000000000	-1.000000000000000	-170323.482299171009799	0.010000000000000
7_8_7_2_3_3_5_2_2_2_1_3_5_8_5_5_3_3_5_4_3_4_4_1	-1	-1.000000000000000	-1.000000000000000	-1.000000000000000	-1.000000000000000	-169703.173423400992760	0.007000000000000
7_8_7_2_3_3_5_2_2_2_1_3_5_8_4_5_3_3_5_4_4_4_4_1	-1	-1.000000000000000	-1.000000000000000	-1.000000000000000	-1.000000000000000	-170382.426682309014723	0.009000000000000
6_8_6_2_3_3_4_2_3_2_1_3_5_8_4_5_3_3_5_7_3_4_4_1	-1	-1.000000000000000	-1.000000000000000	-1.000000000000000	-1.000000000000000	-168540.807455597183434	0.022000000000000
6_7_6_2_3_3_4_4_2_2_1_3_5_8_4_5_3_3_5_4_4_4_4_3	-1	-1.000000000000000	-1.000000000000000	-1.000000000000000	-1.000000000000000	-169112.391058545443229	0.008000000000000
7_8_7_2_3_3_5_2_2_3_1_3_5_8_4_5_3_3_5_4_3_4_4_1	-1	-1.000000000000000	-1.000000000000000	-1.000000000000000	-1.000000000000000	-170369.667688316374552	0.011000000000000
6_7_5_2_3_3_4_6_2_2_1_4_5_7_4_5_3_3_5_4_3_4_4_3	-1	-1.000000000000000	-1.000000000000000	-1.000000000000000	-1.000000000000000	-166283.526506330294069	0.008000000000000
7_8_7_2_3_3_5_2_2_2_1_3_5_8_4_5_3_4_5_4_3_4_4_1	-1	-1.000000000000000	-1.000000000000000	-1.000000000000000	-1.000000000000000	-169290.680167112790514	0.013000000000000
7_8_7_2_3_3_5_2_2_2_1_3_5_8_4_5_3_3_5_4_3_4_5_1	-1	-1.000000000000000	-1.000000000000000	-1.000000000000000	-1.000000000000000	-170353.263977674447233	0.014000000000000
6_7_6_3_3_3_4_4_2_2_1_3_5_8_4_5_3_3_5_4_3_4_4_3	-1	-1.000000000000000	-1.000000000000000	-1.000000000000000	-1.000000000000000	-166366.953847377619240	0.008000000000000
6_6_5_2_3_3_4_7_2_2_1_3_5_7_4_5_3_3_5_4_4_4_4_3	-1	-1.000000000000000	-1.000000000000000	-1.000000000000000	-1.000000000000000	-165983.036405542516150	0.006000000000000
7_8_7_2_3_3_5_2_2_2_1_3_5_8_4_5_3_3_5_4_3_4_4_2	-1	-1.000000000000000	-1.000000000000000	-1.000000000000000	-1.000000000000000	-170541.407309118338162	0.010000000000000
7_8_7_2_3_3_5_2_2_2_1_3_5_8_4_5_3_3_5_5_3_4_4_1	1	1092742.378879400901496	14170.716680419904151	2232119.055832776241004	0.953000000000000	-170464.264129896910163	0.011000000000000
7_8_7_2_3_3_5_2_2_2_1_4_5_8_4_5_3_3_5_4_3_4_4_1	-1	-1.000000000000000	-1.000000000000000	-1.000000000000000	-1.000000000000000	-170369.667688316374552	0.012000000000000
7_9_7_2_3_3_5_2_2_2_1_3_5_8_4_5_3_3_5_4_3_4_4_1	-1	-1.000000000000000	-1.000000000000000	-1.000000000000000	-1.000000000000000	-168971.745465597341536	0.007000000000000
7_8_8_2_3_3_5_2_2_2_1_3_5_8_4_5_3_3_5_4_3_4_4_1	-1	-1.000000000000000	-1.000000000000000	-1.000000000000000	-1.000000000000000	-168744.070367308595451	0.010000000000000
7_8_6_2_3_3_5_2_2_2_1_3_5_8_4_5_3_3_5_4_3_4_4_1	1	1092601.936505947960541	14088.708576250661281	2282319.537450898904353	0.926000000000000	-168261.114172650733963	0.009000000000000
6_8_7_2_3_3_5_2_2_2_1_3_5_8_4_5_3_3_5_5_3_4_4_1	-1	-1.000000000000000	-1.000000000000000	-1.000000000000000	-1.000000000000000	-168022.145168082584860	0.015000000000000
7_8_6_2_3_3_5_2_2_2_1_3_5_8_4_5_3_3_5_5_3_4_4_1	1	1092625.397989051183686	14088.708576250661281	2274200.577504073269665	1.280000000000000	-168348.986101421556668	0.012000000000000
7_7_7_2_3_3_5_2_2_2_1_3_5_8_4_5_3_3_5_5_3_4_4_1	-1	-1.000000000000000	-1.000000000000000	-1.000000000000000	-1.000000000000000	-169490.944624679978006	0.009000000000000
7_8_7_2_3_3_4_2_2_2_1_3_6_8_4_5_3_3_5_5_3_4_4_1	-1	-1.000000000000000	-1.000000000000000	-1.000000000000000	-1.000000000000000	-170150.769265648472356	0.022000000000000
7_8_7_2_3_4_4_2_2_2_1_3_5_8_4_5_3_3_5_5_3_4_4_1	-1	-1.000000000000000	-1.000000000000000	-1.000000000000000	-1.000000000000000	-170437.068167389195878	0.050000000000000
7_8_7_2_3_3_4_2_2_2_1_3_5_8_4_5_3_3_5_6_3_4_4_1	1	1092866.662546938285232	14170.716680419904151	2234281.938583238050342	1.371000000000000	-170591.589352247829083	0.016000000000000
5_8_5_2_3_3_4_3_2_2_1_3_5_10_4_5_3_3_5_4_3_4_4_3	-1	-1.000000000000000	-1.000000000000000	-1.000000000000000	-1.000000000000000	-165775.587272455450147	0.006000000000000
7_8_7_2_3_3_4_2_2_2_1_3_5_8_4_5_3_3_5_5_3_4_5_1	-1	-1.000000000000000	-1.000000000000000	-1.000000000000000	-1.000000000000000	-170464.264129896910163	0.011000000000000
7_8_7_2_3_3_4_2_2_2_1_3_5_8_4_5_3_4_5_5_3_4_4_1	-1	-1.000000000000000	-1.000000000000000	-1.000000000000000	-1.000000000000000	-169576.032121044583619	0.014000000000000
7_8_7_2_3_3_4_2_2_2_1_3_5_8_5_5_3_3_5_5_3_4_4_1	-1	-1.000000000000000	-1.000000000000000	-1.000000000000000	-1.000000000000000	-170055.622755284799496	0.012000000000000
7_8_8_2_3_3_4_2_2_2_1_3_5_8_4_5_3_3_5_5_3_4_4_1	-1	-1.000000000000000	-1.000000000000000	-1.000000000000000	-1.000000000000000	-169099.753152883378789	0.013000000000000
7_8_7_2_3_3_4_2_2_3_1_3_5_8_4_5_3_3_5_5_3_4_4_1	-1	-1.000000000000000	-1.000000000000000	-1.000000000000000	-1.000000000000000	-170464.264129896910163	0.012000000000000
7_5_5_2_3_3_4_7_2_2_1_3_5_9_4_5_3_3_6_4_3_4_4_1	-1	-1.000000000000000	-1.000000000000000	-1.000000000000000	-1.000000000000000	-168876.241651439195266	0.008000000000000
7_8_7_2_3_3_4_3_2_2_1_3_5_8_4_5_3_3_5_5_3_4_4_1	-1	-1.000000000000000	-1.000000000000000	-1.000000000000000	-1.000000000000000	-170464.264129896910163	0.013000000000000
7_8_7_2_3_3_4_2_2_2_1_3_5_8_4_5_3_3_5_5_3_5_4_1	1	1092994.832773358793929	14026.498005205721711	2207379.263263492844999	1.194000000000000	-170467.069549879583064	0.012000000000000
7_8_7_2_3_3_4_2_2_2_1_3_5_7_4_5_3_3_5_5_3_4_4_1	1	1093032.942133581498638	14260.606195399926946	2264553.795758876483887	1.090000000000000	-168339.569742803199915	0.017000000000000
6_8_7_2_3_3_4_2_2_2_1_3_5_8_4_5_3_3_5_5_3_4_4_1	-1	-1.000000000000000	-1.000000000000000	-1.000000000000000	-1.000000000000000	-168022.145168082584860	0.015000000000000
7_8_6_2_3_3_4_2_2_2_1_3_5_8_4_5_3_3_5_5_3_5_4_1	1	1092874.842071999562904	13949.199945168806153	2249418.927231528796256	1.102000000000000	-168372.355964449496241	0.010000000000000
7_7_7_2_3_3_4_2_2_2_1_3_5_8_4_5_3_3_5_6_3_4_4_1	-1	-1.000000000000000	-1.000000000000000	-1.000000000000000	-1.000000000000000	-169679.866831921215635	0.011000000000000
6_8_7_2_4_3_4_2_2_2_1_3_5_8_4_5_3_3_5_6_3_4_4_1	-1	-1.000000000000000	-1.000000000000000	-1.000000000000000	-1.000000000000000	-168858.781847763719270	0.009000000000000
6_8_8_2_3_3_4_2_2_2_1_3_5_8_4_5_3_3_5_6_3_4_4_1	-1	-1.000000000000000	-1.000000000000000	-1.000000000000000	-1.000000000000000	-167079.776810341078090	0.010000000000000
6_7_6_2_3_3_4_4_2_2_1_3_5_8_4_5_3_3_5_4_3_5_4_3	-1	-1.000000000000000	-1.000000000000000	-1.000000000000000	-1.000000000000000	-169100.757334082765738	0.009000000000000
7_6_6_2_3_3_4_6_2_2_1_3_5_9_4_5_3_3_5_4_3_4_4_1	-1	-1.000000000000000	-1.000000000000000	-1.000000000000000	-1.000000000000000	-171320.878258735669078	0.008000000000000
6_9_7_2_3_3_4_2_2_2_1_3_5_8_4_5_3_3_5_6_3_4_4_1	-1	-1.000000000000000	-1.000000000000000	-1.000000000000000	-1.000000000000000	-168513.084241968084825	0.012000000000000
6_5_5_2_3_3_5_8_2_2_1_3_5_9_4_5_3_3_5_4_3_4_4_1	-1	-1.000000000000000	-1.000000000000000	-1.000000000000000	-1.000000000000000	-167950.055840788292699	0.007000000000000
6_8_7_2_3_3_4_2_2_2_1_3_5_8_4_6_3_3_5_6_3_4_4_1	-1	-1.000000000000000	-1.000000000000000	-1.000000000000000	-1.000000000000000	-167507.407130903244251	0.010000000000000
6_8_7_2_3_3_4_2_2_2_1_3_5_8_4_5_3_3_5_6_3_4_4_2	1	1090766.192021425580606	14228.057311693337397	2211400.336333660408854	1.107000000000000	-169164.293437557818834	0.008000000000000
6_8_7_2_3_3_4_2_2_2_1_3_5_8_4_5_3_3_5_6_3_5_4_1	-1	-1.000000000000000	-1.000000000000000	-1.000000000000000	-1.000000000000000	-168918.513843102089595	0.007000000000000
6_8_7_2_3_3_4_2_2_2_2_3_5_8_4_5_3_3_5_6_3_4_4_1	-1	-1.000000000000000	-1.000000000000000	-1.000000000000000	-1.000000000000000	-168918.513843102089595	0.010000000000000
6_8_7_2_3_3_4_3_2_2_1_3_5_8_4_5_3_3_5_6_3_4_4_1	-1	-1.000000000000000	-1.000000000000000	-1.000000000000000	-1.000000000000000	-168918.513843102089595	0.013000000000000
6_7_6_2_3_3_4_2_2_2_1_4_5_9_4_5_3_3_5_7_3_4_4_1	-1	-1.000000000000000	-1.000000000000000	-1.000000000000000	-1.000000000000000	-169673.706139733607415	0.010000000000000
6_8_7_2_3_3_4_2_3_2_1_3_5_8_4_5_3_3_5_6_3_4_4_1	-1	-1.000000000000000	-1.000000000000000	-1.000000000000000	-1.000000000000000	-168918.513843102089595	0.008000000000000
6_8_7_2_3_3_4_2_2_2_1_3_5_8_4_5_3_3_5_6_3_4_5_1	-1	-1.000000000000000	-1.000000000000000	-1.000000000000000	-1.000000000000000	-168918.513843102089595	0.013000000000000
6_8_6_2_3_3_4_2_2_2_1_3_5_8_4_5_3_3_5_6_3_4_4_1	1	1091037.695963039761409	14172.210565658187988	2289521.549522715620697	1.076000000000000	-167665.911173673230223	0.011000000000000
5_8_7_2_3_3_4_2_2_2_1_3_5_8_4_5_3_3_5_6_3_4_4_1	-1	-1.000000000000000	-1.000000000000000	-1.000000000000000	-1.000000000000000	-164907.036893287120620	0.010000000000000
6_8_6_2_3_3_4_3_2_2_1_3_5_9_4_5_3_3_5_4_3_4_4_2	1	1090222.860642087412998	14087.328614716476295	2231581.122816389892250	0.943000000000000	-169822.937822634296026	0.011000000000000
6_8_6_2_3_3_4_2_2_2_1_3_5_8_4_5_3_3_5_7_3_4_4_1	1	1091055.356038008350879	14172.210565658187988	2284475.714327836874872	1.439000000000000	-168540.807455597183434	0.017000000000000
6_8_6_2_3_3_4_2_2_2_1_3_5_8_4_5_3_3_5_6_3_4_4_2	1	1090646.350800242507830	14172.210565658187988	2254063.305477495305240	1.190000000000000	-167906.871560102910735	0.015000000000000
6_8_7_2_3_3_4_2_2_2_1_3_5_7_4_5_3_3_5_7_3_4_4_1	-1	-1.000000000000000	-1.000000000000000	-1.000000000000000	-1.000000000000000	-167555.334163696155883	0.012000000000000
5_8_7_2_3_3_4_2_2_2_1_3_5_8_4_5_3_3_5_7_3_4_4_1	-1	-1.000000000000000	-1.000000000000000	-1.000000000000000	-1.000000000000000	-165670.116947393078590	0.009000000000000
6_7_6_2_3_3_4_4_2_2_1_3_5_9_4_5_3_3_6_4_3_4_4_2	-1	-1.000000000000000	-1.000000000000000	-1.000000000000000	-1.000000000000000	-170348.166499534505419	0.009000000000000
6_8_6_2_3_3_4_2_2_2_2_3_5_8_4_5_3_3_5_7_3_4_4_1	-1	-1.000000000000000	-1.000000000000000	-1.000000000000000	-1.000000000000000	-168540.807455597183434	0.020000000000000
6_8_6_2_3_3_5_3_2_2_1_3_5_9_4_5_3_3_5_4_3_4_4_2	-1	-1.000000000000000	-1.000000000000000	-1.000000000000000	-1.000000000000000	-169822.937822634296026	0.007000000000000
6_8_6_2_3_3_5_2_2_2_1_3_5_8_4_5_3_3_5_7_3_4_4_1	-1	-1.000000000000000	-1.000000000000000	-1.000000000000000	-1.000000000000000	-168540.807455597183434	0.023000000000000
6_8_6_2_3_3_4_2_2_2_1_3_5_8_4_5_4_3_5_7_3_4_4_1	-1	-1.000000000000000	-1.000000000000000	-1.000000000000000	-1.000000000000000	-168540.807455597183434	0.025000000000000
6_8_6_2_3_3_4_2_2_2_1_3_5_8_4_5_3_3_6_7_3_4_4_1	-1	-1.000000000000000	-1.000000000000000	-1.000000000000000	-1.000000000000000	-168540.807455597183434	0.026000000000000
6_8_6_2_3_3_4_2_2_2_1_3_5_8_4_5_3_3_5_8_3_4_4_1	1	1091069.810400441288948	14172.210565658187988	2280266.333208273164928	1.739000000000000	-168567.946664255374344	0.024000000000000
8_7_7_2_3_3_4_2_2_2_1_4_5_9_4_5_3_3_5_4_3_4_4_1	-1	-1.000000000000000	-1.000000000000000	-1.000000000000000	-1.000000000000000	-171576.353270708932541	0.009000000000000
6_8_6_2_3_3_4_2_2_3_1_3_5_8_4_5_3_3_5_7_3_4_4_1	-1	-1.000000000000000	-1.000000000000000	-1.000000000000000	-1.000000000000000	-168540.807455597183434	0.023000000000000
6_8_6_3_3_3_4_3_2_2_1_3_5_9_4_5_3_3_5_4_3_4_4_2	-1	-1.000000000000000	-1.000000000000000	-1.000000000000000	-1.000000000000000	-166658.270826142193982	0.008000000000000
6_8_6_2_3_3_4_2_2_2_1_3_5_9_4_5_3_3_5_7_3_4_4_1	1	1090886.483418036485091	14087.328614716476295	2264795.660959381610155	1.680000000000000	-170473.991614555299748	0.021000000000000
7_7_7_2_3_4_4_2_2_2_1_3_5_9_4_5_3_3_5_4_3_4_4_2	-1	-1.000000000000000	-1.000000000000000	-1.000000000000000	-1.000000000000000	-171452.706426116463263	0.007000000000000
6_8_6_2_3_3_4_2_2_2_1_3_5_8_4_5_3_3_5_7_3_5_4_1	-1	-1.000000000000000	-1.000000000000000	-1.000000000000000	-1.000000000000000	-168528.343372098490363	0.022000000000000
6_7_5_2_3_3_4_2_2_2_1_3_5_9_4_5_3_3_5_7_3_4_4_1	1	1091817.367407944751903	14080.980861069801904	2356185.975323365069926	1.378000000000000	-166623.769431728374911	0.011000000000000
6_8_6_2_3_3_4_2_2_2_1_3_5_8_4_5_3_3_5_7_3_4_5_1	-1	-1.000000000000000	-1.000000000000000	-1.000000000000000	-1.000000000000000	-168540.807455597183434	0.022000000000000
6_6_6_2_3_3_4_2_2_3_1_3_5_9_4_5_3_3_5_8_3_4_4_1	-1	-1.000000000000000	-1.000000000000000	-1.000000000000000	-1.000000000000000	-168697.866400489408989	0.018000000000000
6_8_6_2_3_3_4_3_2_2_1_3_5_9_4_5_3_3_5_4_3_4_4_1	1	1090625.530290491878986	14087.328614716476295	2269344.561875717714429	0.924000000000000	-168210.259603276790585	0.006000000000000
6_6_5_2_3_3_4_7_2_2_1_3_5_7_5_5_3_3_5_4_3_4_4_3	-1	-1.000000000000000	-1.000000000000000	-1.000000000000000	-1.000000000000000	-165061.583290455106180	0.009000000000000
7_5_6_2_3_3_4_6_2_2_1_3_5_9_4_5_3_3_5_5_3_4_4_1	-1	-1.000000000000000	-1.000000000000000	-1.000000000000000	-1.000000000000000	-169634.102788969845278	0.007000000000000
6_8_6_2_3_3_4_2_2_2_1_3_5_8_4_5_3_3_5_7_3_4_4_2	-1	-1.000000000000000	-1.000000000000000	-1.000000000000000	-1.000000000000000	-168540.807455597183434	0.016000000000000
6_9_6_2_3_3_4_2_2_2_1_3_5_8_4_5_3_3_5_7_3_4_4_1	-1	-1.000000000000000	-1.000000000000000	-1.000000000000000	-1.000000000000000	-167353.127402974641882	0.019000000000000
7_5_6_2_3_3_4_2_2_2_1_3_5_11_4_5_3_3_5_6_3_4_4_1	1	1098303.681977038970217	13817.470724330476514	2340051.461520272772759	1.460000000000000	-169705.618145073240157	0.010000000000000
8_7_7_2_3_3_4_2_2_2_2_3_5_9_4_5_3_3_5_4_3_4_4_1	-1	-1.000000000000000	-1.000000000000000	-1.000000000000000	-1.000000000000000	-171576.353270708932541	0.009000000000000
6_8_6_3_3_3_4_2_2_2_1_3_5_8_4_5_3_3_5_7_3_4_4_1	-1	-1.000000000000000	-1.000000000000000	-1.000000000000000	-1.000000000000000	-164927.746496173669584	0.025000000000000
6_6_5_2_4_3_4_7_2_2_1_3_5_7_4_5_3_3_5_4_3_4_4_3	-1	-1.000000000000000	-1.000000000000000	-1.000000000000000	-1.000000000000000	-165918.242496741528157	0.009000000000000
6_8_6_2_3_3_4_2_2_2_1_3_5_8_5_5_3_3_5_7_3_4_4_1	-1	-1.000000000000000	-1.000000000000000	-1.000000000000000	-1.000000000000000	-167475.684520209033508	0.021000000000000
6_7_6_3_3_3_4_4_2_2_1_3_5_9_4_5_3_3_5_4_3_4_4_2	-1	-1.000000000000000	-1.000000000000000	-1.000000000000000	-1.000000000000000	-167830.308296604693169	0.008000000000000
7_8_6_2_3_3_4_2_2_2_1_3_5_8_4_5_3_3_5_7_3_4_4_1	-1	-1.000000000000000	-1.000000000000000	-1.000000000000000	-1.000000000000000	-168524.800118799641496	0.019000000000000
7_7_7_2_3_3_4_3_2_2_1_3_5_9_4_5_3_3_5_4_3_4_4_2	-1	-1.000000000000000	-1.000000000000000	-1.000000000000000	-1.000000000000000	-171524.877629168913700	0.006000000000000
5_8_6_2_3_3_4_2_2_2_1_3_5_8_4_5_3_3_5_7_3_4_4_1	-1	-1.000000000000000	-1.000000000000000	-1.000000000000000	-1.000000000000000	-165849.989529280923307	0.020000000000000
6_8_6_2_3_3_4_2_2_2_1_3_5_7_4_5_3_3_5_7_3_4_4_1	1	1091235.898465240839869	14263.723308521308354	2308684.789039898663759	1.550000000000000	-166323.131420863035601	0.018000000000000
6_7_6_2_3_3_4_2_2_2_1_3_5_8_4_5_3_3_5_8_3_4_4_1	1	1091940.926165552577004	14155.550640332043258	2314573.719700151588768	1.347000000000000	-167823.947347366076428	0.022000000000000
6_8_5_2_3_3_4_2_2_2_1_3_5_9_4_5_3_3_5_7_3_4_4_1	1	1090948.300321705406532	14112.675730238290271	2320912.064268002752215	1.275000000000000	-167388.472164376522414	0.014000000000000
6_7_6_2_3_3_4_3_2_2_1_3_5_9_4_5_3_3_5_7_3_4_4_1	-1	-1.000000000000000	-1.000000000000000	-1.000000000000000	-1.000000000000000	-169673.706139733607415	0.012000000000000
6_5_5_2_3_3_4_8_2_2_2_3_5_7_4_5_3_3_5_4_3_4_4_3	-1	-1.000000000000000	-1.000000000000000	-1.000000000000000	-1.000000000000000	-165427.179299022129271	0.008000000000000
6_7_6_2_3_3_4_2_2_2_1_3_5_9_4_5_3_4_5_7_3_4_4_1	-1	-1.000000000000000	-1.000000000000000	-1.000000000000000	-1.000000000000000	-168153.112379230995430	0.014000000000000
6_7_6_2_3_3_4_2_2_2_1_3_5_9_4_5_4_3_5_7_3_4_4_1	-1	-1.000000000000000	-1.000000000000000	-1.000000000000000	-1.000000000000000	-169673.706139733607415	0.014000000000000
6_7_6_2_3_3_5_2_2_2_1_3_5_9_4_5_3_3_5_7_3_4_4_1	1	1091648.498767163604498	14073.325553590300842	2290550.707224979065359	1.307000000000000	-169673.706139733607415	0.011000000000000
6_7_6_2_4_3_4_2_2_2_1_3_5_9_4_5_3_3_5_7_3_4_4_1	-1	-1.000000000000000	-1.000000000000000	-1.000000000000000	-1.000000000000000	-169630.475615636823932	0.009000000000000
6_7_6_2_3_3_4_2_2_2_1_3_5_9_4_5_3_3_5_7_3_5_4_1	-1	-1.000000000000000	-1.000000000000000	-1.000000000000000	-1.000000000000000	-169660.762618344801012	0.013000000000000
6_6_5_2_3_3_4_5_2_2_1_3_5_10_4_5_3_3_5_4_3_4_4_2	1	1091585.979546375572681	13886.341653784085793	2332661.068884472828358	0.978000000000000	-168416.339504837698769	0.007000000000000
6_7_6_2_3_3_4_2_2_2_1_3_5_9_5_5_3_3_5_7_3_4_4_1	-1	-1.000000000000000	-1.000000000000000	-1.000000000000000	-1.000000000000000	-168655.708013637718977	0.010000000000000
6_7_6_2_3_3_4_2_2_2_1_3_5_9_4_5_3_3_5_8_3_4_4_1	1	1091770.208717047469690	14073.325553590300842	2294712.660108183510602	1.146000000000000	-169784.321640654612565	0.014000000000000
6_7_6_2_3_3_4_2_3_2_1_3_5_9_4_5_3_3_5_7_3_4_4_1	-1	-1.000000000000000	-1.000000000000000	-1.000000000000000	-1.000000000000000	-169673.706139733607415	0.009000000000000
7_5_5_2_3_3_4_7_2_2_1_3_5_9_4_5_3_3_5_4_4_4_4_1	-1	-1.000000000000000	-1.000000000000000	-1.000000000000000	-1.000000000000000	-168712.910601813142421	0.008000000000000
6_7_6_2_3_3_4_2_2_3_1_3_5_9_4_5_3_3_5_7_3_4_4_1	-1	-1.000000000000000	-1.000000000000000	-1.000000000000000	-1.000000000000000	-169673.706139733607415	0.010000000000000
6_7_6_2_3_3_4_2_2_2_1_3_5_9_4_5_3_3_6_7_3_4_4_1	-1	-1.000000000000000	-1.000000000000000	-1.000000000000000	-1.000000000000000	-169673.706139733607415	0.010000000000000
5_7_6_2_3_3_4_2_2_2_1_3_5_9_4_5_3_3_5_7_3_4_4_1	-1	-1.000000000000000	-1.000000000000000	-1.000000000000000	-1.000000000000000	-165961.879976678785169	0.009000000000000
6_6_6_2_3_3_4_2_2_2_1_3_5_9_4_5_3_3_5_8_3_4_4_1	1	1092948.576452991226688	14093.707190583671036	2336488.954234344884753	1.165000000000000	-168697.866400489408989	0.016000000000000
6_7_5_2_3_3_4_2_2_2_1_3_5_9_4_5_3_3_5_8_3_4_4_1	1	1091836.743527040816844	14080.980861069801904	2351939.851900299079716	3.734000000000000	-166810.708148066536523	0.015000000000000
6_6_6_2_3_3_4_2_2_2_1_3_5_9_4_5_3_3_5_8_4_4_4_1	-1	-1.000000000000000	-1.000000000000000	-1.000000000000000	-1.000000000000000	-168697.866400489408989	0.021000000000000
6_7_5_2_3_3_4_3_2_2_1_3_5_10_4_5_3_3_5_4_3_4_4_3	1	1090673.046129368944094	14003.288266970994300	2289584.880689384881407	0.733000000000000	-168230.389322214876302	0.007000000000000
6_6_6_2_3_3_4_2_2_2_1_3_5_9_4_6_3_3_5_8_3_4_4_1	-1	-1.000000000000000	-1.000000000000000	-1.000000000000000	-1.000000000000000	-167075.851534835703205	0.022000000000000
7_7_7_2_3_3_4_2_2_2_1_4_5_9_4_5_3_3_5_4_3_4_4_2	-1	-1.000000000000000	-1.000000000000000	-1.000000000000000	-1.000000000000000	-171524.877629168913700	0.007000000000000
6_6_6_2_3_3_4_2_2_2_1_3_5_9_4_5_3_3_5_8_3_5_4_1	-1	-1.000000000000000	-1.000000000000000	-1.000000000000000	-1.000000000000000	-168684.798371245502494	0.016000000000000
6_6_7_2_3_3_4_2_2_2_1_3_5_9_4_5_3_3_5_8_3_4_4_1	-1	-1.000000000000000	-1.000000000000000	-1.000000000000000	-1.000000000000000	-169011.244614660943625	0.021000000000000
7_7_6_2_3_3_4_4_2_2_1_3_5_9_4_5_3_3_5_4_3_4_4_2	1	1093027.227893246570602	13998.219752128028631	2241486.041299024596810	1.014000000000000	-170500.298208129359409	0.007000000000000
6_6_6_2_3_3_4_2_2_2_1_3_5_9_5_5_3_3_5_8_3_4_4_1	-1	-1.000000000000000	-1.000000000000000	-1.000000000000000	-1.000000000000000	-167614.798675676807761	0.017000000000000
6_6_6_2_3_3_4_2_2_2_1_3_5_9_4_5_3_3_5_8_3_4_4_2	-1	-1.000000000000000	-1.000000000000000	-1.000000000000000	-1.000000000000000	-168697.866400489408989	0.021000000000000
7_5_6_2_3_3_4_2_2_3_1_3_5_9_4_5_3_3_5_8_3_4_4_1	-1	-1.000000000000000	-1.000000000000000	-1.000000000000000	-1.000000000000000	-167868.775715233350638	0.014000000000000
6_8_6_2_3_3_4_3_2_2_1_3_6_9_4_5_3_3_5_4_3_4_4_2	-1	-1.000000000000000	-1.000000000000000	-1.000000000000000	-1.000000000000000	-169503.060216224403121	0.009000000000000
8_7_7_2_3_3_4_2_2_2_1_3_5_8_4_5_3_3_5_4_3_4_4_1	1	1096869.431195590179414	14079.956732142523833	2265120.682791764847934	0.353000000000000	-169570.561813890992198	0.007000000000000
6_6_6_2_3_4_4_2_2_2_1_3_5_9_4_5_3_3_5_8_3_4_4_1	-1	-1.000000000000000	-1.000000000000000	-1.000000000000000	-1.000000000000000	-168629.406605210417183	0.025000000000000
6_7_5_2_3_3_4_3_2_2_1_3_5_9_4_5_3_3_5_4_3_4_4_3	-1	-1.000000000000000	-1.000000000000000	-1.000000000000000	-1.000000000000000	-167893.503189376438968	0.008000000000000
6_6_6_2_3_3_5_2_2_2_1_3_5_9_4_5_3_3_5_8_3_4_4_1	-1	-1.000000000000000	-1.000000000000000	-1.000000000000000	-1.000000000000000	-168697.866400489408989	0.024000000000000
6_6_6_2_3_3_4_2_2_2_1_3_6_9_4_5_3_3_5_8_3_4_4_1	-1	-1.000000000000000	-1.000000000000000	-1.000000000000000	-1.000000000000000	-168417.004670096590417	0.019000000000000
6_6_6_2_4_3_4_2_2_2_1_3_5_9_4_5_3_3_5_8_3_4_4_1	-1	-1.000000000000000	-1.000000000000000	-1.000000000000000	-1.000000000000000	-168636.420485160022508	0.022000000000000
6_6_6_2_3_3_4_2_2_2_1_3_5_9_4_5_4_3_5_8_3_4_4_1	-1	-1.000000000000000	-1.000000000000000	-1.000000000000000	-1.000000000000000	-168697.866400489408989	0.018000000000000
7_7_7_2_3_3_4_2_2_2_1_3_5_9_4_5_3_3_6_4_3_4_4_2	-1	-1.000000000000000	-1.000000000000000	-1.000000000000000	-1.000000000000000	-171524.877629168913700	0.006000000000000
6_6_6_2_3_3_4_3_2_2_1_3_5_9_4_5_3_3_5_8_3_4_4_1	-1	-1.000000000000000	-1.000000000000000	-1.000000000000000	-1.000000000000000	-168697.866400489408989	0.020000000000000
6_6_5_2_3_3_4_2_2_2_1_3_5_9_4_5_3_3_5_8_3_4_4_1	1	1092804.571366715244949	13960.592427089166449	2395381.791182291228324	1.327000000000000	-166219.302004141296493	0.021000000000000
6_5_6_2_3_3_4_2_2_2_1_3_5_9_4_5_3_3_5_8_3_4_4_1	1	1095660.809944170061499	14027.726530604399159	2387786.137929439079016	1.401000000000000	-167724.444527661136817	0.020000000000000
6_6_6_2_3_3_4_2_2_2_1_3_5_8_4_5_3_3_5_8_3_4_4_1	-1	-1.000000000000000	-1.000000000000000	-1.000000000000000	-1.000000000000000	-166751.985479194583604	0.018000000000000
7_6_5_2_3_3_4_2_2_2_1_3_5_9_4_5_3_3_5_8_3_4_4_1	1	1094656.757914950139821	13811.789086369757570	2379687.080005984287709	1.594000000000000	-166544.078192876040703	0.013000000000000
7_6_6_2_3_3_4_2_2_2_1_3_5_8_4_5_3_3_5_8_3_4_4_1	-1	-1.000000000000000	-1.000000000000000	-1.000000000000000	-1.000000000000000	-167251.045089172956068	0.009000000000000
7_5_6_2_3_3_4_2_2_2_2_3_5_9_4_5_3_3_5_8_3_4_4_1	-1	-1.000000000000000	-1.000000000000000	-1.000000000000000	-1.000000000000000	-167868.775715233350638	0.011000000000000
7_5_6_2_3_3_4_2_3_2_1_3_5_9_4_5_3_3_5_8_3_4_4_1	-1	-1.000000000000000	-1.000000000000000	-1.000000000000000	-1.000000000000000	-167868.775715233350638	0.010000000000000
7_5_6_3_3_3_4_2_2_2_1_3_5_9_4_5_3_3_5_8_3_4_4_1	-1	-1.000000000000000	-1.000000000000000	-1.000000000000000	-1.000000000000000	-167813.085800925589865	0.013000000000000
6_7_6_2_3_3_4_5_2_2_1_3_5_7_4_5_3_3_6_4_3_4_4_3	-1	-1.000000000000000	-1.000000000000000	-1.000000000000000	-1.000000000000000	-167757.023769705439918	0.008000000000000
7_5_6_2_3_3_4_2_2_2_1_3_5_9_4_6_3_3_5_8_3_4_4_1	-1	-1.000000000000000	-1.000000000000000	-1.000000000000000	-1.000000000000000	-166438.274899319803808	0.014000000000000
7_5_6_2_3_3_4_2_2_2_1_3_5_9_4_5_3_3_5_9_3_4_4_1	-1	-1.000000000000000	-1.000000000000000	-1.000000000000000	-1.000000000000000	-167982.770879454241367	0.013000000000000
7_5_6_2_3_3_4_2_2_2_1_3_5_9_4_5_3_3_5_8_3_4_5_1	-1	-1.000000000000000	-1.000000000000000	-1.000000000000000	-1.000000000000000	-167868.775715233350638	0.010000000000000
7_5_6_2_3_3_4_2_2_2_1_4_5_9_4_5_3_3_5_8_3_4_4_1	-1	-1.000000000000000	-1.000000000000000	-1.000000000000000	-1.000000000000000	-167868.775715233350638	0.014000000000000
6_7_7_2_3_3_4_2_2_2_1_3_5_11_4_5_3_3_5_4_3_4_4_1	1	1091432.424047806765884	13950.469656082732399	2244377.602750000543892	0.815000000000000	-169623.147686926327879	0.006000000000000
6_7_6_2_4_3_4_5_2_2_1_3_5_7_4_5_3_3_5_4_3_4_4_3	-1	-1.000000000000000	-1.000000000000000	-1.000000000000000	-1.000000000000000	-167692.400350409152452	0.006000000000000
6_6_5_2_3_3_4_8_2_2_1_3_5_7_4_5_3_3_5_4_3_4_4_3	1	1091039.040499460417777	14118.570603358468361	2364462.280778083484620	0.866000000000000	-166320.162205730710411	0.007000000000000
7_5_6_2_3_3_4_2_2_2_1_3_5_9_4_5_3_3_6_8_3_4_4_1	-1	-1.000000000000000	-1.000000000000000	-1.000000000000000	-1.000000000000000	-167868.775715233350638	0.014000000000000
7_5_6_2_3_3_4_2_2_2_1_3_5_9_4_5_3_3_5_8_3_5_4_1	-1	-1.000000000000000	-1.000000000000000	-1.000000000000000	-1.000000000000000	-167868.775715233350638	0.013000000000000
7_5_6_2_3_3_4_2_2_2_1_3_5_9_5_5_3_3_5_8_3_4_4_1	-1	-1.000000000000000	-1.000000000000000	-1.000000000000000	-1.000000000000000	-166930.786826723517152	0.017000000000000
7_5_6_2_3_4_4_2_2_2_1_3_5_9_4_5_3_3_5_8_3_4_4_1	-1	-1.000000000000000	-1.000000000000000	-1.000000000000000	-1.000000000000000	-167812.698335307679372	0.016000000000000
6_7_5_2_3_3_4_6_2_2_1_3_5_7_4_6_3_3_5_4_3_4_4_3	-1	-1.000000000000000	-1.000000000000000	-1.000000000000000	-1.000000000000000	-164846.232283585821278	0.007000000000000
7_5_6_2_3_3_4_2_2_2_1_3_5_9_4_5_3_3_5_8_4_4_4_1	-1	-1.000000000000000	-1.000000000000000	-1.000000000000000	-1.000000000000000	-167868.775715233350638	0.018000000000000
7_5_6_2_3_3_5_2_2_2_1_3_5_9_4_5_3_3_5_8_3_4_4_1	-1	-1.000000000000000	-1.000000000000000	-1.000000000000000	-1.000000000000000	-167868.775715233350638	0.019000000000000
7_5_7_2_3_3_4_2_2_2_1_3_5_8_4_5_3_3_5_8_3_4_4_1	1	1099207.458513081539422	14152.710287847850850	2335365.439300932455808	1.653000000000000	-167561.660118398198392	0.012000000000000
7_5_5_2_3_3_4_2_2_2_1_3_5_10_4_5_3_3_5_8_3_4_4_1	1	1098898.092649753903970	14419.127040170540567	2405770.744228753726929	1.512000000000000	-166333.649949300073786	0.008000000000000
6_7_5_2_3_3_4_3_2_2_1_3_5_10_4_5_3_3_5_5_3_4_4_3	-1	-1.000000000000000	-1.000000000000000	-1.000000000000000	-1.000000000000000	-168230.389322214876302	0.006000000000000
6_5_7_2_3_3_4_2_2_2_1_3_5_9_4_5_3_3_5_8_3_4_4_1	-1	-1.000000000000000	-1.000000000000000	-1.000000000000000	-1.000000000000000	-168061.623668711516075	0.011000000000000
6_7_5_2_3_3_4_3_2_2_1_3_5_10_4_5_4_3_5_4_3_4_4_3	-1	-1.000000000000000	-1.000000000000000	-1.000000000000000	-1.000000000000000	-168230.389322214876302	0.005000000000000
7_5_7_2_3_3_4_2_2_2_1_3_5_10_4_5_3_3_6_6_3_4_4_1	-1	-1.000000000000000	-1.000000000000000	-1.000000000000000	-1.000000000000000	-170936.661831512610661	0.009000000000000
7_5_7_2_3_4_4_2_2_2_1_3_5_10_4_5_3_3_5_6_3_4_4_1	-1	-1.000000000000000	-1.000000000000000	-1.000000000000000	-1.000000000000000	-170910.049390391475754	0.011000000000000
7_5_7_2_3_3_4_2_2_2_1_4_5_10_4_5_3_3_5_6_3_4_4_1	-1	-1.000000000000000	-1.000000000000000	-1.000000000000000	-1.000000000000000	-170936.661831512610661	0.011000000000000
7_5_8_2_3_3_4_2_2_2_1_3_5_10_4_5_3_3_5_6_3_4_4_1	-1	-1.000000000000000	-1.000000000000000	-1.000000000000000	-1.000000000000000	-169506.874706228903960	0.011000000000000
7_5_7_2_3_3_4_2_2_2_1_3_5_11_4_5_3_3_5_6_3_4_4_1	1	1098644.085765446070582	13926.863976520711731	2293378.047438698355108	1.404000000000000	-171172.822116071765777	0.010000000000000
7_5_7_2_3_3_4_2_3_2_1_3_5_10_4_5_3_3_5_6_3_4_4_1	-1	-1.000000000000000	-1.000000000000000	-1.000000000000000	-1.000000000000000	-170936.661831512610661	0.010000000000000
6_5_4_2_3_3_4_8_2_2_1_3_5_8_4_5_3_3_5_4_3_4_4_3	1	1094547.696275813272223	14868.553863064491452	2476048.281455689109862	0.894000000000000	-165301.346139889472397	0.008000000000000
7_5_7_2_3_3_4_3_2_2_1_3_5_10_4_5_3_3_5_6_3_4_4_1	-1	-1.000000000000000	-1.000000000000000	-1.000000000000000	-1.000000000000000	-170936.661831512610661	0.011000000000000
7_5_7_2_3_3_4_2_2_2_2_3_5_10_4_5_3_3_5_6_3_4_4_1	-1	-1.000000000000000	-1.000000000000000	-1.000000000000000	-1.000000000000000	-170936.661831512610661	0.010000000000000
7_5_7_2_3_3_4_2_2_3_1_3_5_10_4_5_3_3_5_6_3_4_4_1	-1	-1.000000000000000	-1.000000000000000	-1.000000000000000	-1.000000000000000	-170936.661831512610661	0.010000000000000
6_6_7_2_3_3_4_2_2_2_1_3_5_11_4_5_3_3_5_4_3_4_4_1	1	1092447.718051882693544	13966.675866083773144	2285007.831755527760834	1.354000000000000	-168512.258690156857483	0.007000000000000
8_5_7_2_3_3_4_2_2_2_1_3_5_10_4_5_3_3_5_6_3_4_4_1	-1	-1.000000000000000	-1.000000000000000	-1.000000000000000	-1.000000000000000	-170709.477237380255247	0.010000000000000
7_7_5_2_3_3_4_4_2_2_1_3_5_10_4_6_3_3_5_4_3_4_4_1	-1	-1.000000000000000	-1.000000000000000	-1.000000000000000	-1.000000000000000	-168681.484696080384310	0.013000000000000
7_5_7_2_3_3_4_2_2_2_1_3_5_10_4_6_3_3_5_6_3_4_4_1	-1	-1.000000000000000	-1.000000000000000	-1.000000000000000	-1.000000000000000	-169653.233846041635843	0.010000000000000
7_5_7_2_3_3_4_2_2_2_1_3_5_10_4_5_3_4_5_6_3_4_4_1	-1	-1.000000000000000	-1.000000000000000	-1.000000000000000	-1.000000000000000	-169621.857949266996002	0.010000000000000
7_5_6_2_3_3_4_2_2_2_1_3_5_10_4_5_3_3_5_6_3_4_4_1	-1	-1.000000000000000	-1.000000000000000	-1.000000000000000	-1.000000000000000	-169340.941717002075166	0.009000000000000
7_5_7_2_3_3_4_2_2_2_1_3_5_10_4_5_3_3_5_6_3_4_5_1	-1	-1.000000000000000	-1.000000000000000	-1.000000000000000	-1.000000000000000	-170936.661831512610661	0.010000000000000
7_5_7_2_4_3_4_2_2_2_1_3_5_10_4_5_3_3_5_6_3_4_4_1	-1	-1.000000000000000	-1.000000000000000	-1.000000000000000	-1.000000000000000	-170912.744933522772044	0.010000000000000
7_6_6_2_3_3_4_3_2_2_1_3_5_10_4_5_3_3_5_4_3_4_4_1	1	1094546.762406012509018	13857.723154367296956	2312787.349169784691185	1.385000000000000	-170636.733138415467693	0.007000000000000
7_5_7_2_3_3_4_2_2_2_1_3_5_10_4_5_4_3_5_6_3_4_4_1	-1	-1.000000000000000	-1.000000000000000	-1.000000000000000	-1.000000000000000	-170936.661831512610661	0.010000000000000
7_5_7_2_3_3_4_2_2_2_1_3_5_10_4_5_3_3_5_6_3_4_4_2	-1	-1.000000000000000	-1.000000000000000	-1.000000000000000	-1.000000000000000	-170900.222407904046122	0.009000000000000
7_5_7_2_3_3_4_2_2_2_1_3_5_10_4_5_3_3_5_5_3_4_4_1	1	1098764.406131859170273	13988.977455557032954	2314121.002888910472393	1.514000000000000	-170947.778843632491771	0.010000000000000
6_8_6_2_3_3_4_3_2_2_1_3_5_9_4_5_3_3_6_4_3_4_4_2	-1	-1.000000000000000	-1.000000000000000	-1.000000000000000	-1.000000000000000	-169822.937822634296026	0.007000000000000
7_7_7_2_3_3_4_2_2_2_1_3_5_9_4_5_3_3_5_4_3_4_5_2	-1	-1.000000000000000	-1.000000000000000	-1.000000000000000	-1.000000000000000	-171524.877629168913700	0.008000000000000
6_5_7_2_3_3_5_2_2_2_1_3_5_10_4_5_3_3_5_6_3_4_4_1	1	1095580.919614194892347	14076.632908677020168	2325048.288080818019807	1.014000000000000	-168121.546745605679462	0.008000000000000
7_5_7_2_3_3_4_2_2_2_1_3_5_11_4_5_3_4_5_5_3_4_4_1	-1	-1.000000000000000	-1.000000000000000	-1.000000000000000	-1.000000000000000	-169608.863015770912170	0.009000000000000
7_5_7_2_3_3_4_2_2_2_1_3_5_11_4_5_4_3_5_5_3_4_4_1	-1	-1.000000000000000	-1.000000000000000	-1.000000000000000	-1.000000000000000	-170993.035486581327859	0.011000000000000
5_5_5_2_3_3_4_8_2_2_1_3_5_8_4_5_3_3_5_4_3_4_4_3	-1	-1.000000000000000	-1.000000000000000	-1.000000000000000	-1.000000000000000	-164245.227096542599611	0.009000000000000
7_5_7_2_3_3_4_2_2_2_1_3_5_11_4_5_3_3_5_5_4_4_4_1	-1	-1.000000000000000	-1.000000000000000	-1.000000000000000	-1.000000000000000	-170993.035486581327859	0.011000000000000
7_5_7_2_3_3_4_2_2_2_1_3_5_11_4_5_3_3_6_5_3_4_4_1	-1	-1.000000000000000	-1.000000000000000	-1.000000000000000	-1.000000000000000	-170993.035486581327859	0.011000000000000
7_5_6_2_3_3_4_5_2_2_1_3_5_10_4_5_3_3_5_5_3_4_4_1	-1	-1.000000000000000	-1.000000000000000	-1.000000000000000	-1.000000000000000	-171097.008155075571267	0.008000000000000
7_5_7_2_3_3_4_3_2_2_1_3_5_11_4_5_3_3_5_5_3_4_4_1	-1	-1.000000000000000	-1.000000000000000	-1.000000000000000	-1.000000000000000	-170993.035486581327859	0.011000000000000
7_5_7_2_3_3_4_2_3_2_1_3_5_11_4_5_3_3_5_5_3_4_4_1	-1	-1.000000000000000	-1.000000000000000	-1.000000000000000	-1.000000000000000	-170993.035486581327859	0.011000000000000
7_5_7_2_3_3_4_2_2_2_1_3_5_11_4_5_3_3_5_5_3_5_4_1	-1	-1.000000000000000	-1.000000000000000	-1.000000000000000	-1.000000000000000	-170988.637549332081107	0.010000000000000
7_5_7_2_3_4_4_2_2_2_1_3_5_11_4_5_3_3_5_5_3_4_4_1	-1	-1.000000000000000	-1.000000000000000	-1.000000000000000	-1.000000000000000	-170945.454374978406122	0.010000000000000
7_5_7_2_3_3_4_2_2_2_1_3_5_11_5_5_3_3_5_5_3_4_4_1	-1	-1.000000000000000	-1.000000000000000	-1.000000000000000	-1.000000000000000	-170151.849209125677589	0.008000000000000
7_5_8_2_3_3_4_2_2_2_1_3_5_11_4_5_3_3_5_5_3_4_4_1	-1	-1.000000000000000	-1.000000000000000	-1.000000000000000	-1.000000000000000	-169525.598221725434996	0.006000000000000
7_5_7_2_3_3_4_2_2_2_1_3_5_11_4_5_3_3_5_5_3_4_5_1	-1	-1.000000000000000	-1.000000000000000	-1.000000000000000	-1.000000000000000	-170993.035486581327859	0.010000000000000
6_5_7_2_3_3_4_2_2_2_1_3_5_11_4_5_3_3_5_5_3_4_4_1	-1	-1.000000000000000	-1.000000000000000	-1.000000000000000	-1.000000000000000	-167950.646156031114515	0.010000000000000
6_7_6_2_3_3_4_5_2_2_1_3_5_7_4_5_4_3_5_4_3_4_4_3	-1	-1.000000000000000	-1.000000000000000	-1.000000000000000	-1.000000000000000	-167757.023769705439918	0.007000000000000
7_6_7_2_3_3_4_2_2_2_1_3_5_10_4_5_3_3_5_5_3_4_4_1	1	1096136.911799616180360	13952.118558303976897	2273868.795662254560739	1.200000000000000	-172357.277947693888564	0.012000000000000
6_5_5_2_3_3_4_8_2_2_1_3_5_7_4_5_3_3_5_4_3_4_4_3	1	1094200.048611321719363	14253.111025841128139	2417191.860142306424677	1.010000000000000	-165427.179299022129271	0.008000000000000
7_6_7_2_3_3_4_2_2_2_1_3_5_12_4_5_3_3_5_4_3_4_4_1	-1	-1.000000000000000	-1.000000000000000	-1.000000000000000	-1.000000000000000	-171764.052276753616752	0.011000000000000
7_6_7_2_3_3_4_2_2_2_1_3_5_11_4_5_3_3_5_4_3_5_4_1	-1	-1.000000000000000	-1.000000000000000	-1.000000000000000	-1.000000000000000	-171943.709947723080404	0.007000000000000
7_5_6_2_3_3_4_5_2_2_1_3_5_10_4_5_4_3_5_4_3_4_4_1	-1	-1.000000000000000	-1.000000000000000	-1.000000000000000	-1.000000000000000	-171207.756694586831145	0.007000000000000
7_6_7_2_3_3_4_2_2_2_1_3_6_11_4_5_3_3_5_4_3_4_4_1	-1	-1.000000000000000	-1.000000000000000	-1.000000000000000	-1.000000000000000	-171724.877488087164238	0.011000000000000
7_6_7_2_3_3_4_2_2_2_1_3_5_11_4_5_3_3_6_4_3_4_4_1	-1	-1.000000000000000	-1.000000000000000	-1.000000000000000	-1.000000000000000	-171959.760502484918106	0.009000000000000
6_7_7_2_3_3_4_2_2_2_1_3_5_8_4_5_3_3_5_6_3_4_4_2	1	1091589.835750997066498	14177.013009246311412	2244721.645002722740173	0.898000000000000	-167440.133387466717977	0.007000000000000
7_6_7_2_3_3_4_2_2_2_1_3_5_11_5_5_3_3_5_4_3_4_4_1	-1	-1.000000000000000	-1.000000000000000	-1.000000000000000	-1.000000000000000	-171074.435404046904296	0.011000000000000
5_6_5_2_3_3_4_8_2_2_1_3_5_9_4_5_3_3_5_4_3_4_4_1	1	1089338.601056195097044	13972.513954689948150	2392647.738528322428465	0.747000000000000	-164311.699591643118765	0.007000000000000
7_6_7_2_3_3_4_2_3_2_1_3_5_11_4_5_3_3_5_4_3_4_4_1	-1	-1.000000000000000	-1.000000000000000	-1.000000000000000	-1.000000000000000	-171959.760502484918106	0.007000000000000
6_8_5_2_3_3_4_2_2_2_1_3_6_10_4_5_3_3_5_4_3_4_4_3	-1	-1.000000000000000	-1.000000000000000	-1.000000000000000	-1.000000000000000	-167677.149964412441477	0.006000000000000
7_6_7_2_4_3_4_2_2_2_1_3_5_11_4_5_3_3_5_4_3_4_4_1	-1	-1.000000000000000	-1.000000000000000	-1.000000000000000	-1.000000000000000	-171907.019543296832126	0.009000000000000
7_5_6_2_3_3_4_5_2_2_1_3_5_10_4_5_3_4_5_4_3_4_4_1	-1	-1.000000000000000	-1.000000000000000	-1.000000000000000	-1.000000000000000	-169725.083322355931159	0.008000000000000
6_8_5_2_3_3_4_2_2_2_2_3_5_10_4_5_3_3_5_4_3_4_4_3	-1	-1.000000000000000	-1.000000000000000	-1.000000000000000	-1.000000000000000	-168037.256677415076410	0.013000000000000
7_6_8_2_3_3_4_2_2_2_1_3_5_11_4_5_3_3_5_4_3_4_4_1	-1	-1.000000000000000	-1.000000000000000	-1.000000000000000	-1.000000000000000	-170264.474567829311127	0.007000000000000
7_6_7_2_3_3_4_2_2_2_1_3_5_11_4_5_3_3_5_4_3_4_4_2	-1	-1.000000000000000	-1.000000000000000	-1.000000000000000	-1.000000000000000	-172261.372543890203815	0.006000000000000
7_6_7_2_3_3_4_2_2_2_2_3_5_11_4_5_3_3_5_4_3_4_4_1	-1	-1.000000000000000	-1.000000000000000	-1.000000000000000	-1.000000000000000	-171959.760502484918106	0.010000000000000
8_7_7_2_4_3_4_2_2_2_1_3_5_9_4_5_3_3_5_4_3_4_4_1	-1	-1.000000000000000	-1.000000000000000	-1.000000000000000	-1.000000000000000	-171566.508553904510336	0.008000000000000
9_7_7_2_3_3_4_2_2_2_1_3_5_9_4_5_3_3_5_4_3_4_4_1	-1	-1.000000000000000	-1.000000000000000	-1.000000000000000	-1.000000000000000	-170833.079942900512833	0.009000000000000
8_7_7_2_3_3_4_2_2_2_1_3_5_9_5_5_3_3_5_4_3_4_4_1	-1	-1.000000000000000	-1.000000000000000	-1.000000000000000	-1.000000000000000	-170761.322571074881125	0.008000000000000
8_7_7_2_3_3_4_2_3_2_1_3_5_9_4_5_3_3_5_4_3_4_4_1	-1	-1.000000000000000	-1.000000000000000	-1.000000000000000	-1.000000000000000	-171576.353270708932541	0.009000000000000
8_7_7_2_3_3_4_2_2_3_1_3_5_9_4_5_3_3_5_4_3_4_4_1	-1	-1.000000000000000	-1.000000000000000	-1.000000000000000	-1.000000000000000	-171576.353270708932541	0.008000000000000
8_7_7_2_3_3_4_2_2_2_1_3_5_9_4_5_3_3_5_4_3_4_5_1	-1	-1.000000000000000	-1.000000000000000	-1.000000000000000	-1.000000000000000	-171557.595346021727892	0.009000000000000
8_7_7_2_3_3_4_2_2_2_1_3_5_9_4_5_3_3_5_4_3_5_4_1	-1	-1.000000000000000	-1.000000000000000	-1.000000000000000	-1.000000000000000	-171557.993187588872388	0.008000000000000
8_7_7_2_3_3_4_3_2_2_1_3_5_9_4_5_3_3_5_4_3_4_4_1	-1	-1.000000000000000	-1.000000000000000	-1.000000000000000	-1.000000000000000	-171576.353270708932541	0.007000000000000
8_7_7_2_3_3_4_2_2_2_1_3_5_9_4_6_3_3_5_4_3_4_4_1	-1	-1.000000000000000	-1.000000000000000	-1.000000000000000	-1.000000000000000	-170302.127602541731903	0.006000000000000
8_7_7_2_3_3_4_2_2_2_1_3_6_9_4_5_3_3_5_4_3_4_4_1	-1	-1.000000000000000	-1.000000000000000	-1.000000000000000	-1.000000000000000	-171430.670913784939330	0.007000000000000
8_7_7_3_3_3_4_2_2_2_1_3_5_9_4_5_3_3_5_4_3_4_4_1	-1	-1.000000000000000	-1.000000000000000	-1.000000000000000	-1.000000000000000	-169396.449793814856093	0.009000000000000
8_7_8_2_3_3_4_2_2_2_1_3_5_9_4_5_3_3_5_4_3_4_4_1	-1	-1.000000000000000	-1.000000000000000	-1.000000000000000	-1.000000000000000	-170094.723646104481304	0.006000000000000
6_7_5_2_3_3_4_3_2_2_1_3_5_10_4_5_3_3_6_4_3_4_4_3	-1	-1.000000000000000	-1.000000000000000	-1.000000000000000	-1.000000000000000	-168230.389322214876302	0.008000000000000
8_6_7_2_3_3_4_2_2_2_1_3_5_9_4_5_3_3_5_4_3_4_4_2	-1	-1.000000000000000	-1.000000000000000	-1.000000000000000	-1.000000000000000	-170787.907351733651012	0.015000000000000
8_7_6_2_3_3_4_2_2_2_1_3_5_9_4_5_3_3_5_4_3_4_4_2	-1	-1.000000000000000	-1.000000000000000	-1.000000000000000	-1.000000000000000	-169296.052705832524225	0.011000000000000
7_7_8_2_3_3_4_2_2_2_1_3_5_9_4_5_3_3_5_4_3_4_4_2	-1	-1.000000000000000	-1.000000000000000	-1.000000000000000	-1.000000000000000	-169876.775513831758872	0.005000000000000
7_7_7_2_3_3_4_2_2_2_2_3_5_9_4_5_3_3_5_4_3_4_4_2	-1	-1.000000000000000	-1.000000000000000	-1.000000000000000	-1.000000000000000	-171524.877629168913700	0.006000000000000
6_7_6_2_3_3_4_3_2_2_1_3_5_8_4_5_3_3_5_4_3_4_4_3	-1	-1.000000000000000	-1.000000000000000	-1.000000000000000	-1.000000000000000	-167851.784049549489282	0.007000000000000
7_7_7_2_3_3_4_2_2_2_1_3_5_9_4_5_3_3_5_5_3_4_4_2	-1	-1.000000000000000	-1.000000000000000	-1.000000000000000	-1.000000000000000	-171524.877629168913700	0.005000000000000
6_6_5_2_3_3_4_4_2_2_1_3_5_10_4_5_3_3_5_4_3_4_4_3	1	1091131.055201903451234	13877.722553095747571	2324101.637585762422532	1.570000000000000	-168575.823158429149771	0.018000000000000
6_8_4_2_3_3_4_3_2_2_1_3_5_10_4_5_3_3_5_4_3_4_4_3	1	1088260.066004114458337	13989.597516104797251	2335469.786770623177290	0.707000000000000	-166322.805007881426718	0.006000000000000
7_7_7_2_3_3_4_2_2_2_1_3_5_9_4_5_4_3_5_4_3_4_4_2	-1	-1.000000000000000	-1.000000000000000	-1.000000000000000	-1.000000000000000	-171524.877629168913700	0.009000000000000
7_7_7_2_3_3_4_2_2_2_1_3_6_9_4_5_3_3_5_4_3_4_4_2	-1	-1.000000000000000	-1.000000000000000	-1.000000000000000	-1.000000000000000	-171253.462755751708755	0.007000000000000
7_7_7_2_3_3_4_2_2_2_1_3_5_9_4_5_3_3_5_4_4_4_4_2	-1	-1.000000000000000	-1.000000000000000	-1.000000000000000	-1.000000000000000	-171524.877629168913700	0.005000000000000
7_7_7_2_3_3_4_2_2_2_1_3_5_9_4_6_3_3_5_4_3_4_4_2	-1	-1.000000000000000	-1.000000000000000	-1.000000000000000	-1.000000000000000	-170296.672895998315653	0.006000000000000
6_8_6_2_3_3_4_3_2_2_2_3_5_9_4_5_3_3_5_4_3_4_4_2	-1	-1.000000000000000	-1.000000000000000	-1.000000000000000	-1.000000000000000	-169822.937822634296026	0.008000000000000
7_7_7_2_3_3_4_2_2_2_1_3_5_8_4_5_3_3_5_4_3_4_4_2	1	1093514.725421046605334	14095.122578846901888	2242866.509456064552069	1.055000000000000	-169652.025128850480542	0.008000000000000
6_7_5_2_3_3_4_4_2_2_1_3_5_9_4_5_3_3_5_4_3_4_4_2	1	1090924.517247349256650	14080.980861069801904	2313364.191235652193427	2.577000000000000	-168426.366849745274521	0.016000000000000
7_7_6_2_3_3_4_2_2_2_1_3_5_9_4_5_3_3_5_4_3_4_4_2	1	1093277.692036788444966	13986.837614174197370	2266115.343708172906190	1.031000000000000	-169643.630916208087001	0.010000000000000
6_8_7_2_3_3_5_2_2_2_1_3_5_8_4_5_3_3_5_4_3_4_4_2	1	1090599.184702917700633	14228.057311693337397	2215131.981661554891616	1.001000000000000	-169164.293437557818834	0.006000000000000
5_8_6_2_3_3_4_2_2_2_1_3_5_10_4_5_3_3_5_4_3_4_4_3	1	1087933.941819058731198	14152.515002860651293	2228107.800668439362198	0.838000000000000	-167487.978004801552743	0.008000000000000
6_8_5_2_3_3_4_2_3_2_1_3_5_10_4_5_3_3_5_4_3_4_4_3	-1	-1.000000000000000	-1.000000000000000	-1.000000000000000	-1.000000000000000	-168037.256677415076410	0.007000000000000
7_7_5_2_3_3_4_4_2_2_1_3_5_10_4_5_3_3_5_5_3_4_4_1	-1	-1.000000000000000	-1.000000000000000	-1.000000000000000	-1.000000000000000	-170372.990474176738644	0.011000000000000
6_8_5_2_3_3_4_2_2_2_1_3_5_10_4_6_3_3_5_4_3_4_4_3	-1	-1.000000000000000	-1.000000000000000	-1.000000000000000	-1.000000000000000	-166922.710087641637074	0.006000000000000
6_8_5_2_3_3_4_3_2_2_1_3_5_10_4_5_3_3_5_4_3_4_4_3	1	1089817.581827905261889	14032.277479204254632	2254624.004688927903771	0.903000000000000	-168910.383208714425564	0.008000000000000
6_8_5_2_3_3_4_2_2_2_1_3_5_10_5_5_3_3_5_4_3_4_4_3	-1	-1.000000000000000	-1.000000000000000	-1.000000000000000	-1.000000000000000	-167445.029885940050008	0.009000000000000
6_8_5_2_3_3_4_2_2_2_1_3_5_10_4_5_3_3_5_4_3_4_5_3	-1	-1.000000000000000	-1.000000000000000	-1.000000000000000	-1.000000000000000	-167937.372039523936110	0.009000000000000
7_5_6_2_3_3_4_5_2_2_1_4_5_10_4_5_3_3_5_4_3_4_4_1	-1	-1.000000000000000	-1.000000000000000	-1.000000000000000	-1.000000000000000	-171207.756694586831145	0.009000000000000
6_8_5_2_3_3_4_2_2_2_1_3_5_10_4_5_3_3_5_4_3_4_4_4	-1	-1.000000000000000	-1.000000000000000	-1.000000000000000	-1.000000000000000	-167556.702486735273851	0.008000000000000
6_8_5_2_3_3_4_2_2_2_1_3_5_10_4_5_3_3_5_5_3_4_4_3	-1	-1.000000000000000	-1.000000000000000	-1.000000000000000	-1.000000000000000	-168037.256677415076410	0.009000000000000
6_8_5_2_3_3_4_2_2_2_1_3_5_10_4_5_3_4_5_4_3_4_4_3	-1	-1.000000000000000	-1.000000000000000	-1.000000000000000	-1.000000000000000	-167049.692890055972384	0.009000000000000
6_8_5_2_3_3_4_2_2_2_1_3_5_10_4_5_3_3_6_4_3_4_4_3	-1	-1.000000000000000	-1.000000000000000	-1.000000000000000	-1.000000000000000	-168037.256677415076410	0.008000000000000
7_7_5_2_3_3_4_4_2_2_1_4_5_10_4_5_3_3_5_4_3_4_4_1	-1	-1.000000000000000	-1.000000000000000	-1.000000000000000	-1.000000000000000	-170275.203059837978799	0.016000000000000
6_8_5_2_3_3_4_2_2_2_1_3_5_10_4_5_4_3_5_4_3_4_4_3	-1	-1.000000000000000	-1.000000000000000	-1.000000000000000	-1.000000000000000	-168037.256677415076410	0.007000000000000
5_8_5_2_3_3_4_2_2_2_1_3_5_10_4_5_3_3_5_4_3_4_4_3	1	1088018.276739821070805	14122.281022289858811	2284968.675042766146362	0.597000000000000	-164897.072556693630759	0.005000000000000
6_8_5_2_3_3_4_2_2_2_1_3_5_10_4_5_3_3_5_4_3_4_4_2	-1	-1.000000000000000	-1.000000000000000	-1.000000000000000	-1.000000000000000	-167616.036465289071202	0.007000000000000
5_9_5_2_3_3_4_2_2_2_1_3_5_10_4_5_3_3_5_4_3_4_4_3	1	1086058.889792326372117	14127.032324453270121	2256438.609099120832980	0.535000000000000	-166000.113595220085699	0.007000000000000
6_8_5_2_3_3_4_3_2_2_1_3_5_10_4_5_3_3_5_4_3_4_4_2	-1	-1.000000000000000	-1.000000000000000	-1.000000000000000	-1.000000000000000	-168453.098238950129598	0.006000000000000
6_7_5_2_3_3_5_3_2_2_1_3_5_10_4_5_3_3_5_4_3_4_4_3	1	1090592.702047109138221	14003.288266970994300	2281671.520600643474609	1.317000000000000	-168230.389322214876302	0.006000000000000
6_7_5_2_3_3_4_3_2_2_1_3_6_10_4_5_3_3_5_4_3_4_4_3	-1	-1.000000000000000	-1.000000000000000	-1.000000000000000	-1.000000000000000	-167882.500409337924793	0.006000000000000
6_7_5_2_3_3_4_3_2_2_1_3_5_10_4_5_3_3_5_4_3_4_5_3	-1	-1.000000000000000	-1.000000000000000	-1.000000000000000	-1.000000000000000	-168116.806166802707594	0.008000000000000
7_7_5_2_3_3_4_3_2_2_1_3_5_10_4_5_3_3_5_4_3_4_4_3	-1	-1.000000000000000	-1.000000000000000	-1.000000000000000	-1.000000000000000	-167971.011859226622619	0.007000000000000
6_7_5_3_3_3_4_3_2_2_1_3_5_10_4_5_3_3_5_4_3_4_4_3	-1	-1.000000000000000	-1.000000000000000	-1.000000000000000	-1.000000000000000	-165822.768382427922916	0.010000000000000
6_7_5_2_3_3_4_3_2_2_1_3_5_10_4_5_3_3_5_4_3_5_4_3	-1	-1.000000000000000	-1.000000000000000	-1.000000000000000	-1.000000000000000	-168037.477635653194739	0.010000000000000
6_7_5_2_3_3_4_3_2_2_1_3_5_10_4_5_3_3_5_4_4_4_4_3	-1	-1.000000000000000	-1.000000000000000	-1.000000000000000	-1.000000000000000	-168230.389322214876302	0.007000000000000
6_7_5_2_3_3_4_3_2_2_1_3_5_10_4_6_3_3_5_4_3_4_4_3	-1	-1.000000000000000	-1.000000000000000	-1.000000000000000	-1.000000000000000	-166757.215969047916587	0.009000000000000
6_8_5_2_3_3_4_6_2_2_1_3_5_7_4_5_3_3_5_4_3_4_4_2	1	1089202.308743740664795	14219.648699488985585	2311283.463496087118983	0.635000000000000	-165970.602061695186421	0.007000000000000
6_7_5_2_3_3_4_3_3_2_1_3_5_10_4_5_3_3_5_4_3_4_4_3	-1	-1.000000000000000	-1.000000000000000	-1.000000000000000	-1.000000000000000	-168230.389322214876302	0.006000000000000
6_8_6_2_3_3_4_4_2_2_1_3_5_8_4_5_3_3_5_4_3_4_4_2	1	1090348.574180486612022	14192.871055276220432	2241548.563937068916857	1.028000000000000	-168702.560590296488954	0.008000000000000
6_7_5_2_3_3_4_3_2_2_1_4_5_10_4_5_3_3_5_4_3_4_4_3	-1	-1.000000000000000	-1.000000000000000	-1.000000000000000	-1.000000000000000	-168230.389322214876302	0.007000000000000
6_6_5_2_3_3_4_3_2_2_1_3_5_10_4_5_3_3_5_4_3_4_4_3	1	1091540.962879828875884	13886.341653784085793	2333142.253102454356849	1.819000000000000	-167309.138710550323594	0.006000000000000
6_7_5_2_3_3_4_3_2_2_1_3_5_10_4_5_3_3_5_4_3_4_4_2	1	1090992.217992196325213	14003.288266970994300	2306140.138032730203122	1.447000000000000	-167420.041052471409785	0.005000000000000
6_7_5_2_3_3_5_3_2_2_1_3_5_10_4_5_3_3_5_4_3_4_4_2	1	1090911.873909936519340	14003.288266970994300	2298226.777943988796324	1.567000000000000	-167420.041052471409785	0.015000000000000
6_7_4_2_3_3_4_4_2_2_1_3_5_10_4_5_3_3_5_4_3_4_4_3	-1	-1.000000000000000	-1.000000000000000	-1.000000000000000	-1.000000000000000	-166714.067878890258726	0.016000000000000
5_7_5_2_3_3_4_4_2_2_1_3_5_10_4_5_3_3_5_4_3_4_4_3	-1	-1.000000000000000	-1.000000000000000	-1.000000000000000	-1.000000000000000	-165953.049313173803966	0.011000000000000
7_5_5_2_3_3_4_7_2_2_1_3_5_10_4_5_3_3_5_4_3_4_4_1	-1	-1.000000000000000	-1.000000000000000	-1.000000000000000	-1.000000000000000	-170686.853351360769011	0.009000000000000
7_7_5_2_3_3_4_4_2_2_1_3_5_10_4_5_4_3_5_4_3_4_4_1	-1	-1.000000000000000	-1.000000000000000	-1.000000000000000	-1.000000000000000	-170275.203059837978799	0.018000000000000
6_7_5_2_3_3_5_4_2_2_1_3_5_10_4_5_3_3_5_4_3_4_4_2	-1	-1.000000000000000	-1.000000000000000	-1.000000000000000	-1.000000000000000	-168612.739342444343492	0.019000000000000
6_7_5_2_3_3_4_4_2_2_1_3_5_10_4_5_3_3_6_4_3_4_4_2	-1	-1.000000000000000	-1.000000000000000	-1.000000000000000	-1.000000000000000	-168612.739342444343492	0.017000000000000
6_7_5_2_3_3_4_4_2_2_1_3_5_10_4_5_3_3_5_4_3_4_5_2	-1	-1.000000000000000	-1.000000000000000	-1.000000000000000	-1.000000000000000	-168509.139125150599284	0.016000000000000
6_7_5_2_3_3_4_5_2_2_1_3_5_10_4_5_3_3_5_4_3_4_4_2	1	1090071.383099680533633	14013.033794767077779	2290888.217217821162194	1.453000000000000	-169393.178933321003569	0.016000000000000
6_7_5_2_3_4_4_4_2_2_1_3_5_10_4_5_3_3_5_4_3_4_4_2	-1	-1.000000000000000	-1.000000000000000	-1.000000000000000	-1.000000000000000	-168549.833425792894559	0.017000000000000
6_7_6_2_3_3_4_4_2_2_1_3_5_10_4_5_3_3_5_4_3_4_4_2	-1	-1.000000000000000	-1.000000000000000	-1.000000000000000	-1.000000000000000	-170349.072518757195212	0.019000000000000
6_7_5_2_3_3_4_4_2_2_1_3_5_10_4_5_3_3_5_5_3_4_4_2	-1	-1.000000000000000	-1.000000000000000	-1.000000000000000	-1.000000000000000	-168612.739342444343492	0.021000000000000
6_7_5_2_3_3_4_4_2_2_2_3_5_10_4_5_3_3_5_4_3_4_4_2	-1	-1.000000000000000	-1.000000000000000	-1.000000000000000	-1.000000000000000	-168612.739342444343492	0.016000000000000
6_7_5_2_3_3_4_4_2_2_1_3_5_10_5_5_3_3_5_4_3_4_4_2	-1	-1.000000000000000	-1.000000000000000	-1.000000000000000	-1.000000000000000	-167536.713943533191923	0.012000000000000
6_7_5_2_3_3_4_4_2_2_1_3_5_10_4_5_4_3_5_4_3_4_4_2	-1	-1.000000000000000	-1.000000000000000	-1.000000000000000	-1.000000000000000	-168612.739342444343492	0.014000000000000
6_7_5_2_3_3_4_4_2_2_1_3_5_11_4_5_3_3_5_4_3_4_4_2	-1	-1.000000000000000	-1.000000000000000	-1.000000000000000	-1.000000000000000	-168680.344125072413590	0.018000000000000
6_7_5_2_4_3_4_4_2_2_1_3_5_10_4_5_3_3_5_4_3_4_4_2	-1	-1.000000000000000	-1.000000000000000	-1.000000000000000	-1.000000000000000	-168556.240025893785059	0.019000000000000
6_7_5_2_3_3_4_4_2_2_1_3_5_10_4_5_3_4_5_4_3_4_4_2	-1	-1.000000000000000	-1.000000000000000	-1.000000000000000	-1.000000000000000	-167047.410675176128279	0.020000000000000
6_7_5_2_3_3_4_4_3_2_1_3_5_10_4_5_3_3_5_4_3_4_4_2	-1	-1.000000000000000	-1.000000000000000	-1.000000000000000	-1.000000000000000	-168612.739342444343492	0.017000000000000
6_7_5_2_3_3_4_4_2_2_1_3_5_10_4_5_3_3_5_4_3_5_4_2	-1	-1.000000000000000	-1.000000000000000	-1.000000000000000	-1.000000000000000	-168437.920243382832268	0.024000000000000
6_7_5_2_3_3_4_4_2_2_1_3_6_10_4_5_3_3_5_4_3_4_4_2	-1	-1.000000000000000	-1.000000000000000	-1.000000000000000	-1.000000000000000	-168278.142652536422247	0.019000000000000
6_6_5_2_3_3_4_4_2_2_1_3_5_10_4_5_3_3_5_4_3_4_4_2	1	1091446.737117299810052	13877.722553095747571	2340797.681976773310453	2.168000000000000	-167625.212550358090084	0.020000000000000
5_7_5_2_3_3_4_4_2_2_1_3_5_10_4_5_3_3_5_4_3_4_4_2	-1	-1.000000000000000	-1.000000000000000	-1.000000000000000	-1.000000000000000	-165067.662719878309872	0.022000000000000
7_7_6_2_3_3_4_3_2_2_1_3_5_9_4_5_3_3_5_4_3_4_4_2	1	1083343.538443886674941	13865.428142666660278	2277099.008587436284870	0.223000000000000	-169643.630916208087001	0.008000000000000
7_6_6_2_3_3_5_4_2_2_1_3_5_10_4_5_3_3_5_4_3_4_4_1	-1	-1.000000000000000	-1.000000000000000	-1.000000000000000	-1.000000000000000	-171653.900049421354197	0.008000000000000
6_7_5_2_3_3_4_5_2_2_1_3_5_9_4_5_3_3_5_4_3_4_4_2	1	1090231.343568703159690	14091.005891122626053	2307551.434986574575305	1.053000000000000	-169189.063009795034304	0.015000000000000
7_7_5_2_3_3_4_4_2_2_1_3_5_10_4_5_3_3_5_4_3_4_4_1	1	1093104.283271831460297	13838.403326611849479	2319476.842297270894051	2.068000000000000	-170275.203059837978799	0.018000000000000
6_7_6_2_3_3_4_5_3_2_1_3_5_7_4_5_3_3_5_4_3_4_4_3	-1	-1.000000000000000	-1.000000000000000	-1.000000000000000	-1.000000000000000	-167757.023769705439918	0.007000000000000
7_7_4_2_3_3_4_4_2_2_1_3_5_10_4_5_3_3_5_4_3_4_4_2	-1	-1.000000000000000	-1.000000000000000	-1.000000000000000	-1.000000000000000	-167297.160568578983657	0.028000000000000
7_7_6_2_3_3_4_4_2_2_1_3_5_10_4_5_3_3_5_4_3_4_4_1	1	1093273.692983193555847	13951.151827343543118	2262666.112266297917813	1.535000000000000	-172387.085708907688968	0.014000000000000
8_7_5_2_3_3_4_4_2_2_1_3_5_10_4_5_3_3_5_4_3_4_4_1	-1	-1.000000000000000	-1.000000000000000	-1.000000000000000	-1.000000000000000	-170024.377286028058734	0.031000000000000
7_7_5_2_3_3_4_4_2_2_1_3_5_10_4_5_3_4_5_4_3_4_4_1	-1	-1.000000000000000	-1.000000000000000	-1.000000000000000	-1.000000000000000	-168708.404261562100146	0.015000000000000
7_5_7_3_3_3_4_3_2_2_1_3_5_9_4_5_3_3_5_4_3_4_4_2	1	1098459.247084931936115	14117.564595838153764	2247210.422579488717020	1.339000000000000	-169074.593394412047928	0.007000000000000
7_7_5_2_3_3_5_4_2_2_1_3_5_10_4_5_3_3_5_4_3_4_4_1	-1	-1.000000000000000	-1.000000000000000	-1.000000000000000	-1.000000000000000	-170275.203059837978799	0.016000000000000
7_8_5_2_3_3_4_4_2_2_1_3_5_10_4_5_3_3_5_4_3_4_4_1	-1	-1.000000000000000	-1.000000000000000	-1.000000000000000	-1.000000000000000	-171024.322639463207452	0.013000000000000
7_7_5_2_3_3_4_5_2_2_1_3_5_10_4_5_3_3_5_4_3_4_4_1	1	1092499.425057239364833	13838.403326611849479	2313417.991705974098295	1.430000000000000	-171048.931472026946722	0.013000000000000
7_7_4_2_3_3_4_4_2_2_1_3_5_10_4_5_3_3_5_4_3_4_4_1	-1	-1.000000000000000	-1.000000000000000	-1.000000000000000	-1.000000000000000	-167601.307335595542099	0.011000000000000
7_6_6_2_3_3_4_4_2_2_1_3_5_10_4_5_3_3_5_4_3_4_4_1	1	1094388.641665623057634	13857.723154367296956	2303074.602949964813888	1.714000000000000	-171653.900049421354197	0.009000000000000
7_7_6_2_3_3_4_4_2_2_1_3_5_9_4_5_3_3_5_4_3_4_4_1	1	1093421.707352521596476	13998.219752128028631	2279248.113487140741199	0.980000000000000	-170578.644560955755878	0.010000000000000
6_7_6_2_3_3_4_4_2_2_1_3_5_10_4_5_3_3_5_4_3_4_4_1	-1	-1.000000000000000	-1.000000000000000	-1.000000000000000	-1.000000000000000	-169245.731499456363963	0.009000000000000
8_6_6_2_3_3_4_4_2_2_1_3_5_10_4_5_3_3_5_4_3_4_4_1	-1	-1.000000000000000	-1.000000000000000	-1.000000000000000	-1.000000000000000	-171504.561406222463120	0.009000000000000
7_6_6_2_3_3_4_4_3_2_1_3_5_10_4_5_3_3_5_4_3_4_4_1	-1	-1.000000000000000	-1.000000000000000	-1.000000000000000	-1.000000000000000	-171653.900049421354197	0.008000000000000
7_6_6_2_3_3_4_4_2_2_1_3_5_10_5_5_3_3_5_4_3_4_4_1	-1	-1.000000000000000	-1.000000000000000	-1.000000000000000	-1.000000000000000	-170606.683877763513010	0.008000000000000
7_6_6_2_3_3_4_4_2_2_1_3_6_10_4_5_3_3_5_4_3_4_4_1	-1	-1.000000000000000	-1.000000000000000	-1.000000000000000	-1.000000000000000	-171419.260686140129110	0.009000000000000
7_6_6_2_3_3_4_4_2_2_1_3_5_10_4_5_3_3_5_4_3_4_5_1	-1	-1.000000000000000	-1.000000000000000	-1.000000000000000	-1.000000000000000	-171632.710258538194466	0.009000000000000
7_6_6_2_3_3_4_4_2_3_1_3_5_10_4_5_3_3_5_4_3_4_4_1	-1	-1.000000000000000	-1.000000000000000	-1.000000000000000	-1.000000000000000	-171653.900049421354197	0.009000000000000
7_6_6_2_4_3_4_4_2_2_1_3_5_10_4_5_3_3_5_4_3_4_4_1	-1	-1.000000000000000	-1.000000000000000	-1.000000000000000	-1.000000000000000	-171599.216382870654343	0.008000000000000
7_6_6_2_3_3_4_4_2_2_1_3_5_10_4_5_3_3_5_4_3_4_4_2	-1	-1.000000000000000	-1.000000000000000	-1.000000000000000	-1.000000000000000	-171666.182476584654069	0.007000000000000
7_6_6_2_3_3_4_4_2_2_1_3_5_10_4_6_3_3_5_4_3_4_4_1	-1	-1.000000000000000	-1.000000000000000	-1.000000000000000	-1.000000000000000	-170081.695361495745601	0.008000000000000
7_6_6_2_3_3_4_4_2_2_2_3_5_10_4_5_3_3_5_4_3_4_4_1	-1	-1.000000000000000	-1.000000000000000	-1.000000000000000	-1.000000000000000	-171653.900049421354197	0.007000000000000
7_6_7_2_3_3_4_4_2_2_1_3_5_10_4_5_3_3_5_4_3_4_4_1	1	1095948.227876535616815	13934.381528696674650	2257429.896724866703153	1.477000000000000	-171971.405546556547051	0.007000000000000
7_6_6_2_3_3_4_4_2_2_1_3_5_10_4_5_3_3_5_4_4_4_4_1	-1	-1.000000000000000	-1.000000000000000	-1.000000000000000	-1.000000000000000	-171746.257487102644518	0.009000000000000
6_8_6_2_3_3_4_4_2_2_1_3_5_9_4_5_3_3_5_4_3_4_4_1	1	1090582.496123482706025	14107.434522863306483	2259633.421115970239043	0.969000000000000	-168959.974453235074179	0.007000000000000
7_6_6_2_3_3_4_4_2_2_1_4_5_10_4_5_3_3_5_4_3_4_4_1	-1	-1.000000000000000	-1.000000000000000	-1.000000000000000	-1.000000000000000	-171653.900049421354197	0.007000000000000
7_6_6_2_3_3_4_4_2_2_1_3_5_10_4_5_3_3_5_5_3_4_4_1	-1	-1.000000000000000	-1.000000000000000	-1.000000000000000	-1.000000000000000	-171741.294250352948438	0.007000000000000
7_5_6_2_3_3_4_4_2_2_1_3_5_10_4_5_3_3_5_4_3_4_4_1	1	1097572.145773253636435	13880.889106509701378	2346360.208670631982386	1.159000000000000	-170434.541245312022511	0.007000000000000
7_6_6_2_3_3_4_4_2_2_1_3_5_9_4_5_3_3_5_4_3_4_4_1	-1	-1.000000000000000	-1.000000000000000	-1.000000000000000	-1.000000000000000	-169891.802724105771631	0.007000000000000
7_6_7_2_3_3_4_3_2_2_1_3_5_10_4_5_3_3_5_4_3_4_4_1	1	1096050.236216462450102	13926.655471418922389	2267095.668961398303509	1.562000000000000	-172051.045602920465171	0.010000000000000
6_7_6_2_3_3_4_4_2_2_1_3_5_9_4_5_4_3_5_4_3_4_4_2	-1	-1.000000000000000	-1.000000000000000	-1.000000000000000	-1.000000000000000	-170348.166499534505419	0.007000000000000
7_5_7_2_3_3_4_4_2_2_1_3_5_10_4_5_3_3_5_4_3_4_4_1	1	1097638.837871630210429	13988.977455557032954	2300724.124188609886914	1.153000000000000	-170665.312634903733851	0.012000000000000
7_6_6_2_3_3_4_5_2_2_1_3_5_9_4_5_3_3_5_4_3_4_4_1	1	1093534.938554812455550	13926.825806487660884	2315373.721112420316786	0.934000000000000	-170724.500878800987266	0.009000000000000
7_5_6_2_3_3_4_5_2_2_1_3_5_10_4_6_3_3_5_4_3_4_4_1	-1	-1.000000000000000	-1.000000000000000	-1.000000000000000	-1.000000000000000	-169752.243984341737814	0.008000000000000
7_5_6_2_3_3_5_5_2_2_1_3_5_10_4_5_3_3_5_4_3_4_4_1	-1	-1.000000000000000	-1.000000000000000	-1.000000000000000	-1.000000000000000	-171207.756694586831145	0.007000000000000
7_5_6_3_3_3_4_5_2_2_1_3_5_10_4_5_3_3_5_4_3_4_4_1	1	1098329.179226213600487	14467.646779618062283	2297576.150262119714171	1.423000000000000	-171297.700799085869221	0.007000000000000
7_5_6_2_3_3_4_5_2_2_1_3_5_10_4_5_3_3_5_4_4_4_4_1	-1	-1.000000000000000	-1.000000000000000	-1.000000000000000	-1.000000000000000	-171100.217814712261315	0.007000000000000
7_5_6_2_3_3_4_5_2_2_1_3_5_10_4_5_3_3_5_4_3_5_4_1	-1	-1.000000000000000	-1.000000000000000	-1.000000000000000	-1.000000000000000	-171168.947567093768157	0.008000000000000
7_5_6_2_3_3_4_5_2_3_1_3_5_10_4_5_3_3_5_4_3_4_4_1	-1	-1.000000000000000	-1.000000000000000	-1.000000000000000	-1.000000000000000	-171207.756694586831145	0.008000000000000
7_5_5_2_3_3_4_5_2_2_1_3_5_10_4_5_3_3_5_4_3_4_4_1	-1	-1.000000000000000	-1.000000000000000	-1.000000000000000	-1.000000000000000	-169814.363808634254383	0.006000000000000
6_5_6_2_3_3_4_5_2_2_1_3_5_10_4_5_3_3_5_4_3_4_4_1	1	1094116.315065924311057	13957.265802844656719	2365930.002995975315571	0.834000000000000	-167626.129861718334723	0.008000000000000
7_5_6_2_3_3_4_6_2_2_1_3_5_9_4_5_3_3_5_4_3_4_4_1	1	1097497.605390229960904	13958.906545564615953	2350095.045172330923378	1.287000000000000	-169795.141401347995270	0.008000000000000
6_7_6_2_3_3_4_4_3_2_1_3_5_9_4_5_3_3_5_4_3_4_4_2	-1	-1.000000000000000	-1.000000000000000	-1.000000000000000	-1.000000000000000	-170348.166499534505419	0.007000000000000
6_5_6_2_3_3_4_6_2_2_1_3_5_10_4_5_3_3_5_4_3_4_4_1	1	1094598.500455628847703	13957.265802844656719	2358052.177613390143961	1.015000000000000	-168157.884079314622795	0.009000000000000
7_5_5_2_3_3_4_6_2_2_1_3_5_10_4_5_3_3_5_4_3_4_4_1	-1	-1.000000000000000	-1.000000000000000	-1.000000000000000	-1.000000000000000	-170314.570799898210680	0.008000000000000
6_7_6_2_3_3_4_4_2_2_1_3_5_9_4_5_3_3_5_4_3_4_4_1	1	1091457.811310767428949	14105.078624421526911	2293851.100852869916707	1.101000000000000	-169383.732609954342479	0.007000000000000
7_5_6_2_3_3_5_6_2_2_1_3_5_9_4_5_3_3_5_4_3_4_4_1	-1	-1.000000000000000	-1.000000000000000	-1.000000000000000	-1.000000000000000	-169795.141401347995270	0.009000000000000
6_6_5_2_3_3_4_7_2_2_1_3_5_7_4_5_3_3_6_4_3_4_4_3	-1	-1.000000000000000	-1.000000000000000	-1.000000000000000	-1.000000000000000	-165983.036405542516150	0.008000000000000
6_5_5_2_3_3_4_8_2_2_1_3_5_9_4_5_3_4_5_4_3_4_4_1	-1	-1.000000000000000	-1.000000000000000	-1.000000000000000	-1.000000000000000	-166430.667941192077706	0.008000000000000
7_5_6_2_3_3_4_6_2_2_1_4_5_9_4_5_3_3_5_4_3_4_4_1	-1	-1.000000000000000	-1.000000000000000	-1.000000000000000	-1.000000000000000	-169795.141401347995270	0.008000000000000
6_8_6_2_3_3_4_3_2_2_1_3_5_9_4_5_3_3_5_5_3_4_4_2	-1	-1.000000000000000	-1.000000000000000	-1.000000000000000	-1.000000000000000	-169822.937822634296026	0.008000000000000
6_9_6_2_3_3_4_3_2_2_1_3_5_9_4_5_3_3_5_4_3_4_4_2	-1	-1.000000000000000	-1.000000000000000	-1.000000000000000	-1.000000000000000	-168635.013226976036094	0.007000000000000
6_7_6_2_3_3_5_4_2_2_1_3_5_9_4_5_3_3_5_4_3_4_4_2	-1	-1.000000000000000	-1.000000000000000	-1.000000000000000	-1.000000000000000	-170348.166499534505419	0.009000000000000
7_5_6_2_3_3_4_6_2_2_1_3_5_9_4_5_3_3_5_4_3_4_4_2	-1	-1.000000000000000	-1.000000000000000	-1.000000000000000	-1.000000000000000	-169754.535650490259286	0.007000000000000
6_6_5_2_3_3_4_7_2_3_1_3_5_7_4_5_3_3_5_4_3_4_4_3	-1	-1.000000000000000	-1.000000000000000	-1.000000000000000	-1.000000000000000	-165983.036405542516150	0.009000000000000
7_5_6_2_3_3_4_6_2_2_1_3_5_9_5_5_3_3_5_4_3_4_4_1	-1	-1.000000000000000	-1.000000000000000	-1.000000000000000	-1.000000000000000	-168869.505742995359469	0.008000000000000
7_5_6_2_4_3_4_6_2_2_1_3_5_9_4_5_3_3_5_4_3_4_4_1	-1	-1.000000000000000	-1.000000000000000	-1.000000000000000	-1.000000000000000	-169772.981523781811120	0.007000000000000
7_5_6_2_3_3_4_6_2_2_1_3_5_9_4_5_3_3_5_4_3_4_5_1	-1	-1.000000000000000	-1.000000000000000	-1.000000000000000	-1.000000000000000	-169760.088549735024571	0.007000000000000
7_5_7_2_3_3_4_6_2_2_1_3_5_9_4_5_3_3_5_4_3_4_4_1	-1	-1.000000000000000	-1.000000000000000	-1.000000000000000	-1.000000000000000	-168685.420267107867403	0.007000000000000
6_5_6_2_3_3_4_6_2_2_1_3_5_9_4_5_3_3_5_4_3_4_4_1	-1	-1.000000000000000	-1.000000000000000	-1.000000000000000	-1.000000000000000	-166464.024969141173642	0.007000000000000
6_5_6_2_3_3_4_7_2_2_1_3_5_9_4_5_3_3_5_4_3_4_4_1	-1	-1.000000000000000	-1.000000000000000	-1.000000000000000	-1.000000000000000	-166344.078508523147320	0.011000000000000
7_5_5_2_3_3_4_7_3_2_1_3_5_9_4_5_3_3_5_4_3_4_4_1	-1	-1.000000000000000	-1.000000000000000	-1.000000000000000	-1.000000000000000	-168876.241651439195266	0.008000000000000
7_5_5_2_4_3_4_7_2_2_1_3_5_9_4_5_3_3_5_4_3_4_4_1	-1	-1.000000000000000	-1.000000000000000	-1.000000000000000	-1.000000000000000	-168850.900908062903909	0.007000000000000
7_5_5_2_3_3_4_7_2_2_1_3_5_9_4_5_4_3_5_4_3_4_4_1	-1	-1.000000000000000	-1.000000000000000	-1.000000000000000	-1.000000000000000	-168876.241651439195266	0.008000000000000
7_5_5_2_3_3_4_7_2_2_1_3_5_9_4_5_3_3_5_4_3_4_4_2	-1	-1.000000000000000	-1.000000000000000	-1.000000000000000	-1.000000000000000	-168758.106431072432315	0.009000000000000
7_5_5_2_3_3_4_7_2_2_1_3_5_9_4_5_3_3_5_5_3_4_4_1	-1	-1.000000000000000	-1.000000000000000	-1.000000000000000	-1.000000000000000	-168695.417269350844435	0.007000000000000
6_7_5_2_3_3_4_6_2_3_1_3_5_7_4_5_3_3_5_4_3_4_4_3	-1	-1.000000000000000	-1.000000000000000	-1.000000000000000	-1.000000000000000	-166283.526506330294069	0.007000000000000
7_5_5_2_3_4_4_7_2_2_1_3_5_9_4_5_3_3_5_4_3_4_4_1	-1	-1.000000000000000	-1.000000000000000	-1.000000000000000	-1.000000000000000	-168847.922211196535500	0.007000000000000
7_5_5_2_3_3_4_7_2_2_1_3_5_9_4_5_3_3_5_4_3_4_5_1	-1	-1.000000000000000	-1.000000000000000	-1.000000000000000	-1.000000000000000	-168841.720164395635948	0.007000000000000
7_6_5_2_3_3_4_7_2_2_1_3_5_9_4_5_3_3_5_4_3_4_4_1	-1	-1.000000000000000	-1.000000000000000	-1.000000000000000	-1.000000000000000	-170088.375236614898313	0.008000000000000
7_5_5_2_3_3_5_7_2_2_1_3_5_9_4_5_3_3_5_4_3_4_4_1	-1	-1.000000000000000	-1.000000000000000	-1.000000000000000	-1.000000000000000	-168876.241651439195266	0.007000000000000
7_5_5_2_3_3_4_7_2_2_1_3_5_9_4_5_3_4_5_4_3_4_4_1	-1	-1.000000000000000	-1.000000000000000	-1.000000000000000	-1.000000000000000	-167458.307457091403194	0.008000000000000
7_5_5_2_3_3_4_7_2_2_1_3_6_9_4_5_3_3_5_4_3_4_4_1	-1	-1.000000000000000	-1.000000000000000	-1.000000000000000	-1.000000000000000	-168712.343239056062885	0.008000000000000
7_5_5_2_3_3_4_7_2_2_1_4_5_9_4_5_3_3_5_4_3_4_4_1	-1	-1.000000000000000	-1.000000000000000	-1.000000000000000	-1.000000000000000	-168876.241651439195266	0.006000000000000
6_5_5_2_3_3_4_7_2_2_1_3_5_9_4_5_3_3_5_4_3_4_4_1	1	1094477.954426728887483	14125.379704461320216	2431713.395607866812497	0.918000000000000	-167742.912297573522665	0.006000000000000
7_5_4_2_3_3_4_7_2_2_1_3_5_9_4_5_3_3_5_4_3_4_4_1	-1	-1.000000000000000	-1.000000000000000	-1.000000000000000	-1.000000000000000	-166536.278854487871286	0.007000000000000
6_5_5_2_3_3_4_8_2_2_1_3_5_9_4_5_3_3_5_4_3_4_4_1	1	1094548.420989364851266	14092.478762687940616	2427009.533267719671130	1.063000000000000	-167950.055840788292699	0.011000000000000
7_5_4_2_3_3_4_8_2_2_1_3_5_9_4_5_3_3_5_4_3_4_4_1	-1	-1.000000000000000	-1.000000000000000	-1.000000000000000	-1.000000000000000	-166813.198966300347820	0.008000000000000
6_5_5_2_3_3_4_8_2_2_1_3_5_9_4_5_3_3_6_4_3_4_4_1	-1	-1.000000000000000	-1.000000000000000	-1.000000000000000	-1.000000000000000	-167950.055840788292699	0.009000000000000
6_5_5_3_3_3_4_8_2_2_1_3_5_9_4_5_3_3_5_4_3_4_4_1	-1	-1.000000000000000	-1.000000000000000	-1.000000000000000	-1.000000000000000	-167358.717351518862415	0.007000000000000
6_5_5_2_3_3_4_8_2_2_1_3_5_9_4_5_3_3_5_4_4_4_4_1	-1	-1.000000000000000	-1.000000000000000	-1.000000000000000	-1.000000000000000	-168312.076126868312713	0.007000000000000
6_6_5_2_3_3_4_8_2_2_1_3_5_9_4_5_3_3_5_4_3_4_4_1	1	1091401.448100286303088	13951.718031706663169	2374477.463475337717682	0.948000000000000	-168780.015125150210224	0.007000000000000
6_5_5_2_3_3_4_8_2_2_1_3_5_9_4_5_3_3_5_5_3_4_4_1	-1	-1.000000000000000	-1.000000000000000	-1.000000000000000	-1.000000000000000	-168368.426760253205430	0.008000000000000
6_5_5_2_3_3_4_8_3_2_1_3_5_9_4_5_3_3_5_4_3_4_4_1	-1	-1.000000000000000	-1.000000000000000	-1.000000000000000	-1.000000000000000	-167950.055840788292699	0.008000000000000
6_5_5_2_3_3_4_9_2_2_1_3_5_9_4_5_3_3_5_4_3_4_4_1	-1	-1.000000000000000	-1.000000000000000	-1.000000000000000	-1.000000000000000	-167881.941885512525914	0.007000000000000
6_5_5_2_3_3_4_8_2_2_1_3_5_9_4_5_3_3_5_4_3_5_4_1	-1	-1.000000000000000	-1.000000000000000	-1.000000000000000	-1.000000000000000	-167815.986971120524686	0.007000000000000
6_5_5_2_3_3_4_8_2_2_1_3_5_9_4_6_3_3_5_4_3_4_4_1	-1	-1.000000000000000	-1.000000000000000	-1.000000000000000	-1.000000000000000	-166463.784280918538570	0.007000000000000
6_5_4_2_3_3_4_8_2_2_1_3_5_9_4_5_3_3_5_4_3_4_4_1	0	1095084.618709541391581	14791.144275017108157	2510812.368709398433566	0.886000000000000	-165731.538537436281331	0.007000000000000
6_5_5_2_3_3_4_8_2_2_1_3_5_8_4_5_3_3_5_4_3_4_4_2	1	1094328.702146793482825	14169.378222450290195	2409071.853693234268576	1.168000000000000	-166865.013990587991429	0.010000000000000
6_6_5_2_3_3_4_8_2_2_1_3_5_8_4_5_3_3_5_4_3_4_4_1	1	1091579.461129862116650	14031.747164669417543	2394691.646319187246263	1.049000000000000	-166926.221579556469806	0.009000000000000
6_5_5_2_3_3_4_7_2_2_1_3_5_9_4_5_3_3_5_4_3_4_4_2	-1	-1.000000000000000	-1.000000000000000	-1.000000000000000	-1.000000000000000	-168679.356907309265807	0.008000000000000
6_7_6_2_3_3_4_4_2_2_1_3_5_7_4_5_3_3_5_4_3_4_4_3	1	1091048.235713473986834	14224.104123021461419	2283612.328254705294967	1.032000000000000	-166853.442252219945658	0.008000000000000
6_5_5_2_3_3_4_8_2_2_2_3_5_8_4_5_3_3_5_4_3_4_4_2	-1	-1.000000000000000	-1.000000000000000	-1.000000000000000	-1.000000000000000	-166865.013990587991429	0.009000000000000
6_5_6_2_3_3_4_8_2_2_1_3_5_8_4_5_3_3_5_4_3_4_4_2	-1	-1.000000000000000	-1.000000000000000	-1.000000000000000	-1.000000000000000	-166015.871882110834122	0.009000000000000
6_5_5_2_3_3_4_8_2_2_1_3_5_8_4_6_3_3_5_4_3_4_4_2	-1	-1.000000000000000	-1.000000000000000	-1.000000000000000	-1.000000000000000	-165476.007063233555527	0.008000000000000
6_5_5_2_3_3_4_8_2_2_1_3_5_8_4_5_3_3_6_4_3_4_4_2	-1	-1.000000000000000	-1.000000000000000	-1.000000000000000	-1.000000000000000	-166865.013990587991429	0.008000000000000
6_7_6_2_3_3_4_4_3_2_1_3_5_8_4_5_3_3_5_4_3_4_4_3	-1	-1.000000000000000	-1.000000000000000	-1.000000000000000	-1.000000000000000	-169112.391058545443229	0.007000000000000
6_5_6_2_3_3_4_8_2_2_1_3_5_7_4_5_3_3_5_4_3_4_4_3	-1	-1.000000000000000	-1.000000000000000	-1.000000000000000	-1.000000000000000	-165324.063569761638064	0.007000000000000
6_5_5_2_3_3_4_8_2_2_1_3_5_8_4_5_3_3_5_5_3_4_4_2	-1	-1.000000000000000	-1.000000000000000	-1.000000000000000	-1.000000000000000	-166865.013990587991429	0.008000000000000
6_5_5_2_3_4_4_8_2_2_1_3_5_8_4_5_3_3_5_4_3_4_4_2	-1	-1.000000000000000	-1.000000000000000	-1.000000000000000	-1.000000000000000	-166824.981952423375333	0.007000000000000
6_5_5_2_3_3_4_8_2_2_1_4_5_8_4_5_3_3_5_4_3_4_4_2	-1	-1.000000000000000	-1.000000000000000	-1.000000000000000	-1.000000000000000	-166865.013990587991429	0.008000000000000
6_5_5_2_3_3_4_8_2_3_1_3_5_8_4_5_3_3_5_4_3_4_4_2	-1	-1.000000000000000	-1.000000000000000	-1.000000000000000	-1.000000000000000	-166865.013990587991429	0.008000000000000
6_5_5_2_3_3_4_8_2_2_1_3_5_8_4_5_3_3_5_4_4_4_4_2	-1	-1.000000000000000	-1.000000000000000	-1.000000000000000	-1.000000000000000	-166865.013990587991429	0.007000000000000
6_5_5_2_3_3_4_8_2_2_1_3_5_8_4_5_3_4_5_4_3_4_4_2	-1	-1.000000000000000	-1.000000000000000	-1.000000000000000	-1.000000000000000	-165423.824373273586389	0.009000000000000
6_5_5_2_3_3_4_9_2_2_1_3_5_8_4_5_3_3_5_4_3_4_4_2	-1	-1.000000000000000	-1.000000000000000	-1.000000000000000	-1.000000000000000	-167085.999993115372490	0.008000000000000
6_7_6_2_3_3_4_5_2_2_1_3_5_7_4_5_3_3_5_4_3_4_4_4	-1	-1.000000000000000	-1.000000000000000	-1.000000000000000	-1.000000000000000	-167575.100023562554270	0.009000000000000
6_5_5_2_3_4_4_8_2_2_1_3_5_7_4_5_3_3_5_4_3_4_4_3	-1	-1.000000000000000	-1.000000000000000	-1.000000000000000	-1.000000000000000	-165356.925540514057502	0.009000000000000
6_5_5_2_3_3_4_8_2_2_1_3_5_7_4_5_3_3_5_5_3_4_4_3	-1	-1.000000000000000	-1.000000000000000	-1.000000000000000	-1.000000000000000	-165427.179299022129271	0.010000000000000
7_5_5_2_3_3_4_8_2_2_1_3_5_7_4_5_3_3_5_4_3_4_4_3	-1	-1.000000000000000	-1.000000000000000	-1.000000000000000	-1.000000000000000	-165407.524095159955323	0.007000000000000
6_5_5_2_3_3_4_8_2_2_1_4_5_7_4_5_3_3_5_4_3_4_4_3	-1	-1.000000000000000	-1.000000000000000	-1.000000000000000	-1.000000000000000	-165427.179299022129271	0.009000000000000
6_5_5_2_3_3_4_8_2_3_1_3_5_7_4_5_3_3_5_4_3_4_4_3	-1	-1.000000000000000	-1.000000000000000	-1.000000000000000	-1.000000000000000	-165427.179299022129271	0.008000000000000
6_5_5_2_3_3_4_8_2_2_1_3_5_7_4_5_3_3_5_4_4_4_4_3	-1	-1.000000000000000	-1.000000000000000	-1.000000000000000	-1.000000000000000	-165427.179299022129271	0.007000000000000
6_5_5_2_3_3_4_8_2_2_1_3_5_7_4_5_3_3_5_4_3_4_5_3	-1	-1.000000000000000	-1.000000000000000	-1.000000000000000	-1.000000000000000	-165348.777956747304415	0.007000000000000
6_7_6_2_3_3_4_5_2_2_1_3_5_7_4_5_3_3_5_5_3_4_4_3	-1	-1.000000000000000	-1.000000000000000	-1.000000000000000	-1.000000000000000	-167757.023769705439918	0.008000000000000
6_5_4_2_3_3_4_8_2_2_1_3_5_7_4_5_3_3_5_4_3_4_4_3	1	1094125.142212222795933	17208.837449824011856	2499603.184426887892187	0.933000000000000	-163045.508933441393310	0.007000000000000
6_5_5_2_3_3_4_7_2_2_1_3_5_7_4_5_3_3_5_4_3_4_4_3	1	1094129.582048686454073	14286.011967614507739	2421895.722482453566045	0.940000000000000	-165128.265804205730092	0.007000000000000
6_5_5_2_3_3_4_8_2_2_1_3_5_6_4_5_3_3_5_4_3_4_4_3	-1	-1.000000000000000	-1.000000000000000	-1.000000000000000	-1.000000000000000	-162805.893827257939847	0.008000000000000
5_5_5_2_3_3_4_8_2_2_1_3_5_7_4_5_3_3_5_4_3_4_4_3	-1	-1.000000000000000	-1.000000000000000	-1.000000000000000	-1.000000000000000	-161997.482054774707649	0.007000000000000
6_6_5_2_3_3_4_8_2_2_1_3_5_6_4_5_3_3_5_4_3_4_4_3	1	1091236.213171500945464	14213.081201271619648	2395880.979197608307004	0.858000000000000	-163692.070804643619340	0.008000000000000
6_6_5_2_3_3_4_8_2_2_1_3_5_7_4_5_3_3_5_4_3_4_4_2	1	1091363.254120886093006	14118.570603358468361	2381261.066522297449410	0.884000000000000	-165324.857471043244004	0.008000000000000
6_6_5_2_3_3_4_7_2_2_1_3_5_7_4_5_3_3_5_4_3_4_5_3	-1	-1.000000000000000	-1.000000000000000	-1.000000000000000	-1.000000000000000	-165901.587672018038575	0.008000000000000
6_8_6_2_3_3_4_3_2_2_1_3_5_8_4_5_3_3_5_4_3_4_4_2	-1	-1.000000000000000	-1.000000000000000	-1.000000000000000	-1.000000000000000	-167906.871560102910735	0.009000000000000
6_6_5_2_3_3_4_7_2_2_1_3_5_7_4_5_4_3_5_4_3_4_4_3	-1	-1.000000000000000	-1.000000000000000	-1.000000000000000	-1.000000000000000	-165983.036405542516150	0.010000000000000
6_6_6_2_3_3_4_7_2_2_1_3_5_7_4_5_3_3_5_4_3_4_4_3	1	1090951.927856373135000	14245.770042089072376	2310398.994816502556205	1.125000000000000	-166427.166700562753249	0.010000000000000
7_6_5_2_3_3_4_7_2_2_1_3_5_7_4_5_3_3_5_4_3_4_4_3	-1	-1.000000000000000	-1.000000000000000	-1.000000000000000	-1.000000000000000	-166338.978065693256212	0.007000000000000
6_6_5_2_3_3_4_7_2_2_1_3_5_7_4_6_3_3_5_4_3_4_4_3	-1	-1.000000000000000	-1.000000000000000	-1.000000000000000	-1.000000000000000	-164554.180332154035568	0.006000000000000
6_6_5_2_3_3_4_7_2_2_1_3_5_7_4_5_3_3_5_5_3_4_4_3	-1	-1.000000000000000	-1.000000000000000	-1.000000000000000	-1.000000000000000	-165983.036405542516150	0.007000000000000
6_6_5_2_3_3_4_7_2_2_1_3_5_7_4_5_3_3_5_4_3_4_4_4	-1	-1.000000000000000	-1.000000000000000	-1.000000000000000	-1.000000000000000	-166224.962477016408229	0.006000000000000
6_6_5_2_3_3_5_7_2_2_1_3_5_7_4_5_3_3_5_4_3_4_4_3	-1	-1.000000000000000	-1.000000000000000	-1.000000000000000	-1.000000000000000	-165983.036405542516150	0.007000000000000
6_6_5_2_3_4_4_7_2_2_1_3_5_7_4_5_3_3_5_4_3_4_4_3	-1	-1.000000000000000	-1.000000000000000	-1.000000000000000	-1.000000000000000	-165910.750526139570866	0.006000000000000
6_6_5_3_3_3_4_7_2_2_1_3_5_7_4_5_3_3_5_4_3_4_4_3	-1	-1.000000000000000	-1.000000000000000	-1.000000000000000	-1.000000000000000	-164409.473794782883488	0.007000000000000
6_6_5_2_3_3_4_7_2_2_1_3_5_7_4_5_3_3_5_4_3_5_4_3	-1	-1.000000000000000	-1.000000000000000	-1.000000000000000	-1.000000000000000	-165846.192624883697135	0.008000000000000
6_6_5_2_3_3_4_7_2_2_1_3_5_7_4_5_3_4_5_4_3_4_4_3	-1	-1.000000000000000	-1.000000000000000	-1.000000000000000	-1.000000000000000	-164551.261545342160389	0.007000000000000
5_6_5_2_3_3_4_7_2_2_1_3_5_7_4_5_3_3_5_4_3_4_4_3	-1	-1.000000000000000	-1.000000000000000	-1.000000000000000	-1.000000000000000	-163154.919990104390308	0.007000000000000
6_6_5_2_3_3_4_7_2_2_1_3_5_7_4_5_3_3_5_4_3_4_4_2	-1	-1.000000000000000	-1.000000000000000	-1.000000000000000	-1.000000000000000	-165022.892197563429363	0.006000000000000
6_6_5_2_3_3_4_6_2_2_1_3_5_7_4_5_3_3_5_4_3_4_4_3	1	1091341.171883667586371	14118.570603358468361	2372933.978539777453989	0.898000000000000	-165546.926417520386167	0.007000000000000
6_7_5_2_3_3_4_6_2_2_1_3_5_7_4_5_3_3_5_4_3_4_4_3	1	1090653.089019380742684	14255.238961508297507	2328283.544526851270348	1.024000000000000	-166283.526506330294069	0.009000000000000
6_7_5_2_3_3_4_7_2_2_1_3_5_6_4_5_3_3_5_4_3_4_4_3	-1	-1.000000000000000	-1.000000000000000	-1.000000000000000	-1.000000000000000	-164083.975105081946822	0.007000000000000
5_7_5_2_3_3_4_7_2_2_1_3_5_7_4_5_3_3_5_4_3_4_4_3	1	1088193.764702121261507	14300.219614067595103	2341005.354619832243770	0.756000000000000	-165124.813274598913267	0.008000000000000
6_7_5_2_3_3_4_6_2_2_1_3_5_8_4_5_3_3_5_4_3_4_4_3	-1	-1.000000000000000	-1.000000000000000	-1.000000000000000	-1.000000000000000	-168550.080503660487011	0.007000000000000
6_8_6_2_3_3_4_3_2_2_1_3_5_9_5_5_3_3_5_4_3_4_4_2	-1	-1.000000000000000	-1.000000000000000	-1.000000000000000	-1.000000000000000	-168753.635674200661015	0.008000000000000
6_7_5_2_4_3_4_6_2_2_1_3_5_7_4_5_3_3_5_4_3_4_4_3	-1	-1.000000000000000	-1.000000000000000	-1.000000000000000	-1.000000000000000	-166216.837847827002406	0.007000000000000
6_7_5_3_3_3_4_6_2_2_1_3_5_7_4_5_3_3_5_4_3_4_4_3	-1	-1.000000000000000	-1.000000000000000	-1.000000000000000	-1.000000000000000	-163694.894335395831149	0.009000000000000
6_8_5_2_3_3_4_6_2_2_1_3_5_7_4_5_3_3_5_4_3_4_4_3	1	1088871.696625003125519	14219.648699488985585	2294764.096544069703668	0.693000000000000	-166910.301143686869182	0.010000000000000
6_7_5_2_3_3_4_6_2_2_1_3_5_7_4_5_3_3_5_4_4_4_4_3	-1	-1.000000000000000	-1.000000000000000	-1.000000000000000	-1.000000000000000	-166283.526506330294069	0.008000000000000
6_7_5_2_3_4_4_6_2_2_1_3_5_7_4_5_3_3_5_4_3_4_4_3	-1	-1.000000000000000	-1.000000000000000	-1.000000000000000	-1.000000000000000	-166209.116753804584732	0.007000000000000
6_7_4_2_3_3_4_6_2_2_1_3_5_7_4_5_3_3_5_4_3_4_4_3	-1	-1.000000000000000	-1.000000000000000	-1.000000000000000	-1.000000000000000	-163349.963167500682175	0.007000000000000
6_7_5_2_3_3_4_6_2_2_1_3_5_6_4_5_3_3_5_4_3_4_4_3	-1	-1.000000000000000	-1.000000000000000	-1.000000000000000	-1.000000000000000	-163652.867121669027256	0.008000000000000
6_7_5_2_3_3_4_6_2_2_1_3_5_7_4_5_3_3_5_4_3_4_4_2	1	1090980.823894397588447	14255.238961508297507	2344937.421700827311724	1.186000000000000	-165295.864407204731833	0.006000000000000
6_7_6_2_3_3_4_6_2_2_1_3_5_6_4_5_3_3_5_4_3_4_4_3	-1	-1.000000000000000	-1.000000000000000	-1.000000000000000	-1.000000000000000	-165373.883491809305269	0.009000000000000
6_7_6_2_3_3_4_6_2_2_1_3_5_7_4_5_3_3_5_4_3_4_4_2	1	1090487.237714887596667	14241.809670949642168	2289100.109526550862938	0.770000000000000	-166641.184172787819989	0.008000000000000
6_7_6_2_3_3_4_5_2_2_1_3_5_7_4_5_3_3_5_4_4_4_4_3	-1	-1.000000000000000	-1.000000000000000	-1.000000000000000	-1.000000000000000	-167757.023769705439918	0.008000000000000
6_8_6_2_3_3_4_5_2_2_1_3_5_7_4_5_3_3_5_4_3_4_4_3	1	1090064.624536820920184	14284.969841476358852	2242006.796508677303791	1.028000000000000	-168463.423209398170002	0.007000000000000
6_7_6_2_3_3_4_5_2_2_2_3_5_7_4_5_3_3_5_4_3_4_4_3	-1	-1.000000000000000	-1.000000000000000	-1.000000000000000	-1.000000000000000	-167757.023769705439918	0.007000000000000
6_7_6_2_3_3_4_5_2_2_1_3_5_7_5_5_3_3_5_4_3_4_4_3	-1	-1.000000000000000	-1.000000000000000	-1.000000000000000	-1.000000000000000	-166839.590208132518455	0.007000000000000
6_7_6_2_3_3_5_5_2_2_1_3_5_7_4_5_3_3_5_4_3_4_4_3	-1	-1.000000000000000	-1.000000000000000	-1.000000000000000	-1.000000000000000	-167757.023769705439918	0.008000000000000
6_7_6_2_3_3_4_5_2_2_1_3_5_7_4_5_3_4_5_4_3_4_4_3	-1	-1.000000000000000	-1.000000000000000	-1.000000000000000	-1.000000000000000	-166309.565691794734448	0.008000000000000
6_7_6_2_3_3_4_5_2_2_1_4_5_7_4_5_3_3_5_4_3_4_4_3	-1	-1.000000000000000	-1.000000000000000	-1.000000000000000	-1.000000000000000	-167757.023769705439918	0.007000000000000
5_7_6_2_3_3_4_5_2_2_1_3_5_7_4_5_3_3_5_4_3_4_4_3	-1	-1.000000000000000	-1.000000000000000	-1.000000000000000	-1.000000000000000	-164074.247142844396876	0.007000000000000
6_6_6_2_3_3_4_5_2_2_1_3_5_7_4_5_3_3_5_4_3_4_4_3	-1	-1.000000000000000	-1.000000000000000	-1.000000000000000	-1.000000000000000	-166635.087392395013012	0.007000000000000
6_7_6_2_3_3_4_5_2_2_1_3_5_8_4_5_3_3_5_4_3_4_4_2	1	1091076.245103433961049	14161.217018401039240	2268577.131990647874773	1.005000000000000	-168932.992481747234706	0.008000000000000
6_6_6_2_3_3_4_5_2_2_1_3_5_8_4_5_3_3_5_4_3_4_4_3	-1	-1.000000000000000	-1.000000000000000	-1.000000000000000	-1.000000000000000	-168896.840378886874532	0.007000000000000
6_7_5_2_3_3_4_5_2_2_1_3_5_8_4_5_3_3_5_4_3_4_4_3	-1	-1.000000000000000	-1.000000000000000	-1.000000000000000	-1.000000000000000	-167971.361803540203255	0.008000000000000
6_7_6_2_3_3_4_4_2_2_1_3_5_9_4_6_3_3_5_4_3_4_4_2	-1	-1.000000000000000	-1.000000000000000	-1.000000000000000	-1.000000000000000	-168763.871673381509027	0.008000000000000
6_7_6_2_3_3_4_4_2_2_1_3_5_8_4_6_3_3_5_4_3_4_4_3	-1	-1.000000000000000	-1.000000000000000	-1.000000000000000	-1.000000000000000	-167679.795657869282877	0.008000000000000
6_7_6_2_3_3_4_4_2_2_1_3_5_8_4_5_4_3_5_4_3_4_4_3	-1	-1.000000000000000	-1.000000000000000	-1.000000000000000	-1.000000000000000	-169112.391058545443229	0.008000000000000
6_7_6_2_3_3_4_4_2_2_1_3_5_8_4_5_3_3_6_4_3_4_4_3	-1	-1.000000000000000	-1.000000000000000	-1.000000000000000	-1.000000000000000	-169112.391058545443229	0.008000000000000
6_7_6_2_3_3_4_4_2_3_1_3_5_8_4_5_3_3_5_4_3_4_4_3	-1	-1.000000000000000	-1.000000000000000	-1.000000000000000	-1.000000000000000	-169112.391058545443229	0.008000000000000
6_7_6_2_3_3_4_4_2_2_1_3_6_8_4_5_3_3_5_4_3_4_4_3	-1	-1.000000000000000	-1.000000000000000	-1.000000000000000	-1.000000000000000	-168841.148803501564544	0.007000000000000
6_7_6_2_3_3_4_4_2_2_1_3_5_8_5_5_3_3_5_4_3_4_4_3	-1	-1.000000000000000	-1.000000000000000	-1.000000000000000	-1.000000000000000	-168189.906057035201229	0.008000000000000
6_7_6_2_3_3_4_4_2_2_1_3_5_8_4_5_3_3_5_4_3_4_5_3	-1	-1.000000000000000	-1.000000000000000	-1.000000000000000	-1.000000000000000	-169112.391058545443229	0.007000000000000
6_7_6_2_4_3_4_4_2_2_1_3_5_8_4_5_3_3_5_4_3_4_4_3	-1	-1.000000000000000	-1.000000000000000	-1.000000000000000	-1.000000000000000	-169049.840306311554741	0.008000000000000
6_7_6_2_3_3_4_4_2_2_1_3_5_8_4_5_3_3_5_5_3_4_4_3	-1	-1.000000000000000	-1.000000000000000	-1.000000000000000	-1.000000000000000	-169112.391058545443229	0.008000000000000
6_7_6_2_3_3_4_4_2_2_1_3_5_8_4_5_3_3_5_4_3_4_4_2	1	1091209.995510673383251	14161.217018401039240	2275807.079317252151668	1.033000000000000	-168276.332106729794759	0.006000000000000
6_6_6_2_3_3_4_4_2_2_1_3_5_8_4_5_3_3_5_4_3_4_4_3	1	1091936.676071116002277	14172.863672266768845	2301071.096094456035644	1.011000000000000	-167983.281797277100850	0.006000000000000
6_7_6_2_3_3_4_4_2_2_1_3_5_9_4_5_3_3_5_4_3_4_4_2	1	1091056.103341636015102	14105.078624421526911	2255900.694540611468256	1.023000000000000	-170348.166499534505419	0.009000000000000
5_7_6_2_3_3_4_4_2_2_1_3_5_9_4_5_3_3_5_4_3_4_4_3	-1	-1.000000000000000	-1.000000000000000	-1.000000000000000	-1.000000000000000	-167717.862675999727799	0.008000000000000
6_7_6_2_3_3_4_4_2_2_1_3_5_9_4_5_3_4_5_4_3_4_4_2	-1	-1.000000000000000	-1.000000000000000	-1.000000000000000	-1.000000000000000	-168771.937537237245124	0.009000000000000
6_8_6_2_3_3_4_4_2_2_1_3_5_9_4_5_3_3_5_4_3_4_4_2	1	1090179.826475078240037	14107.434522863306483	2221869.982056642416865	0.951000000000000	-170645.886314073635731	0.008000000000000
6_7_7_2_3_3_4_4_2_2_1_3_5_9_4_5_3_3_5_4_3_4_4_2	-1	-1.000000000000000	-1.000000000000000	-1.000000000000000	-1.000000000000000	-169236.666809727117652	0.008000000000000
6_6_6_2_3_3_4_4_2_2_1_3_5_9_4_5_3_3_5_4_3_4_4_2	-1	-1.000000000000000	-1.000000000000000	-1.000000000000000	-1.000000000000000	-169007.298823968216311	0.008000000000000
5_7_6_2_3_3_4_4_2_2_1_3_5_9_4_5_3_3_5_4_3_4_4_2	-1	-1.000000000000000	-1.000000000000000	-1.000000000000000	-1.000000000000000	-166605.379200668190606	0.006000000000000
6_7_6_2_3_3_4_3_2_2_1_3_5_9_4_5_3_3_5_4_3_4_4_2	1	1091212.511212937766686	14105.078624421526911	2265632.126680285669863	1.076000000000000	-169498.568330620706547	0.006000000000000
6_8_5_2_3_3_4_4_2_2_1_3_5_9_4_5_3_3_5_4_3_4_4_2	-1	-1.000000000000000	-1.000000000000000	-1.000000000000000	-1.000000000000000	-168873.318816192157101	0.007000000000000
6_8_6_2_3_3_4_3_2_2_1_3_5_9_4_5_3_4_5_4_3_4_4_2	-1	-1.000000000000000	-1.000000000000000	-1.000000000000000	-1.000000000000000	-168353.993390895484481	0.009000000000000
6_8_6_2_3_3_4_3_2_2_1_3_5_9_4_5_3_3_5_4_4_4_4_2	-1	-1.000000000000000	-1.000000000000000	-1.000000000000000	-1.000000000000000	-169822.937822634296026	0.008000000000000
6_8_6_2_3_3_4_3_2_2_1_3_5_9_4_6_3_3_5_4_3_4_4_2	-1	-1.000000000000000	-1.000000000000000	-1.000000000000000	-1.000000000000000	-168284.051565655914601	0.010000000000000
6_8_6_2_4_3_4_3_2_2_1_3_5_9_4_5_3_3_5_4_3_4_4_2	-1	-1.000000000000000	-1.000000000000000	-1.000000000000000	-1.000000000000000	-169792.061081504100002	0.009000000000000
6_8_6_2_3_3_4_3_2_2_1_3_5_9_4_5_4_3_5_4_3_4_4_2	-1	-1.000000000000000	-1.000000000000000	-1.000000000000000	-1.000000000000000	-169822.937822634296026	0.007000000000000
6_8_6_2_3_3_4_3_2_3_1_3_5_9_4_5_3_3_5_4_3_4_4_2	-1	-1.000000000000000	-1.000000000000000	-1.000000000000000	-1.000000000000000	-169822.937822634296026	0.008000000000000
6_8_6_2_3_4_4_3_2_2_1_3_5_9_4_5_3_3_5_4_3_4_4_2	-1	-1.000000000000000	-1.000000000000000	-1.000000000000000	-1.000000000000000	-169788.359597197180847	0.007000000000000
6_8_6_2_3_3_4_3_3_2_1_3_5_9_4_5_3_3_5_4_3_4_4_2	-1	-1.000000000000000	-1.000000000000000	-1.000000000000000	-1.000000000000000	-169822.937822634296026	0.007000000000000
6_8_6_2_3_3_4_3_2_2_1_3_5_10_4_5_3_3_5_4_3_4_4_2	1	1090065.317687868140638	14008.389158407124341	2215160.202375326305628	0.871000000000000	-170407.158607215242228	0.007000000000000
6_8_6_2_3_3_4_3_2_2_1_3_5_9_4_5_3_3_5_4_3_5_4_2	-1	-1.000000000000000	-1.000000000000000	-1.000000000000000	-1.000000000000000	-169817.663262903923169	0.007000000000000
7_8_6_2_3_3_4_3_2_2_1_3_5_9_4_5_3_3_5_4_3_4_4_2	-1	-1.000000000000000	-1.000000000000000	-1.000000000000000	-1.000000000000000	-170328.423915486433543	0.006000000000000
5_8_6_2_3_3_4_3_2_2_1_3_5_9_4_5_3_3_5_4_3_4_4_2	-1	-1.000000000000000	-1.000000000000000	-1.000000000000000	-1.000000000000000	-166841.125579797662795	0.007000000000000
6_8_7_2_3_3_4_3_2_2_1_3_5_8_4_5_3_3_5_4_3_4_4_2	-1	-1.000000000000000	-1.000000000000000	-1.000000000000000	-1.000000000000000	-169164.293437557818834	0.012000000000000
6_7_7_2_3_3_4_3_2_2_1_3_5_9_4_5_3_3_5_4_3_4_4_2	-1	-1.000000000000000	-1.000000000000000	-1.000000000000000	-1.000000000000000	-169332.561334166210145	0.012000000000000
6_5_7_3_3_3_4_2_2_2_1_3_5_11_4_5_3_3_5_5_3_4_4_1	1	1095113.721241137711331	13984.457498618074169	2286046.779365908820182	0.993000000000000	-167506.209290274244267	0.006000000000000
7_5_7_2_3_3_6_2_2_2_1_3_5_9_4_5_3_3_5_4_3_4_4_2	1	1098184.194938233820722	14068.584341959274752	2287053.514396535232663	1.303000000000000	-169218.689087614620803	0.008000000000000
6_8_6_2_3_3_4_2_2_2_1_3_5_7_4_5_3_3_5_8_3_4_4_1	1	1091249.340267318999395	14263.723308521308354	2304464.233777839690447	0.986000000000000	-166340.511086840589996	0.009000000000000
6_6_5_2_3_3_4_2_2_2_1_3_5_9_4_5_3_3_5_9_3_4_4_1	1	1092824.637359134620056	13960.592427089166449	2391704.955993742216378	0.972000000000000	-166375.811369195202133	0.006000000000000
7_7_5_2_3_3_4_5_2_2_1_3_5_9_4_5_3_3_5_4_3_4_4_1	1	1092664.956245395122096	13911.946794919866079	2330027.768144218251109	0.731000000000000	-169263.581258741411148	0.006000000000000
7_5_6_3_3_3_4_6_2_2_1_3_5_8_4_5_3_3_5_4_3_4_4_1	1	1098514.588589159771800	14614.755227630550507	2328895.835631184745580	1.186000000000000	-168056.172162724426016	0.006000000000000
6_8_6_2_3_3_4_5_2_2_1_3_5_7_4_5_3_3_5_4_3_4_4_2	1	1090395.236655558459461	14284.969841476358852	2258526.163460695184767	0.974000000000000	-167283.997885297227185	0.006000000000000
